src,dst,rel,window_chars
evt_4f6c0031cc0deab1e93093e53e6ebebb,ent_d36b13410347d500de53637c8b77e430,INVOLVES,200
evt_4f6c0031cc0deab1e93093e53e6ebebb,ent_bebb4a7c03b3c260f0af200e85396cdb,INVOLVES,200
evt_4f6c0031cc0deab1e93093e53e6ebebb,ent_939718a00177f4a7a8a8caf8e210b494,INVOLVES,200
evt_4f6c0031cc0deab1e93093e53e6ebebb,ent_02349980bba8ce563cdf709f74f96fc1,INVOLVES,200
evt_4f6c0031cc0deab1e93093e53e6ebebb,ent_312642cda4a86945e21c6ab3175203ec,INVOLVES,200
evt_1112911805032379c1d0d9a5c767d552,ent_d36b13410347d500de53637c8b77e430,INVOLVES,200
evt_1112911805032379c1d0d9a5c767d552,ent_bebb4a7c03b3c260f0af200e85396cdb,INVOLVES,200
evt_1112911805032379c1d0d9a5c767d552,ent_939718a00177f4a7a8a8caf8e210b494,INVOLVES,200
evt_1112911805032379c1d0d9a5c767d552,ent_02349980bba8ce563cdf709f74f96fc1,INVOLVES,200
evt_1112911805032379c1d0d9a5c767d552,ent_312642cda4a86945e21c6ab3175203ec,INVOLVES,200
evt_49ee93d1bda76d552e8e546aa2e14536,ent_d36b13410347d500de53637c8b77e430,INVOLVES,200
evt_49ee93d1bda76d552e8e546aa2e14536,ent_bebb4a7c03b3c260f0af200e85396cdb,INVOLVES,200
evt_49ee93d1bda76d552e8e546aa2e14536,ent_939718a00177f4a7a8a8caf8e210b494,INVOLVES,200
evt_49ee93d1bda76d552e8e546aa2e14536,ent_02349980bba8ce563cdf709f74f96fc1,INVOLVES,200
evt_49ee93d1bda76d552e8e546aa2e14536,ent_312642cda4a86945e21c6ab3175203ec,INVOLVES,200
evt_b8e438d4470dd2b44d5214c3f28b0260,ent_ef745e3d8a50bb8513fb76f49f80b808,INVOLVES,200
evt_b8e438d4470dd2b44d5214c3f28b0260,ent_634d30f1d295382071bc70b8e883717b,INVOLVES,200
evt_b8e438d4470dd2b44d5214c3f28b0260,ent_e7fa5bd660d6c130581e4d90d47ff4ba,INVOLVES,200
evt_b8e438d4470dd2b44d5214c3f28b0260,ent_ae171307a190eef54157a27c0d5a76a2,INVOLVES,200
evt_7c7da0093bb59acace92f871876edb83,ent_ef745e3d8a50bb8513fb76f49f80b808,INVOLVES,200
evt_7c7da0093bb59acace92f871876edb83,ent_634d30f1d295382071bc70b8e883717b,INVOLVES,200
evt_7c7da0093bb59acace92f871876edb83,ent_e7fa5bd660d6c130581e4d90d47ff4ba,INVOLVES,200
evt_7c7da0093bb59acace92f871876edb83,ent_ae171307a190eef54157a27c0d5a76a2,INVOLVES,200
evt_33596a898d6f63f588f9ccfc0bab2076,ent_ef745e3d8a50bb8513fb76f49f80b808,INVOLVES,200
evt_33596a898d6f63f588f9ccfc0bab2076,ent_634d30f1d295382071bc70b8e883717b,INVOLVES,200
evt_33596a898d6f63f588f9ccfc0bab2076,ent_e7fa5bd660d6c130581e4d90d47ff4ba,INVOLVES,200
evt_33596a898d6f63f588f9ccfc0bab2076,ent_ae171307a190eef54157a27c0d5a76a2,INVOLVES,200
evt_73c0cf771d595ffd36e23fbab15c52b3,ent_2c7d43272eeb3267f4d37b92b3b1c6d0,INVOLVES,200
evt_73c0cf771d595ffd36e23fbab15c52b3,ent_fbab5007f5f1af7b1d87b74997eafaf4,INVOLVES,200
evt_73c0cf771d595ffd36e23fbab15c52b3,ent_634d30f1d295382071bc70b8e883717b,INVOLVES,200
evt_0117347840dcf7ef39751bfcf041d5c1,ent_2c7d43272eeb3267f4d37b92b3b1c6d0,INVOLVES,200
evt_0117347840dcf7ef39751bfcf041d5c1,ent_fbab5007f5f1af7b1d87b74997eafaf4,INVOLVES,200
evt_0117347840dcf7ef39751bfcf041d5c1,ent_634d30f1d295382071bc70b8e883717b,INVOLVES,200
evt_92877c66478b670330fb262627e90ff1,ent_9da0ab3c4dd6c335b87a5f170d0d805b,INVOLVES,200
evt_92877c66478b670330fb262627e90ff1,ent_efcea41751696d7564207ab9bfeb8fff,INVOLVES,200
evt_92877c66478b670330fb262627e90ff1,ent_4c6b5f2dca39ff9c95afa864cfd82005,INVOLVES,200
evt_92877c66478b670330fb262627e90ff1,ent_8d9e307cdb0c304cae2b1f9b1e6fcc63,INVOLVES,200
evt_9a32196689e4029ca823479fa97af552,ent_9da0ab3c4dd6c335b87a5f170d0d805b,INVOLVES,200
evt_9a32196689e4029ca823479fa97af552,ent_efcea41751696d7564207ab9bfeb8fff,INVOLVES,200
evt_9a32196689e4029ca823479fa97af552,ent_4c6b5f2dca39ff9c95afa864cfd82005,INVOLVES,200
evt_9a32196689e4029ca823479fa97af552,ent_8d9e307cdb0c304cae2b1f9b1e6fcc63,INVOLVES,200
evt_fd7f8b4afee2f51e704a9beace12888c,ent_9da0ab3c4dd6c335b87a5f170d0d805b,INVOLVES,200
evt_fd7f8b4afee2f51e704a9beace12888c,ent_efcea41751696d7564207ab9bfeb8fff,INVOLVES,200
evt_fd7f8b4afee2f51e704a9beace12888c,ent_4c6b5f2dca39ff9c95afa864cfd82005,INVOLVES,200
evt_fd7f8b4afee2f51e704a9beace12888c,ent_8d9e307cdb0c304cae2b1f9b1e6fcc63,INVOLVES,200
evt_cff53ca1ac2fae352d55a8de4e4e890d,ent_b266a3fc83b9ac0e8add4aa0393cbdd7,INVOLVES,200
evt_cff53ca1ac2fae352d55a8de4e4e890d,ent_a6964d34244b0c371d8daae23166c026,INVOLVES,200
evt_cff53ca1ac2fae352d55a8de4e4e890d,ent_7cdfe2efced81fb87017a9c0ff04a609,INVOLVES,200
evt_cff53ca1ac2fae352d55a8de4e4e890d,ent_4db8c3fb675dddfc0643b5622cb9478b,INVOLVES,200
evt_cff53ca1ac2fae352d55a8de4e4e890d,ent_e7fa5bd660d6c130581e4d90d47ff4ba,INVOLVES,200
evt_40ab82e4c20cf66e3411af914d8e2230,ent_27f4871c74647e2a30471f777255c565,INVOLVES,200
evt_40ab82e4c20cf66e3411af914d8e2230,ent_226a9421040b7f2d19e6a2ff542e6eac,INVOLVES,200
evt_00a2a56301c325ec2e35a2432f689934,ent_27f4871c74647e2a30471f777255c565,INVOLVES,200
evt_00a2a56301c325ec2e35a2432f689934,ent_226a9421040b7f2d19e6a2ff542e6eac,INVOLVES,200
evt_606998af8297c735a4caf3226b091fa3,ent_593365e932d6a6e62f51b8454d8323ee,INVOLVES,200
evt_606998af8297c735a4caf3226b091fa3,ent_1f566db4d2cd7698cecaf043f73a965b,INVOLVES,200
evt_606998af8297c735a4caf3226b091fa3,ent_e8babe20da61bee486034f58730cd5cf,INVOLVES,200
evt_6780f5aabafa90674a136f785e8968da,ent_593365e932d6a6e62f51b8454d8323ee,INVOLVES,200
evt_6780f5aabafa90674a136f785e8968da,ent_1f566db4d2cd7698cecaf043f73a965b,INVOLVES,200
evt_6780f5aabafa90674a136f785e8968da,ent_e8babe20da61bee486034f58730cd5cf,INVOLVES,200
evt_549a39cfdccbc470b69cc6a7927d463d,ent_02349980bba8ce563cdf709f74f96fc1,INVOLVES,200
evt_549a39cfdccbc470b69cc6a7927d463d,ent_2a6d3686110703bc69da3220c6ee6b5f,INVOLVES,200
evt_549a39cfdccbc470b69cc6a7927d463d,ent_d36b13410347d500de53637c8b77e430,INVOLVES,200
evt_549a39cfdccbc470b69cc6a7927d463d,ent_312642cda4a86945e21c6ab3175203ec,INVOLVES,200
evt_bebbba7e5262ebed932c7c5d5925ac6b,ent_02349980bba8ce563cdf709f74f96fc1,INVOLVES,200
evt_bebbba7e5262ebed932c7c5d5925ac6b,ent_2a6d3686110703bc69da3220c6ee6b5f,INVOLVES,200
evt_bebbba7e5262ebed932c7c5d5925ac6b,ent_d36b13410347d500de53637c8b77e430,INVOLVES,200
evt_bebbba7e5262ebed932c7c5d5925ac6b,ent_312642cda4a86945e21c6ab3175203ec,INVOLVES,200
evt_6c7313e0518c88104dcefb46e68023ef,ent_03e0b5f65dcdfb93ec510b486d464535,INVOLVES,200
evt_bed7769f8d38ff54092d2f48d888b289,ent_03e0b5f65dcdfb93ec510b486d464535,INVOLVES,200
evt_a8555371a4014723c305dba2e227d8a2,ent_357c1d764cf77f22b80c914423ec2feb,INVOLVES,200
evt_a8555371a4014723c305dba2e227d8a2,ent_45df412cbb6c78d74a3f9a512214bca2,INVOLVES,200
evt_a8555371a4014723c305dba2e227d8a2,ent_686400eb24c5a018ea8bdc38cd957845,INVOLVES,200
evt_1b237556a5bbdf64283c9e6e8710229b,ent_a535d980f80d61f5d1e5e6f860b38584,INVOLVES,200
evt_1b237556a5bbdf64283c9e6e8710229b,ent_a1743a08dbee4078d8b1d79deef41784,INVOLVES,200
evt_7d4af184edbfb62b7af2cedddebad55b,ent_a6964d34244b0c371d8daae23166c026,INVOLVES,200
evt_7d4af184edbfb62b7af2cedddebad55b,ent_c781a6bea3fd93f7de9b6d9565d9d7b2,INVOLVES,200
evt_7d4af184edbfb62b7af2cedddebad55b,ent_511fe70cd9ac7055f6809c196ed618cd,INVOLVES,200
evt_7d4af184edbfb62b7af2cedddebad55b,ent_f5c9cc6ad745793c101597daad3e236f,INVOLVES,200
evt_fb51df017282a36b15e9a73a3d9e8cc5,ent_a6964d34244b0c371d8daae23166c026,INVOLVES,200
evt_fb51df017282a36b15e9a73a3d9e8cc5,ent_c781a6bea3fd93f7de9b6d9565d9d7b2,INVOLVES,200
evt_fb51df017282a36b15e9a73a3d9e8cc5,ent_511fe70cd9ac7055f6809c196ed618cd,INVOLVES,200
evt_fb51df017282a36b15e9a73a3d9e8cc5,ent_f5c9cc6ad745793c101597daad3e236f,INVOLVES,200
evt_b5c091bfc573f246f5537a737dac3b37,ent_a6964d34244b0c371d8daae23166c026,INVOLVES,200
evt_b5c091bfc573f246f5537a737dac3b37,ent_c781a6bea3fd93f7de9b6d9565d9d7b2,INVOLVES,200
evt_b5c091bfc573f246f5537a737dac3b37,ent_511fe70cd9ac7055f6809c196ed618cd,INVOLVES,200
evt_b5c091bfc573f246f5537a737dac3b37,ent_f5c9cc6ad745793c101597daad3e236f,INVOLVES,200
evt_89a4afcc17993141f777d3282a2e7903,ent_988ba295a74c150324ac31ed5be8e779,INVOLVES,200
evt_10984c4ee51a10889013e33f5e6a3e7b,ent_988ba295a74c150324ac31ed5be8e779,INVOLVES,200
evt_aefacb1b52ed63b66dd7e5324bea6f3d,ent_988ba295a74c150324ac31ed5be8e779,INVOLVES,200
evt_758decb6cb32a03b089de7c8830156df,ent_988ba295a74c150324ac31ed5be8e779,INVOLVES,200
evt_07c8e9c0df9ff9d7af6aba0b3cf2d8d3,ent_988ba295a74c150324ac31ed5be8e779,INVOLVES,200
evt_d396aba97cebe09e3934f4477de57c98,ent_988ba295a74c150324ac31ed5be8e779,INVOLVES,200
evt_3450ef6eb67b786cfa7b261df0438af9,ent_23d3614ed5bfe855f2010155883d10c6,INVOLVES,200
evt_3450ef6eb67b786cfa7b261df0438af9,ent_4c02d2c6a72756a7cd465743ac410df1,INVOLVES,200
evt_3450ef6eb67b786cfa7b261df0438af9,ent_1095fe47466ac57ca95a6d745922763b,INVOLVES,200
evt_57885467074a5b3a012a0b17cbedb963,ent_23d3614ed5bfe855f2010155883d10c6,INVOLVES,200
evt_57885467074a5b3a012a0b17cbedb963,ent_4c02d2c6a72756a7cd465743ac410df1,INVOLVES,200
evt_57885467074a5b3a012a0b17cbedb963,ent_1095fe47466ac57ca95a6d745922763b,INVOLVES,200
evt_9039a9f5e6017502480ad513d3b4108a,ent_23d3614ed5bfe855f2010155883d10c6,INVOLVES,200
evt_9039a9f5e6017502480ad513d3b4108a,ent_4c02d2c6a72756a7cd465743ac410df1,INVOLVES,200
evt_9039a9f5e6017502480ad513d3b4108a,ent_1095fe47466ac57ca95a6d745922763b,INVOLVES,200
evt_65d53087ebfe7aaa3e1f942b1b8601ae,ent_23d3614ed5bfe855f2010155883d10c6,INVOLVES,200
evt_65d53087ebfe7aaa3e1f942b1b8601ae,ent_4c02d2c6a72756a7cd465743ac410df1,INVOLVES,200
evt_65d53087ebfe7aaa3e1f942b1b8601ae,ent_1095fe47466ac57ca95a6d745922763b,INVOLVES,200
evt_36b12b6dc8ba7d56b304f981b1e86ac3,ent_23d3614ed5bfe855f2010155883d10c6,INVOLVES,200
evt_36b12b6dc8ba7d56b304f981b1e86ac3,ent_4c02d2c6a72756a7cd465743ac410df1,INVOLVES,200
evt_36b12b6dc8ba7d56b304f981b1e86ac3,ent_1095fe47466ac57ca95a6d745922763b,INVOLVES,200
evt_e8f1d6cceeec995146ca7fe7c2a16ca1,ent_fe60a6c64f4797bb973018d0f8cf7747,INVOLVES,200
evt_e8f1d6cceeec995146ca7fe7c2a16ca1,ent_2b4da846ceb3fb791e7085aff5e20a1b,INVOLVES,200
evt_6d3fdf804eee1b9b1dbb27f124273034,ent_f20011e5270666592304898988523261,INVOLVES,200
evt_6d3fdf804eee1b9b1dbb27f124273034,ent_d36b13410347d500de53637c8b77e430,INVOLVES,200
evt_6d3fdf804eee1b9b1dbb27f124273034,ent_d7f1fc376ababbe6cde8c8b809c46f0b,INVOLVES,200
evt_6d3fdf804eee1b9b1dbb27f124273034,ent_4fa2deebbdd08f8db412355fd5c496b0,INVOLVES,200
evt_6d3fdf804eee1b9b1dbb27f124273034,ent_09654ed4944a7289f941860ba8c5748f,INVOLVES,200
evt_e3b17cd255dbc7bca667014ce0c7f5a0,ent_f20011e5270666592304898988523261,INVOLVES,200
evt_e3b17cd255dbc7bca667014ce0c7f5a0,ent_d36b13410347d500de53637c8b77e430,INVOLVES,200
evt_e3b17cd255dbc7bca667014ce0c7f5a0,ent_d7f1fc376ababbe6cde8c8b809c46f0b,INVOLVES,200
evt_e3b17cd255dbc7bca667014ce0c7f5a0,ent_4fa2deebbdd08f8db412355fd5c496b0,INVOLVES,200
evt_e3b17cd255dbc7bca667014ce0c7f5a0,ent_09654ed4944a7289f941860ba8c5748f,INVOLVES,200
evt_f1b551a130fe24d55be7b30d379cfc04,ent_f20011e5270666592304898988523261,INVOLVES,200
evt_f1b551a130fe24d55be7b30d379cfc04,ent_d36b13410347d500de53637c8b77e430,INVOLVES,200
evt_f1b551a130fe24d55be7b30d379cfc04,ent_d7f1fc376ababbe6cde8c8b809c46f0b,INVOLVES,200
evt_f1b551a130fe24d55be7b30d379cfc04,ent_4fa2deebbdd08f8db412355fd5c496b0,INVOLVES,200
evt_f1b551a130fe24d55be7b30d379cfc04,ent_09654ed4944a7289f941860ba8c5748f,INVOLVES,200
evt_9f3800a22f219abbaf5be3fbd188eecf,ent_488b2fe6d4aacea9bbd9181d558b951a,INVOLVES,200
evt_9f3800a22f219abbaf5be3fbd188eecf,ent_6bac619c34abd5bb1471edf26af3d67d,INVOLVES,200
evt_a5693439a929a8750bfe865915d31eba,ent_488b2fe6d4aacea9bbd9181d558b951a,INVOLVES,200
evt_a5693439a929a8750bfe865915d31eba,ent_6bac619c34abd5bb1471edf26af3d67d,INVOLVES,200
evt_dd4ad9e9604a9b44950ecabfe7f71708,ent_488b2fe6d4aacea9bbd9181d558b951a,INVOLVES,200
evt_dd4ad9e9604a9b44950ecabfe7f71708,ent_6bac619c34abd5bb1471edf26af3d67d,INVOLVES,200
evt_b55a7c5240cd19229e9ee3184ea89525,ent_2a6d3686110703bc69da3220c6ee6b5f,INVOLVES,200
evt_ae006341ac4ba3be73fde7acab9554f8,ent_ec1d62427a5c4d326c7112638762486f,INVOLVES,200
evt_ae006341ac4ba3be73fde7acab9554f8,ent_0f0e3e95abc282d2ed85fce6da9f4f51,INVOLVES,200
evt_368cc1e836aad7656fc9ab86c6d79bf9,ent_ec1d62427a5c4d326c7112638762486f,INVOLVES,200
evt_368cc1e836aad7656fc9ab86c6d79bf9,ent_0f0e3e95abc282d2ed85fce6da9f4f51,INVOLVES,200
evt_fef98d2125d07633276d9fdaaa2cf21e,ent_ec1d62427a5c4d326c7112638762486f,INVOLVES,200
evt_fef98d2125d07633276d9fdaaa2cf21e,ent_0f0e3e95abc282d2ed85fce6da9f4f51,INVOLVES,200
evt_c8df1f53a4e87cabf8aa28cf8dbda00a,ent_ec1d62427a5c4d326c7112638762486f,INVOLVES,200
evt_c8df1f53a4e87cabf8aa28cf8dbda00a,ent_0f0e3e95abc282d2ed85fce6da9f4f51,INVOLVES,200
evt_c2c9b1d76fe7af6554d2a17ce3d01691,ent_7fe461592c31b7bf33bf11d21d306ea0,INVOLVES,200
evt_c2c9b1d76fe7af6554d2a17ce3d01691,ent_708898409cc0bad5ddb1f4d19a1575e5,INVOLVES,200
evt_c2c9b1d76fe7af6554d2a17ce3d01691,ent_d36b13410347d500de53637c8b77e430,INVOLVES,200
evt_c2c9b1d76fe7af6554d2a17ce3d01691,ent_f20011e5270666592304898988523261,INVOLVES,200
evt_c2c9b1d76fe7af6554d2a17ce3d01691,ent_5a7e16494888a8bebc43bff713c3086d,INVOLVES,200
evt_c2c9b1d76fe7af6554d2a17ce3d01691,ent_09654ed4944a7289f941860ba8c5748f,INVOLVES,200
evt_c2c9b1d76fe7af6554d2a17ce3d01691,ent_2b4da846ceb3fb791e7085aff5e20a1b,INVOLVES,200
evt_f8a91357787a49975af4994ce74f5a16,ent_2a6d3686110703bc69da3220c6ee6b5f,INVOLVES,200
evt_f8a91357787a49975af4994ce74f5a16,ent_d63408c961ddd31172bfdf38890945e6,INVOLVES,200
evt_f8a91357787a49975af4994ce74f5a16,ent_720f10e1f3e4dfaa6838a88d9839c5c9,INVOLVES,200
evt_3300e5de15dc8906dfcf841fdd0c9da3,ent_2a6d3686110703bc69da3220c6ee6b5f,INVOLVES,200
evt_3300e5de15dc8906dfcf841fdd0c9da3,ent_d63408c961ddd31172bfdf38890945e6,INVOLVES,200
evt_3300e5de15dc8906dfcf841fdd0c9da3,ent_720f10e1f3e4dfaa6838a88d9839c5c9,INVOLVES,200
evt_a4d19173a190a63b596542907a7ee07a,ent_2a6d3686110703bc69da3220c6ee6b5f,INVOLVES,200
evt_a4d19173a190a63b596542907a7ee07a,ent_d63408c961ddd31172bfdf38890945e6,INVOLVES,200
evt_a4d19173a190a63b596542907a7ee07a,ent_720f10e1f3e4dfaa6838a88d9839c5c9,INVOLVES,200
evt_8467776c5526358a0e2164d60dfc9e9b,ent_5e59ad66759572621fabc25e69be6f72,INVOLVES,200
evt_8467776c5526358a0e2164d60dfc9e9b,ent_720f10e1f3e4dfaa6838a88d9839c5c9,INVOLVES,200
evt_8467776c5526358a0e2164d60dfc9e9b,ent_d63408c961ddd31172bfdf38890945e6,INVOLVES,200
evt_8467776c5526358a0e2164d60dfc9e9b,ent_2a6d3686110703bc69da3220c6ee6b5f,INVOLVES,200
evt_db04b2d7da6cc0a9b748d3f59cdeb6b7,ent_5e59ad66759572621fabc25e69be6f72,INVOLVES,200
evt_db04b2d7da6cc0a9b748d3f59cdeb6b7,ent_720f10e1f3e4dfaa6838a88d9839c5c9,INVOLVES,200
evt_db04b2d7da6cc0a9b748d3f59cdeb6b7,ent_d63408c961ddd31172bfdf38890945e6,INVOLVES,200
evt_db04b2d7da6cc0a9b748d3f59cdeb6b7,ent_2a6d3686110703bc69da3220c6ee6b5f,INVOLVES,200
evt_afd0e56d3f3c09431773b9fe3c13657b,ent_5e59ad66759572621fabc25e69be6f72,INVOLVES,200
evt_afd0e56d3f3c09431773b9fe3c13657b,ent_720f10e1f3e4dfaa6838a88d9839c5c9,INVOLVES,200
evt_afd0e56d3f3c09431773b9fe3c13657b,ent_d63408c961ddd31172bfdf38890945e6,INVOLVES,200
evt_afd0e56d3f3c09431773b9fe3c13657b,ent_2a6d3686110703bc69da3220c6ee6b5f,INVOLVES,200
evt_cb481394cb9b4969430c663465e4f755,ent_5e59ad66759572621fabc25e69be6f72,INVOLVES,200
evt_cb481394cb9b4969430c663465e4f755,ent_720f10e1f3e4dfaa6838a88d9839c5c9,INVOLVES,200
evt_cb481394cb9b4969430c663465e4f755,ent_d63408c961ddd31172bfdf38890945e6,INVOLVES,200
evt_cb481394cb9b4969430c663465e4f755,ent_2a6d3686110703bc69da3220c6ee6b5f,INVOLVES,200
evt_11714de1de8c9a9c50b0067c1810b3db,ent_1bcabc92f137d6ecb5223a0a932771d9,INVOLVES,200
evt_11714de1de8c9a9c50b0067c1810b3db,ent_ec5aad8d9d7c8225f1e3a5f90fb05e7f,INVOLVES,200
evt_11714de1de8c9a9c50b0067c1810b3db,ent_d3d036b9b44fa303138a4e93998cb790,INVOLVES,200
evt_11714de1de8c9a9c50b0067c1810b3db,ent_4f231a4a78d68d3c4ed01af9f8d13372,INVOLVES,200
evt_423991312f073d706c8c7966b40d7d90,ent_1bcabc92f137d6ecb5223a0a932771d9,INVOLVES,200
evt_423991312f073d706c8c7966b40d7d90,ent_ec5aad8d9d7c8225f1e3a5f90fb05e7f,INVOLVES,200
evt_423991312f073d706c8c7966b40d7d90,ent_d3d036b9b44fa303138a4e93998cb790,INVOLVES,200
evt_423991312f073d706c8c7966b40d7d90,ent_4f231a4a78d68d3c4ed01af9f8d13372,INVOLVES,200
evt_a95df2f56412a30e8ad2f9ac23181636,ent_d34be15038026150b530734efa480784,INVOLVES,200
evt_a95df2f56412a30e8ad2f9ac23181636,ent_06e268914dba853f1fac062656165032,INVOLVES,200
evt_a95df2f56412a30e8ad2f9ac23181636,ent_4cdfaee25b7803aed75668c8e0d2a811,INVOLVES,200
evt_a95df2f56412a30e8ad2f9ac23181636,ent_7fe461592c31b7bf33bf11d21d306ea0,INVOLVES,200
evt_a95df2f56412a30e8ad2f9ac23181636,ent_d36b13410347d500de53637c8b77e430,INVOLVES,200
evt_a95df2f56412a30e8ad2f9ac23181636,ent_9f9becccd1bbc77f14d0e3ffbb99d9e6,INVOLVES,200
evt_a95df2f56412a30e8ad2f9ac23181636,ent_fe60a6c64f4797bb973018d0f8cf7747,INVOLVES,200
evt_ea151a4eb7a41b30319bacad9b2c9f23,ent_d34be15038026150b530734efa480784,INVOLVES,200
evt_ea151a4eb7a41b30319bacad9b2c9f23,ent_06e268914dba853f1fac062656165032,INVOLVES,200
evt_ea151a4eb7a41b30319bacad9b2c9f23,ent_4cdfaee25b7803aed75668c8e0d2a811,INVOLVES,200
evt_ea151a4eb7a41b30319bacad9b2c9f23,ent_7fe461592c31b7bf33bf11d21d306ea0,INVOLVES,200
evt_ea151a4eb7a41b30319bacad9b2c9f23,ent_d36b13410347d500de53637c8b77e430,INVOLVES,200
evt_ea151a4eb7a41b30319bacad9b2c9f23,ent_9f9becccd1bbc77f14d0e3ffbb99d9e6,INVOLVES,200
evt_ea151a4eb7a41b30319bacad9b2c9f23,ent_fe60a6c64f4797bb973018d0f8cf7747,INVOLVES,200
evt_7d787672022fe8cde3216da1d79e5258,ent_b803f1e45b908b8ef160a186eadabbfc,INVOLVES,200
evt_7d787672022fe8cde3216da1d79e5258,ent_686283728d7c6df9659092d0a8ef3e2e,INVOLVES,200
evt_7d787672022fe8cde3216da1d79e5258,ent_d4b37a1aa616fe5ab640e4743af4b2be,INVOLVES,200
evt_7d787672022fe8cde3216da1d79e5258,ent_d663325fc53a289aef4665cdbf58503f,INVOLVES,200
evt_aada9ecfc6f1fdc7a8f382c73862ef73,ent_b803f1e45b908b8ef160a186eadabbfc,INVOLVES,200
evt_aada9ecfc6f1fdc7a8f382c73862ef73,ent_686283728d7c6df9659092d0a8ef3e2e,INVOLVES,200
evt_aada9ecfc6f1fdc7a8f382c73862ef73,ent_d4b37a1aa616fe5ab640e4743af4b2be,INVOLVES,200
evt_aada9ecfc6f1fdc7a8f382c73862ef73,ent_d663325fc53a289aef4665cdbf58503f,INVOLVES,200
evt_1a39d563ba1e124a726ed266f1d3b08f,ent_b803f1e45b908b8ef160a186eadabbfc,INVOLVES,200
evt_1a39d563ba1e124a726ed266f1d3b08f,ent_686283728d7c6df9659092d0a8ef3e2e,INVOLVES,200
evt_1a39d563ba1e124a726ed266f1d3b08f,ent_d4b37a1aa616fe5ab640e4743af4b2be,INVOLVES,200
evt_1a39d563ba1e124a726ed266f1d3b08f,ent_d663325fc53a289aef4665cdbf58503f,INVOLVES,200
evt_99de662effaa208268d7b34dd5344c26,ent_f20011e5270666592304898988523261,INVOLVES,200
evt_99de662effaa208268d7b34dd5344c26,ent_d070c6aca0bc8101a6172ac643228e86,INVOLVES,200
evt_99de662effaa208268d7b34dd5344c26,ent_e0c7589b4f0ec8df1d06d752b19c03d8,INVOLVES,200
evt_99de662effaa208268d7b34dd5344c26,ent_0585370dfc155ad02f40b8c59efe394e,INVOLVES,200
evt_bb74d592238e838e63d8759893b44c59,ent_70e160020f2b75937e88da39e8048bc3,INVOLVES,200
evt_bb74d592238e838e63d8759893b44c59,ent_20979b5c66747ce5af84d5d1987ca250,INVOLVES,200
evt_bb74d592238e838e63d8759893b44c59,ent_6439bcaca569a6f253de60f40e6971d9,INVOLVES,200
evt_c7f3c9cc84a69b0ab46eb67985694577,ent_4f01f2cfa613244444ca0d9643df90e2,INVOLVES,200
evt_c7f3c9cc84a69b0ab46eb67985694577,ent_1db672c840c21079f9a1eabfcebfd446,INVOLVES,200
evt_c7f3c9cc84a69b0ab46eb67985694577,ent_b3c5e4dc349819b7d639f507752d2635,INVOLVES,200
evt_c7f3c9cc84a69b0ab46eb67985694577,ent_db49657001d3a859a08eec0dd4475722,INVOLVES,200
evt_c7f3c9cc84a69b0ab46eb67985694577,ent_183bd64c6fc43113b151a26ffb0dca15,INVOLVES,200
evt_c7f3c9cc84a69b0ab46eb67985694577,ent_ff04915a68118ad677fcd60e16b92652,INVOLVES,200
evt_c7f3c9cc84a69b0ab46eb67985694577,ent_d58c395a266eabe93f070f93ce9b3395,INVOLVES,200
evt_1bb15d4180903f0e6aa3ecad108168a3,ent_4f01f2cfa613244444ca0d9643df90e2,INVOLVES,200
evt_1bb15d4180903f0e6aa3ecad108168a3,ent_1db672c840c21079f9a1eabfcebfd446,INVOLVES,200
evt_1bb15d4180903f0e6aa3ecad108168a3,ent_b3c5e4dc349819b7d639f507752d2635,INVOLVES,200
evt_1bb15d4180903f0e6aa3ecad108168a3,ent_db49657001d3a859a08eec0dd4475722,INVOLVES,200
evt_1bb15d4180903f0e6aa3ecad108168a3,ent_183bd64c6fc43113b151a26ffb0dca15,INVOLVES,200
evt_1bb15d4180903f0e6aa3ecad108168a3,ent_ff04915a68118ad677fcd60e16b92652,INVOLVES,200
evt_1bb15d4180903f0e6aa3ecad108168a3,ent_d58c395a266eabe93f070f93ce9b3395,INVOLVES,200
evt_d5497415f62e6a2096da0a298eba9661,ent_783c508954614fa61cb6f7833e5e323e,INVOLVES,200
evt_d5497415f62e6a2096da0a298eba9661,ent_1bcabc92f137d6ecb5223a0a932771d9,INVOLVES,200
evt_d5497415f62e6a2096da0a298eba9661,ent_0585370dfc155ad02f40b8c59efe394e,INVOLVES,200
evt_d5497415f62e6a2096da0a298eba9661,ent_4f231a4a78d68d3c4ed01af9f8d13372,INVOLVES,200
evt_ebb82bb8ac4fe71f82700845acafdfd7,ent_783c508954614fa61cb6f7833e5e323e,INVOLVES,200
evt_ebb82bb8ac4fe71f82700845acafdfd7,ent_1bcabc92f137d6ecb5223a0a932771d9,INVOLVES,200
evt_ebb82bb8ac4fe71f82700845acafdfd7,ent_0585370dfc155ad02f40b8c59efe394e,INVOLVES,200
evt_ebb82bb8ac4fe71f82700845acafdfd7,ent_4f231a4a78d68d3c4ed01af9f8d13372,INVOLVES,200
evt_a5329340210c4816e25b7edcb242a65d,ent_1bcabc92f137d6ecb5223a0a932771d9,INVOLVES,200
evt_a5329340210c4816e25b7edcb242a65d,ent_ef4b875fcb525ee983b952618278843a,INVOLVES,200
evt_0582b408ec991abec591c6adfec6420a,ent_808157279012c2f1195a495a92831683,INVOLVES,200
evt_0582b408ec991abec591c6adfec6420a,ent_e1aa27557fc873c9cd1ef326424a6fef,INVOLVES,200
evt_0582b408ec991abec591c6adfec6420a,ent_4f0548c1b699c374fa247ec80e8c353a,INVOLVES,200
evt_0582b408ec991abec591c6adfec6420a,ent_dc4fbb000fd99a86fa27b8fcae2ed36b,INVOLVES,200
evt_0582b408ec991abec591c6adfec6420a,ent_02349980bba8ce563cdf709f74f96fc1,INVOLVES,200
evt_0582b408ec991abec591c6adfec6420a,ent_d36b13410347d500de53637c8b77e430,INVOLVES,200
evt_df0536a7bd0fc02077df3e8b5f547f19,ent_7fe461592c31b7bf33bf11d21d306ea0,INVOLVES,200
evt_df0536a7bd0fc02077df3e8b5f547f19,ent_02349980bba8ce563cdf709f74f96fc1,INVOLVES,200
evt_df0536a7bd0fc02077df3e8b5f547f19,ent_312642cda4a86945e21c6ab3175203ec,INVOLVES,200
evt_f72aa86808cd5df6752ec5ffe119181e,ent_7fe461592c31b7bf33bf11d21d306ea0,INVOLVES,200
evt_f72aa86808cd5df6752ec5ffe119181e,ent_02349980bba8ce563cdf709f74f96fc1,INVOLVES,200
evt_f72aa86808cd5df6752ec5ffe119181e,ent_312642cda4a86945e21c6ab3175203ec,INVOLVES,200
evt_9cdb6e8f1be6f61df29e83f91c04d79f,ent_67b20daaaf5ebb134b5bb925a3087408,INVOLVES,200
evt_9cdb6e8f1be6f61df29e83f91c04d79f,ent_312642cda4a86945e21c6ab3175203ec,INVOLVES,200
evt_61a7f2d1b70659f4271f4f62236b1cd1,ent_67b20daaaf5ebb134b5bb925a3087408,INVOLVES,200
evt_61a7f2d1b70659f4271f4f62236b1cd1,ent_312642cda4a86945e21c6ab3175203ec,INVOLVES,200
evt_ed5c5e7957c34271312654da4bc4ced8,ent_35197dd517ba63bb2e8d8115493f5734,INVOLVES,200
evt_ed5c5e7957c34271312654da4bc4ced8,ent_bebb4a7c03b3c260f0af200e85396cdb,INVOLVES,200
evt_ed5c5e7957c34271312654da4bc4ced8,ent_97b552b2ca274ca3202ac659589c4d95,INVOLVES,200
evt_ed5c5e7957c34271312654da4bc4ced8,ent_6d3207d702c9dc917a10d34060bb5fb3,INVOLVES,200
evt_ed5c5e7957c34271312654da4bc4ced8,ent_312642cda4a86945e21c6ab3175203ec,INVOLVES,200
evt_d7d9b4ff83f497d292de6e54906ac0a9,ent_35197dd517ba63bb2e8d8115493f5734,INVOLVES,200
evt_d7d9b4ff83f497d292de6e54906ac0a9,ent_bebb4a7c03b3c260f0af200e85396cdb,INVOLVES,200
evt_d7d9b4ff83f497d292de6e54906ac0a9,ent_97b552b2ca274ca3202ac659589c4d95,INVOLVES,200
evt_d7d9b4ff83f497d292de6e54906ac0a9,ent_6d3207d702c9dc917a10d34060bb5fb3,INVOLVES,200
evt_d7d9b4ff83f497d292de6e54906ac0a9,ent_312642cda4a86945e21c6ab3175203ec,INVOLVES,200
evt_3558d5491a2dcc2ee00303b292b8e7d1,ent_35197dd517ba63bb2e8d8115493f5734,INVOLVES,200
evt_3558d5491a2dcc2ee00303b292b8e7d1,ent_bebb4a7c03b3c260f0af200e85396cdb,INVOLVES,200
evt_3558d5491a2dcc2ee00303b292b8e7d1,ent_97b552b2ca274ca3202ac659589c4d95,INVOLVES,200
evt_3558d5491a2dcc2ee00303b292b8e7d1,ent_6d3207d702c9dc917a10d34060bb5fb3,INVOLVES,200
evt_3558d5491a2dcc2ee00303b292b8e7d1,ent_312642cda4a86945e21c6ab3175203ec,INVOLVES,200
evt_690427e7ee89dc5884ef2e5c851d5996,ent_35197dd517ba63bb2e8d8115493f5734,INVOLVES,200
evt_690427e7ee89dc5884ef2e5c851d5996,ent_bebb4a7c03b3c260f0af200e85396cdb,INVOLVES,200
evt_690427e7ee89dc5884ef2e5c851d5996,ent_97b552b2ca274ca3202ac659589c4d95,INVOLVES,200
evt_690427e7ee89dc5884ef2e5c851d5996,ent_6d3207d702c9dc917a10d34060bb5fb3,INVOLVES,200
evt_690427e7ee89dc5884ef2e5c851d5996,ent_312642cda4a86945e21c6ab3175203ec,INVOLVES,200
evt_c2f197bdb447edfa41163e42c3535626,ent_1e70f727ebf787a6b06917e9ea542122,INVOLVES,200
evt_c2f197bdb447edfa41163e42c3535626,ent_cc065d8015090a1a4ef0faf6927f3448,INVOLVES,200
evt_c2f197bdb447edfa41163e42c3535626,ent_8cf07136f7d0a0c82662cc0aa0b5823e,INVOLVES,200
evt_c2f197bdb447edfa41163e42c3535626,ent_d36b13410347d500de53637c8b77e430,INVOLVES,200
evt_c2f197bdb447edfa41163e42c3535626,ent_02349980bba8ce563cdf709f74f96fc1,INVOLVES,200
evt_c2f197bdb447edfa41163e42c3535626,ent_b3b20599a70888ef2e38dcad26fab908,INVOLVES,200
evt_c2f197bdb447edfa41163e42c3535626,ent_44ec517f177124e713bca71dd8ced4f3,INVOLVES,200
evt_e2e4de676f06b9c3edc299dd351f6533,ent_d36b13410347d500de53637c8b77e430,INVOLVES,200
evt_e2e4de676f06b9c3edc299dd351f6533,ent_5fcee9fbba91ab1761c896c59a27c5cb,INVOLVES,200
evt_e2e4de676f06b9c3edc299dd351f6533,ent_0328f0b1ed9009a7e6814f75113f4e13,INVOLVES,200
evt_e2e4de676f06b9c3edc299dd351f6533,ent_6f6b3935104e17056b1d0903c5288278,INVOLVES,200
evt_d5b4e4330fd6a3b6a610b1f189b1dc25,ent_d36b13410347d500de53637c8b77e430,INVOLVES,200
evt_d5b4e4330fd6a3b6a610b1f189b1dc25,ent_5fcee9fbba91ab1761c896c59a27c5cb,INVOLVES,200
evt_d5b4e4330fd6a3b6a610b1f189b1dc25,ent_0328f0b1ed9009a7e6814f75113f4e13,INVOLVES,200
evt_d5b4e4330fd6a3b6a610b1f189b1dc25,ent_6f6b3935104e17056b1d0903c5288278,INVOLVES,200
evt_a2173117997c640e4f8095078afa6f8f,ent_35197dd517ba63bb2e8d8115493f5734,INVOLVES,200
evt_a2173117997c640e4f8095078afa6f8f,ent_bebb4a7c03b3c260f0af200e85396cdb,INVOLVES,200
evt_a2173117997c640e4f8095078afa6f8f,ent_0585370dfc155ad02f40b8c59efe394e,INVOLVES,200
evt_a2173117997c640e4f8095078afa6f8f,ent_d36b13410347d500de53637c8b77e430,INVOLVES,200
evt_a2173117997c640e4f8095078afa6f8f,ent_312642cda4a86945e21c6ab3175203ec,INVOLVES,200
evt_c57dbe56398fa8703bb9b4bf92bcdabe,ent_35197dd517ba63bb2e8d8115493f5734,INVOLVES,200
evt_c57dbe56398fa8703bb9b4bf92bcdabe,ent_bebb4a7c03b3c260f0af200e85396cdb,INVOLVES,200
evt_c57dbe56398fa8703bb9b4bf92bcdabe,ent_0585370dfc155ad02f40b8c59efe394e,INVOLVES,200
evt_c57dbe56398fa8703bb9b4bf92bcdabe,ent_d36b13410347d500de53637c8b77e430,INVOLVES,200
evt_c57dbe56398fa8703bb9b4bf92bcdabe,ent_312642cda4a86945e21c6ab3175203ec,INVOLVES,200
evt_ec6b57c5f0f0e5531bc5d739b5eedf5f,ent_0d05c98717c49eebbf5911089efc09d8,INVOLVES,200
evt_ec6b57c5f0f0e5531bc5d739b5eedf5f,ent_150d9f9af1c44703d06893f8767778b2,INVOLVES,200
evt_ec6b57c5f0f0e5531bc5d739b5eedf5f,ent_bf3ef92103734904aa14ed7c8c9f2939,INVOLVES,200
evt_1fb59c2d3cd214b98f1c301dde0bb3d9,ent_0d05c98717c49eebbf5911089efc09d8,INVOLVES,200
evt_1fb59c2d3cd214b98f1c301dde0bb3d9,ent_150d9f9af1c44703d06893f8767778b2,INVOLVES,200
evt_1fb59c2d3cd214b98f1c301dde0bb3d9,ent_bf3ef92103734904aa14ed7c8c9f2939,INVOLVES,200
evt_97d3e25e5ddaabed62bd49637c35689a,ent_b836e8e394abb4fd3f1c2a993093dd86,INVOLVES,200
evt_97d3e25e5ddaabed62bd49637c35689a,ent_e45750164c2bd2174976cad8bc0ee001,INVOLVES,200
evt_299ccedb54258ea1fbcd39d8813455fe,ent_d36b13410347d500de53637c8b77e430,INVOLVES,200
evt_299ccedb54258ea1fbcd39d8813455fe,ent_7fe461592c31b7bf33bf11d21d306ea0,INVOLVES,200
evt_299ccedb54258ea1fbcd39d8813455fe,ent_f661430093dc344ffc8b8cdb2492ca14,INVOLVES,200
evt_e4161dfcb3ce63789ff822b6456be030,ent_d36b13410347d500de53637c8b77e430,INVOLVES,200
evt_e4161dfcb3ce63789ff822b6456be030,ent_7fe461592c31b7bf33bf11d21d306ea0,INVOLVES,200
evt_e4161dfcb3ce63789ff822b6456be030,ent_f661430093dc344ffc8b8cdb2492ca14,INVOLVES,200
evt_bfd2070a87b1bcb4fc7c4cc6b2a2b225,ent_808157279012c2f1195a495a92831683,INVOLVES,200
evt_bfd2070a87b1bcb4fc7c4cc6b2a2b225,ent_312642cda4a86945e21c6ab3175203ec,INVOLVES,200
evt_bfd2070a87b1bcb4fc7c4cc6b2a2b225,ent_214163861ed8ac3fdfdb4674bf5536af,INVOLVES,200
evt_967ed1ca3abe0249ecb2dcdbaf44414d,ent_808157279012c2f1195a495a92831683,INVOLVES,200
evt_967ed1ca3abe0249ecb2dcdbaf44414d,ent_312642cda4a86945e21c6ab3175203ec,INVOLVES,200
evt_967ed1ca3abe0249ecb2dcdbaf44414d,ent_214163861ed8ac3fdfdb4674bf5536af,INVOLVES,200
evt_c872981c7fea23960bc1aaeb2c94f44f,ent_808157279012c2f1195a495a92831683,INVOLVES,200
evt_c872981c7fea23960bc1aaeb2c94f44f,ent_312642cda4a86945e21c6ab3175203ec,INVOLVES,200
evt_c872981c7fea23960bc1aaeb2c94f44f,ent_214163861ed8ac3fdfdb4674bf5536af,INVOLVES,200
evt_41bdca29d2e347fb253a38dd9046f030,ent_808157279012c2f1195a495a92831683,INVOLVES,200
evt_41bdca29d2e347fb253a38dd9046f030,ent_e1aa27557fc873c9cd1ef326424a6fef,INVOLVES,200
evt_41bdca29d2e347fb253a38dd9046f030,ent_0e005ed5a666659e584c6d2ea24d9624,INVOLVES,200
evt_41bdca29d2e347fb253a38dd9046f030,ent_4db8c3fb675dddfc0643b5622cb9478b,INVOLVES,200
evt_41bdca29d2e347fb253a38dd9046f030,ent_948f1b4894e10cea4773783fa5d4d551,INVOLVES,200
evt_41bdca29d2e347fb253a38dd9046f030,ent_4fa2deebbdd08f8db412355fd5c496b0,INVOLVES,200
evt_5dff72e047bd5a1b2b7ce3e6bff34f61,ent_02349980bba8ce563cdf709f74f96fc1,INVOLVES,200
evt_5dff72e047bd5a1b2b7ce3e6bff34f61,ent_56223953b1be983c383865d5576bb10a,INVOLVES,200
evt_5dff72e047bd5a1b2b7ce3e6bff34f61,ent_495afcb676206fea707516bc464d8f6e,INVOLVES,200
evt_5dff72e047bd5a1b2b7ce3e6bff34f61,ent_f8da3cb4898c9429b49aedefae801a30,INVOLVES,200
evt_5dff72e047bd5a1b2b7ce3e6bff34f61,ent_0585370dfc155ad02f40b8c59efe394e,INVOLVES,200
evt_4614819236552ce0a1efb9948013608e,ent_02349980bba8ce563cdf709f74f96fc1,INVOLVES,200
evt_4614819236552ce0a1efb9948013608e,ent_46b86d950df5abe7210291ce639ce2a3,INVOLVES,200
evt_4614819236552ce0a1efb9948013608e,ent_b82afb690cc79e8d6ddf4f691251c28c,INVOLVES,200
evt_4614819236552ce0a1efb9948013608e,ent_29c5a3a85665d45755d9c9e8a9c3f356,INVOLVES,200
evt_4614819236552ce0a1efb9948013608e,ent_0585370dfc155ad02f40b8c59efe394e,INVOLVES,200
evt_4614819236552ce0a1efb9948013608e,ent_8ad135368e7282cb536205605e33dcb1,INVOLVES,200
evt_e0851e5c0a5f8d81d46288876908402b,ent_808157279012c2f1195a495a92831683,INVOLVES,200
evt_e0851e5c0a5f8d81d46288876908402b,ent_b836e8e394abb4fd3f1c2a993093dd86,INVOLVES,200
evt_e0851e5c0a5f8d81d46288876908402b,ent_91e88ee3fd1b4c3ff8ca488e7cc57bd8,INVOLVES,200
evt_e0851e5c0a5f8d81d46288876908402b,ent_0585370dfc155ad02f40b8c59efe394e,INVOLVES,200
evt_e0851e5c0a5f8d81d46288876908402b,ent_7000ea18316680eee81d1bba8ca1bdb5,INVOLVES,200
evt_e0851e5c0a5f8d81d46288876908402b,ent_73fdee9a5dae370a7d065b9c5fa8e45c,INVOLVES,200
evt_e0851e5c0a5f8d81d46288876908402b,ent_02349980bba8ce563cdf709f74f96fc1,INVOLVES,200
evt_775b6165e208e7514f9c37ec8ca28531,ent_808157279012c2f1195a495a92831683,INVOLVES,200
evt_775b6165e208e7514f9c37ec8ca28531,ent_b836e8e394abb4fd3f1c2a993093dd86,INVOLVES,200
evt_775b6165e208e7514f9c37ec8ca28531,ent_91e88ee3fd1b4c3ff8ca488e7cc57bd8,INVOLVES,200
evt_775b6165e208e7514f9c37ec8ca28531,ent_0585370dfc155ad02f40b8c59efe394e,INVOLVES,200
evt_775b6165e208e7514f9c37ec8ca28531,ent_7000ea18316680eee81d1bba8ca1bdb5,INVOLVES,200
evt_775b6165e208e7514f9c37ec8ca28531,ent_73fdee9a5dae370a7d065b9c5fa8e45c,INVOLVES,200
evt_775b6165e208e7514f9c37ec8ca28531,ent_02349980bba8ce563cdf709f74f96fc1,INVOLVES,200
evt_ea3a9a3db96af1c91ea8e5f9251affde,ent_808157279012c2f1195a495a92831683,INVOLVES,200
evt_ea3a9a3db96af1c91ea8e5f9251affde,ent_d36b13410347d500de53637c8b77e430,INVOLVES,200
evt_ea3a9a3db96af1c91ea8e5f9251affde,ent_076173809b5a7e293c5fb60f9019b3f8,INVOLVES,200
evt_ee045b3adb8ca4208923906ead18e2d7,ent_808157279012c2f1195a495a92831683,INVOLVES,200
evt_ee045b3adb8ca4208923906ead18e2d7,ent_d36b13410347d500de53637c8b77e430,INVOLVES,200
evt_ee045b3adb8ca4208923906ead18e2d7,ent_076173809b5a7e293c5fb60f9019b3f8,INVOLVES,200
evt_028304cb79f70c788be7faedbf55eaf3,ent_808157279012c2f1195a495a92831683,INVOLVES,200
evt_028304cb79f70c788be7faedbf55eaf3,ent_7638583a9bb77b091c5c16ae54abcac5,INVOLVES,200
evt_028304cb79f70c788be7faedbf55eaf3,ent_22cc8a3893e4e69b982a0920d4fc71f7,INVOLVES,200
evt_028304cb79f70c788be7faedbf55eaf3,ent_02349980bba8ce563cdf709f74f96fc1,INVOLVES,200
evt_028304cb79f70c788be7faedbf55eaf3,ent_c09a5a11312a5220ac9fa6746f95fc86,INVOLVES,200
evt_028304cb79f70c788be7faedbf55eaf3,ent_939718a00177f4a7a8a8caf8e210b494,INVOLVES,200
evt_80a8ee263ac78a5926ae1f8f2f490b0a,ent_808157279012c2f1195a495a92831683,INVOLVES,200
evt_80a8ee263ac78a5926ae1f8f2f490b0a,ent_7638583a9bb77b091c5c16ae54abcac5,INVOLVES,200
evt_80a8ee263ac78a5926ae1f8f2f490b0a,ent_22cc8a3893e4e69b982a0920d4fc71f7,INVOLVES,200
evt_80a8ee263ac78a5926ae1f8f2f490b0a,ent_02349980bba8ce563cdf709f74f96fc1,INVOLVES,200
evt_80a8ee263ac78a5926ae1f8f2f490b0a,ent_c09a5a11312a5220ac9fa6746f95fc86,INVOLVES,200
evt_80a8ee263ac78a5926ae1f8f2f490b0a,ent_939718a00177f4a7a8a8caf8e210b494,INVOLVES,200
evt_629803298a06bc0fa126e355547a1cec,ent_0d05c98717c49eebbf5911089efc09d8,INVOLVES,200
evt_629803298a06bc0fa126e355547a1cec,ent_9cf0283b7c0c4ebf5c0685760450e9b4,INVOLVES,200
evt_629803298a06bc0fa126e355547a1cec,ent_34ac696cc2e1a8bf21878c18f48a6fe8,INVOLVES,200
evt_629803298a06bc0fa126e355547a1cec,ent_312642cda4a86945e21c6ab3175203ec,INVOLVES,200
evt_629803298a06bc0fa126e355547a1cec,ent_992db32fc431f20fb81b23a70e70a9f9,INVOLVES,200
evt_629803298a06bc0fa126e355547a1cec,ent_d36b13410347d500de53637c8b77e430,INVOLVES,200
evt_b8219f0db35f99f199bad164d5b203c8,ent_e1aa27557fc873c9cd1ef326424a6fef,INVOLVES,200
evt_b8219f0db35f99f199bad164d5b203c8,ent_02349980bba8ce563cdf709f74f96fc1,INVOLVES,200
evt_b8219f0db35f99f199bad164d5b203c8,ent_b264b5b7fb119b737bbdf31b39a196b1,INVOLVES,200
evt_e49e95e5ab10aab0a077ab333ee9307a,ent_e1aa27557fc873c9cd1ef326424a6fef,INVOLVES,200
evt_e49e95e5ab10aab0a077ab333ee9307a,ent_02349980bba8ce563cdf709f74f96fc1,INVOLVES,200
evt_e49e95e5ab10aab0a077ab333ee9307a,ent_b264b5b7fb119b737bbdf31b39a196b1,INVOLVES,200
evt_c0831ccfa7a574e814bd1655ca1b9a2c,ent_e1aa27557fc873c9cd1ef326424a6fef,INVOLVES,200
evt_c0831ccfa7a574e814bd1655ca1b9a2c,ent_02349980bba8ce563cdf709f74f96fc1,INVOLVES,200
evt_c0831ccfa7a574e814bd1655ca1b9a2c,ent_b264b5b7fb119b737bbdf31b39a196b1,INVOLVES,200
evt_da2255defb462ff840daf64713062062,ent_e1aa27557fc873c9cd1ef326424a6fef,INVOLVES,200
evt_da2255defb462ff840daf64713062062,ent_02349980bba8ce563cdf709f74f96fc1,INVOLVES,200
evt_da2255defb462ff840daf64713062062,ent_b264b5b7fb119b737bbdf31b39a196b1,INVOLVES,200
evt_7aae03e2e1fe4fcc800d2e222cdbdb4f,ent_0f3eabf59e6551ac7515879972456619,INVOLVES,200
evt_7aae03e2e1fe4fcc800d2e222cdbdb4f,ent_634d30f1d295382071bc70b8e883717b,INVOLVES,200
evt_7aae03e2e1fe4fcc800d2e222cdbdb4f,ent_e1aa27557fc873c9cd1ef326424a6fef,INVOLVES,200
evt_7aae03e2e1fe4fcc800d2e222cdbdb4f,ent_7cdfe2efced81fb87017a9c0ff04a609,INVOLVES,200
evt_107ba564fcf944c5e4c408c6633d0819,ent_0f3eabf59e6551ac7515879972456619,INVOLVES,200
evt_107ba564fcf944c5e4c408c6633d0819,ent_634d30f1d295382071bc70b8e883717b,INVOLVES,200
evt_107ba564fcf944c5e4c408c6633d0819,ent_e1aa27557fc873c9cd1ef326424a6fef,INVOLVES,200
evt_107ba564fcf944c5e4c408c6633d0819,ent_7cdfe2efced81fb87017a9c0ff04a609,INVOLVES,200
evt_8ed0879c3f72c1e00d42d4e8362862e2,ent_0f3eabf59e6551ac7515879972456619,INVOLVES,200
evt_8ed0879c3f72c1e00d42d4e8362862e2,ent_634d30f1d295382071bc70b8e883717b,INVOLVES,200
evt_8ed0879c3f72c1e00d42d4e8362862e2,ent_e1aa27557fc873c9cd1ef326424a6fef,INVOLVES,200
evt_8ed0879c3f72c1e00d42d4e8362862e2,ent_7cdfe2efced81fb87017a9c0ff04a609,INVOLVES,200
evt_5bed021e6e997ff6124257b9fc6a87ae,ent_0f3eabf59e6551ac7515879972456619,INVOLVES,200
evt_5bed021e6e997ff6124257b9fc6a87ae,ent_634d30f1d295382071bc70b8e883717b,INVOLVES,200
evt_5bed021e6e997ff6124257b9fc6a87ae,ent_e1aa27557fc873c9cd1ef326424a6fef,INVOLVES,200
evt_5bed021e6e997ff6124257b9fc6a87ae,ent_7cdfe2efced81fb87017a9c0ff04a609,INVOLVES,200
evt_c865e2974b3e7908941cefb3cf6075f5,ent_0f3eabf59e6551ac7515879972456619,INVOLVES,200
evt_c865e2974b3e7908941cefb3cf6075f5,ent_634d30f1d295382071bc70b8e883717b,INVOLVES,200
evt_c865e2974b3e7908941cefb3cf6075f5,ent_e1aa27557fc873c9cd1ef326424a6fef,INVOLVES,200
evt_c865e2974b3e7908941cefb3cf6075f5,ent_7cdfe2efced81fb87017a9c0ff04a609,INVOLVES,200
evt_1d1a0018dead94744afb4a3a11a20bff,ent_64e9a462374960b98548a2f8e4719013,INVOLVES,200
evt_1d1a0018dead94744afb4a3a11a20bff,ent_2a6d3686110703bc69da3220c6ee6b5f,INVOLVES,200
evt_1d1a0018dead94744afb4a3a11a20bff,ent_efcea41751696d7564207ab9bfeb8fff,INVOLVES,200
evt_1d1a0018dead94744afb4a3a11a20bff,ent_9b26993ccd3d395bec18762508bf6cbf,INVOLVES,200
evt_1d1a0018dead94744afb4a3a11a20bff,ent_e7fa5bd660d6c130581e4d90d47ff4ba,INVOLVES,200
evt_81d42e97f291fa4a2232c72bbb6b7329,ent_64e9a462374960b98548a2f8e4719013,INVOLVES,200
evt_81d42e97f291fa4a2232c72bbb6b7329,ent_2a6d3686110703bc69da3220c6ee6b5f,INVOLVES,200
evt_81d42e97f291fa4a2232c72bbb6b7329,ent_efcea41751696d7564207ab9bfeb8fff,INVOLVES,200
evt_81d42e97f291fa4a2232c72bbb6b7329,ent_9b26993ccd3d395bec18762508bf6cbf,INVOLVES,200
evt_81d42e97f291fa4a2232c72bbb6b7329,ent_e7fa5bd660d6c130581e4d90d47ff4ba,INVOLVES,200
evt_5dc0128022e6fe9ab76d3f95246792af,ent_64e9a462374960b98548a2f8e4719013,INVOLVES,200
evt_5dc0128022e6fe9ab76d3f95246792af,ent_2a6d3686110703bc69da3220c6ee6b5f,INVOLVES,200
evt_5dc0128022e6fe9ab76d3f95246792af,ent_efcea41751696d7564207ab9bfeb8fff,INVOLVES,200
evt_5dc0128022e6fe9ab76d3f95246792af,ent_9b26993ccd3d395bec18762508bf6cbf,INVOLVES,200
evt_5dc0128022e6fe9ab76d3f95246792af,ent_e7fa5bd660d6c130581e4d90d47ff4ba,INVOLVES,200
evt_c307a8ae63001f5db1b71a655881ed44,ent_64e9a462374960b98548a2f8e4719013,INVOLVES,200
evt_c307a8ae63001f5db1b71a655881ed44,ent_2a6d3686110703bc69da3220c6ee6b5f,INVOLVES,200
evt_c307a8ae63001f5db1b71a655881ed44,ent_efcea41751696d7564207ab9bfeb8fff,INVOLVES,200
evt_c307a8ae63001f5db1b71a655881ed44,ent_9b26993ccd3d395bec18762508bf6cbf,INVOLVES,200
evt_c307a8ae63001f5db1b71a655881ed44,ent_e7fa5bd660d6c130581e4d90d47ff4ba,INVOLVES,200
evt_8df5ef2662eb9ca5704b70916e66348d,ent_02349980bba8ce563cdf709f74f96fc1,INVOLVES,200
evt_8df5ef2662eb9ca5704b70916e66348d,ent_8642fb8edc040d6b588b1ea9430baa2e,INVOLVES,200
evt_8df5ef2662eb9ca5704b70916e66348d,ent_3747efe9f3abcda3db1817e27be87641,INVOLVES,200
evt_8df5ef2662eb9ca5704b70916e66348d,ent_d36b13410347d500de53637c8b77e430,INVOLVES,200
evt_8b91845f89f3b26b183f42428e411000,ent_0d05c98717c49eebbf5911089efc09d8,INVOLVES,200
evt_8b91845f89f3b26b183f42428e411000,ent_214163861ed8ac3fdfdb4674bf5536af,INVOLVES,200
evt_8b91845f89f3b26b183f42428e411000,ent_4ee1e2408806fc076ff7d67ba11c813f,INVOLVES,200
evt_8b91845f89f3b26b183f42428e411000,ent_1f3f6fd04e779ae57fe1a9cd2ed86a8e,INVOLVES,200
evt_c5e496096fa45cedb045dc37d6f6bfae,ent_9a51b96f5f4ff619d32ba37da673077d,INVOLVES,200
evt_c5e496096fa45cedb045dc37d6f6bfae,ent_b82afb690cc79e8d6ddf4f691251c28c,INVOLVES,200
evt_c5e496096fa45cedb045dc37d6f6bfae,ent_44d2a855d77e20a7fc26acbac8ef3ecb,INVOLVES,200
evt_723bb93b0c470e9eafac912db0416ac5,ent_9a51b96f5f4ff619d32ba37da673077d,INVOLVES,200
evt_723bb93b0c470e9eafac912db0416ac5,ent_b82afb690cc79e8d6ddf4f691251c28c,INVOLVES,200
evt_723bb93b0c470e9eafac912db0416ac5,ent_44d2a855d77e20a7fc26acbac8ef3ecb,INVOLVES,200
evt_27fdddfe7c5e8f5c21c680c377fb89bf,ent_808157279012c2f1195a495a92831683,INVOLVES,200
evt_27fdddfe7c5e8f5c21c680c377fb89bf,ent_0fc893a4bdb64119cfea33a0e50ba5bf,INVOLVES,200
evt_27fdddfe7c5e8f5c21c680c377fb89bf,ent_56223953b1be983c383865d5576bb10a,INVOLVES,200
evt_27fdddfe7c5e8f5c21c680c377fb89bf,ent_02349980bba8ce563cdf709f74f96fc1,INVOLVES,200
evt_27fdddfe7c5e8f5c21c680c377fb89bf,ent_312642cda4a86945e21c6ab3175203ec,INVOLVES,200
evt_d94f7401e1b9245ba0eb55b280a2af3a,ent_808157279012c2f1195a495a92831683,INVOLVES,200
evt_d94f7401e1b9245ba0eb55b280a2af3a,ent_0fc893a4bdb64119cfea33a0e50ba5bf,INVOLVES,200
evt_d94f7401e1b9245ba0eb55b280a2af3a,ent_56223953b1be983c383865d5576bb10a,INVOLVES,200
evt_d94f7401e1b9245ba0eb55b280a2af3a,ent_02349980bba8ce563cdf709f74f96fc1,INVOLVES,200
evt_d94f7401e1b9245ba0eb55b280a2af3a,ent_312642cda4a86945e21c6ab3175203ec,INVOLVES,200
evt_ca4ba6fbb482c9728a22fe6a0e72f15b,ent_808157279012c2f1195a495a92831683,INVOLVES,200
evt_ca4ba6fbb482c9728a22fe6a0e72f15b,ent_0fc893a4bdb64119cfea33a0e50ba5bf,INVOLVES,200
evt_ca4ba6fbb482c9728a22fe6a0e72f15b,ent_56223953b1be983c383865d5576bb10a,INVOLVES,200
evt_ca4ba6fbb482c9728a22fe6a0e72f15b,ent_02349980bba8ce563cdf709f74f96fc1,INVOLVES,200
evt_ca4ba6fbb482c9728a22fe6a0e72f15b,ent_312642cda4a86945e21c6ab3175203ec,INVOLVES,200
evt_a14b3e0cb9e30638f2969cd3cad8d777,ent_87e61069f01613b17b3c3024bb10a81f,INVOLVES,200
evt_a14b3e0cb9e30638f2969cd3cad8d777,ent_93caca94df2681ed47f94d12305ede14,INVOLVES,200
evt_10f3fc1bec94fb728d7e71f3fd3af306,ent_7b6eeed1b0a77389f361a19cc1032b5b,INVOLVES,200
evt_10f3fc1bec94fb728d7e71f3fd3af306,ent_d58c395a266eabe93f070f93ce9b3395,INVOLVES,200
evt_10f3fc1bec94fb728d7e71f3fd3af306,ent_634d30f1d295382071bc70b8e883717b,INVOLVES,200
evt_10f3fc1bec94fb728d7e71f3fd3af306,ent_16b2af82b86a0e6ea6f3e8c34720eef2,INVOLVES,200
evt_10f3fc1bec94fb728d7e71f3fd3af306,ent_a90ba77992f71b4a55963c9dcdcb92db,INVOLVES,200
evt_10f3fc1bec94fb728d7e71f3fd3af306,ent_16220d23a389bd352e7b3e57f28356e1,INVOLVES,200
evt_22e100f575db7aed9c11386f4273708b,ent_7b6eeed1b0a77389f361a19cc1032b5b,INVOLVES,200
evt_22e100f575db7aed9c11386f4273708b,ent_d58c395a266eabe93f070f93ce9b3395,INVOLVES,200
evt_22e100f575db7aed9c11386f4273708b,ent_634d30f1d295382071bc70b8e883717b,INVOLVES,200
evt_22e100f575db7aed9c11386f4273708b,ent_16b2af82b86a0e6ea6f3e8c34720eef2,INVOLVES,200
evt_22e100f575db7aed9c11386f4273708b,ent_a90ba77992f71b4a55963c9dcdcb92db,INVOLVES,200
evt_22e100f575db7aed9c11386f4273708b,ent_16220d23a389bd352e7b3e57f28356e1,INVOLVES,200
evt_59bc9cd55c979607c1f82c655d27db54,ent_7b6eeed1b0a77389f361a19cc1032b5b,INVOLVES,200
evt_59bc9cd55c979607c1f82c655d27db54,ent_d58c395a266eabe93f070f93ce9b3395,INVOLVES,200
evt_59bc9cd55c979607c1f82c655d27db54,ent_634d30f1d295382071bc70b8e883717b,INVOLVES,200
evt_59bc9cd55c979607c1f82c655d27db54,ent_16b2af82b86a0e6ea6f3e8c34720eef2,INVOLVES,200
evt_59bc9cd55c979607c1f82c655d27db54,ent_a90ba77992f71b4a55963c9dcdcb92db,INVOLVES,200
evt_59bc9cd55c979607c1f82c655d27db54,ent_16220d23a389bd352e7b3e57f28356e1,INVOLVES,200
evt_2a47b93dbdaa7db16dd6f09b462ba0a6,ent_7b6eeed1b0a77389f361a19cc1032b5b,INVOLVES,200
evt_2a47b93dbdaa7db16dd6f09b462ba0a6,ent_d58c395a266eabe93f070f93ce9b3395,INVOLVES,200
evt_2a47b93dbdaa7db16dd6f09b462ba0a6,ent_634d30f1d295382071bc70b8e883717b,INVOLVES,200
evt_2a47b93dbdaa7db16dd6f09b462ba0a6,ent_16b2af82b86a0e6ea6f3e8c34720eef2,INVOLVES,200
evt_2a47b93dbdaa7db16dd6f09b462ba0a6,ent_a90ba77992f71b4a55963c9dcdcb92db,INVOLVES,200
evt_2a47b93dbdaa7db16dd6f09b462ba0a6,ent_16220d23a389bd352e7b3e57f28356e1,INVOLVES,200
evt_3e8016416a54028d07833b4b3e641947,ent_0d05c98717c49eebbf5911089efc09d8,INVOLVES,200
evt_3e8016416a54028d07833b4b3e641947,ent_b264b5b7fb119b737bbdf31b39a196b1,INVOLVES,200
evt_3e8016416a54028d07833b4b3e641947,ent_73fdee9a5dae370a7d065b9c5fa8e45c,INVOLVES,200
evt_4347a026eaf8e11982dc7e84df3b77a1,ent_808157279012c2f1195a495a92831683,INVOLVES,200
evt_4347a026eaf8e11982dc7e84df3b77a1,ent_312642cda4a86945e21c6ab3175203ec,INVOLVES,200
evt_4347a026eaf8e11982dc7e84df3b77a1,ent_5d603652353ec0e16fd4866a173a5f3c,INVOLVES,200
evt_4347a026eaf8e11982dc7e84df3b77a1,ent_02349980bba8ce563cdf709f74f96fc1,INVOLVES,200
evt_4347a026eaf8e11982dc7e84df3b77a1,ent_d36b13410347d500de53637c8b77e430,INVOLVES,200
evt_eaf8596d441e4199bfbc8e2aab789117,ent_808157279012c2f1195a495a92831683,INVOLVES,200
evt_eaf8596d441e4199bfbc8e2aab789117,ent_312642cda4a86945e21c6ab3175203ec,INVOLVES,200
evt_eaf8596d441e4199bfbc8e2aab789117,ent_5d603652353ec0e16fd4866a173a5f3c,INVOLVES,200
evt_eaf8596d441e4199bfbc8e2aab789117,ent_02349980bba8ce563cdf709f74f96fc1,INVOLVES,200
evt_eaf8596d441e4199bfbc8e2aab789117,ent_d36b13410347d500de53637c8b77e430,INVOLVES,200
evt_ff755ef794577215c1f1e357a7b9aa37,ent_5227edeb6fecc69bd399133872ff2557,INVOLVES,200
evt_ff755ef794577215c1f1e357a7b9aa37,ent_2a6d3686110703bc69da3220c6ee6b5f,INVOLVES,200
evt_ff755ef794577215c1f1e357a7b9aa37,ent_02349980bba8ce563cdf709f74f96fc1,INVOLVES,200
evt_ff755ef794577215c1f1e357a7b9aa37,ent_2b4da846ceb3fb791e7085aff5e20a1b,INVOLVES,200
evt_0f846a5e3e4cd54ceeec1df3698033e9,ent_0d05c98717c49eebbf5911089efc09d8,INVOLVES,200
evt_0f846a5e3e4cd54ceeec1df3698033e9,ent_214163861ed8ac3fdfdb4674bf5536af,INVOLVES,200
evt_0f846a5e3e4cd54ceeec1df3698033e9,ent_d36b13410347d500de53637c8b77e430,INVOLVES,200
evt_2d9f72369f27a0d49501690191c78033,ent_0d05c98717c49eebbf5911089efc09d8,INVOLVES,200
evt_2d9f72369f27a0d49501690191c78033,ent_214163861ed8ac3fdfdb4674bf5536af,INVOLVES,200
evt_2d9f72369f27a0d49501690191c78033,ent_d36b13410347d500de53637c8b77e430,INVOLVES,200
evt_b32ee17d134e2643198394b2d8fb4260,ent_feaec64e1edce4691882643d1d938231,INVOLVES,200
evt_b32ee17d134e2643198394b2d8fb4260,ent_6aa7cbb3eaafb3aac81464a639b86e23,INVOLVES,200
evt_b32ee17d134e2643198394b2d8fb4260,ent_4f976df6095d3a8032d3c176b8f2f1de,INVOLVES,200
evt_b32ee17d134e2643198394b2d8fb4260,ent_3e66247131124c27a0f6074d01ee8803,INVOLVES,200
evt_b32ee17d134e2643198394b2d8fb4260,ent_2a6d3686110703bc69da3220c6ee6b5f,INVOLVES,200
evt_aa12fe2635dae26060020f65203dcf91,ent_feaec64e1edce4691882643d1d938231,INVOLVES,200
evt_aa12fe2635dae26060020f65203dcf91,ent_6aa7cbb3eaafb3aac81464a639b86e23,INVOLVES,200
evt_aa12fe2635dae26060020f65203dcf91,ent_4f976df6095d3a8032d3c176b8f2f1de,INVOLVES,200
evt_aa12fe2635dae26060020f65203dcf91,ent_3e66247131124c27a0f6074d01ee8803,INVOLVES,200
evt_aa12fe2635dae26060020f65203dcf91,ent_2a6d3686110703bc69da3220c6ee6b5f,INVOLVES,200
evt_8c5daf531b17dfab2ec2699952013552,ent_aab4a4652aaba2f0e2d6dc8705730961,INVOLVES,200
evt_8c5daf531b17dfab2ec2699952013552,ent_0eecfd1e8eb0d1e1c39c767906095157,INVOLVES,200
evt_8c5daf531b17dfab2ec2699952013552,ent_214163861ed8ac3fdfdb4674bf5536af,INVOLVES,200
evt_8c5daf531b17dfab2ec2699952013552,ent_312642cda4a86945e21c6ab3175203ec,INVOLVES,200
evt_0854becd1d894299a3c6bf68d019084a,ent_aab4a4652aaba2f0e2d6dc8705730961,INVOLVES,200
evt_0854becd1d894299a3c6bf68d019084a,ent_0eecfd1e8eb0d1e1c39c767906095157,INVOLVES,200
evt_0854becd1d894299a3c6bf68d019084a,ent_214163861ed8ac3fdfdb4674bf5536af,INVOLVES,200
evt_0854becd1d894299a3c6bf68d019084a,ent_312642cda4a86945e21c6ab3175203ec,INVOLVES,200
evt_4b44d9578c100512ce3c61b693dc07d2,ent_aab4a4652aaba2f0e2d6dc8705730961,INVOLVES,200
evt_4b44d9578c100512ce3c61b693dc07d2,ent_0eecfd1e8eb0d1e1c39c767906095157,INVOLVES,200
evt_4b44d9578c100512ce3c61b693dc07d2,ent_214163861ed8ac3fdfdb4674bf5536af,INVOLVES,200
evt_4b44d9578c100512ce3c61b693dc07d2,ent_312642cda4a86945e21c6ab3175203ec,INVOLVES,200
evt_f06210ff68a3fcef2de667c55e93c055,ent_2dc4fe559308d860145003feb2da00ee,INVOLVES,200
evt_f06210ff68a3fcef2de667c55e93c055,ent_7faeb8724bf2e62c80d9b12e786b68cc,INVOLVES,200
evt_f06210ff68a3fcef2de667c55e93c055,ent_8148bc4699c028fc82761f740db074fc,INVOLVES,200
evt_e354ce760d90508ec5c362793909f8df,ent_2dc4fe559308d860145003feb2da00ee,INVOLVES,200
evt_e354ce760d90508ec5c362793909f8df,ent_7faeb8724bf2e62c80d9b12e786b68cc,INVOLVES,200
evt_e354ce760d90508ec5c362793909f8df,ent_8148bc4699c028fc82761f740db074fc,INVOLVES,200
evt_dd941921b8e1f75caf4593decbf1f2f9,ent_6bac619c34abd5bb1471edf26af3d67d,INVOLVES,200
evt_c205c664d244c0b0f0d23085ad69a488,ent_808157279012c2f1195a495a92831683,INVOLVES,200
evt_c205c664d244c0b0f0d23085ad69a488,ent_02349980bba8ce563cdf709f74f96fc1,INVOLVES,200
evt_c205c664d244c0b0f0d23085ad69a488,ent_6d3207d702c9dc917a10d34060bb5fb3,INVOLVES,200
evt_c205c664d244c0b0f0d23085ad69a488,ent_312642cda4a86945e21c6ab3175203ec,INVOLVES,200
evt_4a2b99619dba2c0fa014a2c6e32f2a69,ent_808157279012c2f1195a495a92831683,INVOLVES,200
evt_4a2b99619dba2c0fa014a2c6e32f2a69,ent_02349980bba8ce563cdf709f74f96fc1,INVOLVES,200
evt_4a2b99619dba2c0fa014a2c6e32f2a69,ent_6d3207d702c9dc917a10d34060bb5fb3,INVOLVES,200
evt_4a2b99619dba2c0fa014a2c6e32f2a69,ent_312642cda4a86945e21c6ab3175203ec,INVOLVES,200
evt_30285766ba2cd1151b1a315e6b0a4a77,ent_808157279012c2f1195a495a92831683,INVOLVES,200
evt_30285766ba2cd1151b1a315e6b0a4a77,ent_02349980bba8ce563cdf709f74f96fc1,INVOLVES,200
evt_30285766ba2cd1151b1a315e6b0a4a77,ent_6d3207d702c9dc917a10d34060bb5fb3,INVOLVES,200
evt_30285766ba2cd1151b1a315e6b0a4a77,ent_312642cda4a86945e21c6ab3175203ec,INVOLVES,200
evt_c474b081478c58a76602c976ad2e1ce4,ent_0d05c98717c49eebbf5911089efc09d8,INVOLVES,200
evt_c474b081478c58a76602c976ad2e1ce4,ent_6d3207d702c9dc917a10d34060bb5fb3,INVOLVES,200
evt_c474b081478c58a76602c976ad2e1ce4,ent_312642cda4a86945e21c6ab3175203ec,INVOLVES,200
evt_94b9993aa67d65af4081b24a4eeddc4c,ent_0d05c98717c49eebbf5911089efc09d8,INVOLVES,200
evt_94b9993aa67d65af4081b24a4eeddc4c,ent_6d3207d702c9dc917a10d34060bb5fb3,INVOLVES,200
evt_94b9993aa67d65af4081b24a4eeddc4c,ent_312642cda4a86945e21c6ab3175203ec,INVOLVES,200
evt_b4f47f73a808b34abe096dba8a65d773,ent_d36b13410347d500de53637c8b77e430,INVOLVES,200
evt_47aad29e8a12fdeab8bf6626cfb53bd8,ent_db49657001d3a859a08eec0dd4475722,INVOLVES,200
evt_47aad29e8a12fdeab8bf6626cfb53bd8,ent_b836e8e394abb4fd3f1c2a993093dd86,INVOLVES,200
evt_47aad29e8a12fdeab8bf6626cfb53bd8,ent_40551156477a7e3d5d2a03b6ff420747,INVOLVES,200
evt_47aad29e8a12fdeab8bf6626cfb53bd8,ent_02349980bba8ce563cdf709f74f96fc1,INVOLVES,200
evt_47aad29e8a12fdeab8bf6626cfb53bd8,ent_5c16be9e157855c334eca58121082e56,INVOLVES,200
evt_ec763b209112ccae364b050a2a409c35,ent_35197dd517ba63bb2e8d8115493f5734,INVOLVES,200
evt_ec763b209112ccae364b050a2a409c35,ent_26405e5b5f407600fc833f90e7b7d3b2,INVOLVES,200
evt_ec763b209112ccae364b050a2a409c35,ent_d36b13410347d500de53637c8b77e430,INVOLVES,200
evt_ec763b209112ccae364b050a2a409c35,ent_0585370dfc155ad02f40b8c59efe394e,INVOLVES,200
evt_bc3110cd43715c0127d0c97c8501092c,ent_35197dd517ba63bb2e8d8115493f5734,INVOLVES,200
evt_bc3110cd43715c0127d0c97c8501092c,ent_26405e5b5f407600fc833f90e7b7d3b2,INVOLVES,200
evt_bc3110cd43715c0127d0c97c8501092c,ent_d36b13410347d500de53637c8b77e430,INVOLVES,200
evt_bc3110cd43715c0127d0c97c8501092c,ent_0585370dfc155ad02f40b8c59efe394e,INVOLVES,200
evt_034e6174c0ec5395a914d254988c2812,ent_35197dd517ba63bb2e8d8115493f5734,INVOLVES,200
evt_034e6174c0ec5395a914d254988c2812,ent_26405e5b5f407600fc833f90e7b7d3b2,INVOLVES,200
evt_034e6174c0ec5395a914d254988c2812,ent_d36b13410347d500de53637c8b77e430,INVOLVES,200
evt_034e6174c0ec5395a914d254988c2812,ent_0585370dfc155ad02f40b8c59efe394e,INVOLVES,200
evt_04f0cbea59ac5422067ba3977c56eeff,ent_d36b13410347d500de53637c8b77e430,INVOLVES,200
evt_04f0cbea59ac5422067ba3977c56eeff,ent_5ad1d4a78af8b979eede7d9f26adc113,INVOLVES,200
evt_04f0cbea59ac5422067ba3977c56eeff,ent_b836e8e394abb4fd3f1c2a993093dd86,INVOLVES,200
evt_a9cce7e5eee69b577d761a46b9b56e23,ent_808157279012c2f1195a495a92831683,INVOLVES,200
evt_a9cce7e5eee69b577d761a46b9b56e23,ent_74b9dbd3e85c06a4dfd976c149401fcf,INVOLVES,200
evt_a9cce7e5eee69b577d761a46b9b56e23,ent_445b4f885cda0bc3952a9db9626e1ffc,INVOLVES,200
evt_1d9a5a78b66a3eebeb020dd3ea28bb3e,ent_808157279012c2f1195a495a92831683,INVOLVES,200
evt_1d9a5a78b66a3eebeb020dd3ea28bb3e,ent_74b9dbd3e85c06a4dfd976c149401fcf,INVOLVES,200
evt_1d9a5a78b66a3eebeb020dd3ea28bb3e,ent_445b4f885cda0bc3952a9db9626e1ffc,INVOLVES,200
evt_c9fd8bedd28bb2ad469f7470e9c0ca52,ent_808157279012c2f1195a495a92831683,INVOLVES,200
evt_c9fd8bedd28bb2ad469f7470e9c0ca52,ent_74b9dbd3e85c06a4dfd976c149401fcf,INVOLVES,200
evt_c9fd8bedd28bb2ad469f7470e9c0ca52,ent_445b4f885cda0bc3952a9db9626e1ffc,INVOLVES,200
evt_a64a94e31e23e796f876e35e016eee44,ent_35197dd517ba63bb2e8d8115493f5734,INVOLVES,200
evt_a64a94e31e23e796f876e35e016eee44,ent_ffdd0d1f899175ab934fa9cc84a06274,INVOLVES,200
evt_a64a94e31e23e796f876e35e016eee44,ent_ac5bcd3e9a6c71f66633123da6ed9e8c,INVOLVES,200
evt_a64a94e31e23e796f876e35e016eee44,ent_104dad666ede32d7210816cf0e93d572,INVOLVES,200
evt_a64a94e31e23e796f876e35e016eee44,ent_baff6962111020b045d9ddb67e887c2b,INVOLVES,200
evt_a64a94e31e23e796f876e35e016eee44,ent_7f3f291d91d7fe424433bdfc9aef676f,INVOLVES,200
evt_a64a94e31e23e796f876e35e016eee44,ent_13188e16128eaf82ced92edf66906b35,INVOLVES,200
evt_a64a94e31e23e796f876e35e016eee44,ent_214163861ed8ac3fdfdb4674bf5536af,INVOLVES,200
evt_a64a94e31e23e796f876e35e016eee44,ent_2caadd008f5c6c2a3582b9460a673183,INVOLVES,200
evt_0e78e01204706a2b40e9fded47440d60,ent_808157279012c2f1195a495a92831683,INVOLVES,200
evt_0e78e01204706a2b40e9fded47440d60,ent_97b552b2ca274ca3202ac659589c4d95,INVOLVES,200
evt_0e78e01204706a2b40e9fded47440d60,ent_0585370dfc155ad02f40b8c59efe394e,INVOLVES,200
evt_0e78e01204706a2b40e9fded47440d60,ent_388b7264a2415e2980009bc72f2721dd,INVOLVES,200
evt_6f68f651cd934723f225e270231c03e6,ent_808157279012c2f1195a495a92831683,INVOLVES,200
evt_6f68f651cd934723f225e270231c03e6,ent_97b552b2ca274ca3202ac659589c4d95,INVOLVES,200
evt_6f68f651cd934723f225e270231c03e6,ent_0585370dfc155ad02f40b8c59efe394e,INVOLVES,200
evt_6f68f651cd934723f225e270231c03e6,ent_388b7264a2415e2980009bc72f2721dd,INVOLVES,200
evt_51a03944c658b73ed23507b8e4b81489,ent_d36b13410347d500de53637c8b77e430,INVOLVES,200
evt_51a03944c658b73ed23507b8e4b81489,ent_02349980bba8ce563cdf709f74f96fc1,INVOLVES,200
evt_51a03944c658b73ed23507b8e4b81489,ent_2b4da846ceb3fb791e7085aff5e20a1b,INVOLVES,200
evt_b5d64e035d5539f5aebaff6955cd32c4,ent_0d05c98717c49eebbf5911089efc09d8,INVOLVES,200
evt_b5d64e035d5539f5aebaff6955cd32c4,ent_ca1f9b7bc50e2730549c202ea871f0a1,INVOLVES,200
evt_b5d64e035d5539f5aebaff6955cd32c4,ent_b03a6f3bd564ab188b74742ad43dc1e3,INVOLVES,200
evt_b5d64e035d5539f5aebaff6955cd32c4,ent_18be05d20c5a6ec51cf69f614eef5053,INVOLVES,200
evt_b5d64e035d5539f5aebaff6955cd32c4,ent_ac31c182d3d5e1534fac2ce2efea922c,INVOLVES,200
evt_8ea2235a098f5b0f67801df176d318dd,ent_808157279012c2f1195a495a92831683,INVOLVES,200
evt_8ea2235a098f5b0f67801df176d318dd,ent_4fa2deebbdd08f8db412355fd5c496b0,INVOLVES,200
evt_8ea2235a098f5b0f67801df176d318dd,ent_02349980bba8ce563cdf709f74f96fc1,INVOLVES,200
evt_3c7c1d94e7247597ea0b7482e7d5d57b,ent_495afcb676206fea707516bc464d8f6e,INVOLVES,200
evt_3c7c1d94e7247597ea0b7482e7d5d57b,ent_214163861ed8ac3fdfdb4674bf5536af,INVOLVES,200
evt_3c7c1d94e7247597ea0b7482e7d5d57b,ent_312642cda4a86945e21c6ab3175203ec,INVOLVES,200
evt_89e810c67be3242d11e9dfb3afc33733,ent_6d3207d702c9dc917a10d34060bb5fb3,INVOLVES,200
evt_89e810c67be3242d11e9dfb3afc33733,ent_97b552b2ca274ca3202ac659589c4d95,INVOLVES,200
evt_89e810c67be3242d11e9dfb3afc33733,ent_0e9ff9e44e77e1243083aa8503d702d0,INVOLVES,200
evt_af7fa4261fd384a08f4764f6dcbaee28,ent_b413b0f80b8d06ff291ed5a8fcd6db8c,INVOLVES,200
evt_af7fa4261fd384a08f4764f6dcbaee28,ent_2a6d3686110703bc69da3220c6ee6b5f,INVOLVES,200
evt_af7fa4261fd384a08f4764f6dcbaee28,ent_d36b13410347d500de53637c8b77e430,INVOLVES,200
evt_af7fa4261fd384a08f4764f6dcbaee28,ent_312642cda4a86945e21c6ab3175203ec,INVOLVES,200
evt_b1cd2e138543971d99a91ade2f4c0a4a,ent_dae0e046fd73d794f0f353e2fbb6632a,INVOLVES,200
evt_b1cd2e138543971d99a91ade2f4c0a4a,ent_21c003acfb75ace8e632ace76db02be8,INVOLVES,200
evt_1b85a66618fbff76e3812ef26e9e73e3,ent_dae0e046fd73d794f0f353e2fbb6632a,INVOLVES,200
evt_1b85a66618fbff76e3812ef26e9e73e3,ent_21c003acfb75ace8e632ace76db02be8,INVOLVES,200
evt_61c82eaecdf71c10300b35124fd54f65,ent_64e9a462374960b98548a2f8e4719013,INVOLVES,200
evt_61c82eaecdf71c10300b35124fd54f65,ent_2a6d3686110703bc69da3220c6ee6b5f,INVOLVES,200
evt_61c82eaecdf71c10300b35124fd54f65,ent_5d603652353ec0e16fd4866a173a5f3c,INVOLVES,200
evt_ea7d5df32b0705f4f0088e2c8b191371,ent_0e92f188c7548ec8412c2a2e45dbc542,INVOLVES,200
evt_ea7d5df32b0705f4f0088e2c8b191371,ent_55a2601f42147cdcd170e73adcd304a1,INVOLVES,200
evt_ea7d5df32b0705f4f0088e2c8b191371,ent_40aff8b4cfae7e0e7a7a168446bfeb96,INVOLVES,200
evt_ea7d5df32b0705f4f0088e2c8b191371,ent_0585370dfc155ad02f40b8c59efe394e,INVOLVES,200
evt_35d3a6a2c40c22d5a98320a768273130,ent_0d05c98717c49eebbf5911089efc09d8,INVOLVES,200
evt_35d3a6a2c40c22d5a98320a768273130,ent_d36b13410347d500de53637c8b77e430,INVOLVES,200
evt_35d3a6a2c40c22d5a98320a768273130,ent_d1f64bc475e40fff8275e5dd925398f6,INVOLVES,200
evt_35d3a6a2c40c22d5a98320a768273130,ent_a6d47c86e228ba474132e61e29633496,INVOLVES,200
evt_cc351e9c13269f40215940b2d9c310bb,ent_0d05c98717c49eebbf5911089efc09d8,INVOLVES,200
evt_cc351e9c13269f40215940b2d9c310bb,ent_d36b13410347d500de53637c8b77e430,INVOLVES,200
evt_cc351e9c13269f40215940b2d9c310bb,ent_d1f64bc475e40fff8275e5dd925398f6,INVOLVES,200
evt_cc351e9c13269f40215940b2d9c310bb,ent_a6d47c86e228ba474132e61e29633496,INVOLVES,200
evt_88eb11110c957eb591945870d24d21be,ent_0d05c98717c49eebbf5911089efc09d8,INVOLVES,200
evt_88eb11110c957eb591945870d24d21be,ent_d36b13410347d500de53637c8b77e430,INVOLVES,200
evt_88eb11110c957eb591945870d24d21be,ent_d1f64bc475e40fff8275e5dd925398f6,INVOLVES,200
evt_88eb11110c957eb591945870d24d21be,ent_a6d47c86e228ba474132e61e29633496,INVOLVES,200
evt_877293e95d893c4090aa06f6d4b4a3f6,ent_0d05c98717c49eebbf5911089efc09d8,INVOLVES,200
evt_877293e95d893c4090aa06f6d4b4a3f6,ent_d36b13410347d500de53637c8b77e430,INVOLVES,200
evt_877293e95d893c4090aa06f6d4b4a3f6,ent_d1f64bc475e40fff8275e5dd925398f6,INVOLVES,200
evt_877293e95d893c4090aa06f6d4b4a3f6,ent_a6d47c86e228ba474132e61e29633496,INVOLVES,200
evt_585b1514413fcea0f58d1d61d833f044,ent_0d05c98717c49eebbf5911089efc09d8,INVOLVES,200
evt_585b1514413fcea0f58d1d61d833f044,ent_9c5fc5a3dab937c6463b6844e13b29c8,INVOLVES,200
evt_585b1514413fcea0f58d1d61d833f044,ent_214163861ed8ac3fdfdb4674bf5536af,INVOLVES,200
evt_585b1514413fcea0f58d1d61d833f044,ent_312642cda4a86945e21c6ab3175203ec,INVOLVES,200
evt_f0811b1ab579fd68fdb14f5a4b4a49c6,ent_91e88ee3fd1b4c3ff8ca488e7cc57bd8,INVOLVES,200
evt_f0811b1ab579fd68fdb14f5a4b4a49c6,ent_45028679d671d607ecc0d8ad080edb59,INVOLVES,200
evt_f0811b1ab579fd68fdb14f5a4b4a49c6,ent_02349980bba8ce563cdf709f74f96fc1,INVOLVES,200
evt_c0f1f300bd2c043c0ae3b71e79346f29,ent_bebb4a7c03b3c260f0af200e85396cdb,INVOLVES,200
evt_c0f1f300bd2c043c0ae3b71e79346f29,ent_3b1dc74fae051fc93815e34f07f24509,INVOLVES,200
evt_c0f1f300bd2c043c0ae3b71e79346f29,ent_97b552b2ca274ca3202ac659589c4d95,INVOLVES,200
evt_c0f1f300bd2c043c0ae3b71e79346f29,ent_6d3207d702c9dc917a10d34060bb5fb3,INVOLVES,200
evt_c0f1f300bd2c043c0ae3b71e79346f29,ent_0585370dfc155ad02f40b8c59efe394e,INVOLVES,200
evt_c0f1f300bd2c043c0ae3b71e79346f29,ent_0c4c607d19f8f91d86a20d6f852e572e,INVOLVES,200
evt_c0f1f300bd2c043c0ae3b71e79346f29,ent_214163861ed8ac3fdfdb4674bf5536af,INVOLVES,200
evt_c0f1f300bd2c043c0ae3b71e79346f29,ent_56223953b1be983c383865d5576bb10a,INVOLVES,200
evt_9b7bec88991da772e974908848b6ed8f,ent_0d05c98717c49eebbf5911089efc09d8,INVOLVES,200
evt_9b7bec88991da772e974908848b6ed8f,ent_b82afb690cc79e8d6ddf4f691251c28c,INVOLVES,200
evt_9b7bec88991da772e974908848b6ed8f,ent_9177f363c3c0880583caf5b017729dbe,INVOLVES,200
evt_9b7bec88991da772e974908848b6ed8f,ent_a83fc2fe572ce8acbbf941d991ed004b,INVOLVES,200
evt_9b7bec88991da772e974908848b6ed8f,ent_1a8c7d1d1030b77c428f865bade3ed24,INVOLVES,200
evt_9b7bec88991da772e974908848b6ed8f,ent_d22b878b3bd626cfada28c3f77e76364,INVOLVES,200
evt_9b7bec88991da772e974908848b6ed8f,ent_0585370dfc155ad02f40b8c59efe394e,INVOLVES,200
evt_9b7bec88991da772e974908848b6ed8f,ent_f177751ce4ebf9f604e15355576b5941,INVOLVES,200
evt_782fb191b61714c1e7a43fbcf5ff8419,ent_0d05c98717c49eebbf5911089efc09d8,INVOLVES,200
evt_782fb191b61714c1e7a43fbcf5ff8419,ent_6d3207d702c9dc917a10d34060bb5fb3,INVOLVES,200
evt_782fb191b61714c1e7a43fbcf5ff8419,ent_0585370dfc155ad02f40b8c59efe394e,INVOLVES,200
evt_782fb191b61714c1e7a43fbcf5ff8419,ent_312642cda4a86945e21c6ab3175203ec,INVOLVES,200
evt_8eb586b8f8bead9070b2e3b7554deb87,ent_808157279012c2f1195a495a92831683,INVOLVES,200
evt_8eb586b8f8bead9070b2e3b7554deb87,ent_d36b13410347d500de53637c8b77e430,INVOLVES,200
evt_8eb586b8f8bead9070b2e3b7554deb87,ent_02349980bba8ce563cdf709f74f96fc1,INVOLVES,200
evt_8eb586b8f8bead9070b2e3b7554deb87,ent_214163861ed8ac3fdfdb4674bf5536af,INVOLVES,200
evt_8eb586b8f8bead9070b2e3b7554deb87,ent_a43633bbbb0186f01ee4fc0c14c7cb3e,INVOLVES,200
evt_8eb586b8f8bead9070b2e3b7554deb87,ent_312642cda4a86945e21c6ab3175203ec,INVOLVES,200
evt_099d55771f401a111bfc813fff4f33eb,ent_808157279012c2f1195a495a92831683,INVOLVES,200
evt_099d55771f401a111bfc813fff4f33eb,ent_d36b13410347d500de53637c8b77e430,INVOLVES,200
evt_099d55771f401a111bfc813fff4f33eb,ent_02349980bba8ce563cdf709f74f96fc1,INVOLVES,200
evt_099d55771f401a111bfc813fff4f33eb,ent_214163861ed8ac3fdfdb4674bf5536af,INVOLVES,200
evt_099d55771f401a111bfc813fff4f33eb,ent_a43633bbbb0186f01ee4fc0c14c7cb3e,INVOLVES,200
evt_099d55771f401a111bfc813fff4f33eb,ent_312642cda4a86945e21c6ab3175203ec,INVOLVES,200
evt_26b9ec59b4f8d491de3a5691ff7bea94,ent_808157279012c2f1195a495a92831683,INVOLVES,200
evt_26b9ec59b4f8d491de3a5691ff7bea94,ent_d36b13410347d500de53637c8b77e430,INVOLVES,200
evt_26b9ec59b4f8d491de3a5691ff7bea94,ent_02349980bba8ce563cdf709f74f96fc1,INVOLVES,200
evt_26b9ec59b4f8d491de3a5691ff7bea94,ent_214163861ed8ac3fdfdb4674bf5536af,INVOLVES,200
evt_26b9ec59b4f8d491de3a5691ff7bea94,ent_a43633bbbb0186f01ee4fc0c14c7cb3e,INVOLVES,200
evt_26b9ec59b4f8d491de3a5691ff7bea94,ent_312642cda4a86945e21c6ab3175203ec,INVOLVES,200
evt_9afb8eedeb91866fc3faf08194286889,ent_808157279012c2f1195a495a92831683,INVOLVES,200
evt_9afb8eedeb91866fc3faf08194286889,ent_d36b13410347d500de53637c8b77e430,INVOLVES,200
evt_9afb8eedeb91866fc3faf08194286889,ent_02349980bba8ce563cdf709f74f96fc1,INVOLVES,200
evt_9afb8eedeb91866fc3faf08194286889,ent_214163861ed8ac3fdfdb4674bf5536af,INVOLVES,200
evt_9afb8eedeb91866fc3faf08194286889,ent_a43633bbbb0186f01ee4fc0c14c7cb3e,INVOLVES,200
evt_9afb8eedeb91866fc3faf08194286889,ent_312642cda4a86945e21c6ab3175203ec,INVOLVES,200
evt_6f8eecbabc6adddff349d60955c9e73e,ent_0d05c98717c49eebbf5911089efc09d8,INVOLVES,200
evt_6f8eecbabc6adddff349d60955c9e73e,ent_312642cda4a86945e21c6ab3175203ec,INVOLVES,200
evt_6f8eecbabc6adddff349d60955c9e73e,ent_9e0bc8133d18fbd309c98f053f59e0de,INVOLVES,200
evt_6f8eecbabc6adddff349d60955c9e73e,ent_d891e677ae53518c27667faba359575e,INVOLVES,200
evt_6f8eecbabc6adddff349d60955c9e73e,ent_02349980bba8ce563cdf709f74f96fc1,INVOLVES,200
evt_b4d483f8760cdc8a5af1c2b9ab5e697b,ent_cfc28f5138e0fe3774ec9aa62803c241,INVOLVES,200
evt_b4d483f8760cdc8a5af1c2b9ab5e697b,ent_0fe7045112ef628f34db8ab99d2570ed,INVOLVES,200
evt_b4d483f8760cdc8a5af1c2b9ab5e697b,ent_26297fd1facf5a89beacfd6a41b3468d,INVOLVES,200
evt_b4d483f8760cdc8a5af1c2b9ab5e697b,ent_db584d84f61a4c9b6f2b42fb27611d3d,INVOLVES,200
evt_53100815ded3c606e7ef473bbeca8005,ent_cfc28f5138e0fe3774ec9aa62803c241,INVOLVES,200
evt_53100815ded3c606e7ef473bbeca8005,ent_0fe7045112ef628f34db8ab99d2570ed,INVOLVES,200
evt_53100815ded3c606e7ef473bbeca8005,ent_26297fd1facf5a89beacfd6a41b3468d,INVOLVES,200
evt_53100815ded3c606e7ef473bbeca8005,ent_db584d84f61a4c9b6f2b42fb27611d3d,INVOLVES,200
evt_ea8a08830125944e76ba0a7b4db22747,ent_0fc893a4bdb64119cfea33a0e50ba5bf,INVOLVES,200
evt_ea8a08830125944e76ba0a7b4db22747,ent_2a6d3686110703bc69da3220c6ee6b5f,INVOLVES,200
evt_ea8a08830125944e76ba0a7b4db22747,ent_d304bf9408741bc9dec6992b200cdbbc,INVOLVES,200
evt_ea8a08830125944e76ba0a7b4db22747,ent_e4710dff256d2098774859f70d355d4e,INVOLVES,200
evt_e3aad444e83c70f9af613a81daf1e86f,ent_0fc893a4bdb64119cfea33a0e50ba5bf,INVOLVES,200
evt_e3aad444e83c70f9af613a81daf1e86f,ent_2a6d3686110703bc69da3220c6ee6b5f,INVOLVES,200
evt_e3aad444e83c70f9af613a81daf1e86f,ent_d304bf9408741bc9dec6992b200cdbbc,INVOLVES,200
evt_e3aad444e83c70f9af613a81daf1e86f,ent_e4710dff256d2098774859f70d355d4e,INVOLVES,200
evt_53d056dc11c2d27e1988ac266b3f7d28,ent_0d05c98717c49eebbf5911089efc09d8,INVOLVES,200
evt_53d056dc11c2d27e1988ac266b3f7d28,ent_d36b13410347d500de53637c8b77e430,INVOLVES,200
evt_53d056dc11c2d27e1988ac266b3f7d28,ent_495afcb676206fea707516bc464d8f6e,INVOLVES,200
evt_53d056dc11c2d27e1988ac266b3f7d28,ent_02349980bba8ce563cdf709f74f96fc1,INVOLVES,200
evt_53d056dc11c2d27e1988ac266b3f7d28,ent_b5df48dedac871f51461ee13980ebed9,INVOLVES,200
evt_1491b921d9fabd95f49311ab874d72fd,ent_0d05c98717c49eebbf5911089efc09d8,INVOLVES,200
evt_1491b921d9fabd95f49311ab874d72fd,ent_d36b13410347d500de53637c8b77e430,INVOLVES,200
evt_1491b921d9fabd95f49311ab874d72fd,ent_495afcb676206fea707516bc464d8f6e,INVOLVES,200
evt_1491b921d9fabd95f49311ab874d72fd,ent_02349980bba8ce563cdf709f74f96fc1,INVOLVES,200
evt_1491b921d9fabd95f49311ab874d72fd,ent_b5df48dedac871f51461ee13980ebed9,INVOLVES,200
evt_ad5b17b715d48b703921229397252314,ent_0d05c98717c49eebbf5911089efc09d8,INVOLVES,200
evt_ad5b17b715d48b703921229397252314,ent_d36b13410347d500de53637c8b77e430,INVOLVES,200
evt_ad5b17b715d48b703921229397252314,ent_495afcb676206fea707516bc464d8f6e,INVOLVES,200
evt_ad5b17b715d48b703921229397252314,ent_02349980bba8ce563cdf709f74f96fc1,INVOLVES,200
evt_ad5b17b715d48b703921229397252314,ent_b5df48dedac871f51461ee13980ebed9,INVOLVES,200
evt_a664e53a6dfdd15c506434fdb2eda3e3,ent_9d7c7c1e54e0d5ebd992c04fc74f96e1,INVOLVES,200
evt_a664e53a6dfdd15c506434fdb2eda3e3,ent_bdd63aa985b2c40d211b19b74bb56bef,INVOLVES,200
evt_b5961ce76a8ff5394d91f0d78dbd14ee,ent_9d7c7c1e54e0d5ebd992c04fc74f96e1,INVOLVES,200
evt_b5961ce76a8ff5394d91f0d78dbd14ee,ent_bdd63aa985b2c40d211b19b74bb56bef,INVOLVES,200
evt_a5068d8e148e361390fe2f5bce11278c,ent_0d05c98717c49eebbf5911089efc09d8,INVOLVES,200
evt_a5068d8e148e361390fe2f5bce11278c,ent_312642cda4a86945e21c6ab3175203ec,INVOLVES,200
evt_a5068d8e148e361390fe2f5bce11278c,ent_d7f1fc376ababbe6cde8c8b809c46f0b,INVOLVES,200
evt_a5068d8e148e361390fe2f5bce11278c,ent_939718a00177f4a7a8a8caf8e210b494,INVOLVES,200
evt_a5068d8e148e361390fe2f5bce11278c,ent_d36b13410347d500de53637c8b77e430,INVOLVES,200
evt_a5068d8e148e361390fe2f5bce11278c,ent_350525d315014f9045eadbeaeaf331ed,INVOLVES,200
evt_a5068d8e148e361390fe2f5bce11278c,ent_611cf5e35a7b4e26a2d5b6bbf9654ade,INVOLVES,200
evt_b4d7b7ed31dd7a1a1660666ca7dddc7f,ent_0d05c98717c49eebbf5911089efc09d8,INVOLVES,200
evt_b4d7b7ed31dd7a1a1660666ca7dddc7f,ent_312642cda4a86945e21c6ab3175203ec,INVOLVES,200
evt_b4d7b7ed31dd7a1a1660666ca7dddc7f,ent_d7f1fc376ababbe6cde8c8b809c46f0b,INVOLVES,200
evt_b4d7b7ed31dd7a1a1660666ca7dddc7f,ent_939718a00177f4a7a8a8caf8e210b494,INVOLVES,200
evt_b4d7b7ed31dd7a1a1660666ca7dddc7f,ent_d36b13410347d500de53637c8b77e430,INVOLVES,200
evt_b4d7b7ed31dd7a1a1660666ca7dddc7f,ent_350525d315014f9045eadbeaeaf331ed,INVOLVES,200
evt_b4d7b7ed31dd7a1a1660666ca7dddc7f,ent_611cf5e35a7b4e26a2d5b6bbf9654ade,INVOLVES,200
evt_bcb78d81d7bae5bec6896fae9b025e8d,ent_fe60a6c64f4797bb973018d0f8cf7747,INVOLVES,200
evt_bcb78d81d7bae5bec6896fae9b025e8d,ent_7d0e5ff1f117535e573510496d8aecb9,INVOLVES,200
evt_bcb78d81d7bae5bec6896fae9b025e8d,ent_312642cda4a86945e21c6ab3175203ec,INVOLVES,200
evt_bcb78d81d7bae5bec6896fae9b025e8d,ent_01dab32fa4baf9268f4455bc721eddb1,INVOLVES,200
evt_bcb78d81d7bae5bec6896fae9b025e8d,ent_d36b13410347d500de53637c8b77e430,INVOLVES,200
evt_6cff8fc957ce8a644f848863516f5d90,ent_fe60a6c64f4797bb973018d0f8cf7747,INVOLVES,200
evt_6cff8fc957ce8a644f848863516f5d90,ent_7d0e5ff1f117535e573510496d8aecb9,INVOLVES,200
evt_6cff8fc957ce8a644f848863516f5d90,ent_312642cda4a86945e21c6ab3175203ec,INVOLVES,200
evt_6cff8fc957ce8a644f848863516f5d90,ent_01dab32fa4baf9268f4455bc721eddb1,INVOLVES,200
evt_6cff8fc957ce8a644f848863516f5d90,ent_d36b13410347d500de53637c8b77e430,INVOLVES,200
evt_92b3d50460ddfa614300a394b5676a52,ent_60d0537ce357de282aeb13d8e63648fa,INVOLVES,200
evt_92b3d50460ddfa614300a394b5676a52,ent_f83a8ce5f7e6d1c1034515a6044ee361,INVOLVES,200
evt_92b3d50460ddfa614300a394b5676a52,ent_2c151570b8f912995e90daa75779e80c,INVOLVES,200
evt_92b3d50460ddfa614300a394b5676a52,ent_e678dbbe10271ad55dcd6496c0b3b8b7,INVOLVES,200
evt_92b3d50460ddfa614300a394b5676a52,ent_2dc4fe559308d860145003feb2da00ee,INVOLVES,200
evt_e6fd4ae371cdd4dc1af56b6ff36a31a0,ent_60d0537ce357de282aeb13d8e63648fa,INVOLVES,200
evt_e6fd4ae371cdd4dc1af56b6ff36a31a0,ent_f83a8ce5f7e6d1c1034515a6044ee361,INVOLVES,200
evt_e6fd4ae371cdd4dc1af56b6ff36a31a0,ent_2c151570b8f912995e90daa75779e80c,INVOLVES,200
evt_e6fd4ae371cdd4dc1af56b6ff36a31a0,ent_e678dbbe10271ad55dcd6496c0b3b8b7,INVOLVES,200
evt_e6fd4ae371cdd4dc1af56b6ff36a31a0,ent_2dc4fe559308d860145003feb2da00ee,INVOLVES,200
evt_dc95e721ff085198b5ed83032a480c79,ent_60d0537ce357de282aeb13d8e63648fa,INVOLVES,200
evt_dc95e721ff085198b5ed83032a480c79,ent_f83a8ce5f7e6d1c1034515a6044ee361,INVOLVES,200
evt_dc95e721ff085198b5ed83032a480c79,ent_2c151570b8f912995e90daa75779e80c,INVOLVES,200
evt_dc95e721ff085198b5ed83032a480c79,ent_e678dbbe10271ad55dcd6496c0b3b8b7,INVOLVES,200
evt_dc95e721ff085198b5ed83032a480c79,ent_2dc4fe559308d860145003feb2da00ee,INVOLVES,200
evt_67978baed9508c97fa8e665055608851,ent_60d0537ce357de282aeb13d8e63648fa,INVOLVES,200
evt_67978baed9508c97fa8e665055608851,ent_f83a8ce5f7e6d1c1034515a6044ee361,INVOLVES,200
evt_67978baed9508c97fa8e665055608851,ent_2c151570b8f912995e90daa75779e80c,INVOLVES,200
evt_67978baed9508c97fa8e665055608851,ent_e678dbbe10271ad55dcd6496c0b3b8b7,INVOLVES,200
evt_67978baed9508c97fa8e665055608851,ent_2dc4fe559308d860145003feb2da00ee,INVOLVES,200
evt_0e6af797961fb1ae344286f0b496bbbf,ent_adafd11128e9f209cb13a62c67f4a2b4,INVOLVES,200
evt_0e6af797961fb1ae344286f0b496bbbf,ent_a67f0af9afbada6a57009265fcc2c281,INVOLVES,200
evt_0e6af797961fb1ae344286f0b496bbbf,ent_bae2045f679c7812c6fc5dc31bd0d245,INVOLVES,200
evt_b85eadb9dda2b5ca378e5c31728f9078,ent_57defc709d1dc6581650bb835a4874a7,INVOLVES,200
evt_b85eadb9dda2b5ca378e5c31728f9078,ent_b83acb65b7169112e62d8cd8c7f3322e,INVOLVES,200
evt_411c264d9d44c71bcbfe2207e0e278b9,ent_57defc709d1dc6581650bb835a4874a7,INVOLVES,200
evt_411c264d9d44c71bcbfe2207e0e278b9,ent_b83acb65b7169112e62d8cd8c7f3322e,INVOLVES,200
evt_66f67f08c43fe3df27c01dfa244c9488,ent_57defc709d1dc6581650bb835a4874a7,INVOLVES,200
evt_66f67f08c43fe3df27c01dfa244c9488,ent_b83acb65b7169112e62d8cd8c7f3322e,INVOLVES,200
evt_6dd05812d44d1f7cb9734ca7f678786e,ent_0d05c98717c49eebbf5911089efc09d8,INVOLVES,200
evt_6dd05812d44d1f7cb9734ca7f678786e,ent_6cf340ecac1b13ca99026dbe978c344d,INVOLVES,200
evt_6dd05812d44d1f7cb9734ca7f678786e,ent_d36b13410347d500de53637c8b77e430,INVOLVES,200
evt_6dd05812d44d1f7cb9734ca7f678786e,ent_140877a817849a65a6b7e52bbc8a603f,INVOLVES,200
evt_6dd05812d44d1f7cb9734ca7f678786e,ent_02349980bba8ce563cdf709f74f96fc1,INVOLVES,200
evt_5d1c8169e5064c5381746ac1ca3a36f0,ent_0d05c98717c49eebbf5911089efc09d8,INVOLVES,200
evt_5d1c8169e5064c5381746ac1ca3a36f0,ent_6cf340ecac1b13ca99026dbe978c344d,INVOLVES,200
evt_5d1c8169e5064c5381746ac1ca3a36f0,ent_d36b13410347d500de53637c8b77e430,INVOLVES,200
evt_5d1c8169e5064c5381746ac1ca3a36f0,ent_140877a817849a65a6b7e52bbc8a603f,INVOLVES,200
evt_5d1c8169e5064c5381746ac1ca3a36f0,ent_02349980bba8ce563cdf709f74f96fc1,INVOLVES,200
evt_c5f9e2acb82f298493214235f389c8ca,ent_0d05c98717c49eebbf5911089efc09d8,INVOLVES,200
evt_c5f9e2acb82f298493214235f389c8ca,ent_6cf340ecac1b13ca99026dbe978c344d,INVOLVES,200
evt_c5f9e2acb82f298493214235f389c8ca,ent_d36b13410347d500de53637c8b77e430,INVOLVES,200
evt_c5f9e2acb82f298493214235f389c8ca,ent_140877a817849a65a6b7e52bbc8a603f,INVOLVES,200
evt_c5f9e2acb82f298493214235f389c8ca,ent_02349980bba8ce563cdf709f74f96fc1,INVOLVES,200
evt_a65d456118dd18b8693deb0709a74a86,ent_214163861ed8ac3fdfdb4674bf5536af,INVOLVES,200
evt_a65d456118dd18b8693deb0709a74a86,ent_6d3207d702c9dc917a10d34060bb5fb3,INVOLVES,200
evt_49f73261932d0cdd17a7d7c22e2e6877,ent_2a6d3686110703bc69da3220c6ee6b5f,INVOLVES,200
evt_49f73261932d0cdd17a7d7c22e2e6877,ent_312642cda4a86945e21c6ab3175203ec,INVOLVES,200
evt_49f73261932d0cdd17a7d7c22e2e6877,ent_101e3979f7ed5e30600c396dd020465e,INVOLVES,200
evt_49f73261932d0cdd17a7d7c22e2e6877,ent_988ba295a74c150324ac31ed5be8e779,INVOLVES,200
evt_49f73261932d0cdd17a7d7c22e2e6877,ent_14f36effeb3a588d4187bdad4453c1d8,INVOLVES,200
evt_9aaa94d19bcd675120970521bf07690a,ent_fe60a6c64f4797bb973018d0f8cf7747,INVOLVES,200
evt_9aaa94d19bcd675120970521bf07690a,ent_06e268914dba853f1fac062656165032,INVOLVES,200
evt_9aaa94d19bcd675120970521bf07690a,ent_c84c10fb15eec4b7a8b020ffe5e0c00c,INVOLVES,200
evt_9aaa94d19bcd675120970521bf07690a,ent_b0cf174f6be0d1824ba454ecd526c681,INVOLVES,200
evt_9aaa94d19bcd675120970521bf07690a,ent_2b4da846ceb3fb791e7085aff5e20a1b,INVOLVES,200
evt_445f636dfc2812d33b5b15a32b549287,ent_fe60a6c64f4797bb973018d0f8cf7747,INVOLVES,200
evt_445f636dfc2812d33b5b15a32b549287,ent_06e268914dba853f1fac062656165032,INVOLVES,200
evt_445f636dfc2812d33b5b15a32b549287,ent_c84c10fb15eec4b7a8b020ffe5e0c00c,INVOLVES,200
evt_445f636dfc2812d33b5b15a32b549287,ent_b0cf174f6be0d1824ba454ecd526c681,INVOLVES,200
evt_445f636dfc2812d33b5b15a32b549287,ent_2b4da846ceb3fb791e7085aff5e20a1b,INVOLVES,200
evt_77cd5589c89e32e8538b597df00c87f4,ent_226a9421040b7f2d19e6a2ff542e6eac,INVOLVES,200
evt_77cd5589c89e32e8538b597df00c87f4,ent_06e268914dba853f1fac062656165032,INVOLVES,200
evt_77cd5589c89e32e8538b597df00c87f4,ent_b0cf174f6be0d1824ba454ecd526c681,INVOLVES,200
evt_77cd5589c89e32e8538b597df00c87f4,ent_08479ce7c775a2000ef402307da43913,INVOLVES,200
evt_4373b42563e74e65fb80d0a8565eb8e4,ent_226a9421040b7f2d19e6a2ff542e6eac,INVOLVES,200
evt_4373b42563e74e65fb80d0a8565eb8e4,ent_06e268914dba853f1fac062656165032,INVOLVES,200
evt_4373b42563e74e65fb80d0a8565eb8e4,ent_b0cf174f6be0d1824ba454ecd526c681,INVOLVES,200
evt_4373b42563e74e65fb80d0a8565eb8e4,ent_08479ce7c775a2000ef402307da43913,INVOLVES,200
evt_0c6950b3a89d780dc35b43ccbdd69650,ent_226a9421040b7f2d19e6a2ff542e6eac,INVOLVES,200
evt_0c6950b3a89d780dc35b43ccbdd69650,ent_06e268914dba853f1fac062656165032,INVOLVES,200
evt_0c6950b3a89d780dc35b43ccbdd69650,ent_b0cf174f6be0d1824ba454ecd526c681,INVOLVES,200
evt_0c6950b3a89d780dc35b43ccbdd69650,ent_08479ce7c775a2000ef402307da43913,INVOLVES,200
evt_3900ef03b6a1dd9ea063e8b2f9fc4393,ent_226a9421040b7f2d19e6a2ff542e6eac,INVOLVES,200
evt_3900ef03b6a1dd9ea063e8b2f9fc4393,ent_06e268914dba853f1fac062656165032,INVOLVES,200
evt_3900ef03b6a1dd9ea063e8b2f9fc4393,ent_b0cf174f6be0d1824ba454ecd526c681,INVOLVES,200
evt_3900ef03b6a1dd9ea063e8b2f9fc4393,ent_08479ce7c775a2000ef402307da43913,INVOLVES,200
evt_deca6092c71c4d56bc697ea6a99be79d,ent_02349980bba8ce563cdf709f74f96fc1,INVOLVES,200
evt_deca6092c71c4d56bc697ea6a99be79d,ent_312642cda4a86945e21c6ab3175203ec,INVOLVES,200
evt_deca6092c71c4d56bc697ea6a99be79d,ent_43999d75bafd0196c7fdaab206cdba49,INVOLVES,200
evt_085f8de26254b79c7c7ea832c640a5f1,ent_78df6abf50d15fcf821c6675efb7a79d,INVOLVES,200
evt_085f8de26254b79c7c7ea832c640a5f1,ent_aef9a1f628034d73baff77b6902c78dd,INVOLVES,200
evt_085f8de26254b79c7c7ea832c640a5f1,ent_6f0b95d58310f140015bf3eafba3c90d,INVOLVES,200
evt_085f8de26254b79c7c7ea832c640a5f1,ent_62cbf7bc112b8178eb777c78afba7f58,INVOLVES,200
evt_95b1a1630c8d975055c4d7d0da5c2259,ent_78df6abf50d15fcf821c6675efb7a79d,INVOLVES,200
evt_95b1a1630c8d975055c4d7d0da5c2259,ent_aef9a1f628034d73baff77b6902c78dd,INVOLVES,200
evt_95b1a1630c8d975055c4d7d0da5c2259,ent_6f0b95d58310f140015bf3eafba3c90d,INVOLVES,200
evt_95b1a1630c8d975055c4d7d0da5c2259,ent_62cbf7bc112b8178eb777c78afba7f58,INVOLVES,200
evt_e8596386cdc3c4d27b56c4b8672c8afd,ent_3772935531ff312176855fb68364ea90,INVOLVES,200
evt_e8596386cdc3c4d27b56c4b8672c8afd,ent_02349980bba8ce563cdf709f74f96fc1,INVOLVES,200
evt_e8596386cdc3c4d27b56c4b8672c8afd,ent_f638c36e42536551aa4233ad61a53ab8,INVOLVES,200
evt_e8596386cdc3c4d27b56c4b8672c8afd,ent_cd73e1d7389a4d732e2697591cd8c142,INVOLVES,200
evt_e8596386cdc3c4d27b56c4b8672c8afd,ent_6d3207d702c9dc917a10d34060bb5fb3,INVOLVES,200
evt_718cc1e27bb1dd4a4d4d730fcdd9669a,ent_3772935531ff312176855fb68364ea90,INVOLVES,200
evt_718cc1e27bb1dd4a4d4d730fcdd9669a,ent_02349980bba8ce563cdf709f74f96fc1,INVOLVES,200
evt_718cc1e27bb1dd4a4d4d730fcdd9669a,ent_f638c36e42536551aa4233ad61a53ab8,INVOLVES,200
evt_718cc1e27bb1dd4a4d4d730fcdd9669a,ent_cd73e1d7389a4d732e2697591cd8c142,INVOLVES,200
evt_718cc1e27bb1dd4a4d4d730fcdd9669a,ent_6d3207d702c9dc917a10d34060bb5fb3,INVOLVES,200
evt_68a2df621e911b107c446ab256315194,ent_3772935531ff312176855fb68364ea90,INVOLVES,200
evt_68a2df621e911b107c446ab256315194,ent_02349980bba8ce563cdf709f74f96fc1,INVOLVES,200
evt_68a2df621e911b107c446ab256315194,ent_f638c36e42536551aa4233ad61a53ab8,INVOLVES,200
evt_68a2df621e911b107c446ab256315194,ent_cd73e1d7389a4d732e2697591cd8c142,INVOLVES,200
evt_68a2df621e911b107c446ab256315194,ent_6d3207d702c9dc917a10d34060bb5fb3,INVOLVES,200
evt_809e6293b9df0e048d87548d10016015,ent_e683a86d47c118b26bb069498669762e,INVOLVES,200
evt_809e6293b9df0e048d87548d10016015,ent_315e85367a6c149d1bef0f357088382c,INVOLVES,200
evt_809e6293b9df0e048d87548d10016015,ent_4455134e5a1a5838bb1b76520a086ca1,INVOLVES,200
evt_b0bdcac86827aa2e6934ba79e89889e3,ent_e683a86d47c118b26bb069498669762e,INVOLVES,200
evt_b0bdcac86827aa2e6934ba79e89889e3,ent_315e85367a6c149d1bef0f357088382c,INVOLVES,200
evt_b0bdcac86827aa2e6934ba79e89889e3,ent_4455134e5a1a5838bb1b76520a086ca1,INVOLVES,200
evt_62ac0f472899a9ab09bc3ddf3a490d78,ent_7cdfe2efced81fb87017a9c0ff04a609,INVOLVES,200
evt_62ac0f472899a9ab09bc3ddf3a490d78,ent_8480cdb29aec645d6a83afed094c4ad4,INVOLVES,200
evt_62ac0f472899a9ab09bc3ddf3a490d78,ent_13e7f8e53e2e487ca93136e90c868ffc,INVOLVES,200
evt_62ac0f472899a9ab09bc3ddf3a490d78,ent_6212811e5ad53106d47fb02e6de68bcb,INVOLVES,200
evt_ec18f430d2d4ead22df92d4cf2fcc722,ent_7cdfe2efced81fb87017a9c0ff04a609,INVOLVES,200
evt_ec18f430d2d4ead22df92d4cf2fcc722,ent_8480cdb29aec645d6a83afed094c4ad4,INVOLVES,200
evt_ec18f430d2d4ead22df92d4cf2fcc722,ent_13e7f8e53e2e487ca93136e90c868ffc,INVOLVES,200
evt_ec18f430d2d4ead22df92d4cf2fcc722,ent_6212811e5ad53106d47fb02e6de68bcb,INVOLVES,200
evt_61761d48faf757bbe188ee21cd7c22e0,ent_daf8031d9891cfcf2cb09074078a21b8,INVOLVES,200
evt_61761d48faf757bbe188ee21cd7c22e0,ent_9fbcd12e1ab007e06d3777e87b255973,INVOLVES,200
evt_61761d48faf757bbe188ee21cd7c22e0,ent_99ec01a622d9ac443c0f732a8cad3fa9,INVOLVES,200
evt_61761d48faf757bbe188ee21cd7c22e0,ent_83ec90a6bdbb1958f1784d4f445dc53f,INVOLVES,200
evt_1eca71f8680cf922c58b0b345042581b,ent_daf8031d9891cfcf2cb09074078a21b8,INVOLVES,200
evt_1eca71f8680cf922c58b0b345042581b,ent_9fbcd12e1ab007e06d3777e87b255973,INVOLVES,200
evt_1eca71f8680cf922c58b0b345042581b,ent_99ec01a622d9ac443c0f732a8cad3fa9,INVOLVES,200
evt_1eca71f8680cf922c58b0b345042581b,ent_83ec90a6bdbb1958f1784d4f445dc53f,INVOLVES,200
evt_ad34d7da6438fa2ebbeb2503c87473e2,ent_daf8031d9891cfcf2cb09074078a21b8,INVOLVES,200
evt_ad34d7da6438fa2ebbeb2503c87473e2,ent_9fbcd12e1ab007e06d3777e87b255973,INVOLVES,200
evt_ad34d7da6438fa2ebbeb2503c87473e2,ent_99ec01a622d9ac443c0f732a8cad3fa9,INVOLVES,200
evt_ad34d7da6438fa2ebbeb2503c87473e2,ent_83ec90a6bdbb1958f1784d4f445dc53f,INVOLVES,200
evt_ac6b7c33ddae812bbfaf101bae9d5206,ent_9fbcd12e1ab007e06d3777e87b255973,INVOLVES,200
evt_ac6b7c33ddae812bbfaf101bae9d5206,ent_99ec01a622d9ac443c0f732a8cad3fa9,INVOLVES,200
evt_ac6b7c33ddae812bbfaf101bae9d5206,ent_83ec90a6bdbb1958f1784d4f445dc53f,INVOLVES,200
evt_59440d7c3f9c5490a2a049a447d31996,ent_02349980bba8ce563cdf709f74f96fc1,INVOLVES,200
evt_59440d7c3f9c5490a2a049a447d31996,ent_0d49a53868b32e2474c88d3bd3f0cf3d,INVOLVES,200
evt_59440d7c3f9c5490a2a049a447d31996,ent_d7f1fc376ababbe6cde8c8b809c46f0b,INVOLVES,200
evt_59440d7c3f9c5490a2a049a447d31996,ent_7382169892c499dbdc75318e3b0c7af2,INVOLVES,200
evt_ed401c3a55f258d91778406fa91a5a1a,ent_02349980bba8ce563cdf709f74f96fc1,INVOLVES,200
evt_ed401c3a55f258d91778406fa91a5a1a,ent_0d49a53868b32e2474c88d3bd3f0cf3d,INVOLVES,200
evt_ed401c3a55f258d91778406fa91a5a1a,ent_d7f1fc376ababbe6cde8c8b809c46f0b,INVOLVES,200
evt_ed401c3a55f258d91778406fa91a5a1a,ent_7382169892c499dbdc75318e3b0c7af2,INVOLVES,200
evt_4e0782bb19701967c5e5c0de18366bfe,ent_7cdfe2efced81fb87017a9c0ff04a609,INVOLVES,200
evt_4e0782bb19701967c5e5c0de18366bfe,ent_cde36f1b285a9aa2177f925aef0703ff,INVOLVES,200
evt_495762c73345d761f9de9aaf909fa764,ent_7cdfe2efced81fb87017a9c0ff04a609,INVOLVES,200
evt_495762c73345d761f9de9aaf909fa764,ent_cde36f1b285a9aa2177f925aef0703ff,INVOLVES,200
evt_ed8cdd8261f5cbb5a0237376b9191bb6,ent_f5ccf94fc48dd86a9621a9eeeba7ba52,INVOLVES,200
evt_ed8cdd8261f5cbb5a0237376b9191bb6,ent_fef3fef1e525d701d96278949716d19c,INVOLVES,200
evt_ed8cdd8261f5cbb5a0237376b9191bb6,ent_bfa0398b185c89b401da9247d11ae707,INVOLVES,200
evt_baaf1ea670f8b10d6d19ba81dc08ad3e,ent_1438d2982f9d364ba1a84a24bbe12186,INVOLVES,200
evt_baaf1ea670f8b10d6d19ba81dc08ad3e,ent_312642cda4a86945e21c6ab3175203ec,INVOLVES,200
evt_baaf1ea670f8b10d6d19ba81dc08ad3e,ent_d4e0dffc6786efe2fb697c90cec604d2,INVOLVES,200
evt_baaf1ea670f8b10d6d19ba81dc08ad3e,ent_0585370dfc155ad02f40b8c59efe394e,INVOLVES,200
evt_4333c91446155c569746a751b4cfef08,ent_1438d2982f9d364ba1a84a24bbe12186,INVOLVES,200
evt_4333c91446155c569746a751b4cfef08,ent_312642cda4a86945e21c6ab3175203ec,INVOLVES,200
evt_4333c91446155c569746a751b4cfef08,ent_d4e0dffc6786efe2fb697c90cec604d2,INVOLVES,200
evt_4333c91446155c569746a751b4cfef08,ent_0585370dfc155ad02f40b8c59efe394e,INVOLVES,200
evt_9c386e96050f4a0938afe4fd13b60810,ent_08479ce7c775a2000ef402307da43913,INVOLVES,200
evt_9c386e96050f4a0938afe4fd13b60810,ent_fe60a6c64f4797bb973018d0f8cf7747,INVOLVES,200
evt_9c386e96050f4a0938afe4fd13b60810,ent_06e268914dba853f1fac062656165032,INVOLVES,200
evt_9c386e96050f4a0938afe4fd13b60810,ent_ed6df89eb19d85729a3b12dbf9c60bdb,INVOLVES,200
evt_fcdbdb22dd9745271bba63c32d610402,ent_08479ce7c775a2000ef402307da43913,INVOLVES,200
evt_fcdbdb22dd9745271bba63c32d610402,ent_fe60a6c64f4797bb973018d0f8cf7747,INVOLVES,200
evt_fcdbdb22dd9745271bba63c32d610402,ent_06e268914dba853f1fac062656165032,INVOLVES,200
evt_fcdbdb22dd9745271bba63c32d610402,ent_ed6df89eb19d85729a3b12dbf9c60bdb,INVOLVES,200
evt_ac6cc4633748e6bfa6df865729fa518e,ent_08479ce7c775a2000ef402307da43913,INVOLVES,200
evt_ac6cc4633748e6bfa6df865729fa518e,ent_fe60a6c64f4797bb973018d0f8cf7747,INVOLVES,200
evt_ac6cc4633748e6bfa6df865729fa518e,ent_06e268914dba853f1fac062656165032,INVOLVES,200
evt_ac6cc4633748e6bfa6df865729fa518e,ent_ed6df89eb19d85729a3b12dbf9c60bdb,INVOLVES,200
evt_eb6d7faad3da3bcdeb9af99bb1c16346,ent_08479ce7c775a2000ef402307da43913,INVOLVES,200
evt_eb6d7faad3da3bcdeb9af99bb1c16346,ent_fe60a6c64f4797bb973018d0f8cf7747,INVOLVES,200
evt_eb6d7faad3da3bcdeb9af99bb1c16346,ent_06e268914dba853f1fac062656165032,INVOLVES,200
evt_eb6d7faad3da3bcdeb9af99bb1c16346,ent_ed6df89eb19d85729a3b12dbf9c60bdb,INVOLVES,200
evt_d9be2f5abb0f966110457d29f83454bc,ent_31d611ca6bb11860bc1bf6c1659e3954,INVOLVES,200
evt_d9be2f5abb0f966110457d29f83454bc,ent_939718a00177f4a7a8a8caf8e210b494,INVOLVES,200
evt_d9be2f5abb0f966110457d29f83454bc,ent_ad73c908dd8a849f7887f9c627a764df,INVOLVES,200
evt_d9be2f5abb0f966110457d29f83454bc,ent_1d5e662d4db118b49394f26b5aefe2e2,INVOLVES,200
evt_67773e61bb60bc8a1f3f28d00dcc02a9,ent_31d611ca6bb11860bc1bf6c1659e3954,INVOLVES,200
evt_67773e61bb60bc8a1f3f28d00dcc02a9,ent_939718a00177f4a7a8a8caf8e210b494,INVOLVES,200
evt_67773e61bb60bc8a1f3f28d00dcc02a9,ent_ad73c908dd8a849f7887f9c627a764df,INVOLVES,200
evt_67773e61bb60bc8a1f3f28d00dcc02a9,ent_1d5e662d4db118b49394f26b5aefe2e2,INVOLVES,200
evt_da53454f7c8dbfe61ec6707663b27512,ent_31d611ca6bb11860bc1bf6c1659e3954,INVOLVES,200
evt_da53454f7c8dbfe61ec6707663b27512,ent_939718a00177f4a7a8a8caf8e210b494,INVOLVES,200
evt_da53454f7c8dbfe61ec6707663b27512,ent_ad73c908dd8a849f7887f9c627a764df,INVOLVES,200
evt_da53454f7c8dbfe61ec6707663b27512,ent_1d5e662d4db118b49394f26b5aefe2e2,INVOLVES,200
evt_a69a57622cd1f94049639af7c761129d,ent_31d611ca6bb11860bc1bf6c1659e3954,INVOLVES,200
evt_a69a57622cd1f94049639af7c761129d,ent_939718a00177f4a7a8a8caf8e210b494,INVOLVES,200
evt_a69a57622cd1f94049639af7c761129d,ent_ad73c908dd8a849f7887f9c627a764df,INVOLVES,200
evt_a69a57622cd1f94049639af7c761129d,ent_1d5e662d4db118b49394f26b5aefe2e2,INVOLVES,200
evt_0b4cadadbda6b7de83244b961f83d9fc,ent_31d611ca6bb11860bc1bf6c1659e3954,INVOLVES,200
evt_0b4cadadbda6b7de83244b961f83d9fc,ent_939718a00177f4a7a8a8caf8e210b494,INVOLVES,200
evt_0b4cadadbda6b7de83244b961f83d9fc,ent_ad73c908dd8a849f7887f9c627a764df,INVOLVES,200
evt_0b4cadadbda6b7de83244b961f83d9fc,ent_1d5e662d4db118b49394f26b5aefe2e2,INVOLVES,200
evt_281f331455a1e03c66f78e6d6e9684b9,ent_0d05c98717c49eebbf5911089efc09d8,INVOLVES,200
evt_281f331455a1e03c66f78e6d6e9684b9,ent_214163861ed8ac3fdfdb4674bf5536af,INVOLVES,200
evt_281f331455a1e03c66f78e6d6e9684b9,ent_0b88b26d4323d52fbb8d7b0575652470,INVOLVES,200
evt_edf7dfc5c8b04ef0ec1abbf5723ff128,ent_fe60a6c64f4797bb973018d0f8cf7747,INVOLVES,200
evt_edf7dfc5c8b04ef0ec1abbf5723ff128,ent_06e268914dba853f1fac062656165032,INVOLVES,200
evt_edf7dfc5c8b04ef0ec1abbf5723ff128,ent_226a9421040b7f2d19e6a2ff542e6eac,INVOLVES,200
evt_edf7dfc5c8b04ef0ec1abbf5723ff128,ent_b0cf174f6be0d1824ba454ecd526c681,INVOLVES,200
evt_1e4635e74c62dc83327d28e9fa901f51,ent_fe60a6c64f4797bb973018d0f8cf7747,INVOLVES,200
evt_1e4635e74c62dc83327d28e9fa901f51,ent_06e268914dba853f1fac062656165032,INVOLVES,200
evt_1e4635e74c62dc83327d28e9fa901f51,ent_226a9421040b7f2d19e6a2ff542e6eac,INVOLVES,200
evt_1e4635e74c62dc83327d28e9fa901f51,ent_b0cf174f6be0d1824ba454ecd526c681,INVOLVES,200
evt_a8c82317e819061072a13a444f52519c,ent_fe60a6c64f4797bb973018d0f8cf7747,INVOLVES,200
evt_a8c82317e819061072a13a444f52519c,ent_06e268914dba853f1fac062656165032,INVOLVES,200
evt_a8c82317e819061072a13a444f52519c,ent_226a9421040b7f2d19e6a2ff542e6eac,INVOLVES,200
evt_a8c82317e819061072a13a444f52519c,ent_b0cf174f6be0d1824ba454ecd526c681,INVOLVES,200
evt_cab27aba4c0ff356a005912596489655,ent_fe60a6c64f4797bb973018d0f8cf7747,INVOLVES,200
evt_cab27aba4c0ff356a005912596489655,ent_06e268914dba853f1fac062656165032,INVOLVES,200
evt_cab27aba4c0ff356a005912596489655,ent_226a9421040b7f2d19e6a2ff542e6eac,INVOLVES,200
evt_cab27aba4c0ff356a005912596489655,ent_b0cf174f6be0d1824ba454ecd526c681,INVOLVES,200
evt_a89e6465b84cd94266425f7c1ec10e5a,ent_fe60a6c64f4797bb973018d0f8cf7747,INVOLVES,200
evt_a89e6465b84cd94266425f7c1ec10e5a,ent_06e268914dba853f1fac062656165032,INVOLVES,200
evt_a89e6465b84cd94266425f7c1ec10e5a,ent_226a9421040b7f2d19e6a2ff542e6eac,INVOLVES,200
evt_a89e6465b84cd94266425f7c1ec10e5a,ent_b0cf174f6be0d1824ba454ecd526c681,INVOLVES,200
evt_9d94f18bc57b22da2a0b9bfb11bb9d48,ent_fe60a6c64f4797bb973018d0f8cf7747,INVOLVES,200
evt_9d94f18bc57b22da2a0b9bfb11bb9d48,ent_06e268914dba853f1fac062656165032,INVOLVES,200
evt_9d94f18bc57b22da2a0b9bfb11bb9d48,ent_226a9421040b7f2d19e6a2ff542e6eac,INVOLVES,200
evt_9d94f18bc57b22da2a0b9bfb11bb9d48,ent_b0cf174f6be0d1824ba454ecd526c681,INVOLVES,200
evt_684d792faf5d742ccd079c43aeb170fb,ent_fe60a6c64f4797bb973018d0f8cf7747,INVOLVES,200
evt_684d792faf5d742ccd079c43aeb170fb,ent_06e268914dba853f1fac062656165032,INVOLVES,200
evt_684d792faf5d742ccd079c43aeb170fb,ent_226a9421040b7f2d19e6a2ff542e6eac,INVOLVES,200
evt_684d792faf5d742ccd079c43aeb170fb,ent_b0cf174f6be0d1824ba454ecd526c681,INVOLVES,200
evt_c5118fbe4b561205d5b31f21c8a59715,ent_0d05c98717c49eebbf5911089efc09d8,INVOLVES,200
evt_c5118fbe4b561205d5b31f21c8a59715,ent_efbcb8d9663a60052c5399bc6c11de24,INVOLVES,200
evt_c5118fbe4b561205d5b31f21c8a59715,ent_edc641d55be346730d71096cbd7722bc,INVOLVES,200
evt_c5118fbe4b561205d5b31f21c8a59715,ent_6d3207d702c9dc917a10d34060bb5fb3,INVOLVES,200
evt_c5118fbe4b561205d5b31f21c8a59715,ent_330fb7acbe2bb3b21a2434d633d48dcf,INVOLVES,200
evt_c5118fbe4b561205d5b31f21c8a59715,ent_02349980bba8ce563cdf709f74f96fc1,INVOLVES,200
evt_c5118fbe4b561205d5b31f21c8a59715,ent_56dfc2020c96ae4f546cf50eb77ee0e7,INVOLVES,200
evt_067f4aca12571f05a81999faa16bade9,ent_0d05c98717c49eebbf5911089efc09d8,INVOLVES,200
evt_067f4aca12571f05a81999faa16bade9,ent_efbcb8d9663a60052c5399bc6c11de24,INVOLVES,200
evt_067f4aca12571f05a81999faa16bade9,ent_edc641d55be346730d71096cbd7722bc,INVOLVES,200
evt_067f4aca12571f05a81999faa16bade9,ent_6d3207d702c9dc917a10d34060bb5fb3,INVOLVES,200
evt_067f4aca12571f05a81999faa16bade9,ent_330fb7acbe2bb3b21a2434d633d48dcf,INVOLVES,200
evt_067f4aca12571f05a81999faa16bade9,ent_02349980bba8ce563cdf709f74f96fc1,INVOLVES,200
evt_067f4aca12571f05a81999faa16bade9,ent_56dfc2020c96ae4f546cf50eb77ee0e7,INVOLVES,200
evt_3d42c2d6b469f33d78676a7163a4426e,ent_5e59ad66759572621fabc25e69be6f72,INVOLVES,200
evt_3d42c2d6b469f33d78676a7163a4426e,ent_d36b13410347d500de53637c8b77e430,INVOLVES,200
evt_3d42c2d6b469f33d78676a7163a4426e,ent_02349980bba8ce563cdf709f74f96fc1,INVOLVES,200
evt_3d42c2d6b469f33d78676a7163a4426e,ent_2a6d3686110703bc69da3220c6ee6b5f,INVOLVES,200
evt_3d42c2d6b469f33d78676a7163a4426e,ent_bccc642ac9be25934ad89685473a42c7,INVOLVES,200
evt_3d42c2d6b469f33d78676a7163a4426e,ent_9f9becccd1bbc77f14d0e3ffbb99d9e6,INVOLVES,200
evt_6d201467c28cde4176383e03461b8db3,ent_02349980bba8ce563cdf709f74f96fc1,INVOLVES,200
evt_6d201467c28cde4176383e03461b8db3,ent_495afcb676206fea707516bc464d8f6e,INVOLVES,200
evt_6d201467c28cde4176383e03461b8db3,ent_d36b13410347d500de53637c8b77e430,INVOLVES,200
evt_6d201467c28cde4176383e03461b8db3,ent_d51ca197176be873178bbd73035e7d4f,INVOLVES,200
evt_aca2d84d4415d62e71e7d84c20f738ba,ent_02349980bba8ce563cdf709f74f96fc1,INVOLVES,200
evt_aca2d84d4415d62e71e7d84c20f738ba,ent_7fe461592c31b7bf33bf11d21d306ea0,INVOLVES,200
evt_aca2d84d4415d62e71e7d84c20f738ba,ent_430b4247856e13089064f09f96af75d7,INVOLVES,200
evt_aca2d84d4415d62e71e7d84c20f738ba,ent_b87835cbe2f03e9c9da8dcb07ac09800,INVOLVES,200
evt_aca2d84d4415d62e71e7d84c20f738ba,ent_214163861ed8ac3fdfdb4674bf5536af,INVOLVES,200
evt_05c92412318aa7677dfe04f595d1c58e,ent_02349980bba8ce563cdf709f74f96fc1,INVOLVES,200
evt_05c92412318aa7677dfe04f595d1c58e,ent_7fe461592c31b7bf33bf11d21d306ea0,INVOLVES,200
evt_05c92412318aa7677dfe04f595d1c58e,ent_430b4247856e13089064f09f96af75d7,INVOLVES,200
evt_05c92412318aa7677dfe04f595d1c58e,ent_b87835cbe2f03e9c9da8dcb07ac09800,INVOLVES,200
evt_05c92412318aa7677dfe04f595d1c58e,ent_214163861ed8ac3fdfdb4674bf5536af,INVOLVES,200
evt_42de24a805b5b692567dc1a07863df40,ent_02349980bba8ce563cdf709f74f96fc1,INVOLVES,200
evt_42de24a805b5b692567dc1a07863df40,ent_7fe461592c31b7bf33bf11d21d306ea0,INVOLVES,200
evt_42de24a805b5b692567dc1a07863df40,ent_430b4247856e13089064f09f96af75d7,INVOLVES,200
evt_42de24a805b5b692567dc1a07863df40,ent_b87835cbe2f03e9c9da8dcb07ac09800,INVOLVES,200
evt_42de24a805b5b692567dc1a07863df40,ent_214163861ed8ac3fdfdb4674bf5536af,INVOLVES,200
evt_44b89941defa43c4579dc559a49d682e,ent_0d05c98717c49eebbf5911089efc09d8,INVOLVES,200
evt_44b89941defa43c4579dc559a49d682e,ent_fdab6f999d44612e40b3f9a2c91231cc,INVOLVES,200
evt_a3488d249cdd21a8253c070436edcc15,ent_0d05c98717c49eebbf5911089efc09d8,INVOLVES,200
evt_a3488d249cdd21a8253c070436edcc15,ent_fdab6f999d44612e40b3f9a2c91231cc,INVOLVES,200
evt_6cab51824daa185a8e86cc04ba74895b,ent_0d05c98717c49eebbf5911089efc09d8,INVOLVES,200
evt_6cab51824daa185a8e86cc04ba74895b,ent_fdab6f999d44612e40b3f9a2c91231cc,INVOLVES,200
evt_24dbf568f991cf23748085ffc2e684f2,ent_0d05c98717c49eebbf5911089efc09d8,INVOLVES,200
evt_24dbf568f991cf23748085ffc2e684f2,ent_fdab6f999d44612e40b3f9a2c91231cc,INVOLVES,200
evt_2530f2d00f1b82ed1bece53ae389cba6,ent_da1e9bb07d45a750f011aabd2e8b7e8c,INVOLVES,200
evt_2530f2d00f1b82ed1bece53ae389cba6,ent_fae967752e92fd34a03d7291a4a27770,INVOLVES,200
evt_2530f2d00f1b82ed1bece53ae389cba6,ent_7774e94fe350ab7eb68d7e2f6003a528,INVOLVES,200
evt_9557df7538ebb1f100d2e7e3156d6a3c,ent_da1e9bb07d45a750f011aabd2e8b7e8c,INVOLVES,200
evt_9557df7538ebb1f100d2e7e3156d6a3c,ent_fae967752e92fd34a03d7291a4a27770,INVOLVES,200
evt_9557df7538ebb1f100d2e7e3156d6a3c,ent_7774e94fe350ab7eb68d7e2f6003a528,INVOLVES,200
evt_60cabb1ee60167ae7559f64eb701eeec,ent_da1e9bb07d45a750f011aabd2e8b7e8c,INVOLVES,200
evt_60cabb1ee60167ae7559f64eb701eeec,ent_fae967752e92fd34a03d7291a4a27770,INVOLVES,200
evt_60cabb1ee60167ae7559f64eb701eeec,ent_7774e94fe350ab7eb68d7e2f6003a528,INVOLVES,200
evt_414d116db593d38fbbb75c5fd0457baa,ent_7fe461592c31b7bf33bf11d21d306ea0,INVOLVES,200
evt_414d116db593d38fbbb75c5fd0457baa,ent_02349980bba8ce563cdf709f74f96fc1,INVOLVES,200
evt_414d116db593d38fbbb75c5fd0457baa,ent_d36b13410347d500de53637c8b77e430,INVOLVES,200
evt_986f8fb71c2d8dea296b0a380a36bce4,ent_4a916631dfaaace317419a636c7ff898,INVOLVES,200
evt_986f8fb71c2d8dea296b0a380a36bce4,ent_deb5833c55c93154676c029db42341c0,INVOLVES,200
evt_1315364a325623d6b8037885c822fbd3,ent_4a916631dfaaace317419a636c7ff898,INVOLVES,200
evt_1315364a325623d6b8037885c822fbd3,ent_deb5833c55c93154676c029db42341c0,INVOLVES,200
evt_fb31d842c92a62e64fa36e387a46faac,ent_4a916631dfaaace317419a636c7ff898,INVOLVES,200
evt_fb31d842c92a62e64fa36e387a46faac,ent_deb5833c55c93154676c029db42341c0,INVOLVES,200
evt_c27593d7ea038542997efa34ec567c6c,ent_ebaf8eb6bd501001de90b0f5dd2a6a0b,INVOLVES,200
evt_c27593d7ea038542997efa34ec567c6c,ent_e2154b8da50063c73cc00fcf1840e4fc,INVOLVES,200
evt_c27593d7ea038542997efa34ec567c6c,ent_50b7879219ae6aef48f9c6f43aacc798,INVOLVES,200
evt_32bb7da81cce0a6b884566eacfb00bf2,ent_ebaf8eb6bd501001de90b0f5dd2a6a0b,INVOLVES,200
evt_32bb7da81cce0a6b884566eacfb00bf2,ent_e2154b8da50063c73cc00fcf1840e4fc,INVOLVES,200
evt_32bb7da81cce0a6b884566eacfb00bf2,ent_50b7879219ae6aef48f9c6f43aacc798,INVOLVES,200
evt_8d4eb9a490e1250908ac7c1607ae6750,ent_2a6d3686110703bc69da3220c6ee6b5f,INVOLVES,200
evt_8d4eb9a490e1250908ac7c1607ae6750,ent_9da0ab3c4dd6c335b87a5f170d0d805b,INVOLVES,200
evt_8d4eb9a490e1250908ac7c1607ae6750,ent_9a37d4f2cd9e76baa810898009d10dab,INVOLVES,200
evt_8d4eb9a490e1250908ac7c1607ae6750,ent_d0f344a8b0595bc2d63894fd9debf813,INVOLVES,200
evt_8d4eb9a490e1250908ac7c1607ae6750,ent_c7ab9752078a566c05df754372fdb17f,INVOLVES,200
evt_a46b54133c1676db8e07af303b510ef6,ent_2a6d3686110703bc69da3220c6ee6b5f,INVOLVES,200
evt_a46b54133c1676db8e07af303b510ef6,ent_9da0ab3c4dd6c335b87a5f170d0d805b,INVOLVES,200
evt_a46b54133c1676db8e07af303b510ef6,ent_9a37d4f2cd9e76baa810898009d10dab,INVOLVES,200
evt_a46b54133c1676db8e07af303b510ef6,ent_d0f344a8b0595bc2d63894fd9debf813,INVOLVES,200
evt_a46b54133c1676db8e07af303b510ef6,ent_c7ab9752078a566c05df754372fdb17f,INVOLVES,200
evt_ace6773bf167abedfeb57402ca9d7760,ent_2a6d3686110703bc69da3220c6ee6b5f,INVOLVES,200
evt_ace6773bf167abedfeb57402ca9d7760,ent_9da0ab3c4dd6c335b87a5f170d0d805b,INVOLVES,200
evt_ace6773bf167abedfeb57402ca9d7760,ent_9a37d4f2cd9e76baa810898009d10dab,INVOLVES,200
evt_ace6773bf167abedfeb57402ca9d7760,ent_d0f344a8b0595bc2d63894fd9debf813,INVOLVES,200
evt_ace6773bf167abedfeb57402ca9d7760,ent_c7ab9752078a566c05df754372fdb17f,INVOLVES,200
evt_d2c6cf91501df6cf4dd10d7773fb0135,ent_2a6d3686110703bc69da3220c6ee6b5f,INVOLVES,200
evt_d2c6cf91501df6cf4dd10d7773fb0135,ent_9da0ab3c4dd6c335b87a5f170d0d805b,INVOLVES,200
evt_d2c6cf91501df6cf4dd10d7773fb0135,ent_9a37d4f2cd9e76baa810898009d10dab,INVOLVES,200
evt_d2c6cf91501df6cf4dd10d7773fb0135,ent_d0f344a8b0595bc2d63894fd9debf813,INVOLVES,200
evt_d2c6cf91501df6cf4dd10d7773fb0135,ent_c7ab9752078a566c05df754372fdb17f,INVOLVES,200
evt_19cd767a22ba14fa26a4e080761055de,ent_56223953b1be983c383865d5576bb10a,INVOLVES,200
evt_19cd767a22ba14fa26a4e080761055de,ent_02349980bba8ce563cdf709f74f96fc1,INVOLVES,200
evt_19cd767a22ba14fa26a4e080761055de,ent_d36b13410347d500de53637c8b77e430,INVOLVES,200
evt_19cd767a22ba14fa26a4e080761055de,ent_312642cda4a86945e21c6ab3175203ec,INVOLVES,200
evt_c9d42547f972e3f21d8f84206670c6e8,ent_3a2918de879bbfb39c7bd80124412985,INVOLVES,200
evt_c9d42547f972e3f21d8f84206670c6e8,ent_02349980bba8ce563cdf709f74f96fc1,INVOLVES,200
evt_c9d42547f972e3f21d8f84206670c6e8,ent_214163861ed8ac3fdfdb4674bf5536af,INVOLVES,200
evt_c9d42547f972e3f21d8f84206670c6e8,ent_d36b13410347d500de53637c8b77e430,INVOLVES,200
evt_585c4a9a1d04d3e0dc587ec737aa2f94,ent_73cb9346d4c28ed7183e400772654b27,INVOLVES,200
evt_585c4a9a1d04d3e0dc587ec737aa2f94,ent_7fe461592c31b7bf33bf11d21d306ea0,INVOLVES,200
evt_585c4a9a1d04d3e0dc587ec737aa2f94,ent_25865e5a1f3817b7acd05a04d9c87477,INVOLVES,200
evt_585c4a9a1d04d3e0dc587ec737aa2f94,ent_c6da28f9f980eecb145ff7dbcd6c2bd1,INVOLVES,200
evt_928f5e7ddded78934901ac8baad6bfdf,ent_312642cda4a86945e21c6ab3175203ec,INVOLVES,200
evt_928f5e7ddded78934901ac8baad6bfdf,ent_153a16a249a677f7baed38824cf0d40c,INVOLVES,200
evt_928f5e7ddded78934901ac8baad6bfdf,ent_02349980bba8ce563cdf709f74f96fc1,INVOLVES,200
evt_928f5e7ddded78934901ac8baad6bfdf,ent_d36b13410347d500de53637c8b77e430,INVOLVES,200
evt_7be8d1062b6b0ecdfe5870c2fe1ec797,ent_d8dc5786d83418cab2ceb2f2ab96cee4,INVOLVES,200
evt_7be8d1062b6b0ecdfe5870c2fe1ec797,ent_720f10e1f3e4dfaa6838a88d9839c5c9,INVOLVES,200
evt_7be8d1062b6b0ecdfe5870c2fe1ec797,ent_3178e8dc843daec23f911de728088b61,INVOLVES,200
evt_7be8d1062b6b0ecdfe5870c2fe1ec797,ent_2a6d3686110703bc69da3220c6ee6b5f,INVOLVES,200
evt_7e316e6e30e200e45fabda16e8b6a7db,ent_076173809b5a7e293c5fb60f9019b3f8,INVOLVES,200
evt_7e316e6e30e200e45fabda16e8b6a7db,ent_4a7326b8518d941af311136d4f120464,INVOLVES,200
evt_46056314323fb5dd3eaef0f941284137,ent_4e22d665c127e09f69bf3f7f96743f25,INVOLVES,200
evt_46056314323fb5dd3eaef0f941284137,ent_ab39ee8c8af45a087fedfa090aecc2b8,INVOLVES,200
evt_46056314323fb5dd3eaef0f941284137,ent_73cb9346d4c28ed7183e400772654b27,INVOLVES,200
evt_46056314323fb5dd3eaef0f941284137,ent_b786549babb631f4668037147ed6d369,INVOLVES,200
evt_da9d0f59a82591f26a16eb81beca1bc7,ent_4e22d665c127e09f69bf3f7f96743f25,INVOLVES,200
evt_da9d0f59a82591f26a16eb81beca1bc7,ent_ab39ee8c8af45a087fedfa090aecc2b8,INVOLVES,200
evt_da9d0f59a82591f26a16eb81beca1bc7,ent_73cb9346d4c28ed7183e400772654b27,INVOLVES,200
evt_da9d0f59a82591f26a16eb81beca1bc7,ent_b786549babb631f4668037147ed6d369,INVOLVES,200
evt_b9f80592d62798fe2d3ab218423bc54f,ent_b9260d152ca6e1d61c38807f9a452f3c,INVOLVES,200
evt_b9f80592d62798fe2d3ab218423bc54f,ent_20979b5c66747ce5af84d5d1987ca250,INVOLVES,200
evt_b9f80592d62798fe2d3ab218423bc54f,ent_0fc893a4bdb64119cfea33a0e50ba5bf,INVOLVES,200
evt_b9f80592d62798fe2d3ab218423bc54f,ent_23b96c7e5e9e6b4092d982b2b746eff7,INVOLVES,200
evt_b9f80592d62798fe2d3ab218423bc54f,ent_94e1fe11a29fdfb948e15befae8e9c1a,INVOLVES,200
evt_5f944150609b7da7e41f1e768d71edcd,ent_b9260d152ca6e1d61c38807f9a452f3c,INVOLVES,200
evt_5f944150609b7da7e41f1e768d71edcd,ent_20979b5c66747ce5af84d5d1987ca250,INVOLVES,200
evt_5f944150609b7da7e41f1e768d71edcd,ent_0fc893a4bdb64119cfea33a0e50ba5bf,INVOLVES,200
evt_5f944150609b7da7e41f1e768d71edcd,ent_23b96c7e5e9e6b4092d982b2b746eff7,INVOLVES,200
evt_5f944150609b7da7e41f1e768d71edcd,ent_94e1fe11a29fdfb948e15befae8e9c1a,INVOLVES,200
evt_3eff4f5e05cbf76bb8d993e78ede65a6,ent_b9260d152ca6e1d61c38807f9a452f3c,INVOLVES,200
evt_3eff4f5e05cbf76bb8d993e78ede65a6,ent_20979b5c66747ce5af84d5d1987ca250,INVOLVES,200
evt_3eff4f5e05cbf76bb8d993e78ede65a6,ent_0fc893a4bdb64119cfea33a0e50ba5bf,INVOLVES,200
evt_3eff4f5e05cbf76bb8d993e78ede65a6,ent_23b96c7e5e9e6b4092d982b2b746eff7,INVOLVES,200
evt_3eff4f5e05cbf76bb8d993e78ede65a6,ent_94e1fe11a29fdfb948e15befae8e9c1a,INVOLVES,200
evt_3b380000d6745b3c0acfad4d6497bed7,ent_61d0b6025291d3f4e57c4c8f5a5a24a8,INVOLVES,200
evt_175cb36576c6935bfeb8ba6f1e640687,ent_61d0b6025291d3f4e57c4c8f5a5a24a8,INVOLVES,200
evt_27e84a6e6321e5fe270b57b18c87ebe9,ent_61d0b6025291d3f4e57c4c8f5a5a24a8,INVOLVES,200
evt_f0af88dddfcc89ee601771a2525687ef,ent_61d0b6025291d3f4e57c4c8f5a5a24a8,INVOLVES,200
evt_47ae4b7726b7580cfa163c57c0588c2c,ent_61d0b6025291d3f4e57c4c8f5a5a24a8,INVOLVES,200
evt_f3111fdb0cb328b657aff8fa41ce9e81,ent_61d0b6025291d3f4e57c4c8f5a5a24a8,INVOLVES,200
evt_2e6a9d0520208a6b1015f283310c10d9,ent_183bd64c6fc43113b151a26ffb0dca15,INVOLVES,200
evt_2e6a9d0520208a6b1015f283310c10d9,ent_02349980bba8ce563cdf709f74f96fc1,INVOLVES,200
evt_2e6a9d0520208a6b1015f283310c10d9,ent_a4c080428e5fcca9c829a8c6b148a6a8,INVOLVES,200
evt_2e6a9d0520208a6b1015f283310c10d9,ent_b10925b974cddf3d2c2b9bb51ace0409,INVOLVES,200
evt_db38bfd29649d3c8ad06cd6b53a09f4e,ent_6a22304f2f3b4d315ce31891df110b84,INVOLVES,200
evt_db38bfd29649d3c8ad06cd6b53a09f4e,ent_d36b13410347d500de53637c8b77e430,INVOLVES,200
evt_db38bfd29649d3c8ad06cd6b53a09f4e,ent_52c0c35c9211feb7e1d4dd4e7c9e14e1,INVOLVES,200
evt_db38bfd29649d3c8ad06cd6b53a09f4e,ent_02349980bba8ce563cdf709f74f96fc1,INVOLVES,200
evt_c337e53dde94d357417bbe6495088ef8,ent_b811f6fbcc433c5df4a77aad66b80c60,INVOLVES,200
evt_c337e53dde94d357417bbe6495088ef8,ent_fb51700804a4d7c5e8ae6814fade1f63,INVOLVES,200
evt_c337e53dde94d357417bbe6495088ef8,ent_fdab6f999d44612e40b3f9a2c91231cc,INVOLVES,200
evt_c337e53dde94d357417bbe6495088ef8,ent_ca1f9b7bc50e2730549c202ea871f0a1,INVOLVES,200
evt_dd6865e77d3ddc167b6783a0f7d5ed41,ent_b811f6fbcc433c5df4a77aad66b80c60,INVOLVES,200
evt_dd6865e77d3ddc167b6783a0f7d5ed41,ent_fb51700804a4d7c5e8ae6814fade1f63,INVOLVES,200
evt_dd6865e77d3ddc167b6783a0f7d5ed41,ent_fdab6f999d44612e40b3f9a2c91231cc,INVOLVES,200
evt_dd6865e77d3ddc167b6783a0f7d5ed41,ent_ca1f9b7bc50e2730549c202ea871f0a1,INVOLVES,200
evt_7f71249cefe2e71d9e9f4deb7e2a589c,ent_b811f6fbcc433c5df4a77aad66b80c60,INVOLVES,200
evt_7f71249cefe2e71d9e9f4deb7e2a589c,ent_fb51700804a4d7c5e8ae6814fade1f63,INVOLVES,200
evt_7f71249cefe2e71d9e9f4deb7e2a589c,ent_fdab6f999d44612e40b3f9a2c91231cc,INVOLVES,200
evt_7f71249cefe2e71d9e9f4deb7e2a589c,ent_ca1f9b7bc50e2730549c202ea871f0a1,INVOLVES,200
evt_fd7e150c50be6ca9a75a80a4606a939c,ent_b811f6fbcc433c5df4a77aad66b80c60,INVOLVES,200
evt_fd7e150c50be6ca9a75a80a4606a939c,ent_fb51700804a4d7c5e8ae6814fade1f63,INVOLVES,200
evt_fd7e150c50be6ca9a75a80a4606a939c,ent_fdab6f999d44612e40b3f9a2c91231cc,INVOLVES,200
evt_fd7e150c50be6ca9a75a80a4606a939c,ent_ca1f9b7bc50e2730549c202ea871f0a1,INVOLVES,200
evt_50173d2d5a4fb0ee3b0e5f883d412a2d,ent_02349980bba8ce563cdf709f74f96fc1,INVOLVES,200
evt_50173d2d5a4fb0ee3b0e5f883d412a2d,ent_44f22d89c8f969f81fa642ac9aa6a9e0,INVOLVES,200
evt_50173d2d5a4fb0ee3b0e5f883d412a2d,ent_d36b13410347d500de53637c8b77e430,INVOLVES,200
evt_50173d2d5a4fb0ee3b0e5f883d412a2d,ent_adafd11128e9f209cb13a62c67f4a2b4,INVOLVES,200
evt_24f576a83caca5ca0be7b29c47e4a068,ent_3616f2d2158a75379c290d51cfa45b63,INVOLVES,200
evt_24f576a83caca5ca0be7b29c47e4a068,ent_10c2a6e08763a277e39f87f0a6023ec6,INVOLVES,200
evt_24f576a83caca5ca0be7b29c47e4a068,ent_2a427c2b9354cd82da9494324f84c1de,INVOLVES,200
evt_24f576a83caca5ca0be7b29c47e4a068,ent_9d79e7c47126b0974649e38d86ab5d9e,INVOLVES,200
evt_1a5a40568e8f29b0b8446855c8f8b0c9,ent_3616f2d2158a75379c290d51cfa45b63,INVOLVES,200
evt_1a5a40568e8f29b0b8446855c8f8b0c9,ent_10c2a6e08763a277e39f87f0a6023ec6,INVOLVES,200
evt_1a5a40568e8f29b0b8446855c8f8b0c9,ent_2a427c2b9354cd82da9494324f84c1de,INVOLVES,200
evt_1a5a40568e8f29b0b8446855c8f8b0c9,ent_9d79e7c47126b0974649e38d86ab5d9e,INVOLVES,200
evt_ae4f36dbdf54e85e337962fb35568903,ent_3616f2d2158a75379c290d51cfa45b63,INVOLVES,200
evt_ae4f36dbdf54e85e337962fb35568903,ent_10c2a6e08763a277e39f87f0a6023ec6,INVOLVES,200
evt_ae4f36dbdf54e85e337962fb35568903,ent_2a427c2b9354cd82da9494324f84c1de,INVOLVES,200
evt_ae4f36dbdf54e85e337962fb35568903,ent_9d79e7c47126b0974649e38d86ab5d9e,INVOLVES,200
evt_fb1ac4c1d7eaadbed91e835b68f3de48,ent_3616f2d2158a75379c290d51cfa45b63,INVOLVES,200
evt_fb1ac4c1d7eaadbed91e835b68f3de48,ent_10c2a6e08763a277e39f87f0a6023ec6,INVOLVES,200
evt_fb1ac4c1d7eaadbed91e835b68f3de48,ent_2a427c2b9354cd82da9494324f84c1de,INVOLVES,200
evt_fb1ac4c1d7eaadbed91e835b68f3de48,ent_9d79e7c47126b0974649e38d86ab5d9e,INVOLVES,200
evt_28f260e5595921742444b6008a8500ac,ent_da1e9bb07d45a750f011aabd2e8b7e8c,INVOLVES,200
evt_28f260e5595921742444b6008a8500ac,ent_0947685db8b0cd4efea1e6aaa858f156,INVOLVES,200
evt_28f260e5595921742444b6008a8500ac,ent_73cb9346d4c28ed7183e400772654b27,INVOLVES,200
evt_28f260e5595921742444b6008a8500ac,ent_1b79de66b2a4d01aa2c850a117159b0e,INVOLVES,200
evt_53187d15bd83507bd3b672cd4d951dc1,ent_7cdfe2efced81fb87017a9c0ff04a609,INVOLVES,200
evt_53187d15bd83507bd3b672cd4d951dc1,ent_ba3ed7986b9aebf3ddb24e71aae8c7b7,INVOLVES,200
evt_53187d15bd83507bd3b672cd4d951dc1,ent_62afa23efc4094dca8b3091b1bc6e85b,INVOLVES,200
evt_5312e7b0c3b306e058a5bfb6cc60bca0,ent_1bcabc92f137d6ecb5223a0a932771d9,INVOLVES,200
evt_5312e7b0c3b306e058a5bfb6cc60bca0,ent_322ac4220d40a0f6de0bacf830826f49,INVOLVES,200
evt_5312e7b0c3b306e058a5bfb6cc60bca0,ent_939718a00177f4a7a8a8caf8e210b494,INVOLVES,200
evt_5312e7b0c3b306e058a5bfb6cc60bca0,ent_2a6d3686110703bc69da3220c6ee6b5f,INVOLVES,200
evt_5312e7b0c3b306e058a5bfb6cc60bca0,ent_7cdfe2efced81fb87017a9c0ff04a609,INVOLVES,200
evt_5312e7b0c3b306e058a5bfb6cc60bca0,ent_678340b2b94c337f0bb78181275b3238,INVOLVES,200
evt_5312e7b0c3b306e058a5bfb6cc60bca0,ent_5a7e16494888a8bebc43bff713c3086d,INVOLVES,200
evt_bc125e27001fa61dfb55fec6f3d5ce1f,ent_1bcabc92f137d6ecb5223a0a932771d9,INVOLVES,200
evt_bc125e27001fa61dfb55fec6f3d5ce1f,ent_322ac4220d40a0f6de0bacf830826f49,INVOLVES,200
evt_bc125e27001fa61dfb55fec6f3d5ce1f,ent_939718a00177f4a7a8a8caf8e210b494,INVOLVES,200
evt_bc125e27001fa61dfb55fec6f3d5ce1f,ent_2a6d3686110703bc69da3220c6ee6b5f,INVOLVES,200
evt_bc125e27001fa61dfb55fec6f3d5ce1f,ent_7cdfe2efced81fb87017a9c0ff04a609,INVOLVES,200
evt_bc125e27001fa61dfb55fec6f3d5ce1f,ent_678340b2b94c337f0bb78181275b3238,INVOLVES,200
evt_bc125e27001fa61dfb55fec6f3d5ce1f,ent_5a7e16494888a8bebc43bff713c3086d,INVOLVES,200
evt_fc898f9c6274097453c1f74c4a54a053,ent_3e66247131124c27a0f6074d01ee8803,INVOLVES,200
evt_fc898f9c6274097453c1f74c4a54a053,ent_b9260d152ca6e1d61c38807f9a452f3c,INVOLVES,200
evt_2415c03ff97716a45a737407f731b230,ent_3e66247131124c27a0f6074d01ee8803,INVOLVES,200
evt_2415c03ff97716a45a737407f731b230,ent_b9260d152ca6e1d61c38807f9a452f3c,INVOLVES,200
evt_c946d2740b001e8790be5ae3a5fe3899,ent_3e66247131124c27a0f6074d01ee8803,INVOLVES,200
evt_c946d2740b001e8790be5ae3a5fe3899,ent_b9260d152ca6e1d61c38807f9a452f3c,INVOLVES,200
evt_64b39a7b029f99bad5f33be1aa5c08ca,ent_0d05c98717c49eebbf5911089efc09d8,INVOLVES,200
evt_64b39a7b029f99bad5f33be1aa5c08ca,ent_312642cda4a86945e21c6ab3175203ec,INVOLVES,200
evt_4cc8b785763882bf26ac38f5b8bb280d,ent_45df412cbb6c78d74a3f9a512214bca2,INVOLVES,200
evt_9caaf52b3a9fe48f44a68b0c102e4e49,ent_0d05c98717c49eebbf5911089efc09d8,INVOLVES,200
evt_9caaf52b3a9fe48f44a68b0c102e4e49,ent_73cb9346d4c28ed7183e400772654b27,INVOLVES,200
evt_9caaf52b3a9fe48f44a68b0c102e4e49,ent_312642cda4a86945e21c6ab3175203ec,INVOLVES,200
evt_9caaf52b3a9fe48f44a68b0c102e4e49,ent_9b239eae568274bb6701253ec440d2ca,INVOLVES,200
evt_9caaf52b3a9fe48f44a68b0c102e4e49,ent_214163861ed8ac3fdfdb4674bf5536af,INVOLVES,200
evt_9caaf52b3a9fe48f44a68b0c102e4e49,ent_d36b13410347d500de53637c8b77e430,INVOLVES,200
evt_fd983799a531f1d2bd766ab34e0e795b,ent_0d05c98717c49eebbf5911089efc09d8,INVOLVES,200
evt_fd983799a531f1d2bd766ab34e0e795b,ent_73cb9346d4c28ed7183e400772654b27,INVOLVES,200
evt_fd983799a531f1d2bd766ab34e0e795b,ent_312642cda4a86945e21c6ab3175203ec,INVOLVES,200
evt_fd983799a531f1d2bd766ab34e0e795b,ent_9b239eae568274bb6701253ec440d2ca,INVOLVES,200
evt_fd983799a531f1d2bd766ab34e0e795b,ent_214163861ed8ac3fdfdb4674bf5536af,INVOLVES,200
evt_fd983799a531f1d2bd766ab34e0e795b,ent_d36b13410347d500de53637c8b77e430,INVOLVES,200
evt_f2b900edbb6bd4fe113c26e7ab1b5cd0,ent_7cdfe2efced81fb87017a9c0ff04a609,INVOLVES,200
evt_f2b900edbb6bd4fe113c26e7ab1b5cd0,ent_0585370dfc155ad02f40b8c59efe394e,INVOLVES,200
evt_f2b900edbb6bd4fe113c26e7ab1b5cd0,ent_8480cdb29aec645d6a83afed094c4ad4,INVOLVES,200
evt_f2b900edbb6bd4fe113c26e7ab1b5cd0,ent_e46a3e31eb0d81c60608c2a5b5369154,INVOLVES,200
evt_f2b900edbb6bd4fe113c26e7ab1b5cd0,ent_fcec4dfb15d3b1bbca330f390cf0b345,INVOLVES,200
evt_ca2c9414e06061c643f95bf42ad52f91,ent_cc565cc9e67f11394c6bfa2c10ded8d9,INVOLVES,200
evt_bbf5a54ee0f1ea0776a436e4f44883f6,ent_2064e4d9130c33a835356b2f4048a144,INVOLVES,200
evt_bbf5a54ee0f1ea0776a436e4f44883f6,ent_02349980bba8ce563cdf709f74f96fc1,INVOLVES,200
evt_bbf5a54ee0f1ea0776a436e4f44883f6,ent_c7f01a5faf8065ce054f501063a3b26c,INVOLVES,200
evt_bbf5a54ee0f1ea0776a436e4f44883f6,ent_214163861ed8ac3fdfdb4674bf5536af,INVOLVES,200
evt_2b535ef9cc4d2c7ccfeb84a613d67377,ent_2064e4d9130c33a835356b2f4048a144,INVOLVES,200
evt_2b535ef9cc4d2c7ccfeb84a613d67377,ent_02349980bba8ce563cdf709f74f96fc1,INVOLVES,200
evt_2b535ef9cc4d2c7ccfeb84a613d67377,ent_c7f01a5faf8065ce054f501063a3b26c,INVOLVES,200
evt_2b535ef9cc4d2c7ccfeb84a613d67377,ent_214163861ed8ac3fdfdb4674bf5536af,INVOLVES,200
evt_b0e58b0f693992aefaa54dd9c94bc3b8,ent_2064e4d9130c33a835356b2f4048a144,INVOLVES,200
evt_b0e58b0f693992aefaa54dd9c94bc3b8,ent_02349980bba8ce563cdf709f74f96fc1,INVOLVES,200
evt_b0e58b0f693992aefaa54dd9c94bc3b8,ent_c7f01a5faf8065ce054f501063a3b26c,INVOLVES,200
evt_b0e58b0f693992aefaa54dd9c94bc3b8,ent_214163861ed8ac3fdfdb4674bf5536af,INVOLVES,200
evt_29037e2e0e9e0bba17247294bc4b2b32,ent_2064e4d9130c33a835356b2f4048a144,INVOLVES,200
evt_29037e2e0e9e0bba17247294bc4b2b32,ent_02349980bba8ce563cdf709f74f96fc1,INVOLVES,200
evt_29037e2e0e9e0bba17247294bc4b2b32,ent_c7f01a5faf8065ce054f501063a3b26c,INVOLVES,200
evt_29037e2e0e9e0bba17247294bc4b2b32,ent_214163861ed8ac3fdfdb4674bf5536af,INVOLVES,200
evt_0b121a98d41d347979edc5f28f80e4d5,ent_1a74d15d3d33f0050936c655d4ce2200,INVOLVES,200
evt_0b121a98d41d347979edc5f28f80e4d5,ent_edc641d55be346730d71096cbd7722bc,INVOLVES,200
evt_0b121a98d41d347979edc5f28f80e4d5,ent_214163861ed8ac3fdfdb4674bf5536af,INVOLVES,200
evt_0b121a98d41d347979edc5f28f80e4d5,ent_312642cda4a86945e21c6ab3175203ec,INVOLVES,200
evt_5aa7148db2526482e683699a424790dd,ent_78a96bb60fce6931d910d8b05b4b5229,INVOLVES,200
evt_5aa7148db2526482e683699a424790dd,ent_2a6d3686110703bc69da3220c6ee6b5f,INVOLVES,200
evt_5aa7148db2526482e683699a424790dd,ent_6bac619c34abd5bb1471edf26af3d67d,INVOLVES,200
evt_5aa7148db2526482e683699a424790dd,ent_856b9688ff8268ba978464e095f35f21,INVOLVES,200
evt_5fa57aeca9bc53e5a46593daa4430ec7,ent_78a96bb60fce6931d910d8b05b4b5229,INVOLVES,200
evt_5fa57aeca9bc53e5a46593daa4430ec7,ent_2a6d3686110703bc69da3220c6ee6b5f,INVOLVES,200
evt_5fa57aeca9bc53e5a46593daa4430ec7,ent_6bac619c34abd5bb1471edf26af3d67d,INVOLVES,200
evt_5fa57aeca9bc53e5a46593daa4430ec7,ent_856b9688ff8268ba978464e095f35f21,INVOLVES,200
evt_f9c18b2a483a20d236bca865378305fb,ent_ad9a7a2dba4c9b7c586cabba310522eb,INVOLVES,200
evt_f9c18b2a483a20d236bca865378305fb,ent_e433a0ae69c329034bcae5ca06d07bbe,INVOLVES,200
evt_f9c18b2a483a20d236bca865378305fb,ent_2b4da846ceb3fb791e7085aff5e20a1b,INVOLVES,200
evt_84c60dfbfd2de1cfa912ad73ae3dc49e,ent_cf7ba29d93a72d5a7f571c07f0c1f97f,INVOLVES,200
evt_84c60dfbfd2de1cfa912ad73ae3dc49e,ent_226a9421040b7f2d19e6a2ff542e6eac,INVOLVES,200
evt_84c60dfbfd2de1cfa912ad73ae3dc49e,ent_fcec4dfb15d3b1bbca330f390cf0b345,INVOLVES,200
evt_84c60dfbfd2de1cfa912ad73ae3dc49e,ent_05cde10086f8cf0373573fe48e24e170,INVOLVES,200
evt_d452884915607dff30e609e6ebf378df,ent_638d344b80b5ff90e19946c1d56c201e,INVOLVES,200
evt_d452884915607dff30e609e6ebf378df,ent_f20011e5270666592304898988523261,INVOLVES,200
evt_d452884915607dff30e609e6ebf378df,ent_716df08c515f2714d16ec2ac109371be,INVOLVES,200
evt_d452884915607dff30e609e6ebf378df,ent_0ec3b668ce44e764f906dd04f26f048f,INVOLVES,200
evt_0541d84e1c562b75410d9c93fb652e46,ent_638d344b80b5ff90e19946c1d56c201e,INVOLVES,200
evt_0541d84e1c562b75410d9c93fb652e46,ent_f20011e5270666592304898988523261,INVOLVES,200
evt_0541d84e1c562b75410d9c93fb652e46,ent_716df08c515f2714d16ec2ac109371be,INVOLVES,200
evt_0541d84e1c562b75410d9c93fb652e46,ent_0ec3b668ce44e764f906dd04f26f048f,INVOLVES,200
evt_8c7e04f8c44749839139beb912dbb845,ent_b7d83eed2f7b0c775623610ac5069b17,INVOLVES,200
evt_8c7e04f8c44749839139beb912dbb845,ent_45df412cbb6c78d74a3f9a512214bca2,INVOLVES,200
evt_8c7e04f8c44749839139beb912dbb845,ent_e1ad2f39c3573afed2f17c2667cf55e4,INVOLVES,200
evt_49d7eb7c4e8b183038fa022854f4fcf4,ent_b7d83eed2f7b0c775623610ac5069b17,INVOLVES,200
evt_49d7eb7c4e8b183038fa022854f4fcf4,ent_45df412cbb6c78d74a3f9a512214bca2,INVOLVES,200
evt_49d7eb7c4e8b183038fa022854f4fcf4,ent_e1ad2f39c3573afed2f17c2667cf55e4,INVOLVES,200
evt_01d5f7c99a1dcd19811d30acd31f7fbd,ent_520879b12184eff55794745908a761c2,INVOLVES,200
evt_01d5f7c99a1dcd19811d30acd31f7fbd,ent_6138422e0c7d08baf7245c98cab94a92,INVOLVES,200
evt_01d5f7c99a1dcd19811d30acd31f7fbd,ent_39c6f156f4f131c62376791809be2c74,INVOLVES,200
evt_01d5f7c99a1dcd19811d30acd31f7fbd,ent_2a6d3686110703bc69da3220c6ee6b5f,INVOLVES,200
evt_01d5f7c99a1dcd19811d30acd31f7fbd,ent_59f26fd53a72db715894b5ef4c30c6f8,INVOLVES,200
evt_01d5f7c99a1dcd19811d30acd31f7fbd,ent_8d9b21c3ab0a42c1174172648147b824,INVOLVES,200
evt_01d5f7c99a1dcd19811d30acd31f7fbd,ent_634d30f1d295382071bc70b8e883717b,INVOLVES,200
evt_d254646b54bf349243e081547aea7dfd,ent_520879b12184eff55794745908a761c2,INVOLVES,200
evt_d254646b54bf349243e081547aea7dfd,ent_6138422e0c7d08baf7245c98cab94a92,INVOLVES,200
evt_d254646b54bf349243e081547aea7dfd,ent_39c6f156f4f131c62376791809be2c74,INVOLVES,200
evt_d254646b54bf349243e081547aea7dfd,ent_2a6d3686110703bc69da3220c6ee6b5f,INVOLVES,200
evt_d254646b54bf349243e081547aea7dfd,ent_59f26fd53a72db715894b5ef4c30c6f8,INVOLVES,200
evt_d254646b54bf349243e081547aea7dfd,ent_8d9b21c3ab0a42c1174172648147b824,INVOLVES,200
evt_d254646b54bf349243e081547aea7dfd,ent_634d30f1d295382071bc70b8e883717b,INVOLVES,200
evt_ae4951593dbcbd06cb61a36dc6cbd1d5,ent_520879b12184eff55794745908a761c2,INVOLVES,200
evt_ae4951593dbcbd06cb61a36dc6cbd1d5,ent_6138422e0c7d08baf7245c98cab94a92,INVOLVES,200
evt_ae4951593dbcbd06cb61a36dc6cbd1d5,ent_39c6f156f4f131c62376791809be2c74,INVOLVES,200
evt_ae4951593dbcbd06cb61a36dc6cbd1d5,ent_2a6d3686110703bc69da3220c6ee6b5f,INVOLVES,200
evt_ae4951593dbcbd06cb61a36dc6cbd1d5,ent_59f26fd53a72db715894b5ef4c30c6f8,INVOLVES,200
evt_ae4951593dbcbd06cb61a36dc6cbd1d5,ent_8d9b21c3ab0a42c1174172648147b824,INVOLVES,200
evt_ae4951593dbcbd06cb61a36dc6cbd1d5,ent_634d30f1d295382071bc70b8e883717b,INVOLVES,200
evt_3190f1a3880733cfbf1ac4a0e9f1bc8b,ent_2001f0e66b7b810ebc2624f8a79a45e4,INVOLVES,200
evt_3190f1a3880733cfbf1ac4a0e9f1bc8b,ent_db49657001d3a859a08eec0dd4475722,INVOLVES,200
evt_3190f1a3880733cfbf1ac4a0e9f1bc8b,ent_6df0730d78dc1e8b4499997d17c7f8e6,INVOLVES,200
evt_3190f1a3880733cfbf1ac4a0e9f1bc8b,ent_a8deac9d517fc0fd2ad6f05328be9830,INVOLVES,200
evt_3190f1a3880733cfbf1ac4a0e9f1bc8b,ent_278ea3da10b14c355aa4285eb3564626,INVOLVES,200
evt_6c6e5cc1c2092c6667d37582e536c053,ent_183bd64c6fc43113b151a26ffb0dca15,INVOLVES,200
evt_6c6e5cc1c2092c6667d37582e536c053,ent_14699376b3cfd3c52cdfdc6c5ad3b2de,INVOLVES,200
evt_6c6e5cc1c2092c6667d37582e536c053,ent_f6552110d57f67ddb3a47ac4f47599fe,INVOLVES,200
evt_6c6e5cc1c2092c6667d37582e536c053,ent_620804aa1024cf2f07a98c1a559199b1,INVOLVES,200
evt_318cd7a8712a2c7e0fee3838fd43f361,ent_183bd64c6fc43113b151a26ffb0dca15,INVOLVES,200
evt_318cd7a8712a2c7e0fee3838fd43f361,ent_14699376b3cfd3c52cdfdc6c5ad3b2de,INVOLVES,200
evt_318cd7a8712a2c7e0fee3838fd43f361,ent_f6552110d57f67ddb3a47ac4f47599fe,INVOLVES,200
evt_318cd7a8712a2c7e0fee3838fd43f361,ent_620804aa1024cf2f07a98c1a559199b1,INVOLVES,200
evt_49d226490b9e14d6edc56c7963e64e1b,ent_02349980bba8ce563cdf709f74f96fc1,INVOLVES,200
evt_49d226490b9e14d6edc56c7963e64e1b,ent_2a6d3686110703bc69da3220c6ee6b5f,INVOLVES,200
evt_49d226490b9e14d6edc56c7963e64e1b,ent_6881b07bf8632c8f4d4788773f16a30f,INVOLVES,200
evt_49d226490b9e14d6edc56c7963e64e1b,ent_d36b13410347d500de53637c8b77e430,INVOLVES,200
evt_2c14bfe91a2b1eb6b751157464707f3f,ent_02349980bba8ce563cdf709f74f96fc1,INVOLVES,200
evt_2c14bfe91a2b1eb6b751157464707f3f,ent_6d3207d702c9dc917a10d34060bb5fb3,INVOLVES,200
evt_2c14bfe91a2b1eb6b751157464707f3f,ent_3a2918de879bbfb39c7bd80124412985,INVOLVES,200
evt_10fd79396cfa60f9e4447d969690c482,ent_690071852aa4dabcbb67c7b7ec0c60f5,INVOLVES,200
evt_03c6565412f5ee084a0a6cbb232552f9,ent_02349980bba8ce563cdf709f74f96fc1,INVOLVES,200
evt_03c6565412f5ee084a0a6cbb232552f9,ent_edc641d55be346730d71096cbd7722bc,INVOLVES,200
evt_03c6565412f5ee084a0a6cbb232552f9,ent_b82afb690cc79e8d6ddf4f691251c28c,INVOLVES,200
evt_ad3cdc1a6fbdc04110368239018dd6fb,ent_02349980bba8ce563cdf709f74f96fc1,INVOLVES,200
evt_ad3cdc1a6fbdc04110368239018dd6fb,ent_edc641d55be346730d71096cbd7722bc,INVOLVES,200
evt_ad3cdc1a6fbdc04110368239018dd6fb,ent_b82afb690cc79e8d6ddf4f691251c28c,INVOLVES,200
evt_68f6da9709387373b15e2b22a632dde2,ent_0d05c98717c49eebbf5911089efc09d8,INVOLVES,200
evt_68f6da9709387373b15e2b22a632dde2,ent_0585370dfc155ad02f40b8c59efe394e,INVOLVES,200
evt_68f6da9709387373b15e2b22a632dde2,ent_312642cda4a86945e21c6ab3175203ec,INVOLVES,200
evt_68f6da9709387373b15e2b22a632dde2,ent_939718a00177f4a7a8a8caf8e210b494,INVOLVES,200
evt_68f6da9709387373b15e2b22a632dde2,ent_41804855ced37872ecf25fefb39adfa9,INVOLVES,200
evt_dcb60dbf733049a0d62094320bc9da9d,ent_05cde10086f8cf0373573fe48e24e170,INVOLVES,200
evt_dcb60dbf733049a0d62094320bc9da9d,ent_499166735ad8bf9b19b73411e0466e7b,INVOLVES,200
evt_dcb60dbf733049a0d62094320bc9da9d,ent_1c46cd525ebf94348a38fd30cdaa37e4,INVOLVES,200
evt_dcb60dbf733049a0d62094320bc9da9d,ent_e683a86d47c118b26bb069498669762e,INVOLVES,200
evt_51effbbd03cac1a69b096eb6454a02cd,ent_05cde10086f8cf0373573fe48e24e170,INVOLVES,200
evt_51effbbd03cac1a69b096eb6454a02cd,ent_499166735ad8bf9b19b73411e0466e7b,INVOLVES,200
evt_51effbbd03cac1a69b096eb6454a02cd,ent_1c46cd525ebf94348a38fd30cdaa37e4,INVOLVES,200
evt_51effbbd03cac1a69b096eb6454a02cd,ent_e683a86d47c118b26bb069498669762e,INVOLVES,200
evt_36859f73c360c0d73b02bb00983eb4e4,ent_05cde10086f8cf0373573fe48e24e170,INVOLVES,200
evt_36859f73c360c0d73b02bb00983eb4e4,ent_499166735ad8bf9b19b73411e0466e7b,INVOLVES,200
evt_36859f73c360c0d73b02bb00983eb4e4,ent_1c46cd525ebf94348a38fd30cdaa37e4,INVOLVES,200
evt_36859f73c360c0d73b02bb00983eb4e4,ent_e683a86d47c118b26bb069498669762e,INVOLVES,200
evt_fc49ede597b9ae3fc34d61e4a596707a,ent_3de653d55d776ea6e38148b7d10e39c0,INVOLVES,200
evt_fc49ede597b9ae3fc34d61e4a596707a,ent_05cde10086f8cf0373573fe48e24e170,INVOLVES,200
evt_fc49ede597b9ae3fc34d61e4a596707a,ent_fe60a6c64f4797bb973018d0f8cf7747,INVOLVES,200
evt_fc49ede597b9ae3fc34d61e4a596707a,ent_8d3d17b3744d413b7f2d218b9199676d,INVOLVES,200
evt_442fb6778fd618182db76bcf2afea5f2,ent_3de653d55d776ea6e38148b7d10e39c0,INVOLVES,200
evt_442fb6778fd618182db76bcf2afea5f2,ent_05cde10086f8cf0373573fe48e24e170,INVOLVES,200
evt_442fb6778fd618182db76bcf2afea5f2,ent_fe60a6c64f4797bb973018d0f8cf7747,INVOLVES,200
evt_442fb6778fd618182db76bcf2afea5f2,ent_8d3d17b3744d413b7f2d218b9199676d,INVOLVES,200
evt_a77befd0f3d6e5fc719c0fdb3c4930ab,ent_0d05c98717c49eebbf5911089efc09d8,INVOLVES,200
evt_a77befd0f3d6e5fc719c0fdb3c4930ab,ent_2a6d3686110703bc69da3220c6ee6b5f,INVOLVES,200
evt_a77befd0f3d6e5fc719c0fdb3c4930ab,ent_c6da28f9f980eecb145ff7dbcd6c2bd1,INVOLVES,200
evt_a77befd0f3d6e5fc719c0fdb3c4930ab,ent_392ea77ef5723b7d409b12c8a9810d5d,INVOLVES,200
evt_a77befd0f3d6e5fc719c0fdb3c4930ab,ent_e90ab5a01509143abcd2888563f63002,INVOLVES,200
evt_c28524a0d984056a1e6961ed7a122ec1,ent_1bcabc92f137d6ecb5223a0a932771d9,INVOLVES,200
evt_c28524a0d984056a1e6961ed7a122ec1,ent_2b4da846ceb3fb791e7085aff5e20a1b,INVOLVES,200
evt_df1004dbf961435138f4a35712013a87,ent_1bcabc92f137d6ecb5223a0a932771d9,INVOLVES,200
evt_df1004dbf961435138f4a35712013a87,ent_2b4da846ceb3fb791e7085aff5e20a1b,INVOLVES,200
evt_84e0df087f6154f2ea5b7fdf0b95cc01,ent_1d8619a0f114f1380f0ec18621ccea96,INVOLVES,200
evt_84e0df087f6154f2ea5b7fdf0b95cc01,ent_f403202b8bb2f14deadc629bad6b3aff,INVOLVES,200
evt_84e0df087f6154f2ea5b7fdf0b95cc01,ent_90e458fd61d46d1fdc140234e06d44f4,INVOLVES,200
evt_84e0df087f6154f2ea5b7fdf0b95cc01,ent_7ba3ee3f4f1d007657b723ee285daedf,INVOLVES,200
evt_88ff761aa6bf1a2d59bc80284d5cee1e,ent_1d8619a0f114f1380f0ec18621ccea96,INVOLVES,200
evt_88ff761aa6bf1a2d59bc80284d5cee1e,ent_f403202b8bb2f14deadc629bad6b3aff,INVOLVES,200
evt_88ff761aa6bf1a2d59bc80284d5cee1e,ent_90e458fd61d46d1fdc140234e06d44f4,INVOLVES,200
evt_88ff761aa6bf1a2d59bc80284d5cee1e,ent_7ba3ee3f4f1d007657b723ee285daedf,INVOLVES,200
evt_e3e32ae30a3d2124b4873f746f453509,ent_bffa0fa1dc249b4c23b910ba561c721f,INVOLVES,200
evt_e3e32ae30a3d2124b4873f746f453509,ent_943636b941dc2a7ad3e03d1b8abca511,INVOLVES,200
evt_e3e32ae30a3d2124b4873f746f453509,ent_14699376b3cfd3c52cdfdc6c5ad3b2de,INVOLVES,200
evt_e3e32ae30a3d2124b4873f746f453509,ent_0eba5b8b045d8b9914ebbe91f4f34ae3,INVOLVES,200
evt_e3e32ae30a3d2124b4873f746f453509,ent_2d096219500285ee8d314e4cfc9df54a,INVOLVES,200
evt_9a8213db893278b7d5252ed48fa2163f,ent_bffa0fa1dc249b4c23b910ba561c721f,INVOLVES,200
evt_9a8213db893278b7d5252ed48fa2163f,ent_943636b941dc2a7ad3e03d1b8abca511,INVOLVES,200
evt_9a8213db893278b7d5252ed48fa2163f,ent_14699376b3cfd3c52cdfdc6c5ad3b2de,INVOLVES,200
evt_9a8213db893278b7d5252ed48fa2163f,ent_0eba5b8b045d8b9914ebbe91f4f34ae3,INVOLVES,200
evt_9a8213db893278b7d5252ed48fa2163f,ent_2d096219500285ee8d314e4cfc9df54a,INVOLVES,200
evt_89f3530f3bf3ddab8f583735e994ef44,ent_bffa0fa1dc249b4c23b910ba561c721f,INVOLVES,200
evt_89f3530f3bf3ddab8f583735e994ef44,ent_943636b941dc2a7ad3e03d1b8abca511,INVOLVES,200
evt_89f3530f3bf3ddab8f583735e994ef44,ent_14699376b3cfd3c52cdfdc6c5ad3b2de,INVOLVES,200
evt_89f3530f3bf3ddab8f583735e994ef44,ent_0eba5b8b045d8b9914ebbe91f4f34ae3,INVOLVES,200
evt_89f3530f3bf3ddab8f583735e994ef44,ent_2d096219500285ee8d314e4cfc9df54a,INVOLVES,200
evt_7ae9fb43aad46a6bc9aabbdc165c8f15,ent_63b93a62d9110b650e60ea401a342af2,INVOLVES,200
evt_7ae9fb43aad46a6bc9aabbdc165c8f15,ent_b413b0f80b8d06ff291ed5a8fcd6db8c,INVOLVES,200
evt_7ae9fb43aad46a6bc9aabbdc165c8f15,ent_331296d9a0c2d788d89a9902179d8712,INVOLVES,200
evt_7ae9fb43aad46a6bc9aabbdc165c8f15,ent_d36b13410347d500de53637c8b77e430,INVOLVES,200
evt_7ae9fb43aad46a6bc9aabbdc165c8f15,ent_02349980bba8ce563cdf709f74f96fc1,INVOLVES,200
evt_6b6c1111efb385e09d3de936a8468a1e,ent_63b93a62d9110b650e60ea401a342af2,INVOLVES,200
evt_6b6c1111efb385e09d3de936a8468a1e,ent_b413b0f80b8d06ff291ed5a8fcd6db8c,INVOLVES,200
evt_6b6c1111efb385e09d3de936a8468a1e,ent_331296d9a0c2d788d89a9902179d8712,INVOLVES,200
evt_6b6c1111efb385e09d3de936a8468a1e,ent_d36b13410347d500de53637c8b77e430,INVOLVES,200
evt_6b6c1111efb385e09d3de936a8468a1e,ent_02349980bba8ce563cdf709f74f96fc1,INVOLVES,200
evt_112176b59c647f5bf901473d3eedef7b,ent_63b93a62d9110b650e60ea401a342af2,INVOLVES,200
evt_112176b59c647f5bf901473d3eedef7b,ent_b413b0f80b8d06ff291ed5a8fcd6db8c,INVOLVES,200
evt_112176b59c647f5bf901473d3eedef7b,ent_331296d9a0c2d788d89a9902179d8712,INVOLVES,200
evt_112176b59c647f5bf901473d3eedef7b,ent_d36b13410347d500de53637c8b77e430,INVOLVES,200
evt_112176b59c647f5bf901473d3eedef7b,ent_02349980bba8ce563cdf709f74f96fc1,INVOLVES,200
evt_521e957f503d7cd936c2eeabfa2a0d49,ent_e065789721452322e899c635cff72f53,INVOLVES,200
evt_521e957f503d7cd936c2eeabfa2a0d49,ent_a5b3427f5e8b3883d13eeaedbda4bc2f,INVOLVES,200
evt_521e957f503d7cd936c2eeabfa2a0d49,ent_0ae18fb924d695c4014fbd1b03535ef3,INVOLVES,200
evt_521e957f503d7cd936c2eeabfa2a0d49,ent_9601099c2337304b764acce233c56fae,INVOLVES,200
evt_521e957f503d7cd936c2eeabfa2a0d49,ent_fb9a174187b8bee0618e419361a3e5e9,INVOLVES,200
evt_4c4f0cb16b59c1ad66d94b94773c7203,ent_e065789721452322e899c635cff72f53,INVOLVES,200
evt_4c4f0cb16b59c1ad66d94b94773c7203,ent_a5b3427f5e8b3883d13eeaedbda4bc2f,INVOLVES,200
evt_4c4f0cb16b59c1ad66d94b94773c7203,ent_0ae18fb924d695c4014fbd1b03535ef3,INVOLVES,200
evt_4c4f0cb16b59c1ad66d94b94773c7203,ent_9601099c2337304b764acce233c56fae,INVOLVES,200
evt_4c4f0cb16b59c1ad66d94b94773c7203,ent_fb9a174187b8bee0618e419361a3e5e9,INVOLVES,200
evt_ee7e3c9993c62bd8a3dd59840638e0b6,ent_d070c6aca0bc8101a6172ac643228e86,INVOLVES,200
evt_ee7e3c9993c62bd8a3dd59840638e0b6,ent_3f8d31a710d647fdb65b5881a0c2c9c8,INVOLVES,200
evt_10efb7fb4d8cd731ecb52e1b35b35dfb,ent_d070c6aca0bc8101a6172ac643228e86,INVOLVES,200
evt_10efb7fb4d8cd731ecb52e1b35b35dfb,ent_3f8d31a710d647fdb65b5881a0c2c9c8,INVOLVES,200
evt_3b6962a067dde70a82324db6251155ba,ent_0d05c98717c49eebbf5911089efc09d8,INVOLVES,200
evt_3b6962a067dde70a82324db6251155ba,ent_9c5fc5a3dab937c6463b6844e13b29c8,INVOLVES,200
evt_3b6962a067dde70a82324db6251155ba,ent_4f0548c1b699c374fa247ec80e8c353a,INVOLVES,200
evt_3b6962a067dde70a82324db6251155ba,ent_0585370dfc155ad02f40b8c59efe394e,INVOLVES,200
evt_3b6962a067dde70a82324db6251155ba,ent_312642cda4a86945e21c6ab3175203ec,INVOLVES,200
evt_14a536b4bfdfada7b891f63ec577702f,ent_0d05c98717c49eebbf5911089efc09d8,INVOLVES,200
evt_14a536b4bfdfada7b891f63ec577702f,ent_9c5fc5a3dab937c6463b6844e13b29c8,INVOLVES,200
evt_14a536b4bfdfada7b891f63ec577702f,ent_4f0548c1b699c374fa247ec80e8c353a,INVOLVES,200
evt_14a536b4bfdfada7b891f63ec577702f,ent_0585370dfc155ad02f40b8c59efe394e,INVOLVES,200
evt_14a536b4bfdfada7b891f63ec577702f,ent_312642cda4a86945e21c6ab3175203ec,INVOLVES,200
evt_505a900e9f976023b11127bdded5d115,ent_2a6d3686110703bc69da3220c6ee6b5f,INVOLVES,200
evt_505a900e9f976023b11127bdded5d115,ent_61d0b6025291d3f4e57c4c8f5a5a24a8,INVOLVES,200
evt_505a900e9f976023b11127bdded5d115,ent_665a3ef0712244aa786b256332723213,INVOLVES,200
evt_4f8e01476e0db1541f3cd08e70c22d45,ent_d36b13410347d500de53637c8b77e430,INVOLVES,200
evt_4f8e01476e0db1541f3cd08e70c22d45,ent_f499d2750bb25c459879ef36b7ca1ae1,INVOLVES,200
evt_4f8e01476e0db1541f3cd08e70c22d45,ent_c7dbd1f9e731fcc7004a2e3a3ca3a3c1,INVOLVES,200
evt_4f8e01476e0db1541f3cd08e70c22d45,ent_3a2918de879bbfb39c7bd80124412985,INVOLVES,200
evt_4f8e01476e0db1541f3cd08e70c22d45,ent_312642cda4a86945e21c6ab3175203ec,INVOLVES,200
evt_be0b9beba9bd88536699a605b218417c,ent_312642cda4a86945e21c6ab3175203ec,INVOLVES,200
evt_be0b9beba9bd88536699a605b218417c,ent_b413b0f80b8d06ff291ed5a8fcd6db8c,INVOLVES,200
evt_be0b9beba9bd88536699a605b218417c,ent_97c0baf0167ec035aef378b7a4a636d7,INVOLVES,200
evt_0b4f7faa1cfddd69364513574a198ee1,ent_2001f0e66b7b810ebc2624f8a79a45e4,INVOLVES,200
evt_0b4f7faa1cfddd69364513574a198ee1,ent_db49657001d3a859a08eec0dd4475722,INVOLVES,200
evt_0b4f7faa1cfddd69364513574a198ee1,ent_4e61ebaa922d8e316bcd007752756ab6,INVOLVES,200
evt_0b4f7faa1cfddd69364513574a198ee1,ent_eb95e1bf1a336f3caa1a0520645cade5,INVOLVES,200
evt_0b4f7faa1cfddd69364513574a198ee1,ent_05f2a9d802e0eadc7d4f3075cef990ed,INVOLVES,200
evt_46464dcb8732b1a522c39e6b25d1682d,ent_183bd64c6fc43113b151a26ffb0dca15,INVOLVES,200
evt_46464dcb8732b1a522c39e6b25d1682d,ent_f6552110d57f67ddb3a47ac4f47599fe,INVOLVES,200
evt_46464dcb8732b1a522c39e6b25d1682d,ent_620804aa1024cf2f07a98c1a559199b1,INVOLVES,200
evt_d4bf05c8216298c69f0e34ea4ddbac8d,ent_183bd64c6fc43113b151a26ffb0dca15,INVOLVES,200
evt_d4bf05c8216298c69f0e34ea4ddbac8d,ent_f6552110d57f67ddb3a47ac4f47599fe,INVOLVES,200
evt_d4bf05c8216298c69f0e34ea4ddbac8d,ent_620804aa1024cf2f07a98c1a559199b1,INVOLVES,200
evt_a662c51ef14da1cc54e334cb83cc4baf,ent_fd5b34ab948481a155109d5b6e6b891f,INVOLVES,200
evt_a662c51ef14da1cc54e334cb83cc4baf,ent_3178e8dc843daec23f911de728088b61,INVOLVES,200
evt_a662c51ef14da1cc54e334cb83cc4baf,ent_d63408c961ddd31172bfdf38890945e6,INVOLVES,200
evt_a662c51ef14da1cc54e334cb83cc4baf,ent_bfc0b127104950b9987361295fed3c58,INVOLVES,200
evt_a662c51ef14da1cc54e334cb83cc4baf,ent_2a6d3686110703bc69da3220c6ee6b5f,INVOLVES,200
evt_f2c84151c7a50996558e7b9594bb5c5d,ent_fd5b34ab948481a155109d5b6e6b891f,INVOLVES,200
evt_f2c84151c7a50996558e7b9594bb5c5d,ent_3178e8dc843daec23f911de728088b61,INVOLVES,200
evt_f2c84151c7a50996558e7b9594bb5c5d,ent_d63408c961ddd31172bfdf38890945e6,INVOLVES,200
evt_f2c84151c7a50996558e7b9594bb5c5d,ent_bfc0b127104950b9987361295fed3c58,INVOLVES,200
evt_f2c84151c7a50996558e7b9594bb5c5d,ent_2a6d3686110703bc69da3220c6ee6b5f,INVOLVES,200
evt_8738018fa493da082e6fd052e96dac78,ent_fd5b34ab948481a155109d5b6e6b891f,INVOLVES,200
evt_8738018fa493da082e6fd052e96dac78,ent_3178e8dc843daec23f911de728088b61,INVOLVES,200
evt_8738018fa493da082e6fd052e96dac78,ent_d63408c961ddd31172bfdf38890945e6,INVOLVES,200
evt_8738018fa493da082e6fd052e96dac78,ent_bfc0b127104950b9987361295fed3c58,INVOLVES,200
evt_8738018fa493da082e6fd052e96dac78,ent_2a6d3686110703bc69da3220c6ee6b5f,INVOLVES,200
evt_11f6ecef76a69577018c3056f8a9ed29,ent_2a6d3686110703bc69da3220c6ee6b5f,INVOLVES,200
evt_11f6ecef76a69577018c3056f8a9ed29,ent_e1aa27557fc873c9cd1ef326424a6fef,INVOLVES,200
evt_11f6ecef76a69577018c3056f8a9ed29,ent_6c581a9be9229e3c92935f0e6164efdc,INVOLVES,200
evt_285dae96fef5727db44d0a928640f0e4,ent_2a6d3686110703bc69da3220c6ee6b5f,INVOLVES,200
evt_285dae96fef5727db44d0a928640f0e4,ent_e1aa27557fc873c9cd1ef326424a6fef,INVOLVES,200
evt_285dae96fef5727db44d0a928640f0e4,ent_6c581a9be9229e3c92935f0e6164efdc,INVOLVES,200
evt_9cd655f71dc26fbfa6c7a91c5a06bebe,ent_2a6d3686110703bc69da3220c6ee6b5f,INVOLVES,200
evt_9cd655f71dc26fbfa6c7a91c5a06bebe,ent_e1aa27557fc873c9cd1ef326424a6fef,INVOLVES,200
evt_9cd655f71dc26fbfa6c7a91c5a06bebe,ent_6c581a9be9229e3c92935f0e6164efdc,INVOLVES,200
evt_4cc9f1e35a19f14d7a6a757f7f7758ea,ent_b413b0f80b8d06ff291ed5a8fcd6db8c,INVOLVES,200
evt_4cc9f1e35a19f14d7a6a757f7f7758ea,ent_be3ba5413c2f8163188362795de499a7,INVOLVES,200
evt_a7fc4648678e9b690bea95ba85a9e5d6,ent_abec4bc8602dc9e9c9accd3e32cbe230,INVOLVES,200
evt_a7fc4648678e9b690bea95ba85a9e5d6,ent_d36b13410347d500de53637c8b77e430,INVOLVES,200
evt_a7fc4648678e9b690bea95ba85a9e5d6,ent_6d3207d702c9dc917a10d34060bb5fb3,INVOLVES,200
evt_a7fc4648678e9b690bea95ba85a9e5d6,ent_11a95db333e680fb0fb1326f32b34284,INVOLVES,200
evt_cca3240aaf2a9672ed6d0125185d93a7,ent_35197dd517ba63bb2e8d8115493f5734,INVOLVES,200
evt_cca3240aaf2a9672ed6d0125185d93a7,ent_02349980bba8ce563cdf709f74f96fc1,INVOLVES,200
evt_cca3240aaf2a9672ed6d0125185d93a7,ent_214163861ed8ac3fdfdb4674bf5536af,INVOLVES,200
evt_da4845a5a9a51017eeaa2f92d83c9994,ent_35197dd517ba63bb2e8d8115493f5734,INVOLVES,200
evt_da4845a5a9a51017eeaa2f92d83c9994,ent_02349980bba8ce563cdf709f74f96fc1,INVOLVES,200
evt_da4845a5a9a51017eeaa2f92d83c9994,ent_214163861ed8ac3fdfdb4674bf5536af,INVOLVES,200
evt_7500ca639ae1e9c765a2b2e8aa619fb9,ent_6aa7cbb3eaafb3aac81464a639b86e23,INVOLVES,200
evt_8d5a6dc557142575090ed50c460cb16e,ent_7cdfe2efced81fb87017a9c0ff04a609,INVOLVES,200
evt_293890324397eaac330af9360f912f36,ent_39903678141b2469f54812b20a41141a,INVOLVES,200
evt_293890324397eaac330af9360f912f36,ent_ced46722064c064cc0904ef3b343cd19,INVOLVES,200
evt_293890324397eaac330af9360f912f36,ent_183bd64c6fc43113b151a26ffb0dca15,INVOLVES,200
evt_293890324397eaac330af9360f912f36,ent_b10925b974cddf3d2c2b9bb51ace0409,INVOLVES,200
evt_293890324397eaac330af9360f912f36,ent_fc2999320d79931e2f8aaf675f9f2c79,INVOLVES,200
evt_bebb435ec160446b16cf3faf07470abb,ent_1e006ca68f1558e8f4cae2ffff11e8c8,INVOLVES,200
evt_bebb435ec160446b16cf3faf07470abb,ent_d36b13410347d500de53637c8b77e430,INVOLVES,200
evt_6bb9873fc10e922f86988897d75c0cdb,ent_3639de20c508a39a2852c770ceaadf97,INVOLVES,200
evt_6bb9873fc10e922f86988897d75c0cdb,ent_9f80f885ab8d1fcc6314c814395168d5,INVOLVES,200
evt_6bb9873fc10e922f86988897d75c0cdb,ent_5e33e95fc90227de9dbc12b25e5588aa,INVOLVES,200
evt_6bb9873fc10e922f86988897d75c0cdb,ent_a6c6817d91c9699e1b94be63ae116b24,INVOLVES,200
evt_6bb9873fc10e922f86988897d75c0cdb,ent_5970227211ebdaddd03b27a9dd9539fc,INVOLVES,200
evt_7ab2c58fae72c108eefd0e8e00595062,ent_3639de20c508a39a2852c770ceaadf97,INVOLVES,200
evt_7ab2c58fae72c108eefd0e8e00595062,ent_9f80f885ab8d1fcc6314c814395168d5,INVOLVES,200
evt_7ab2c58fae72c108eefd0e8e00595062,ent_5e33e95fc90227de9dbc12b25e5588aa,INVOLVES,200
evt_7ab2c58fae72c108eefd0e8e00595062,ent_a6c6817d91c9699e1b94be63ae116b24,INVOLVES,200
evt_7ab2c58fae72c108eefd0e8e00595062,ent_5970227211ebdaddd03b27a9dd9539fc,INVOLVES,200
evt_47eabacafae864bb3b67820a4996c4f4,ent_8bdc81617f78825fb484ba9dd44d87cc,INVOLVES,200
evt_47eabacafae864bb3b67820a4996c4f4,ent_7dd0be0c9e8204144f5fcf803572b8d5,INVOLVES,200
evt_47eabacafae864bb3b67820a4996c4f4,ent_939718a00177f4a7a8a8caf8e210b494,INVOLVES,200
evt_0e518eecddf17192fa4e79e909127e78,ent_8bdc81617f78825fb484ba9dd44d87cc,INVOLVES,200
evt_0e518eecddf17192fa4e79e909127e78,ent_7dd0be0c9e8204144f5fcf803572b8d5,INVOLVES,200
evt_0e518eecddf17192fa4e79e909127e78,ent_939718a00177f4a7a8a8caf8e210b494,INVOLVES,200
evt_5630b8f542e85e1ac5e1fd004fff47d0,ent_9cd87f84d4bbd6897fe3fab1ccf8b268,INVOLVES,200
evt_5630b8f542e85e1ac5e1fd004fff47d0,ent_ec5aad8d9d7c8225f1e3a5f90fb05e7f,INVOLVES,200
evt_5630b8f542e85e1ac5e1fd004fff47d0,ent_1bcabc92f137d6ecb5223a0a932771d9,INVOLVES,200
evt_e54f76fe762d6bfabe2cdc349e8a538d,ent_4b089891c9c34c1fc6eb05344172bbef,INVOLVES,200
evt_e54f76fe762d6bfabe2cdc349e8a538d,ent_2a6d3686110703bc69da3220c6ee6b5f,INVOLVES,200
evt_f110c95349ddc7e7ca66a4608aeba890,ent_20c727e9686e65ccf14fee2431bb0cd7,INVOLVES,200
evt_f110c95349ddc7e7ca66a4608aeba890,ent_648885e2d3dd7fff9a294850ee6b5ae3,INVOLVES,200
evt_f110c95349ddc7e7ca66a4608aeba890,ent_ae301d869cbe37acb145ed3385d8220d,INVOLVES,200
evt_f110c95349ddc7e7ca66a4608aeba890,ent_2b4da846ceb3fb791e7085aff5e20a1b,INVOLVES,200
evt_f110c95349ddc7e7ca66a4608aeba890,ent_c70700b5155ac7d7f30e22a9574bfdc8,INVOLVES,200
evt_91ead4bba649a6d4f44e48b32eb2bc7d,ent_aa14c60fae4441d84e9d497640b8c6d0,INVOLVES,200
evt_91ead4bba649a6d4f44e48b32eb2bc7d,ent_fbee099bce5e62b9a1789a2e700c860d,INVOLVES,200
evt_91ead4bba649a6d4f44e48b32eb2bc7d,ent_f8c450cb11720fe620376ad3941a4af8,INVOLVES,200
evt_91ead4bba649a6d4f44e48b32eb2bc7d,ent_4cbf091b669705c7179a4d66eb0f4b91,INVOLVES,200
evt_25370108b879f9261691faf061db4233,ent_aa14c60fae4441d84e9d497640b8c6d0,INVOLVES,200
evt_25370108b879f9261691faf061db4233,ent_fbee099bce5e62b9a1789a2e700c860d,INVOLVES,200
evt_25370108b879f9261691faf061db4233,ent_f8c450cb11720fe620376ad3941a4af8,INVOLVES,200
evt_25370108b879f9261691faf061db4233,ent_4cbf091b669705c7179a4d66eb0f4b91,INVOLVES,200
evt_1c55680fad760ab12ce1d554174c187e,ent_aa14c60fae4441d84e9d497640b8c6d0,INVOLVES,200
evt_1c55680fad760ab12ce1d554174c187e,ent_fbee099bce5e62b9a1789a2e700c860d,INVOLVES,200
evt_1c55680fad760ab12ce1d554174c187e,ent_f8c450cb11720fe620376ad3941a4af8,INVOLVES,200
evt_1c55680fad760ab12ce1d554174c187e,ent_4cbf091b669705c7179a4d66eb0f4b91,INVOLVES,200
evt_4b880183ac29dab60b0326e87137e77e,ent_aa14c60fae4441d84e9d497640b8c6d0,INVOLVES,200
evt_4b880183ac29dab60b0326e87137e77e,ent_fbee099bce5e62b9a1789a2e700c860d,INVOLVES,200
evt_4b880183ac29dab60b0326e87137e77e,ent_f8c450cb11720fe620376ad3941a4af8,INVOLVES,200
evt_4b880183ac29dab60b0326e87137e77e,ent_4cbf091b669705c7179a4d66eb0f4b91,INVOLVES,200
evt_5a7a171dc4697cfa2cf7bd09b41f8c6a,ent_2a6d3686110703bc69da3220c6ee6b5f,INVOLVES,200
evt_5a7a171dc4697cfa2cf7bd09b41f8c6a,ent_d397fb1b7ada659d6a9900e2c09cce26,INVOLVES,200
evt_5a7a171dc4697cfa2cf7bd09b41f8c6a,ent_961ba6ec85f8f9aa149e6be0cc8e3fa3,INVOLVES,200
evt_e952b93de9f8ca8b0f4283d213cf636c,ent_98d867e95cc6cb66e0ed4addf34d69a4,INVOLVES,200
evt_e952b93de9f8ca8b0f4283d213cf636c,ent_d36b13410347d500de53637c8b77e430,INVOLVES,200
evt_e952b93de9f8ca8b0f4283d213cf636c,ent_b413b0f80b8d06ff291ed5a8fcd6db8c,INVOLVES,200
evt_c4a4488a9849a0eaf9c3ca2b508b0f5c,ent_98d867e95cc6cb66e0ed4addf34d69a4,INVOLVES,200
evt_c4a4488a9849a0eaf9c3ca2b508b0f5c,ent_d36b13410347d500de53637c8b77e430,INVOLVES,200
evt_c4a4488a9849a0eaf9c3ca2b508b0f5c,ent_b413b0f80b8d06ff291ed5a8fcd6db8c,INVOLVES,200
evt_1e627cc95ff696beace7fdfbfa6f993a,ent_98d867e95cc6cb66e0ed4addf34d69a4,INVOLVES,200
evt_1e627cc95ff696beace7fdfbfa6f993a,ent_d36b13410347d500de53637c8b77e430,INVOLVES,200
evt_1e627cc95ff696beace7fdfbfa6f993a,ent_b413b0f80b8d06ff291ed5a8fcd6db8c,INVOLVES,200
evt_39e7eda24791d89a4cb695ea97a0ef3a,ent_98d867e95cc6cb66e0ed4addf34d69a4,INVOLVES,200
evt_39e7eda24791d89a4cb695ea97a0ef3a,ent_d36b13410347d500de53637c8b77e430,INVOLVES,200
evt_39e7eda24791d89a4cb695ea97a0ef3a,ent_b413b0f80b8d06ff291ed5a8fcd6db8c,INVOLVES,200
evt_de863da2389120603b3e8ffce8449f92,ent_b37f2d3fc23d25cb65d1ce468bb9c74a,INVOLVES,200
evt_de863da2389120603b3e8ffce8449f92,ent_02349980bba8ce563cdf709f74f96fc1,INVOLVES,200
evt_de863da2389120603b3e8ffce8449f92,ent_5c16be9e157855c334eca58121082e56,INVOLVES,200
evt_de863da2389120603b3e8ffce8449f92,ent_d36b13410347d500de53637c8b77e430,INVOLVES,200
evt_de863da2389120603b3e8ffce8449f92,ent_f20011e5270666592304898988523261,INVOLVES,200
evt_de863da2389120603b3e8ffce8449f92,ent_183bd64c6fc43113b151a26ffb0dca15,INVOLVES,200
evt_de863da2389120603b3e8ffce8449f92,ent_21c003acfb75ace8e632ace76db02be8,INVOLVES,200
evt_3ec5babf0b7c3cb107830126241fac73,ent_b37f2d3fc23d25cb65d1ce468bb9c74a,INVOLVES,200
evt_3ec5babf0b7c3cb107830126241fac73,ent_02349980bba8ce563cdf709f74f96fc1,INVOLVES,200
evt_3ec5babf0b7c3cb107830126241fac73,ent_5c16be9e157855c334eca58121082e56,INVOLVES,200
evt_3ec5babf0b7c3cb107830126241fac73,ent_d36b13410347d500de53637c8b77e430,INVOLVES,200
evt_3ec5babf0b7c3cb107830126241fac73,ent_f20011e5270666592304898988523261,INVOLVES,200
evt_3ec5babf0b7c3cb107830126241fac73,ent_183bd64c6fc43113b151a26ffb0dca15,INVOLVES,200
evt_3ec5babf0b7c3cb107830126241fac73,ent_21c003acfb75ace8e632ace76db02be8,INVOLVES,200
evt_868bea837b4a9367b7b6971a95b066ac,ent_214163861ed8ac3fdfdb4674bf5536af,INVOLVES,200
evt_868bea837b4a9367b7b6971a95b066ac,ent_56223953b1be983c383865d5576bb10a,INVOLVES,200
evt_f538e4c8646831ba1de5bff46b14716d,ent_214163861ed8ac3fdfdb4674bf5536af,INVOLVES,200
evt_f538e4c8646831ba1de5bff46b14716d,ent_56223953b1be983c383865d5576bb10a,INVOLVES,200
evt_20a0620f3893898c793f7080499e6b19,ent_214163861ed8ac3fdfdb4674bf5536af,INVOLVES,200
evt_20a0620f3893898c793f7080499e6b19,ent_56223953b1be983c383865d5576bb10a,INVOLVES,200
evt_0582b17e0a08d40205b9d21cea4375b4,ent_0d05c98717c49eebbf5911089efc09d8,INVOLVES,200
evt_0582b17e0a08d40205b9d21cea4375b4,ent_c374a8c6536a123460a1965d6e87438a,INVOLVES,200
evt_0582b17e0a08d40205b9d21cea4375b4,ent_445b4f885cda0bc3952a9db9626e1ffc,INVOLVES,200
evt_e38f14277bb0e3e2e05cba7b4a09a929,ent_2c7d43272eeb3267f4d37b92b3b1c6d0,INVOLVES,200
evt_e38f14277bb0e3e2e05cba7b4a09a929,ent_309d2284b9e724c2d01809154dca5236,INVOLVES,200
evt_e38f14277bb0e3e2e05cba7b4a09a929,ent_6c776d1485108a740356d0d2635cc087,INVOLVES,200
evt_7d9955d52391556cf77b62ee1347ea2d,ent_2c7d43272eeb3267f4d37b92b3b1c6d0,INVOLVES,200
evt_7d9955d52391556cf77b62ee1347ea2d,ent_309d2284b9e724c2d01809154dca5236,INVOLVES,200
evt_7d9955d52391556cf77b62ee1347ea2d,ent_6c776d1485108a740356d0d2635cc087,INVOLVES,200
evt_b4ff08c5eade3332dc007ad30133e6d8,ent_0d05c98717c49eebbf5911089efc09d8,INVOLVES,200
evt_b4ff08c5eade3332dc007ad30133e6d8,ent_02349980bba8ce563cdf709f74f96fc1,INVOLVES,200
evt_b4ff08c5eade3332dc007ad30133e6d8,ent_d36b13410347d500de53637c8b77e430,INVOLVES,200
evt_b4ff08c5eade3332dc007ad30133e6d8,ent_27d1eee546ce5df437c80627025cc799,INVOLVES,200
evt_2666fa8a21ec184de25308dbafd8db8a,ent_0d05c98717c49eebbf5911089efc09d8,INVOLVES,200
evt_2666fa8a21ec184de25308dbafd8db8a,ent_02349980bba8ce563cdf709f74f96fc1,INVOLVES,200
evt_2666fa8a21ec184de25308dbafd8db8a,ent_d36b13410347d500de53637c8b77e430,INVOLVES,200
evt_2666fa8a21ec184de25308dbafd8db8a,ent_27d1eee546ce5df437c80627025cc799,INVOLVES,200
evt_2ec08351656f0a53dc7000e193e69e88,ent_20979b5c66747ce5af84d5d1987ca250,INVOLVES,200
evt_2ec08351656f0a53dc7000e193e69e88,ent_c2369a8eb688beb2cdaf0d3409c3baa0,INVOLVES,200
evt_2ec08351656f0a53dc7000e193e69e88,ent_e45aca878c6a10573981a204a3fb3a4c,INVOLVES,200
evt_a24a849480c68c791b03ea2815319e70,ent_0d49a53868b32e2474c88d3bd3f0cf3d,INVOLVES,200
evt_a24a849480c68c791b03ea2815319e70,ent_9fb614bc23473fbacac680d8384e0f6f,INVOLVES,200
evt_0097a522a7750c5293f149b6ef9c9b36,ent_0d49a53868b32e2474c88d3bd3f0cf3d,INVOLVES,200
evt_0097a522a7750c5293f149b6ef9c9b36,ent_9fb614bc23473fbacac680d8384e0f6f,INVOLVES,200
evt_769736a3aac11aea5eb0ad94ab88eaa8,ent_0d49a53868b32e2474c88d3bd3f0cf3d,INVOLVES,200
evt_769736a3aac11aea5eb0ad94ab88eaa8,ent_9fb614bc23473fbacac680d8384e0f6f,INVOLVES,200
evt_1a5090ff2ebf5dfc455529aed95b1199,ent_0d49a53868b32e2474c88d3bd3f0cf3d,INVOLVES,200
evt_1a5090ff2ebf5dfc455529aed95b1199,ent_9fb614bc23473fbacac680d8384e0f6f,INVOLVES,200
evt_9f557d03faa74bad15e287f65bd57753,ent_0d49a53868b32e2474c88d3bd3f0cf3d,INVOLVES,200
evt_9f557d03faa74bad15e287f65bd57753,ent_9fb614bc23473fbacac680d8384e0f6f,INVOLVES,200
evt_b658c470fb9ba610d9ea7e9c5ac8f8bc,ent_14699376b3cfd3c52cdfdc6c5ad3b2de,INVOLVES,200
evt_b658c470fb9ba610d9ea7e9c5ac8f8bc,ent_cebf71bd66b7e9e935c19d2d05a15d12,INVOLVES,200
evt_b658c470fb9ba610d9ea7e9c5ac8f8bc,ent_45df412cbb6c78d74a3f9a512214bca2,INVOLVES,200
evt_b658c470fb9ba610d9ea7e9c5ac8f8bc,ent_12dcd1318e9c384ae0f58dc82ea7989f,INVOLVES,200
evt_010fe3e84fd3e6a1f18f4cc8cc4be2d2,ent_14699376b3cfd3c52cdfdc6c5ad3b2de,INVOLVES,200
evt_010fe3e84fd3e6a1f18f4cc8cc4be2d2,ent_cebf71bd66b7e9e935c19d2d05a15d12,INVOLVES,200
evt_010fe3e84fd3e6a1f18f4cc8cc4be2d2,ent_45df412cbb6c78d74a3f9a512214bca2,INVOLVES,200
evt_010fe3e84fd3e6a1f18f4cc8cc4be2d2,ent_12dcd1318e9c384ae0f58dc82ea7989f,INVOLVES,200
evt_a574894ead743dc4d763b0215b049e6a,ent_3103efd01998995d69a5446161553309,INVOLVES,200
evt_a574894ead743dc4d763b0215b049e6a,ent_6aa7cbb3eaafb3aac81464a639b86e23,INVOLVES,200
evt_a574894ead743dc4d763b0215b049e6a,ent_0fc893a4bdb64119cfea33a0e50ba5bf,INVOLVES,200
evt_294276076d2d96621b70bf88142d3049,ent_3103efd01998995d69a5446161553309,INVOLVES,200
evt_294276076d2d96621b70bf88142d3049,ent_6aa7cbb3eaafb3aac81464a639b86e23,INVOLVES,200
evt_294276076d2d96621b70bf88142d3049,ent_0fc893a4bdb64119cfea33a0e50ba5bf,INVOLVES,200
evt_395c04da773ebb1aa4511f505d70a917,ent_3103efd01998995d69a5446161553309,INVOLVES,200
evt_395c04da773ebb1aa4511f505d70a917,ent_6aa7cbb3eaafb3aac81464a639b86e23,INVOLVES,200
evt_395c04da773ebb1aa4511f505d70a917,ent_0fc893a4bdb64119cfea33a0e50ba5bf,INVOLVES,200
evt_2a77950e21e8444d62eaefc5846595cc,ent_d36b13410347d500de53637c8b77e430,INVOLVES,200
evt_2a77950e21e8444d62eaefc5846595cc,ent_02349980bba8ce563cdf709f74f96fc1,INVOLVES,200
evt_2a77950e21e8444d62eaefc5846595cc,ent_312642cda4a86945e21c6ab3175203ec,INVOLVES,200
evt_2a77950e21e8444d62eaefc5846595cc,ent_e729e9ea2265f99a0e3c6f575e1d24fe,INVOLVES,200
evt_2a77950e21e8444d62eaefc5846595cc,ent_dc4fbb000fd99a86fa27b8fcae2ed36b,INVOLVES,200
evt_2a77950e21e8444d62eaefc5846595cc,ent_214163861ed8ac3fdfdb4674bf5536af,INVOLVES,200
evt_8c0718f616f850fc1d0588ae88cd9dfd,ent_d36b13410347d500de53637c8b77e430,INVOLVES,200
evt_8c0718f616f850fc1d0588ae88cd9dfd,ent_02349980bba8ce563cdf709f74f96fc1,INVOLVES,200
evt_8c0718f616f850fc1d0588ae88cd9dfd,ent_312642cda4a86945e21c6ab3175203ec,INVOLVES,200
evt_8c0718f616f850fc1d0588ae88cd9dfd,ent_e729e9ea2265f99a0e3c6f575e1d24fe,INVOLVES,200
evt_8c0718f616f850fc1d0588ae88cd9dfd,ent_dc4fbb000fd99a86fa27b8fcae2ed36b,INVOLVES,200
evt_8c0718f616f850fc1d0588ae88cd9dfd,ent_214163861ed8ac3fdfdb4674bf5536af,INVOLVES,200
evt_e6c012845cf34b1ca83ea91cd4313529,ent_5217f2f4c53a6f24756258675e7fa99d,INVOLVES,200
evt_e6c012845cf34b1ca83ea91cd4313529,ent_634d30f1d295382071bc70b8e883717b,INVOLVES,200
evt_e6c012845cf34b1ca83ea91cd4313529,ent_87e0edc3f309f4416ccc6105406e5ab4,INVOLVES,200
evt_8ef400d3df72ed5ffbf611fd18b2e116,ent_5217f2f4c53a6f24756258675e7fa99d,INVOLVES,200
evt_8ef400d3df72ed5ffbf611fd18b2e116,ent_634d30f1d295382071bc70b8e883717b,INVOLVES,200
evt_8ef400d3df72ed5ffbf611fd18b2e116,ent_87e0edc3f309f4416ccc6105406e5ab4,INVOLVES,200
evt_85a41cbbeef3689498be326707a9fff9,ent_00c3abc5a35d772dcaa15062cfc1ec58,INVOLVES,200
evt_85a41cbbeef3689498be326707a9fff9,ent_6e3390c1666ea04cd936b2b64010f4b8,INVOLVES,200
evt_85a41cbbeef3689498be326707a9fff9,ent_976f12224f73c0a65379e7ca0197580b,INVOLVES,200
evt_f20dff24080a8fcd8cfaf502f5cdbf22,ent_00c3abc5a35d772dcaa15062cfc1ec58,INVOLVES,200
evt_f20dff24080a8fcd8cfaf502f5cdbf22,ent_6e3390c1666ea04cd936b2b64010f4b8,INVOLVES,200
evt_f20dff24080a8fcd8cfaf502f5cdbf22,ent_976f12224f73c0a65379e7ca0197580b,INVOLVES,200
evt_7e93a17e7296609319ae2cdc30fb2801,ent_733266f2f6fa16d86847930532129ed9,INVOLVES,200
evt_7e93a17e7296609319ae2cdc30fb2801,ent_5d4cb034e6ea07a73f473cd61f7010d8,INVOLVES,200
evt_1301c107c6f42c3062f19c0122a4eae1,ent_403d2fd0b4710487f72a877b66c903eb,INVOLVES,200
evt_12a70d7fb4cde08066fb95e8d3175713,ent_403d2fd0b4710487f72a877b66c903eb,INVOLVES,200
evt_032272111899edbad9b3373befa438f5,ent_403d2fd0b4710487f72a877b66c903eb,INVOLVES,200
evt_c8bd05087f7dacfccefef3ace3f35753,ent_96509e2b40c2fc474a556eeae35129c5,INVOLVES,200
evt_c8bd05087f7dacfccefef3ace3f35753,ent_6aa7cbb3eaafb3aac81464a639b86e23,INVOLVES,200
evt_c8bd05087f7dacfccefef3ace3f35753,ent_34144c86cd649626078f9fd99393dc96,INVOLVES,200
evt_c8bd05087f7dacfccefef3ace3f35753,ent_022dceeb82c260e3c1e10672e0f27a2e,INVOLVES,200
evt_3c4566ba03f196d0da654cb5cbfc15a1,ent_96509e2b40c2fc474a556eeae35129c5,INVOLVES,200
evt_3c4566ba03f196d0da654cb5cbfc15a1,ent_6aa7cbb3eaafb3aac81464a639b86e23,INVOLVES,200
evt_3c4566ba03f196d0da654cb5cbfc15a1,ent_34144c86cd649626078f9fd99393dc96,INVOLVES,200
evt_3c4566ba03f196d0da654cb5cbfc15a1,ent_022dceeb82c260e3c1e10672e0f27a2e,INVOLVES,200
evt_9bd6aa98c67ad5b5cfd4d91f98067485,ent_96509e2b40c2fc474a556eeae35129c5,INVOLVES,200
evt_9bd6aa98c67ad5b5cfd4d91f98067485,ent_6aa7cbb3eaafb3aac81464a639b86e23,INVOLVES,200
evt_9bd6aa98c67ad5b5cfd4d91f98067485,ent_34144c86cd649626078f9fd99393dc96,INVOLVES,200
evt_9bd6aa98c67ad5b5cfd4d91f98067485,ent_022dceeb82c260e3c1e10672e0f27a2e,INVOLVES,200
evt_3ef614760f612dd6944b9510942e0542,ent_9d7c7c1e54e0d5ebd992c04fc74f96e1,INVOLVES,200
evt_3ef614760f612dd6944b9510942e0542,ent_2b4da846ceb3fb791e7085aff5e20a1b,INVOLVES,200
evt_3ef614760f612dd6944b9510942e0542,ent_a58690eeb0a52138c4352355557c2bf2,INVOLVES,200
evt_11cc2ae6ecca76919ad88378f05cc422,ent_0d05c98717c49eebbf5911089efc09d8,INVOLVES,200
evt_11cc2ae6ecca76919ad88378f05cc422,ent_e9658bd765f0e3c10143c8221a0e7d65,INVOLVES,200
evt_11cc2ae6ecca76919ad88378f05cc422,ent_214163861ed8ac3fdfdb4674bf5536af,INVOLVES,200
evt_11cc2ae6ecca76919ad88378f05cc422,ent_312642cda4a86945e21c6ab3175203ec,INVOLVES,200
evt_11cc2ae6ecca76919ad88378f05cc422,ent_247c608947e272a45d28bc026e801e0b,INVOLVES,200
evt_7e158b50bc641cdc1c97a0d012240f26,ent_97b49ddcf197687597eead2f3b8ae62b,INVOLVES,200
evt_7e158b50bc641cdc1c97a0d012240f26,ent_864f0aa9ff2fe8ceab7df616d6ffcd79,INVOLVES,200
evt_222607c67af570b4181e7a13d96a0c87,ent_32b7f790be8397fe862cc54fab4b7b2a,INVOLVES,200
evt_222607c67af570b4181e7a13d96a0c87,ent_f45c1e911584087551213d885ac3c217,INVOLVES,200
evt_d7501c98cd917458cc889e42dc520059,ent_58f19d8481e87ed65bc8f1cb6436a6de,INVOLVES,200
evt_d7501c98cd917458cc889e42dc520059,ent_2c1826f363e2d95afe017eeafe28a358,INVOLVES,200
evt_d7501c98cd917458cc889e42dc520059,ent_430cc24cb3bad151778ebd265d10633d,INVOLVES,200
evt_7c602aaf8466453948310ef8a7b5f1a0,ent_0d05c98717c49eebbf5911089efc09d8,INVOLVES,200
evt_7c602aaf8466453948310ef8a7b5f1a0,ent_312642cda4a86945e21c6ab3175203ec,INVOLVES,200
evt_7c602aaf8466453948310ef8a7b5f1a0,ent_e86c2e713f0173c6fd952d228068645d,INVOLVES,200
evt_7c602aaf8466453948310ef8a7b5f1a0,ent_2e5a941da974c9f46f7906051250953c,INVOLVES,200
evt_7c602aaf8466453948310ef8a7b5f1a0,ent_c38a4158aeb270e9784957c1a9db3179,INVOLVES,200
evt_a60c0e8295cc5f221efcc652fd78e8a3,ent_0d05c98717c49eebbf5911089efc09d8,INVOLVES,200
evt_a60c0e8295cc5f221efcc652fd78e8a3,ent_312642cda4a86945e21c6ab3175203ec,INVOLVES,200
evt_a60c0e8295cc5f221efcc652fd78e8a3,ent_e86c2e713f0173c6fd952d228068645d,INVOLVES,200
evt_a60c0e8295cc5f221efcc652fd78e8a3,ent_2e5a941da974c9f46f7906051250953c,INVOLVES,200
evt_a60c0e8295cc5f221efcc652fd78e8a3,ent_c38a4158aeb270e9784957c1a9db3179,INVOLVES,200
evt_99fdb1a7e2c58d58a4f13956ada35879,ent_9d7c7c1e54e0d5ebd992c04fc74f96e1,INVOLVES,200
evt_99fdb1a7e2c58d58a4f13956ada35879,ent_46b86d950df5abe7210291ce639ce2a3,INVOLVES,200
evt_99fdb1a7e2c58d58a4f13956ada35879,ent_9c6f98f7a0a71acca0d2aea76aee6e23,INVOLVES,200
evt_6493ad197479802b84b4a9e8205db1d4,ent_9d7c7c1e54e0d5ebd992c04fc74f96e1,INVOLVES,200
evt_6493ad197479802b84b4a9e8205db1d4,ent_46b86d950df5abe7210291ce639ce2a3,INVOLVES,200
evt_6493ad197479802b84b4a9e8205db1d4,ent_9c6f98f7a0a71acca0d2aea76aee6e23,INVOLVES,200
evt_21be6338bd0f72c0d93a7779e4fab93b,ent_0d05c98717c49eebbf5911089efc09d8,INVOLVES,200
evt_21be6338bd0f72c0d93a7779e4fab93b,ent_9c5fc5a3dab937c6463b6844e13b29c8,INVOLVES,200
evt_21be6338bd0f72c0d93a7779e4fab93b,ent_634d30f1d295382071bc70b8e883717b,INVOLVES,200
evt_21be6338bd0f72c0d93a7779e4fab93b,ent_ee1d472451aa66ef01befce92470f1f2,INVOLVES,200
evt_21be6338bd0f72c0d93a7779e4fab93b,ent_214163861ed8ac3fdfdb4674bf5536af,INVOLVES,200
evt_21be6338bd0f72c0d93a7779e4fab93b,ent_63b93a62d9110b650e60ea401a342af2,INVOLVES,200
evt_42bffdec6dff4345470cb69846498b99,ent_9d7c7c1e54e0d5ebd992c04fc74f96e1,INVOLVES,200
evt_42bffdec6dff4345470cb69846498b99,ent_e1aa27557fc873c9cd1ef326424a6fef,INVOLVES,200
evt_42bffdec6dff4345470cb69846498b99,ent_b964d3484c4782cf979e982acea538d9,INVOLVES,200
evt_58ae4594d59c030cf2c8d276d602b88a,ent_9d7c7c1e54e0d5ebd992c04fc74f96e1,INVOLVES,200
evt_58ae4594d59c030cf2c8d276d602b88a,ent_e1aa27557fc873c9cd1ef326424a6fef,INVOLVES,200
evt_58ae4594d59c030cf2c8d276d602b88a,ent_b964d3484c4782cf979e982acea538d9,INVOLVES,200
evt_d2397ad2118177a4c9d981a7ea54968b,ent_9d7c7c1e54e0d5ebd992c04fc74f96e1,INVOLVES,200
evt_d2397ad2118177a4c9d981a7ea54968b,ent_e1aa27557fc873c9cd1ef326424a6fef,INVOLVES,200
evt_d2397ad2118177a4c9d981a7ea54968b,ent_b964d3484c4782cf979e982acea538d9,INVOLVES,200
evt_7dc36f22b3ba38f98a90fe2dc481f52a,ent_9d7c7c1e54e0d5ebd992c04fc74f96e1,INVOLVES,200
evt_7dc36f22b3ba38f98a90fe2dc481f52a,ent_efcea41751696d7564207ab9bfeb8fff,INVOLVES,200
evt_209335d84cc9d9fcdd7315fd6f4b0f39,ent_62d1989dfa3cee9fc877b62526e90467,INVOLVES,200
evt_209335d84cc9d9fcdd7315fd6f4b0f39,ent_949fd10135ec120869f7061c1bb45275,INVOLVES,200
evt_209335d84cc9d9fcdd7315fd6f4b0f39,ent_b249543da9a9cc0f3aa4f702c67fb98f,INVOLVES,200
evt_0b255d570d91ae3d5a7110cda07c1c22,ent_62d1989dfa3cee9fc877b62526e90467,INVOLVES,200
evt_0b255d570d91ae3d5a7110cda07c1c22,ent_949fd10135ec120869f7061c1bb45275,INVOLVES,200
evt_0b255d570d91ae3d5a7110cda07c1c22,ent_b249543da9a9cc0f3aa4f702c67fb98f,INVOLVES,200
evt_f5697bf2e9c1232ff3c50155802d4e66,ent_62d1989dfa3cee9fc877b62526e90467,INVOLVES,200
evt_f5697bf2e9c1232ff3c50155802d4e66,ent_949fd10135ec120869f7061c1bb45275,INVOLVES,200
evt_f5697bf2e9c1232ff3c50155802d4e66,ent_b249543da9a9cc0f3aa4f702c67fb98f,INVOLVES,200
evt_842a0d1f295ab5e9016aa321e1bd5a16,ent_62d1989dfa3cee9fc877b62526e90467,INVOLVES,200
evt_842a0d1f295ab5e9016aa321e1bd5a16,ent_949fd10135ec120869f7061c1bb45275,INVOLVES,200
evt_842a0d1f295ab5e9016aa321e1bd5a16,ent_b249543da9a9cc0f3aa4f702c67fb98f,INVOLVES,200
evt_5787f9ffbeee07993e0f921f60d26684,ent_62d1989dfa3cee9fc877b62526e90467,INVOLVES,200
evt_5787f9ffbeee07993e0f921f60d26684,ent_949fd10135ec120869f7061c1bb45275,INVOLVES,200
evt_5787f9ffbeee07993e0f921f60d26684,ent_b249543da9a9cc0f3aa4f702c67fb98f,INVOLVES,200
evt_02ff63e79709accfe161c759042cade0,ent_62d1989dfa3cee9fc877b62526e90467,INVOLVES,200
evt_02ff63e79709accfe161c759042cade0,ent_949fd10135ec120869f7061c1bb45275,INVOLVES,200
evt_02ff63e79709accfe161c759042cade0,ent_b249543da9a9cc0f3aa4f702c67fb98f,INVOLVES,200
evt_5fb64a0b432c7eb8e9f644332dcfcd02,ent_02349980bba8ce563cdf709f74f96fc1,INVOLVES,200
evt_5fb64a0b432c7eb8e9f644332dcfcd02,ent_2a6d3686110703bc69da3220c6ee6b5f,INVOLVES,200
evt_5fb64a0b432c7eb8e9f644332dcfcd02,ent_41ad1a6153867dcd2a224d12db09353b,INVOLVES,200
evt_5fb64a0b432c7eb8e9f644332dcfcd02,ent_d08705096242666df1a1dd813e3e6f96,INVOLVES,200
evt_5fb64a0b432c7eb8e9f644332dcfcd02,ent_e45750164c2bd2174976cad8bc0ee001,INVOLVES,200
evt_a053f519c920c8a80982c697875f69ca,ent_02349980bba8ce563cdf709f74f96fc1,INVOLVES,200
evt_a053f519c920c8a80982c697875f69ca,ent_2a6d3686110703bc69da3220c6ee6b5f,INVOLVES,200
evt_a053f519c920c8a80982c697875f69ca,ent_41ad1a6153867dcd2a224d12db09353b,INVOLVES,200
evt_a053f519c920c8a80982c697875f69ca,ent_d08705096242666df1a1dd813e3e6f96,INVOLVES,200
evt_a053f519c920c8a80982c697875f69ca,ent_e45750164c2bd2174976cad8bc0ee001,INVOLVES,200
evt_af3da91e2422976fb7941a52c24e21a2,ent_c0f55ce1b238ee8ab8c9a9d0edfe6a01,INVOLVES,200
evt_af3da91e2422976fb7941a52c24e21a2,ent_686283728d7c6df9659092d0a8ef3e2e,INVOLVES,200
evt_2a7a7a14650ac86ebe367c5a03067aa3,ent_aae4f743ee8aef0778f4cb20ca6f8a79,INVOLVES,200
evt_2a7a7a14650ac86ebe367c5a03067aa3,ent_6ca7a45744461625d1973f2ef87f4f08,INVOLVES,200
evt_2a7a7a14650ac86ebe367c5a03067aa3,ent_8ecbf28c3225a26eb9aee9d7e3637f13,INVOLVES,200
evt_2737c3bd23ca6bd18ce941d8d88304bf,ent_aae4f743ee8aef0778f4cb20ca6f8a79,INVOLVES,200
evt_2737c3bd23ca6bd18ce941d8d88304bf,ent_6ca7a45744461625d1973f2ef87f4f08,INVOLVES,200
evt_2737c3bd23ca6bd18ce941d8d88304bf,ent_8ecbf28c3225a26eb9aee9d7e3637f13,INVOLVES,200
evt_0e97cb7b1132e43222f2aab9c4240d80,ent_e77bfe09df87dcf81193f1fc0f36b482,INVOLVES,200
evt_0e97cb7b1132e43222f2aab9c4240d80,ent_14699376b3cfd3c52cdfdc6c5ad3b2de,INVOLVES,200
evt_049f64306dcfb18aa8ae1b5c57af6a59,ent_02349980bba8ce563cdf709f74f96fc1,INVOLVES,200
evt_049f64306dcfb18aa8ae1b5c57af6a59,ent_9da0ab3c4dd6c335b87a5f170d0d805b,INVOLVES,200
evt_049f64306dcfb18aa8ae1b5c57af6a59,ent_2a6d3686110703bc69da3220c6ee6b5f,INVOLVES,200
evt_049f64306dcfb18aa8ae1b5c57af6a59,ent_d36b13410347d500de53637c8b77e430,INVOLVES,200
evt_06c14cefe19260fd6b278aa7b0fb1b18,ent_02349980bba8ce563cdf709f74f96fc1,INVOLVES,200
evt_06c14cefe19260fd6b278aa7b0fb1b18,ent_9da0ab3c4dd6c335b87a5f170d0d805b,INVOLVES,200
evt_06c14cefe19260fd6b278aa7b0fb1b18,ent_2a6d3686110703bc69da3220c6ee6b5f,INVOLVES,200
evt_06c14cefe19260fd6b278aa7b0fb1b18,ent_d36b13410347d500de53637c8b77e430,INVOLVES,200
evt_9b541feab5d9460333d40f5bd21635b1,ent_36030635e3ecfc9d94c27ee853e9890e,INVOLVES,200
evt_c3ad5c136e1c253fa440e4d8e1603fae,ent_0739edb73730228319be70c5cbb1e17d,INVOLVES,200
evt_c3ad5c136e1c253fa440e4d8e1603fae,ent_b786549babb631f4668037147ed6d369,INVOLVES,200
evt_c3ad5c136e1c253fa440e4d8e1603fae,ent_0d49a53868b32e2474c88d3bd3f0cf3d,INVOLVES,200
evt_140547377b0f3144b4b6984ba514fd20,ent_0739edb73730228319be70c5cbb1e17d,INVOLVES,200
evt_140547377b0f3144b4b6984ba514fd20,ent_b786549babb631f4668037147ed6d369,INVOLVES,200
evt_140547377b0f3144b4b6984ba514fd20,ent_0d49a53868b32e2474c88d3bd3f0cf3d,INVOLVES,200
evt_6a693dd3c40c2a756a7b1a0164b199cb,ent_0739edb73730228319be70c5cbb1e17d,INVOLVES,200
evt_6a693dd3c40c2a756a7b1a0164b199cb,ent_b786549babb631f4668037147ed6d369,INVOLVES,200
evt_6a693dd3c40c2a756a7b1a0164b199cb,ent_0d49a53868b32e2474c88d3bd3f0cf3d,INVOLVES,200
evt_6a8ca8361d0338bc2138e2754bcc95c3,ent_42fff9d11c7a3726668cb9bbf0936e47,INVOLVES,200
evt_6a8ca8361d0338bc2138e2754bcc95c3,ent_8609b1088fec889c0568cce0745326aa,INVOLVES,200
evt_6a8ca8361d0338bc2138e2754bcc95c3,ent_c0325a5515a30625a4face7d91b8c5d6,INVOLVES,200
evt_6a8ca8361d0338bc2138e2754bcc95c3,ent_972f177e4975a72e5a529ea9956827ed,INVOLVES,200
evt_6a8ca8361d0338bc2138e2754bcc95c3,ent_a4856edb8a9f711c201c227e64b0d2f7,INVOLVES,200
evt_8f2b25bb124ebe275ec554bf1fe57712,ent_02349980bba8ce563cdf709f74f96fc1,INVOLVES,200
evt_8f2b25bb124ebe275ec554bf1fe57712,ent_312642cda4a86945e21c6ab3175203ec,INVOLVES,200
evt_8f2b25bb124ebe275ec554bf1fe57712,ent_56223953b1be983c383865d5576bb10a,INVOLVES,200
evt_f0e6b84056a5260999eef41b8ce833e6,ent_02349980bba8ce563cdf709f74f96fc1,INVOLVES,200
evt_f0e6b84056a5260999eef41b8ce833e6,ent_312642cda4a86945e21c6ab3175203ec,INVOLVES,200
evt_f0e6b84056a5260999eef41b8ce833e6,ent_56223953b1be983c383865d5576bb10a,INVOLVES,200
evt_3ee90ae31cadf13a54ba1a199baf7fd1,ent_02349980bba8ce563cdf709f74f96fc1,INVOLVES,200
evt_3ee90ae31cadf13a54ba1a199baf7fd1,ent_312642cda4a86945e21c6ab3175203ec,INVOLVES,200
evt_3ee90ae31cadf13a54ba1a199baf7fd1,ent_56223953b1be983c383865d5576bb10a,INVOLVES,200
evt_d8bf716ac4b31aa960cca7619e543ddc,ent_3b392a30355d48183ff62aa70a26ac27,INVOLVES,200
evt_d8bf716ac4b31aa960cca7619e543ddc,ent_686283728d7c6df9659092d0a8ef3e2e,INVOLVES,200
evt_d8bf716ac4b31aa960cca7619e543ddc,ent_427124eb4c6f6d0af91847a4cea4abcc,INVOLVES,200
evt_d8bf716ac4b31aa960cca7619e543ddc,ent_7cdfe2efced81fb87017a9c0ff04a609,INVOLVES,200
evt_7bf04181e8f20de6b36e3ac4d6cc1adf,ent_9d7c7c1e54e0d5ebd992c04fc74f96e1,INVOLVES,200
evt_7bf04181e8f20de6b36e3ac4d6cc1adf,ent_1f566db4d2cd7698cecaf043f73a965b,INVOLVES,200
evt_7bf04181e8f20de6b36e3ac4d6cc1adf,ent_82d68d4ed2c29016a2d058ea9d5214e1,INVOLVES,200
evt_68fa048fcf38fa18a88d3aa8ca461091,ent_9d7c7c1e54e0d5ebd992c04fc74f96e1,INVOLVES,200
evt_68fa048fcf38fa18a88d3aa8ca461091,ent_0585370dfc155ad02f40b8c59efe394e,INVOLVES,200
evt_68fa048fcf38fa18a88d3aa8ca461091,ent_d2d5daf2ac72c43bed3a4239b6376c7a,INVOLVES,200
evt_68fa048fcf38fa18a88d3aa8ca461091,ent_9c6f98f7a0a71acca0d2aea76aee6e23,INVOLVES,200
evt_3604e028b446072de70cd126f744bce1,ent_9d7c7c1e54e0d5ebd992c04fc74f96e1,INVOLVES,200
evt_3604e028b446072de70cd126f744bce1,ent_0585370dfc155ad02f40b8c59efe394e,INVOLVES,200
evt_3604e028b446072de70cd126f744bce1,ent_d2d5daf2ac72c43bed3a4239b6376c7a,INVOLVES,200
evt_3604e028b446072de70cd126f744bce1,ent_9c6f98f7a0a71acca0d2aea76aee6e23,INVOLVES,200
evt_130b1657701fca5c7a8f3919d7b8bb4c,ent_9d7c7c1e54e0d5ebd992c04fc74f96e1,INVOLVES,200
evt_130b1657701fca5c7a8f3919d7b8bb4c,ent_9c6f98f7a0a71acca0d2aea76aee6e23,INVOLVES,200
evt_130b1657701fca5c7a8f3919d7b8bb4c,ent_82d68d4ed2c29016a2d058ea9d5214e1,INVOLVES,200
evt_6b02cf5559af072782663d4bf99e5a6e,ent_9d7c7c1e54e0d5ebd992c04fc74f96e1,INVOLVES,200
evt_6b02cf5559af072782663d4bf99e5a6e,ent_9c6f98f7a0a71acca0d2aea76aee6e23,INVOLVES,200
evt_6b02cf5559af072782663d4bf99e5a6e,ent_82d68d4ed2c29016a2d058ea9d5214e1,INVOLVES,200
evt_5c5815eb91a8c7ec8026ff969557b415,ent_9d7c7c1e54e0d5ebd992c04fc74f96e1,INVOLVES,200
evt_5c5815eb91a8c7ec8026ff969557b415,ent_9c6f98f7a0a71acca0d2aea76aee6e23,INVOLVES,200
evt_5c5815eb91a8c7ec8026ff969557b415,ent_82d68d4ed2c29016a2d058ea9d5214e1,INVOLVES,200
evt_8cecef0eccfcfb10622d8c952b57aed6,ent_0d05c98717c49eebbf5911089efc09d8,INVOLVES,200
evt_8cecef0eccfcfb10622d8c952b57aed6,ent_efcea41751696d7564207ab9bfeb8fff,INVOLVES,200
evt_8cecef0eccfcfb10622d8c952b57aed6,ent_02349980bba8ce563cdf709f74f96fc1,INVOLVES,200
evt_8cecef0eccfcfb10622d8c952b57aed6,ent_214163861ed8ac3fdfdb4674bf5536af,INVOLVES,200
evt_8cecef0eccfcfb10622d8c952b57aed6,ent_d36b13410347d500de53637c8b77e430,INVOLVES,200
evt_fc4a1f10f2442dddb82b12194a4d06c6,ent_0d05c98717c49eebbf5911089efc09d8,INVOLVES,200
evt_fc4a1f10f2442dddb82b12194a4d06c6,ent_efcea41751696d7564207ab9bfeb8fff,INVOLVES,200
evt_fc4a1f10f2442dddb82b12194a4d06c6,ent_02349980bba8ce563cdf709f74f96fc1,INVOLVES,200
evt_fc4a1f10f2442dddb82b12194a4d06c6,ent_214163861ed8ac3fdfdb4674bf5536af,INVOLVES,200
evt_fc4a1f10f2442dddb82b12194a4d06c6,ent_d36b13410347d500de53637c8b77e430,INVOLVES,200
evt_8b7a92134bfbd1a94844b868829cfd33,ent_0d05c98717c49eebbf5911089efc09d8,INVOLVES,200
evt_8b7a92134bfbd1a94844b868829cfd33,ent_efcea41751696d7564207ab9bfeb8fff,INVOLVES,200
evt_8b7a92134bfbd1a94844b868829cfd33,ent_02349980bba8ce563cdf709f74f96fc1,INVOLVES,200
evt_8b7a92134bfbd1a94844b868829cfd33,ent_214163861ed8ac3fdfdb4674bf5536af,INVOLVES,200
evt_8b7a92134bfbd1a94844b868829cfd33,ent_d36b13410347d500de53637c8b77e430,INVOLVES,200
evt_b30057d4637432a2eab5c63b424f7467,ent_06476b735ac260b9eff5423b7d5c97e9,INVOLVES,200
evt_b30057d4637432a2eab5c63b424f7467,ent_2a6d3686110703bc69da3220c6ee6b5f,INVOLVES,200
evt_b30057d4637432a2eab5c63b424f7467,ent_f20011e5270666592304898988523261,INVOLVES,200
evt_b30057d4637432a2eab5c63b424f7467,ent_09654ed4944a7289f941860ba8c5748f,INVOLVES,200
evt_23acf3ecd58b6ff3a34fb2b8f8ad6085,ent_06476b735ac260b9eff5423b7d5c97e9,INVOLVES,200
evt_23acf3ecd58b6ff3a34fb2b8f8ad6085,ent_2a6d3686110703bc69da3220c6ee6b5f,INVOLVES,200
evt_23acf3ecd58b6ff3a34fb2b8f8ad6085,ent_f20011e5270666592304898988523261,INVOLVES,200
evt_23acf3ecd58b6ff3a34fb2b8f8ad6085,ent_09654ed4944a7289f941860ba8c5748f,INVOLVES,200
evt_6f8e5188c52277dbf37b9808dbe853a6,ent_b91826e120405748d84d092f6c17437a,INVOLVES,200
evt_6f8e5188c52277dbf37b9808dbe853a6,ent_69ec4cbb98876f329a8e6508fdaf7fd8,INVOLVES,200
evt_6f8e5188c52277dbf37b9808dbe853a6,ent_4cab5ca06bcefea9c81bc7968053b01f,INVOLVES,200
evt_6f8e5188c52277dbf37b9808dbe853a6,ent_bbf0579997e0e8af2bd69d26c024d2c4,INVOLVES,200
evt_30255df4cc1057967a893d3a5db20dbe,ent_b91826e120405748d84d092f6c17437a,INVOLVES,200
evt_30255df4cc1057967a893d3a5db20dbe,ent_69ec4cbb98876f329a8e6508fdaf7fd8,INVOLVES,200
evt_30255df4cc1057967a893d3a5db20dbe,ent_4cab5ca06bcefea9c81bc7968053b01f,INVOLVES,200
evt_30255df4cc1057967a893d3a5db20dbe,ent_bbf0579997e0e8af2bd69d26c024d2c4,INVOLVES,200
evt_4fa317813b7d8432719ae89f4848cfd4,ent_c2f26eaf30aad4d2511d7334a03ce3e7,INVOLVES,200
evt_4fa317813b7d8432719ae89f4848cfd4,ent_15ceceeecdd14244d979201973e13a86,INVOLVES,200
evt_4fa317813b7d8432719ae89f4848cfd4,ent_81156ca39b21b8cd4fcd90d0aa3384f2,INVOLVES,200
evt_1dc97cb453c968363e61dc986e5566ba,ent_1073d715f616956b92ae22f6d48bc427,INVOLVES,200
evt_1dc97cb453c968363e61dc986e5566ba,ent_14699376b3cfd3c52cdfdc6c5ad3b2de,INVOLVES,200
evt_1dc97cb453c968363e61dc986e5566ba,ent_8a28b07c35dd0a5e2500f0798b39412f,INVOLVES,200
evt_b4816b88b07aa172624bcfd463fb88f6,ent_1073d715f616956b92ae22f6d48bc427,INVOLVES,200
evt_b4816b88b07aa172624bcfd463fb88f6,ent_14699376b3cfd3c52cdfdc6c5ad3b2de,INVOLVES,200
evt_b4816b88b07aa172624bcfd463fb88f6,ent_8a28b07c35dd0a5e2500f0798b39412f,INVOLVES,200
evt_8999f74cf3d8ced69040127a02c5b25d,ent_1bb9abdca60ca1b28ee869ddf7da4e10,INVOLVES,200
evt_8999f74cf3d8ced69040127a02c5b25d,ent_fb521437cfc9842da5dec06cf7e657d3,INVOLVES,200
evt_8999f74cf3d8ced69040127a02c5b25d,ent_73fdee9a5dae370a7d065b9c5fa8e45c,INVOLVES,200
evt_8999f74cf3d8ced69040127a02c5b25d,ent_f9a78824bd4149b754acffa764b4c564,INVOLVES,200
evt_8999f74cf3d8ced69040127a02c5b25d,ent_ae01053901e3265b3e76e5cfa81709f8,INVOLVES,200
evt_d6cabff12bde85c476be4f36021c7cc5,ent_1bb9abdca60ca1b28ee869ddf7da4e10,INVOLVES,200
evt_d6cabff12bde85c476be4f36021c7cc5,ent_fb521437cfc9842da5dec06cf7e657d3,INVOLVES,200
evt_d6cabff12bde85c476be4f36021c7cc5,ent_73fdee9a5dae370a7d065b9c5fa8e45c,INVOLVES,200
evt_d6cabff12bde85c476be4f36021c7cc5,ent_f9a78824bd4149b754acffa764b4c564,INVOLVES,200
evt_d6cabff12bde85c476be4f36021c7cc5,ent_ae01053901e3265b3e76e5cfa81709f8,INVOLVES,200
evt_d88f66780f17c1d2d047d7a972248c71,ent_1bb9abdca60ca1b28ee869ddf7da4e10,INVOLVES,200
evt_d88f66780f17c1d2d047d7a972248c71,ent_fb521437cfc9842da5dec06cf7e657d3,INVOLVES,200
evt_d88f66780f17c1d2d047d7a972248c71,ent_73fdee9a5dae370a7d065b9c5fa8e45c,INVOLVES,200
evt_d88f66780f17c1d2d047d7a972248c71,ent_f9a78824bd4149b754acffa764b4c564,INVOLVES,200
evt_d88f66780f17c1d2d047d7a972248c71,ent_ae01053901e3265b3e76e5cfa81709f8,INVOLVES,200
evt_9c00e99663bfd44b2449a0be375d8243,ent_5e59ad66759572621fabc25e69be6f72,INVOLVES,200
evt_9c00e99663bfd44b2449a0be375d8243,ent_2f729a91a5a8d01650c9afa8b0721bd3,INVOLVES,200
evt_9c00e99663bfd44b2449a0be375d8243,ent_2a6d3686110703bc69da3220c6ee6b5f,INVOLVES,200
evt_9c00e99663bfd44b2449a0be375d8243,ent_5d603652353ec0e16fd4866a173a5f3c,INVOLVES,200
evt_e97b5db4e8cdfe7e9e0fc274ebae07f7,ent_58f3247d14059658b7316da98569ab34,INVOLVES,200
evt_e97b5db4e8cdfe7e9e0fc274ebae07f7,ent_7028b4fcc1b2c114967a75d96185982b,INVOLVES,200
evt_e97b5db4e8cdfe7e9e0fc274ebae07f7,ent_e6f1eb65e64de3630b964a015896189e,INVOLVES,200
evt_e97b5db4e8cdfe7e9e0fc274ebae07f7,ent_81792f5ca8435b9e55045b7fdc1b961d,INVOLVES,200
evt_e97b5db4e8cdfe7e9e0fc274ebae07f7,ent_c2f26eaf30aad4d2511d7334a03ce3e7,INVOLVES,200
evt_55a41494351217597640e33be7df3997,ent_58f3247d14059658b7316da98569ab34,INVOLVES,200
evt_55a41494351217597640e33be7df3997,ent_7028b4fcc1b2c114967a75d96185982b,INVOLVES,200
evt_55a41494351217597640e33be7df3997,ent_e6f1eb65e64de3630b964a015896189e,INVOLVES,200
evt_55a41494351217597640e33be7df3997,ent_81792f5ca8435b9e55045b7fdc1b961d,INVOLVES,200
evt_55a41494351217597640e33be7df3997,ent_c2f26eaf30aad4d2511d7334a03ce3e7,INVOLVES,200
evt_bf8aabd5010d38393b575b18b175f4f9,ent_0d05c98717c49eebbf5911089efc09d8,INVOLVES,200
evt_bf8aabd5010d38393b575b18b175f4f9,ent_02349980bba8ce563cdf709f74f96fc1,INVOLVES,200
evt_bf8aabd5010d38393b575b18b175f4f9,ent_0eecfd1e8eb0d1e1c39c767906095157,INVOLVES,200
evt_bf8aabd5010d38393b575b18b175f4f9,ent_312642cda4a86945e21c6ab3175203ec,INVOLVES,200
evt_5acd9ab387e378a8a4122a722238c621,ent_ad9a7a2dba4c9b7c586cabba310522eb,INVOLVES,200
evt_5acd9ab387e378a8a4122a722238c621,ent_2a883e9e3b06845fa2fda28144d1cfc4,INVOLVES,200
evt_5acd9ab387e378a8a4122a722238c621,ent_d8161c0e4143b5786e79b372ecdbc33b,INVOLVES,200
evt_73925af1e6814e75a59e7b534f30aa1d,ent_ad9a7a2dba4c9b7c586cabba310522eb,INVOLVES,200
evt_73925af1e6814e75a59e7b534f30aa1d,ent_2a883e9e3b06845fa2fda28144d1cfc4,INVOLVES,200
evt_73925af1e6814e75a59e7b534f30aa1d,ent_d8161c0e4143b5786e79b372ecdbc33b,INVOLVES,200
evt_ff8fe995e990e506fe482d64eee92648,ent_ad9a7a2dba4c9b7c586cabba310522eb,INVOLVES,200
evt_ff8fe995e990e506fe482d64eee92648,ent_2a883e9e3b06845fa2fda28144d1cfc4,INVOLVES,200
evt_ff8fe995e990e506fe482d64eee92648,ent_d8161c0e4143b5786e79b372ecdbc33b,INVOLVES,200
evt_95d1878021be1ef971d1a875fd2d5bd1,ent_ad9a7a2dba4c9b7c586cabba310522eb,INVOLVES,200
evt_95d1878021be1ef971d1a875fd2d5bd1,ent_2a883e9e3b06845fa2fda28144d1cfc4,INVOLVES,200
evt_95d1878021be1ef971d1a875fd2d5bd1,ent_d8161c0e4143b5786e79b372ecdbc33b,INVOLVES,200
evt_9c31224c1b1d7acf3cecda533d35b3c9,ent_c9325cfdf84f7ea0f7c472be12fd116a,INVOLVES,200
evt_9c31224c1b1d7acf3cecda533d35b3c9,ent_dbfd57c6bb2ec063a55d56c66e86bb8f,INVOLVES,200
evt_9c31224c1b1d7acf3cecda533d35b3c9,ent_73cb9346d4c28ed7183e400772654b27,INVOLVES,200
evt_9c31224c1b1d7acf3cecda533d35b3c9,ent_5a7e16494888a8bebc43bff713c3086d,INVOLVES,200
evt_c46e2137e6230b8f10efe7f7f0900d7d,ent_2a6d3686110703bc69da3220c6ee6b5f,INVOLVES,200
evt_c46e2137e6230b8f10efe7f7f0900d7d,ent_5e59ad66759572621fabc25e69be6f72,INVOLVES,200
evt_c46e2137e6230b8f10efe7f7f0900d7d,ent_92fac42844165d10d7997368d174d44c,INVOLVES,200
evt_c46e2137e6230b8f10efe7f7f0900d7d,ent_2b4da846ceb3fb791e7085aff5e20a1b,INVOLVES,200
evt_c46e2137e6230b8f10efe7f7f0900d7d,ent_9f922e365887920d774f90821a4d0a16,INVOLVES,200
evt_923907a5096e18ce52287d65b3373894,ent_2a6d3686110703bc69da3220c6ee6b5f,INVOLVES,200
evt_923907a5096e18ce52287d65b3373894,ent_5e59ad66759572621fabc25e69be6f72,INVOLVES,200
evt_923907a5096e18ce52287d65b3373894,ent_92fac42844165d10d7997368d174d44c,INVOLVES,200
evt_923907a5096e18ce52287d65b3373894,ent_2b4da846ceb3fb791e7085aff5e20a1b,INVOLVES,200
evt_923907a5096e18ce52287d65b3373894,ent_9f922e365887920d774f90821a4d0a16,INVOLVES,200
evt_2cb1a1989daf216c61a51adae6f63159,ent_3616f2d2158a75379c290d51cfa45b63,INVOLVES,200
evt_2cb1a1989daf216c61a51adae6f63159,ent_376d68d04368f8e02a91ee5f08533196,INVOLVES,200
evt_2cb1a1989daf216c61a51adae6f63159,ent_ca671c970dabf71680492f37c52341ea,INVOLVES,200
evt_ae50f817f59585a96d9e264e824832c7,ent_4593c89c39e00fca49c0a31806c0bea6,INVOLVES,200
evt_ae50f817f59585a96d9e264e824832c7,ent_db5a9c62676a3e672eb935973e7963b1,INVOLVES,200
evt_ae50f817f59585a96d9e264e824832c7,ent_91fde4e45c82d6742bcc2ad1a3ec7a5f,INVOLVES,200
evt_c63383969573b2546352475acbf891fc,ent_4593c89c39e00fca49c0a31806c0bea6,INVOLVES,200
evt_c63383969573b2546352475acbf891fc,ent_db5a9c62676a3e672eb935973e7963b1,INVOLVES,200
evt_c63383969573b2546352475acbf891fc,ent_91fde4e45c82d6742bcc2ad1a3ec7a5f,INVOLVES,200
evt_06444f8c55e499b541bd13b4a9a16717,ent_2a6d3686110703bc69da3220c6ee6b5f,INVOLVES,200
evt_db8cce24f6f779384fd23bde44b31186,ent_2a6d3686110703bc69da3220c6ee6b5f,INVOLVES,200
evt_01c63521b4814824d69df85744f3afed,ent_2eba41b24a4f72387f21a5c5c64d556f,INVOLVES,200
evt_01c63521b4814824d69df85744f3afed,ent_0acd2124ad69851e7df8cf7bf44eadee,INVOLVES,200
evt_25534cd20d6cfd9693b0863cc8d33f9c,ent_2eba41b24a4f72387f21a5c5c64d556f,INVOLVES,200
evt_25534cd20d6cfd9693b0863cc8d33f9c,ent_0acd2124ad69851e7df8cf7bf44eadee,INVOLVES,200
evt_dfd32b3f43bc8049c7f47b12e8b393aa,ent_02349980bba8ce563cdf709f74f96fc1,INVOLVES,200
evt_dfd32b3f43bc8049c7f47b12e8b393aa,ent_312642cda4a86945e21c6ab3175203ec,INVOLVES,200
evt_dfd32b3f43bc8049c7f47b12e8b393aa,ent_f543037423cfd641f0235935577e0b4e,INVOLVES,200
evt_dfd32b3f43bc8049c7f47b12e8b393aa,ent_5e1c306758433974396e4a603175ac22,INVOLVES,200
evt_dd7372b79d0f720efec9823fb4d43c93,ent_02349980bba8ce563cdf709f74f96fc1,INVOLVES,200
evt_dd7372b79d0f720efec9823fb4d43c93,ent_312642cda4a86945e21c6ab3175203ec,INVOLVES,200
evt_dd7372b79d0f720efec9823fb4d43c93,ent_f543037423cfd641f0235935577e0b4e,INVOLVES,200
evt_dd7372b79d0f720efec9823fb4d43c93,ent_5e1c306758433974396e4a603175ac22,INVOLVES,200
evt_4d89f6387f364e286c6dd89667eaa483,ent_638d344b80b5ff90e19946c1d56c201e,INVOLVES,200
evt_4d89f6387f364e286c6dd89667eaa483,ent_6b68c9e686f32bf9d1d21c93b102a0c4,INVOLVES,200
evt_4d89f6387f364e286c6dd89667eaa483,ent_7cc89791ea672f7c7c312921af3777f3,INVOLVES,200
evt_d4f3f1cb8e34b3a1e50e010351503ec5,ent_67ed4dba57d555ce0ec37d39fbdc5690,INVOLVES,200
evt_d4f3f1cb8e34b3a1e50e010351503ec5,ent_634d30f1d295382071bc70b8e883717b,INVOLVES,200
evt_905aee0f28baae28ee3cb67a09e111a1,ent_67ed4dba57d555ce0ec37d39fbdc5690,INVOLVES,200
evt_905aee0f28baae28ee3cb67a09e111a1,ent_634d30f1d295382071bc70b8e883717b,INVOLVES,200
evt_7495dbc775821c6a8fcdcb9455cd6ed8,ent_67ed4dba57d555ce0ec37d39fbdc5690,INVOLVES,200
evt_7495dbc775821c6a8fcdcb9455cd6ed8,ent_634d30f1d295382071bc70b8e883717b,INVOLVES,200
evt_dabbff3f23837245bd6a63280a230ecc,ent_d1038e461d8e9dba3754cbf975eb84df,INVOLVES,200
evt_dabbff3f23837245bd6a63280a230ecc,ent_d2d29e5d086d3413e98e75356c80fa1e,INVOLVES,200
evt_dabbff3f23837245bd6a63280a230ecc,ent_2b4da846ceb3fb791e7085aff5e20a1b,INVOLVES,200
evt_cf09103215f21f93fccdcee742f55dac,ent_d1038e461d8e9dba3754cbf975eb84df,INVOLVES,200
evt_cf09103215f21f93fccdcee742f55dac,ent_d2d29e5d086d3413e98e75356c80fa1e,INVOLVES,200
evt_cf09103215f21f93fccdcee742f55dac,ent_2b4da846ceb3fb791e7085aff5e20a1b,INVOLVES,200
evt_8fb11177825d8eaff4b63cf063dc1499,ent_d1038e461d8e9dba3754cbf975eb84df,INVOLVES,200
evt_8fb11177825d8eaff4b63cf063dc1499,ent_d2d29e5d086d3413e98e75356c80fa1e,INVOLVES,200
evt_8fb11177825d8eaff4b63cf063dc1499,ent_2b4da846ceb3fb791e7085aff5e20a1b,INVOLVES,200
evt_bcb182068c2acece489868e84e836983,ent_3a18d8c85870aeaa8abde9f8103063f9,INVOLVES,200
evt_bcb182068c2acece489868e84e836983,ent_84dbd73c27d3e1d8d4ff39f89f947a08,INVOLVES,200
evt_79c2bebe053ae960ae64f431aacd0399,ent_d36b13410347d500de53637c8b77e430,INVOLVES,200
evt_79c2bebe053ae960ae64f431aacd0399,ent_9da0ab3c4dd6c335b87a5f170d0d805b,INVOLVES,200
evt_79c2bebe053ae960ae64f431aacd0399,ent_9f9becccd1bbc77f14d0e3ffbb99d9e6,INVOLVES,200
evt_79c2bebe053ae960ae64f431aacd0399,ent_803260225fa43e5dab54ddf9c2daae84,INVOLVES,200
evt_79c2bebe053ae960ae64f431aacd0399,ent_3a198f25ac030c2947264e30b843c775,INVOLVES,200
evt_f3b8e8bd6f5655563224d5c7e52f5eef,ent_33291675b7c978e619744fa7a53978d2,INVOLVES,200
evt_f3b8e8bd6f5655563224d5c7e52f5eef,ent_a6b25ddfe5eed10755685a068c6fd13a,INVOLVES,200
evt_f3b8e8bd6f5655563224d5c7e52f5eef,ent_9a8d9381d310473a86fa72df8c7a3396,INVOLVES,200
evt_63febc8d2165e122a450906aca7a46ad,ent_33291675b7c978e619744fa7a53978d2,INVOLVES,200
evt_63febc8d2165e122a450906aca7a46ad,ent_a6b25ddfe5eed10755685a068c6fd13a,INVOLVES,200
evt_63febc8d2165e122a450906aca7a46ad,ent_9a8d9381d310473a86fa72df8c7a3396,INVOLVES,200
evt_0e932b89dbfe3ddd506ee5f8b66f1653,ent_33291675b7c978e619744fa7a53978d2,INVOLVES,200
evt_0e932b89dbfe3ddd506ee5f8b66f1653,ent_a6b25ddfe5eed10755685a068c6fd13a,INVOLVES,200
evt_0e932b89dbfe3ddd506ee5f8b66f1653,ent_9a8d9381d310473a86fa72df8c7a3396,INVOLVES,200
evt_ef17d884bb92c10c0bda7e15c3ec6cfe,ent_b2e6a5212f3219677ec3bd4da54ca90a,INVOLVES,200
evt_ef17d884bb92c10c0bda7e15c3ec6cfe,ent_14699376b3cfd3c52cdfdc6c5ad3b2de,INVOLVES,200
evt_ef17d884bb92c10c0bda7e15c3ec6cfe,ent_1aed3ca93b402c0c5056f0a3abf821df,INVOLVES,200
evt_ef17d884bb92c10c0bda7e15c3ec6cfe,ent_889c4f970984bec668511d2394e0d54e,INVOLVES,200
evt_9a3ccd637df481d6557ca016193e27c2,ent_b2e6a5212f3219677ec3bd4da54ca90a,INVOLVES,200
evt_9a3ccd637df481d6557ca016193e27c2,ent_14699376b3cfd3c52cdfdc6c5ad3b2de,INVOLVES,200
evt_9a3ccd637df481d6557ca016193e27c2,ent_1aed3ca93b402c0c5056f0a3abf821df,INVOLVES,200
evt_9a3ccd637df481d6557ca016193e27c2,ent_889c4f970984bec668511d2394e0d54e,INVOLVES,200
evt_4cdb663785da48ceb219e88a5e171075,ent_a47b41073172fffc075ac293f3b4a110,INVOLVES,200
evt_4cdb663785da48ceb219e88a5e171075,ent_6c6b9b2cde4aa93713747e5879be47c5,INVOLVES,200
evt_4cdb663785da48ceb219e88a5e171075,ent_4b104dedc0d60a9cf644f341f7627221,INVOLVES,200
evt_4cdb663785da48ceb219e88a5e171075,ent_e39b3a846a7ea3d3e546c2ac6ac1b02f,INVOLVES,200
evt_4cdb663785da48ceb219e88a5e171075,ent_ae67b2070ac12db55cf2b0a1f9a9d557,INVOLVES,200
evt_4cdb663785da48ceb219e88a5e171075,ent_5d603652353ec0e16fd4866a173a5f3c,INVOLVES,200
evt_4cdb663785da48ceb219e88a5e171075,ent_2c151570b8f912995e90daa75779e80c,INVOLVES,200
evt_a5e16d75e75b592447a3ced24bb375ef,ent_7fe45cdb8925c0f02461dc3820436884,INVOLVES,200
evt_a5e16d75e75b592447a3ced24bb375ef,ent_29b31d7f72109996024c24eab37c4b23,INVOLVES,200
evt_636e885cadee02630b31334009c283ba,ent_2c7d43272eeb3267f4d37b92b3b1c6d0,INVOLVES,200
evt_636e885cadee02630b31334009c283ba,ent_309d2284b9e724c2d01809154dca5236,INVOLVES,200
evt_636e885cadee02630b31334009c283ba,ent_3c1ef18fe45da632b8ea7f10df09df8f,INVOLVES,200
evt_636e885cadee02630b31334009c283ba,ent_d6d4fc8036735b6a85028b35617b4cb5,INVOLVES,200
evt_636e885cadee02630b31334009c283ba,ent_14699376b3cfd3c52cdfdc6c5ad3b2de,INVOLVES,200
evt_4edad34ea41e40e86796716ccf6d4642,ent_02349980bba8ce563cdf709f74f96fc1,INVOLVES,200
evt_4edad34ea41e40e86796716ccf6d4642,ent_312642cda4a86945e21c6ab3175203ec,INVOLVES,200
evt_4edad34ea41e40e86796716ccf6d4642,ent_488b2fe6d4aacea9bbd9181d558b951a,INVOLVES,200
evt_b7bccdbc02fd055bd4125210da1fa9c8,ent_02349980bba8ce563cdf709f74f96fc1,INVOLVES,200
evt_b7bccdbc02fd055bd4125210da1fa9c8,ent_312642cda4a86945e21c6ab3175203ec,INVOLVES,200
evt_b7bccdbc02fd055bd4125210da1fa9c8,ent_488b2fe6d4aacea9bbd9181d558b951a,INVOLVES,200
evt_a968924394ce089ad82ff8039110497c,ent_4dbf0feddc249735733a7d3080a45cf5,INVOLVES,200
evt_a968924394ce089ad82ff8039110497c,ent_d36b13410347d500de53637c8b77e430,INVOLVES,200
evt_a968924394ce089ad82ff8039110497c,ent_adafd11128e9f209cb13a62c67f4a2b4,INVOLVES,200
evt_a968924394ce089ad82ff8039110497c,ent_bab41f4da430bd439eafd667836cbe87,INVOLVES,200
evt_a968924394ce089ad82ff8039110497c,ent_02349980bba8ce563cdf709f74f96fc1,INVOLVES,200
evt_d3d963b274d90c9d37ece9e4133af3b6,ent_2a6d3686110703bc69da3220c6ee6b5f,INVOLVES,200
evt_d3d963b274d90c9d37ece9e4133af3b6,ent_a45787066de4f449cf1aade713430ec1,INVOLVES,200
evt_d3d963b274d90c9d37ece9e4133af3b6,ent_4656fcf18d57154512fe2e49e6f06d7f,INVOLVES,200
evt_d3d963b274d90c9d37ece9e4133af3b6,ent_3f55434dd1878e3f4afda021ab62f803,INVOLVES,200
evt_d3d963b274d90c9d37ece9e4133af3b6,ent_ba940b8b744b507b695c1697e5680698,INVOLVES,200
evt_d91a6c151aba78044d21c29972dab2c1,ent_d404956aa47366028d5b4eb1d2843bd2,INVOLVES,200
evt_d91a6c151aba78044d21c29972dab2c1,ent_c1b310239c13a947fd9598bf2e2724af,INVOLVES,200
evt_d91a6c151aba78044d21c29972dab2c1,ent_943636b941dc2a7ad3e03d1b8abca511,INVOLVES,200
evt_d91a6c151aba78044d21c29972dab2c1,ent_3e66247131124c27a0f6074d01ee8803,INVOLVES,200
evt_d91a6c151aba78044d21c29972dab2c1,ent_946e3886218719e6de2ab8af55542cf9,INVOLVES,200
evt_d91a6c151aba78044d21c29972dab2c1,ent_ff63d0cb98b84a46198875050bf67376,INVOLVES,200
evt_91730822e38d0bb06868b84dc0f83fb6,ent_4601d7a42a8c07d47a95b40bc855d6f7,INVOLVES,200
evt_91730822e38d0bb06868b84dc0f83fb6,ent_aa57bef0956bb65832029f29178d02ee,INVOLVES,200
evt_91730822e38d0bb06868b84dc0f83fb6,ent_2a6d3686110703bc69da3220c6ee6b5f,INVOLVES,200
evt_91730822e38d0bb06868b84dc0f83fb6,ent_2b96431769a7d7202b7c32aaab155cef,INVOLVES,200
evt_91730822e38d0bb06868b84dc0f83fb6,ent_3d756d26be9bb6cc5343ebcef63d202e,INVOLVES,200
evt_91730822e38d0bb06868b84dc0f83fb6,ent_1678c97bf0c76c8d42a8ddd2d66144b9,INVOLVES,200
evt_91730822e38d0bb06868b84dc0f83fb6,ent_214b9a1a9d70e8f7f50f8abc8bae8a33,INVOLVES,200
evt_91730822e38d0bb06868b84dc0f83fb6,ent_42c5ff80c7eaff3d518913fb94b3c60f,INVOLVES,200
evt_91730822e38d0bb06868b84dc0f83fb6,ent_08497ef86c547402f21364dd038517c7,INVOLVES,200
evt_2eda84ed49065ecf9a2bb0e1cd07329a,ent_4601d7a42a8c07d47a95b40bc855d6f7,INVOLVES,200
evt_2eda84ed49065ecf9a2bb0e1cd07329a,ent_aa57bef0956bb65832029f29178d02ee,INVOLVES,200
evt_2eda84ed49065ecf9a2bb0e1cd07329a,ent_2a6d3686110703bc69da3220c6ee6b5f,INVOLVES,200
evt_2eda84ed49065ecf9a2bb0e1cd07329a,ent_2b96431769a7d7202b7c32aaab155cef,INVOLVES,200
evt_2eda84ed49065ecf9a2bb0e1cd07329a,ent_3d756d26be9bb6cc5343ebcef63d202e,INVOLVES,200
evt_2eda84ed49065ecf9a2bb0e1cd07329a,ent_1678c97bf0c76c8d42a8ddd2d66144b9,INVOLVES,200
evt_2eda84ed49065ecf9a2bb0e1cd07329a,ent_214b9a1a9d70e8f7f50f8abc8bae8a33,INVOLVES,200
evt_2eda84ed49065ecf9a2bb0e1cd07329a,ent_42c5ff80c7eaff3d518913fb94b3c60f,INVOLVES,200
evt_2eda84ed49065ecf9a2bb0e1cd07329a,ent_08497ef86c547402f21364dd038517c7,INVOLVES,200
evt_8941904198d8644f708adc310af54996,ent_4601d7a42a8c07d47a95b40bc855d6f7,INVOLVES,200
evt_8941904198d8644f708adc310af54996,ent_aa57bef0956bb65832029f29178d02ee,INVOLVES,200
evt_8941904198d8644f708adc310af54996,ent_2a6d3686110703bc69da3220c6ee6b5f,INVOLVES,200
evt_8941904198d8644f708adc310af54996,ent_2b96431769a7d7202b7c32aaab155cef,INVOLVES,200
evt_8941904198d8644f708adc310af54996,ent_3d756d26be9bb6cc5343ebcef63d202e,INVOLVES,200
evt_8941904198d8644f708adc310af54996,ent_1678c97bf0c76c8d42a8ddd2d66144b9,INVOLVES,200
evt_8941904198d8644f708adc310af54996,ent_214b9a1a9d70e8f7f50f8abc8bae8a33,INVOLVES,200
evt_8941904198d8644f708adc310af54996,ent_42c5ff80c7eaff3d518913fb94b3c60f,INVOLVES,200
evt_8941904198d8644f708adc310af54996,ent_08497ef86c547402f21364dd038517c7,INVOLVES,200
evt_926f97d8622fac55a5c85f06250b9bc3,ent_8f250add8313cc23405459aefb965c63,INVOLVES,200
evt_926f97d8622fac55a5c85f06250b9bc3,ent_b786549babb631f4668037147ed6d369,INVOLVES,200
evt_926f97d8622fac55a5c85f06250b9bc3,ent_c2c034c42f35b6d01ad4e0f6da86a41a,INVOLVES,200
evt_926f97d8622fac55a5c85f06250b9bc3,ent_bd14104df9ffea99f5d799fe7585d35c,INVOLVES,200
evt_602b8349a5c63e7ef9f53ab93f21eb57,ent_8f250add8313cc23405459aefb965c63,INVOLVES,200
evt_602b8349a5c63e7ef9f53ab93f21eb57,ent_b786549babb631f4668037147ed6d369,INVOLVES,200
evt_602b8349a5c63e7ef9f53ab93f21eb57,ent_c2c034c42f35b6d01ad4e0f6da86a41a,INVOLVES,200
evt_602b8349a5c63e7ef9f53ab93f21eb57,ent_bd14104df9ffea99f5d799fe7585d35c,INVOLVES,200
evt_1d84a5578dc0ea4951a788741ce064ce,ent_8f250add8313cc23405459aefb965c63,INVOLVES,200
evt_1d84a5578dc0ea4951a788741ce064ce,ent_b786549babb631f4668037147ed6d369,INVOLVES,200
evt_1d84a5578dc0ea4951a788741ce064ce,ent_c2c034c42f35b6d01ad4e0f6da86a41a,INVOLVES,200
evt_1d84a5578dc0ea4951a788741ce064ce,ent_bd14104df9ffea99f5d799fe7585d35c,INVOLVES,200
evt_0365565330c03ca1599837afa84f5b1e,ent_2dc4fe559308d860145003feb2da00ee,INVOLVES,200
evt_0365565330c03ca1599837afa84f5b1e,ent_1c8cdae7dbe2e1adf3ae1d1ec41f75c8,INVOLVES,200
evt_0365565330c03ca1599837afa84f5b1e,ent_b0d8a4d3bfcb2158c44abf256b3f3ee8,INVOLVES,200
evt_df9e640ecc1adfde89e54e9804fb5f01,ent_2dc4fe559308d860145003feb2da00ee,INVOLVES,200
evt_df9e640ecc1adfde89e54e9804fb5f01,ent_1c8cdae7dbe2e1adf3ae1d1ec41f75c8,INVOLVES,200
evt_df9e640ecc1adfde89e54e9804fb5f01,ent_b0d8a4d3bfcb2158c44abf256b3f3ee8,INVOLVES,200
evt_5188d85f5d4526d10a4b46a529c803e0,ent_0e92f188c7548ec8412c2a2e45dbc542,INVOLVES,200
evt_5188d85f5d4526d10a4b46a529c803e0,ent_40aff8b4cfae7e0e7a7a168446bfeb96,INVOLVES,200
evt_5188d85f5d4526d10a4b46a529c803e0,ent_cc5c14378a60f5dd3500ffa186ac4a56,INVOLVES,200
evt_5188d85f5d4526d10a4b46a529c803e0,ent_9db140153360bb3ee741b5c980cae1d3,INVOLVES,200
evt_5188d85f5d4526d10a4b46a529c803e0,ent_c2d30f7eba2a32e2df579835ea35ad47,INVOLVES,200
evt_6de915fc0066904c338070f9b78498a5,ent_0e92f188c7548ec8412c2a2e45dbc542,INVOLVES,200
evt_6de915fc0066904c338070f9b78498a5,ent_40aff8b4cfae7e0e7a7a168446bfeb96,INVOLVES,200
evt_6de915fc0066904c338070f9b78498a5,ent_cc5c14378a60f5dd3500ffa186ac4a56,INVOLVES,200
evt_6de915fc0066904c338070f9b78498a5,ent_9db140153360bb3ee741b5c980cae1d3,INVOLVES,200
evt_6de915fc0066904c338070f9b78498a5,ent_c2d30f7eba2a32e2df579835ea35ad47,INVOLVES,200
evt_b2102f072c9f0aad24d4437665198fea,ent_1c27dfd16ae2178cffcf036f84e9c025,INVOLVES,200
evt_b2102f072c9f0aad24d4437665198fea,ent_f5e36b29147e73fa2f19805768760f76,INVOLVES,200
evt_b2102f072c9f0aad24d4437665198fea,ent_981443b942501bcc3325bc942ed7b79d,INVOLVES,200
evt_a56389d57397a8084b1c8d3472d47525,ent_d00e1b5cb7696ec234fc21823cdb41eb,INVOLVES,200
evt_a56389d57397a8084b1c8d3472d47525,ent_02349980bba8ce563cdf709f74f96fc1,INVOLVES,200
evt_a56389d57397a8084b1c8d3472d47525,ent_65c6d75640801f7acc3a9b3147ac62e7,INVOLVES,200
evt_b452e2f0e8a787a25c7f8a8967523780,ent_d00e1b5cb7696ec234fc21823cdb41eb,INVOLVES,200
evt_b452e2f0e8a787a25c7f8a8967523780,ent_02349980bba8ce563cdf709f74f96fc1,INVOLVES,200
evt_b452e2f0e8a787a25c7f8a8967523780,ent_65c6d75640801f7acc3a9b3147ac62e7,INVOLVES,200
evt_26e85b29747405fccf8d2df8066d48e5,ent_b82afb690cc79e8d6ddf4f691251c28c,INVOLVES,200
evt_26e85b29747405fccf8d2df8066d48e5,ent_02349980bba8ce563cdf709f74f96fc1,INVOLVES,200
evt_26e85b29747405fccf8d2df8066d48e5,ent_1ab44f2d57f451ececb2b184d983f3cf,INVOLVES,200
evt_26e85b29747405fccf8d2df8066d48e5,ent_312642cda4a86945e21c6ab3175203ec,INVOLVES,200
evt_26e85b29747405fccf8d2df8066d48e5,ent_ae5fff2dae481c44403c5723ad34a9b3,INVOLVES,200
evt_73c69040e681cb688a57ea3e1c3c8c26,ent_b82afb690cc79e8d6ddf4f691251c28c,INVOLVES,200
evt_73c69040e681cb688a57ea3e1c3c8c26,ent_02349980bba8ce563cdf709f74f96fc1,INVOLVES,200
evt_73c69040e681cb688a57ea3e1c3c8c26,ent_1ab44f2d57f451ececb2b184d983f3cf,INVOLVES,200
evt_73c69040e681cb688a57ea3e1c3c8c26,ent_312642cda4a86945e21c6ab3175203ec,INVOLVES,200
evt_73c69040e681cb688a57ea3e1c3c8c26,ent_ae5fff2dae481c44403c5723ad34a9b3,INVOLVES,200
evt_f4d6cb08be4825f1dfe85af978981cc7,ent_b82afb690cc79e8d6ddf4f691251c28c,INVOLVES,200
evt_f4d6cb08be4825f1dfe85af978981cc7,ent_02349980bba8ce563cdf709f74f96fc1,INVOLVES,200
evt_f4d6cb08be4825f1dfe85af978981cc7,ent_1ab44f2d57f451ececb2b184d983f3cf,INVOLVES,200
evt_f4d6cb08be4825f1dfe85af978981cc7,ent_312642cda4a86945e21c6ab3175203ec,INVOLVES,200
evt_f4d6cb08be4825f1dfe85af978981cc7,ent_ae5fff2dae481c44403c5723ad34a9b3,INVOLVES,200
evt_143271213bba698ff9026887398d13b5,ent_b82afb690cc79e8d6ddf4f691251c28c,INVOLVES,200
evt_143271213bba698ff9026887398d13b5,ent_02349980bba8ce563cdf709f74f96fc1,INVOLVES,200
evt_143271213bba698ff9026887398d13b5,ent_1ab44f2d57f451ececb2b184d983f3cf,INVOLVES,200
evt_143271213bba698ff9026887398d13b5,ent_312642cda4a86945e21c6ab3175203ec,INVOLVES,200
evt_143271213bba698ff9026887398d13b5,ent_ae5fff2dae481c44403c5723ad34a9b3,INVOLVES,200
evt_e746b9b56c5a5d3348d38888a10d1d7a,ent_678340b2b94c337f0bb78181275b3238,INVOLVES,200
evt_e746b9b56c5a5d3348d38888a10d1d7a,ent_0fc893a4bdb64119cfea33a0e50ba5bf,INVOLVES,200
evt_e746b9b56c5a5d3348d38888a10d1d7a,ent_9d75fe3bff9c16604b041e08b3edff7c,INVOLVES,200
evt_a0e2b20dc25b65dfd33e8987b4ae53f7,ent_678340b2b94c337f0bb78181275b3238,INVOLVES,200
evt_a0e2b20dc25b65dfd33e8987b4ae53f7,ent_0fc893a4bdb64119cfea33a0e50ba5bf,INVOLVES,200
evt_a0e2b20dc25b65dfd33e8987b4ae53f7,ent_9d75fe3bff9c16604b041e08b3edff7c,INVOLVES,200
evt_12228764e1af69bd8dc8c47c93622cf4,ent_678340b2b94c337f0bb78181275b3238,INVOLVES,200
evt_12228764e1af69bd8dc8c47c93622cf4,ent_0fc893a4bdb64119cfea33a0e50ba5bf,INVOLVES,200
evt_12228764e1af69bd8dc8c47c93622cf4,ent_9d75fe3bff9c16604b041e08b3edff7c,INVOLVES,200
evt_0ef13f26ffaa44db9c5ecd43633caa78,ent_678340b2b94c337f0bb78181275b3238,INVOLVES,200
evt_0ef13f26ffaa44db9c5ecd43633caa78,ent_0fc893a4bdb64119cfea33a0e50ba5bf,INVOLVES,200
evt_0ef13f26ffaa44db9c5ecd43633caa78,ent_9d75fe3bff9c16604b041e08b3edff7c,INVOLVES,200
evt_0dcd7a88a9de8432310a821c579d55fc,ent_678340b2b94c337f0bb78181275b3238,INVOLVES,200
evt_0dcd7a88a9de8432310a821c579d55fc,ent_0fc893a4bdb64119cfea33a0e50ba5bf,INVOLVES,200
evt_0dcd7a88a9de8432310a821c579d55fc,ent_9d75fe3bff9c16604b041e08b3edff7c,INVOLVES,200
evt_e2a1d9185366c320d0d7f5892703a52f,ent_678340b2b94c337f0bb78181275b3238,INVOLVES,200
evt_e2a1d9185366c320d0d7f5892703a52f,ent_0fc893a4bdb64119cfea33a0e50ba5bf,INVOLVES,200
evt_e2a1d9185366c320d0d7f5892703a52f,ent_9d75fe3bff9c16604b041e08b3edff7c,INVOLVES,200
evt_69729810ba6e550b7842a31ac7f37380,ent_bd03c6404b0a4e3bf3f555d1c32f31fb,INVOLVES,200
evt_69729810ba6e550b7842a31ac7f37380,ent_05f2a9d802e0eadc7d4f3075cef990ed,INVOLVES,200
evt_9191dd700d8698272b269ecb10aced28,ent_c7ab9752078a566c05df754372fdb17f,INVOLVES,200
evt_9191dd700d8698272b269ecb10aced28,ent_2a6d3686110703bc69da3220c6ee6b5f,INVOLVES,200
evt_82c29a0552193fe1d4546e657e5d9163,ent_c7ab9752078a566c05df754372fdb17f,INVOLVES,200
evt_82c29a0552193fe1d4546e657e5d9163,ent_2a6d3686110703bc69da3220c6ee6b5f,INVOLVES,200
evt_141b78cbb69c3e06ae3affdf3f0eef95,ent_c7ab9752078a566c05df754372fdb17f,INVOLVES,200
evt_141b78cbb69c3e06ae3affdf3f0eef95,ent_2a6d3686110703bc69da3220c6ee6b5f,INVOLVES,200
evt_3d69c27358002d3c5e820cbeddabd32b,ent_02349980bba8ce563cdf709f74f96fc1,INVOLVES,200
evt_3d69c27358002d3c5e820cbeddabd32b,ent_db244428e5b99bf414f78677a2d667ed,INVOLVES,200
evt_3d69c27358002d3c5e820cbeddabd32b,ent_29c5a3a85665d45755d9c9e8a9c3f356,INVOLVES,200
evt_3d69c27358002d3c5e820cbeddabd32b,ent_edc641d55be346730d71096cbd7722bc,INVOLVES,200
evt_3d69c27358002d3c5e820cbeddabd32b,ent_6d3207d702c9dc917a10d34060bb5fb3,INVOLVES,200
evt_0439719674174e0fc63bb9e4da60078a,ent_02349980bba8ce563cdf709f74f96fc1,INVOLVES,200
evt_0439719674174e0fc63bb9e4da60078a,ent_db244428e5b99bf414f78677a2d667ed,INVOLVES,200
evt_0439719674174e0fc63bb9e4da60078a,ent_29c5a3a85665d45755d9c9e8a9c3f356,INVOLVES,200
evt_0439719674174e0fc63bb9e4da60078a,ent_edc641d55be346730d71096cbd7722bc,INVOLVES,200
evt_0439719674174e0fc63bb9e4da60078a,ent_6d3207d702c9dc917a10d34060bb5fb3,INVOLVES,200
evt_f4afdd692e25f7dff7e759a9d67bdf94,ent_02349980bba8ce563cdf709f74f96fc1,INVOLVES,200
evt_f4afdd692e25f7dff7e759a9d67bdf94,ent_db244428e5b99bf414f78677a2d667ed,INVOLVES,200
evt_f4afdd692e25f7dff7e759a9d67bdf94,ent_29c5a3a85665d45755d9c9e8a9c3f356,INVOLVES,200
evt_f4afdd692e25f7dff7e759a9d67bdf94,ent_edc641d55be346730d71096cbd7722bc,INVOLVES,200
evt_f4afdd692e25f7dff7e759a9d67bdf94,ent_6d3207d702c9dc917a10d34060bb5fb3,INVOLVES,200
evt_ce3221ebdb247eccf207ba9224c825ef,ent_0d05c98717c49eebbf5911089efc09d8,INVOLVES,200
evt_ce3221ebdb247eccf207ba9224c825ef,ent_312642cda4a86945e21c6ab3175203ec,INVOLVES,200
evt_ce3221ebdb247eccf207ba9224c825ef,ent_1cd2e01a70da63ddbb5a78e6a69f9e7a,INVOLVES,200
evt_ce3221ebdb247eccf207ba9224c825ef,ent_b4e3b5cdb35d8e9844796414fb0794d1,INVOLVES,200
evt_eed5fee1bd61a4cb939dd95940405303,ent_3d08e9cc4ebacc96639d82c4192dfbe2,INVOLVES,200
evt_eed5fee1bd61a4cb939dd95940405303,ent_e497b9e79268cd5d85885cfe327581b0,INVOLVES,200
evt_eed5fee1bd61a4cb939dd95940405303,ent_02349980bba8ce563cdf709f74f96fc1,INVOLVES,200
evt_eed5fee1bd61a4cb939dd95940405303,ent_706533bd87e787e5152a76813608e097,INVOLVES,200
evt_eed5fee1bd61a4cb939dd95940405303,ent_6d3207d702c9dc917a10d34060bb5fb3,INVOLVES,200
evt_eed5fee1bd61a4cb939dd95940405303,ent_bab41f4da430bd439eafd667836cbe87,INVOLVES,200
evt_eed5fee1bd61a4cb939dd95940405303,ent_488b2fe6d4aacea9bbd9181d558b951a,INVOLVES,200
evt_c29bd3aa6c75fa2101936a402970296d,ent_3d08e9cc4ebacc96639d82c4192dfbe2,INVOLVES,200
evt_c29bd3aa6c75fa2101936a402970296d,ent_e497b9e79268cd5d85885cfe327581b0,INVOLVES,200
evt_c29bd3aa6c75fa2101936a402970296d,ent_02349980bba8ce563cdf709f74f96fc1,INVOLVES,200
evt_c29bd3aa6c75fa2101936a402970296d,ent_706533bd87e787e5152a76813608e097,INVOLVES,200
evt_c29bd3aa6c75fa2101936a402970296d,ent_6d3207d702c9dc917a10d34060bb5fb3,INVOLVES,200
evt_c29bd3aa6c75fa2101936a402970296d,ent_bab41f4da430bd439eafd667836cbe87,INVOLVES,200
evt_c29bd3aa6c75fa2101936a402970296d,ent_488b2fe6d4aacea9bbd9181d558b951a,INVOLVES,200
evt_ee9c5d1b03b4dd827e94c73afabb0cc4,ent_3d08e9cc4ebacc96639d82c4192dfbe2,INVOLVES,200
evt_ee9c5d1b03b4dd827e94c73afabb0cc4,ent_e497b9e79268cd5d85885cfe327581b0,INVOLVES,200
evt_ee9c5d1b03b4dd827e94c73afabb0cc4,ent_02349980bba8ce563cdf709f74f96fc1,INVOLVES,200
evt_ee9c5d1b03b4dd827e94c73afabb0cc4,ent_706533bd87e787e5152a76813608e097,INVOLVES,200
evt_ee9c5d1b03b4dd827e94c73afabb0cc4,ent_6d3207d702c9dc917a10d34060bb5fb3,INVOLVES,200
evt_ee9c5d1b03b4dd827e94c73afabb0cc4,ent_bab41f4da430bd439eafd667836cbe87,INVOLVES,200
evt_ee9c5d1b03b4dd827e94c73afabb0cc4,ent_488b2fe6d4aacea9bbd9181d558b951a,INVOLVES,200
evt_9e311aea7e1859b27c2df2ae9d7a429e,ent_2eba41b24a4f72387f21a5c5c64d556f,INVOLVES,200
evt_9e311aea7e1859b27c2df2ae9d7a429e,ent_6906826e14a4588a9461d75ae5190ab4,INVOLVES,200
evt_2511ec262d11124dc6128155ab7a2e8a,ent_2eba41b24a4f72387f21a5c5c64d556f,INVOLVES,200
evt_2511ec262d11124dc6128155ab7a2e8a,ent_6906826e14a4588a9461d75ae5190ab4,INVOLVES,200
evt_913f4188166531d6242ef24e02e45cdb,ent_312642cda4a86945e21c6ab3175203ec,INVOLVES,200
evt_002480b77f2da519d9b7f187f274108d,ent_312642cda4a86945e21c6ab3175203ec,INVOLVES,200
evt_f1291bf9476117daeacc94145518decf,ent_0d05c98717c49eebbf5911089efc09d8,INVOLVES,200
evt_f1291bf9476117daeacc94145518decf,ent_edc641d55be346730d71096cbd7722bc,INVOLVES,200
evt_f1291bf9476117daeacc94145518decf,ent_6d3207d702c9dc917a10d34060bb5fb3,INVOLVES,200
evt_f1291bf9476117daeacc94145518decf,ent_3a2918de879bbfb39c7bd80124412985,INVOLVES,200
evt_f1291bf9476117daeacc94145518decf,ent_d36b13410347d500de53637c8b77e430,INVOLVES,200
evt_2cb5309acf3ce7f7094b91489da84324,ent_0d05c98717c49eebbf5911089efc09d8,INVOLVES,200
evt_2cb5309acf3ce7f7094b91489da84324,ent_edc641d55be346730d71096cbd7722bc,INVOLVES,200
evt_2cb5309acf3ce7f7094b91489da84324,ent_6d3207d702c9dc917a10d34060bb5fb3,INVOLVES,200
evt_2cb5309acf3ce7f7094b91489da84324,ent_3a2918de879bbfb39c7bd80124412985,INVOLVES,200
evt_2cb5309acf3ce7f7094b91489da84324,ent_d36b13410347d500de53637c8b77e430,INVOLVES,200
evt_079ed8481e3fb968d2894a79d8fcd70e,ent_0d05c98717c49eebbf5911089efc09d8,INVOLVES,200
evt_079ed8481e3fb968d2894a79d8fcd70e,ent_edc641d55be346730d71096cbd7722bc,INVOLVES,200
evt_079ed8481e3fb968d2894a79d8fcd70e,ent_6d3207d702c9dc917a10d34060bb5fb3,INVOLVES,200
evt_079ed8481e3fb968d2894a79d8fcd70e,ent_3a2918de879bbfb39c7bd80124412985,INVOLVES,200
evt_079ed8481e3fb968d2894a79d8fcd70e,ent_d36b13410347d500de53637c8b77e430,INVOLVES,200
evt_16b379c811cf941a6f31e155c46da2a1,ent_0d05c98717c49eebbf5911089efc09d8,INVOLVES,200
evt_16b379c811cf941a6f31e155c46da2a1,ent_312642cda4a86945e21c6ab3175203ec,INVOLVES,200
evt_16b379c811cf941a6f31e155c46da2a1,ent_0585370dfc155ad02f40b8c59efe394e,INVOLVES,200
evt_16b379c811cf941a6f31e155c46da2a1,ent_b82afb690cc79e8d6ddf4f691251c28c,INVOLVES,200
evt_87e09524acdc30e983a3f8ad5df8dee3,ent_196c742cfdfc3e67875e816948b568d4,INVOLVES,200
evt_87e09524acdc30e983a3f8ad5df8dee3,ent_7fe461592c31b7bf33bf11d21d306ea0,INVOLVES,200
evt_87e09524acdc30e983a3f8ad5df8dee3,ent_02349980bba8ce563cdf709f74f96fc1,INVOLVES,200
evt_87e09524acdc30e983a3f8ad5df8dee3,ent_848015af8766cb8f2e66510ab1145bd0,INVOLVES,200
evt_87e09524acdc30e983a3f8ad5df8dee3,ent_5a7e16494888a8bebc43bff713c3086d,INVOLVES,200
evt_87e09524acdc30e983a3f8ad5df8dee3,ent_c9e40f851d27fe17df1aad33d40295e8,INVOLVES,200
evt_87e09524acdc30e983a3f8ad5df8dee3,ent_2b4da846ceb3fb791e7085aff5e20a1b,INVOLVES,200
evt_a58b5d97d252fc9df829ebdb369821cf,ent_0d05c98717c49eebbf5911089efc09d8,INVOLVES,200
evt_a58b5d97d252fc9df829ebdb369821cf,ent_b413b0f80b8d06ff291ed5a8fcd6db8c,INVOLVES,200
evt_a58b5d97d252fc9df829ebdb369821cf,ent_072b06cf764b32598171c01997175b38,INVOLVES,200
evt_a58b5d97d252fc9df829ebdb369821cf,ent_d833fdb47e059fed8968724819098752,INVOLVES,200
evt_27328dc8009182cb13bbc3886b9e38d9,ent_c38f14347061b74d7febc37e56078e2d,INVOLVES,200
evt_27328dc8009182cb13bbc3886b9e38d9,ent_734ec75b049b5acf1df1e7452c713848,INVOLVES,200
evt_27328dc8009182cb13bbc3886b9e38d9,ent_d9f3ebce71cb1ca7324d751a3b75a7dc,INVOLVES,200
evt_27328dc8009182cb13bbc3886b9e38d9,ent_191dc9e3d2e5d65d790a18faacc173fa,INVOLVES,200
evt_ecea525752af0681139eca6e9f5ab2ef,ent_c38f14347061b74d7febc37e56078e2d,INVOLVES,200
evt_ecea525752af0681139eca6e9f5ab2ef,ent_734ec75b049b5acf1df1e7452c713848,INVOLVES,200
evt_ecea525752af0681139eca6e9f5ab2ef,ent_d9f3ebce71cb1ca7324d751a3b75a7dc,INVOLVES,200
evt_ecea525752af0681139eca6e9f5ab2ef,ent_191dc9e3d2e5d65d790a18faacc173fa,INVOLVES,200
evt_36b58372cf2dbf56ecbf91fe9e2403a1,ent_3d756d26be9bb6cc5343ebcef63d202e,INVOLVES,200
evt_36b58372cf2dbf56ecbf91fe9e2403a1,ent_5e33e95fc90227de9dbc12b25e5588aa,INVOLVES,200
evt_36b58372cf2dbf56ecbf91fe9e2403a1,ent_8c4035d5a6ff34067f8a6340fceba03f,INVOLVES,200
evt_6b116035d8fa03cae8fa83b001bf304b,ent_3d756d26be9bb6cc5343ebcef63d202e,INVOLVES,200
evt_6b116035d8fa03cae8fa83b001bf304b,ent_5e33e95fc90227de9dbc12b25e5588aa,INVOLVES,200
evt_6b116035d8fa03cae8fa83b001bf304b,ent_8c4035d5a6ff34067f8a6340fceba03f,INVOLVES,200
evt_23d82d4b101a2d9c5c9747b8ef865e35,ent_3d756d26be9bb6cc5343ebcef63d202e,INVOLVES,200
evt_23d82d4b101a2d9c5c9747b8ef865e35,ent_5e33e95fc90227de9dbc12b25e5588aa,INVOLVES,200
evt_23d82d4b101a2d9c5c9747b8ef865e35,ent_8c4035d5a6ff34067f8a6340fceba03f,INVOLVES,200
evt_05515908482243866dd820bb6b0e1265,ent_3d756d26be9bb6cc5343ebcef63d202e,INVOLVES,200
evt_05515908482243866dd820bb6b0e1265,ent_5e33e95fc90227de9dbc12b25e5588aa,INVOLVES,200
evt_05515908482243866dd820bb6b0e1265,ent_8c4035d5a6ff34067f8a6340fceba03f,INVOLVES,200
evt_e2d693b60319882a99c4ed157be7d17c,ent_3d756d26be9bb6cc5343ebcef63d202e,INVOLVES,200
evt_e2d693b60319882a99c4ed157be7d17c,ent_5e33e95fc90227de9dbc12b25e5588aa,INVOLVES,200
evt_e2d693b60319882a99c4ed157be7d17c,ent_8c4035d5a6ff34067f8a6340fceba03f,INVOLVES,200
evt_dfa9d116034643c3eaa3dacce909c9e7,ent_7b6eeed1b0a77389f361a19cc1032b5b,INVOLVES,200
evt_dfa9d116034643c3eaa3dacce909c9e7,ent_e6d2bd8d74b0eff0569d7a675f30b487,INVOLVES,200
evt_dfa9d116034643c3eaa3dacce909c9e7,ent_e61abf43d91ccaff8d4765b2db2d84f5,INVOLVES,200
evt_dfa9d116034643c3eaa3dacce909c9e7,ent_e92095c440f22ad7d4133ecb9d846b17,INVOLVES,200
evt_dfa9d116034643c3eaa3dacce909c9e7,ent_a4856edb8a9f711c201c227e64b0d2f7,INVOLVES,200
evt_5df101ca02bbfda62aa28e4ae34f5e29,ent_7b6eeed1b0a77389f361a19cc1032b5b,INVOLVES,200
evt_5df101ca02bbfda62aa28e4ae34f5e29,ent_e6d2bd8d74b0eff0569d7a675f30b487,INVOLVES,200
evt_5df101ca02bbfda62aa28e4ae34f5e29,ent_e61abf43d91ccaff8d4765b2db2d84f5,INVOLVES,200
evt_5df101ca02bbfda62aa28e4ae34f5e29,ent_e92095c440f22ad7d4133ecb9d846b17,INVOLVES,200
evt_5df101ca02bbfda62aa28e4ae34f5e29,ent_a4856edb8a9f711c201c227e64b0d2f7,INVOLVES,200
evt_d5a0c661309cfbaaf063a124995635f4,ent_7b6eeed1b0a77389f361a19cc1032b5b,INVOLVES,200
evt_d5a0c661309cfbaaf063a124995635f4,ent_e6d2bd8d74b0eff0569d7a675f30b487,INVOLVES,200
evt_d5a0c661309cfbaaf063a124995635f4,ent_e61abf43d91ccaff8d4765b2db2d84f5,INVOLVES,200
evt_d5a0c661309cfbaaf063a124995635f4,ent_e92095c440f22ad7d4133ecb9d846b17,INVOLVES,200
evt_d5a0c661309cfbaaf063a124995635f4,ent_a4856edb8a9f711c201c227e64b0d2f7,INVOLVES,200
evt_7627c0c33e4b174c8c8f47292ca04939,ent_7b6eeed1b0a77389f361a19cc1032b5b,INVOLVES,200
evt_7627c0c33e4b174c8c8f47292ca04939,ent_e6d2bd8d74b0eff0569d7a675f30b487,INVOLVES,200
evt_7627c0c33e4b174c8c8f47292ca04939,ent_e61abf43d91ccaff8d4765b2db2d84f5,INVOLVES,200
evt_7627c0c33e4b174c8c8f47292ca04939,ent_e92095c440f22ad7d4133ecb9d846b17,INVOLVES,200
evt_7627c0c33e4b174c8c8f47292ca04939,ent_a4856edb8a9f711c201c227e64b0d2f7,INVOLVES,200
evt_fd79635d7113d60d3447680ad82a9fdf,ent_7b6eeed1b0a77389f361a19cc1032b5b,INVOLVES,200
evt_fd79635d7113d60d3447680ad82a9fdf,ent_e6d2bd8d74b0eff0569d7a675f30b487,INVOLVES,200
evt_fd79635d7113d60d3447680ad82a9fdf,ent_e61abf43d91ccaff8d4765b2db2d84f5,INVOLVES,200
evt_fd79635d7113d60d3447680ad82a9fdf,ent_e92095c440f22ad7d4133ecb9d846b17,INVOLVES,200
evt_fd79635d7113d60d3447680ad82a9fdf,ent_a4856edb8a9f711c201c227e64b0d2f7,INVOLVES,200
evt_9f6f8449d4b230023d35f33401f57519,ent_638d344b80b5ff90e19946c1d56c201e,INVOLVES,200
evt_9f6f8449d4b230023d35f33401f57519,ent_f20011e5270666592304898988523261,INVOLVES,200
evt_9f6f8449d4b230023d35f33401f57519,ent_23feb12a45b15a33a71efd02456709cf,INVOLVES,200
evt_9f6f8449d4b230023d35f33401f57519,ent_f7b7d119d2b1f33a1576935c79c3ea4d,INVOLVES,200
evt_9f6f8449d4b230023d35f33401f57519,ent_cbd2c6df401c1bde9b135f053e48273d,INVOLVES,200
evt_7bcf07d0e9fbc4e3de138d66bbbcbe02,ent_c4410bf1f1df10d2fb76caaad87e1c87,INVOLVES,200
evt_7bcf07d0e9fbc4e3de138d66bbbcbe02,ent_a30415e8d6f8d4698e8d66fe5f78e1b4,INVOLVES,200
evt_7bcf07d0e9fbc4e3de138d66bbbcbe02,ent_db8c07d57d4ebb081e8a20ce2a1b5353,INVOLVES,200
evt_41a48a91b21e967f341360cc06330842,ent_c4410bf1f1df10d2fb76caaad87e1c87,INVOLVES,200
evt_41a48a91b21e967f341360cc06330842,ent_a30415e8d6f8d4698e8d66fe5f78e1b4,INVOLVES,200
evt_41a48a91b21e967f341360cc06330842,ent_db8c07d57d4ebb081e8a20ce2a1b5353,INVOLVES,200
evt_319e30890bac3f15bbc32b2df94790fb,ent_0d05c98717c49eebbf5911089efc09d8,INVOLVES,200
evt_319e30890bac3f15bbc32b2df94790fb,ent_73cb9346d4c28ed7183e400772654b27,INVOLVES,200
evt_447a3eec66aa933a78283818cb3062a1,ent_0d05c98717c49eebbf5911089efc09d8,INVOLVES,200
evt_447a3eec66aa933a78283818cb3062a1,ent_56223953b1be983c383865d5576bb10a,INVOLVES,200
evt_447a3eec66aa933a78283818cb3062a1,ent_611cf5e35a7b4e26a2d5b6bbf9654ade,INVOLVES,200
evt_447a3eec66aa933a78283818cb3062a1,ent_d36b13410347d500de53637c8b77e430,INVOLVES,200
evt_ae8c6310998b57d93911408dbcb7b215,ent_0d05c98717c49eebbf5911089efc09d8,INVOLVES,200
evt_ae8c6310998b57d93911408dbcb7b215,ent_56223953b1be983c383865d5576bb10a,INVOLVES,200
evt_ae8c6310998b57d93911408dbcb7b215,ent_611cf5e35a7b4e26a2d5b6bbf9654ade,INVOLVES,200
evt_ae8c6310998b57d93911408dbcb7b215,ent_d36b13410347d500de53637c8b77e430,INVOLVES,200
evt_12e02cfb9cfea7778668a0c768b46f5f,ent_312642cda4a86945e21c6ab3175203ec,INVOLVES,200
evt_85fc0330f5cf668b2249012f153335a2,ent_312642cda4a86945e21c6ab3175203ec,INVOLVES,200
evt_3da1365f77ddf4a54c4d233b4ad22293,ent_312642cda4a86945e21c6ab3175203ec,INVOLVES,200
evt_1be11fc257c14bb2b8a11f60400eee24,ent_312642cda4a86945e21c6ab3175203ec,INVOLVES,200
evt_79ec5ea13ebff96e994b828181b68e37,ent_6aa7cbb3eaafb3aac81464a639b86e23,INVOLVES,200
evt_79ec5ea13ebff96e994b828181b68e37,ent_a24037a0a4929bf4df160409b5bafc31,INVOLVES,200
evt_79ec5ea13ebff96e994b828181b68e37,ent_7ae34a5ca5a0bacc493425fd8dd907e5,INVOLVES,200
evt_08ac2ebda6d823ba9d988cb32ee6101f,ent_686283728d7c6df9659092d0a8ef3e2e,INVOLVES,200
evt_08ac2ebda6d823ba9d988cb32ee6101f,ent_7cf3deb62796748eb43e44a38db1b5e3,INVOLVES,200
evt_e91ba506bbd8cad26b552e487863e34d,ent_686283728d7c6df9659092d0a8ef3e2e,INVOLVES,200
evt_e91ba506bbd8cad26b552e487863e34d,ent_7cf3deb62796748eb43e44a38db1b5e3,INVOLVES,200
evt_1ad24df102ed2ffddc06bd489a26cc83,ent_14699376b3cfd3c52cdfdc6c5ad3b2de,INVOLVES,200
evt_1ad24df102ed2ffddc06bd489a26cc83,ent_adc4cf85faee81785dede2d813242b8c,INVOLVES,200
evt_1ad24df102ed2ffddc06bd489a26cc83,ent_fe69d84318e08a5b60d2e61078dcc5ab,INVOLVES,200
evt_1ad24df102ed2ffddc06bd489a26cc83,ent_b8aa57fe027a8eb4a1dca3ef7cdbfd3d,INVOLVES,200
evt_1ad24df102ed2ffddc06bd489a26cc83,ent_976f12224f73c0a65379e7ca0197580b,INVOLVES,200
evt_14fb1f11a1e711e2f67ed3766defb579,ent_14699376b3cfd3c52cdfdc6c5ad3b2de,INVOLVES,200
evt_14fb1f11a1e711e2f67ed3766defb579,ent_adc4cf85faee81785dede2d813242b8c,INVOLVES,200
evt_14fb1f11a1e711e2f67ed3766defb579,ent_fe69d84318e08a5b60d2e61078dcc5ab,INVOLVES,200
evt_14fb1f11a1e711e2f67ed3766defb579,ent_b8aa57fe027a8eb4a1dca3ef7cdbfd3d,INVOLVES,200
evt_14fb1f11a1e711e2f67ed3766defb579,ent_976f12224f73c0a65379e7ca0197580b,INVOLVES,200
evt_b0fd79df5102406da3ab5e0d7393dbbd,ent_e4bfe251411df5cb31177b79577fe71a,INVOLVES,200
evt_b0fd79df5102406da3ab5e0d7393dbbd,ent_8748e69541007dea1690d64a2f90c241,INVOLVES,200
evt_b0fd79df5102406da3ab5e0d7393dbbd,ent_b31700e982880829117c32e9315fd07e,INVOLVES,200
evt_b0fd79df5102406da3ab5e0d7393dbbd,ent_2a6d3686110703bc69da3220c6ee6b5f,INVOLVES,200
evt_b0fd79df5102406da3ab5e0d7393dbbd,ent_49d16c9ba1300c36a494a9ea05b7df54,INVOLVES,200
evt_b0fd79df5102406da3ab5e0d7393dbbd,ent_0eba5b8b045d8b9914ebbe91f4f34ae3,INVOLVES,200
evt_40cbf47cfdbc9b2f67c21d5e2c913028,ent_f20011e5270666592304898988523261,INVOLVES,200
evt_40cbf47cfdbc9b2f67c21d5e2c913028,ent_7781c4baf5017571a4a383b9a99546ee,INVOLVES,200
evt_2e26665b8c8322b2859fe1aed55cb3dc,ent_f20011e5270666592304898988523261,INVOLVES,200
evt_2e26665b8c8322b2859fe1aed55cb3dc,ent_7781c4baf5017571a4a383b9a99546ee,INVOLVES,200
evt_73ae4bdb17bd6a9f9ae3e18d0ee09be6,ent_f20011e5270666592304898988523261,INVOLVES,200
evt_73ae4bdb17bd6a9f9ae3e18d0ee09be6,ent_7781c4baf5017571a4a383b9a99546ee,INVOLVES,200
evt_4ae7b4658f632df71dbee91e77509c62,ent_0d05c98717c49eebbf5911089efc09d8,INVOLVES,200
evt_4ae7b4658f632df71dbee91e77509c62,ent_312642cda4a86945e21c6ab3175203ec,INVOLVES,200
evt_4ae7b4658f632df71dbee91e77509c62,ent_150514c539bf2f6dd172dd5a62520bc5,INVOLVES,200
evt_4ae7b4658f632df71dbee91e77509c62,ent_ba3ed7986b9aebf3ddb24e71aae8c7b7,INVOLVES,200
evt_904b6b2fff6e0275d5a0c3514d8e37c1,ent_6aa7cbb3eaafb3aac81464a639b86e23,INVOLVES,200
evt_904b6b2fff6e0275d5a0c3514d8e37c1,ent_2b498d52af2d5955651749a2f0c7435c,INVOLVES,200
evt_5998624d8edc2e85dc408e878244a83d,ent_0d05c98717c49eebbf5911089efc09d8,INVOLVES,200
evt_5998624d8edc2e85dc408e878244a83d,ent_56223953b1be983c383865d5576bb10a,INVOLVES,200
evt_5998624d8edc2e85dc408e878244a83d,ent_7d62fca88aae8064a6ca41aa3c5ac863,INVOLVES,200
evt_5998624d8edc2e85dc408e878244a83d,ent_312642cda4a86945e21c6ab3175203ec,INVOLVES,200
evt_cd09cc16561f44fc1f732e177d6f1b41,ent_0d05c98717c49eebbf5911089efc09d8,INVOLVES,200
evt_cd09cc16561f44fc1f732e177d6f1b41,ent_8d0270a3937e5b8940efd62f665abd7e,INVOLVES,200
evt_cd09cc16561f44fc1f732e177d6f1b41,ent_f0df143575c08daba3e630919e86c16b,INVOLVES,200
evt_cd09cc16561f44fc1f732e177d6f1b41,ent_0585370dfc155ad02f40b8c59efe394e,INVOLVES,200
evt_cd09cc16561f44fc1f732e177d6f1b41,ent_9a9a3bc4d3713a2df0dc09bc773986db,INVOLVES,200
evt_cd09cc16561f44fc1f732e177d6f1b41,ent_214163861ed8ac3fdfdb4674bf5536af,INVOLVES,200
evt_13de5ea7c598039dc4593edc09054ada,ent_0d05c98717c49eebbf5911089efc09d8,INVOLVES,200
evt_13de5ea7c598039dc4593edc09054ada,ent_d36b13410347d500de53637c8b77e430,INVOLVES,200
evt_13de5ea7c598039dc4593edc09054ada,ent_611cf5e35a7b4e26a2d5b6bbf9654ade,INVOLVES,200
evt_cf7afedf20f947abafbc24abe3c157a8,ent_edc641d55be346730d71096cbd7722bc,INVOLVES,200
evt_cf7afedf20f947abafbc24abe3c157a8,ent_d36b13410347d500de53637c8b77e430,INVOLVES,200
evt_cf7afedf20f947abafbc24abe3c157a8,ent_02349980bba8ce563cdf709f74f96fc1,INVOLVES,200
evt_cf7afedf20f947abafbc24abe3c157a8,ent_400bdc57a151a1e860821dc4086f706a,INVOLVES,200
evt_4e8c0803e736fe0afb956567a9e78d92,ent_edc641d55be346730d71096cbd7722bc,INVOLVES,200
evt_4e8c0803e736fe0afb956567a9e78d92,ent_d36b13410347d500de53637c8b77e430,INVOLVES,200
evt_4e8c0803e736fe0afb956567a9e78d92,ent_02349980bba8ce563cdf709f74f96fc1,INVOLVES,200
evt_4e8c0803e736fe0afb956567a9e78d92,ent_400bdc57a151a1e860821dc4086f706a,INVOLVES,200
evt_2ba70a54eeebc4ffeb48a42b38f4917b,ent_02349980bba8ce563cdf709f74f96fc1,INVOLVES,200
evt_2ba70a54eeebc4ffeb48a42b38f4917b,ent_d36b13410347d500de53637c8b77e430,INVOLVES,200
evt_8a4497628cfb6556d26c19d5e47650c8,ent_02349980bba8ce563cdf709f74f96fc1,INVOLVES,200
evt_8a4497628cfb6556d26c19d5e47650c8,ent_d36b13410347d500de53637c8b77e430,INVOLVES,200
evt_23fac3a4fee111add79fa23d44db0100,ent_0d05c98717c49eebbf5911089efc09d8,INVOLVES,200
evt_23fac3a4fee111add79fa23d44db0100,ent_d36b13410347d500de53637c8b77e430,INVOLVES,200
evt_23fac3a4fee111add79fa23d44db0100,ent_2b4da846ceb3fb791e7085aff5e20a1b,INVOLVES,200
evt_23fac3a4fee111add79fa23d44db0100,ent_076065e3be163413a6af6c349dad550d,INVOLVES,200
evt_0cce1b00ce3aded32be40b680cb61631,ent_6aa7cbb3eaafb3aac81464a639b86e23,INVOLVES,200
evt_0cce1b00ce3aded32be40b680cb61631,ent_2a6d3686110703bc69da3220c6ee6b5f,INVOLVES,200
evt_0cce1b00ce3aded32be40b680cb61631,ent_b2158906bdddbf6bb026f754fd115ce9,INVOLVES,200
evt_4d26b0197789ca7300506b41e170eb53,ent_6aa7cbb3eaafb3aac81464a639b86e23,INVOLVES,200
evt_4d26b0197789ca7300506b41e170eb53,ent_2a6d3686110703bc69da3220c6ee6b5f,INVOLVES,200
evt_4d26b0197789ca7300506b41e170eb53,ent_b2158906bdddbf6bb026f754fd115ce9,INVOLVES,200
evt_e17f8caf99fee3c559ab19a4c3205e2f,ent_9d05e4c957403af7e10a3bb2c2ad2736,INVOLVES,200
evt_e17f8caf99fee3c559ab19a4c3205e2f,ent_05f2a9d802e0eadc7d4f3075cef990ed,INVOLVES,200
evt_e17f8caf99fee3c559ab19a4c3205e2f,ent_b9bff9f91b000f5f5c840770187af30c,INVOLVES,200
evt_ae114201b8d490c119ca236e0b738d3a,ent_9d05e4c957403af7e10a3bb2c2ad2736,INVOLVES,200
evt_ae114201b8d490c119ca236e0b738d3a,ent_05f2a9d802e0eadc7d4f3075cef990ed,INVOLVES,200
evt_ae114201b8d490c119ca236e0b738d3a,ent_b9bff9f91b000f5f5c840770187af30c,INVOLVES,200
evt_25688263c9bfa658e203b06ef12835ba,ent_9d05e4c957403af7e10a3bb2c2ad2736,INVOLVES,200
evt_25688263c9bfa658e203b06ef12835ba,ent_05f2a9d802e0eadc7d4f3075cef990ed,INVOLVES,200
evt_25688263c9bfa658e203b06ef12835ba,ent_b9bff9f91b000f5f5c840770187af30c,INVOLVES,200
evt_c47e9ab2cd9272554b3c0c5ce1af6fcd,ent_ef745e3d8a50bb8513fb76f49f80b808,INVOLVES,200
evt_c47e9ab2cd9272554b3c0c5ce1af6fcd,ent_e7fa5bd660d6c130581e4d90d47ff4ba,INVOLVES,200
evt_c47e9ab2cd9272554b3c0c5ce1af6fcd,ent_a8deac9d517fc0fd2ad6f05328be9830,INVOLVES,200
evt_6742da9e6aace946aa8b68b49e7558f3,ent_6aa7cbb3eaafb3aac81464a639b86e23,INVOLVES,200
evt_6742da9e6aace946aa8b68b49e7558f3,ent_f661430093dc344ffc8b8cdb2492ca14,INVOLVES,200
evt_eaeba4ed5361fb6b04ca3f64081bfa5e,ent_0d05c98717c49eebbf5911089efc09d8,INVOLVES,200
evt_eaeba4ed5361fb6b04ca3f64081bfa5e,ent_312642cda4a86945e21c6ab3175203ec,INVOLVES,200
evt_eaeba4ed5361fb6b04ca3f64081bfa5e,ent_efcea41751696d7564207ab9bfeb8fff,INVOLVES,200
evt_eaeba4ed5361fb6b04ca3f64081bfa5e,ent_d36b13410347d500de53637c8b77e430,INVOLVES,200
evt_12777cb3e368613ebfcdbbdb6df2cff9,ent_0d05c98717c49eebbf5911089efc09d8,INVOLVES,200
evt_12777cb3e368613ebfcdbbdb6df2cff9,ent_312642cda4a86945e21c6ab3175203ec,INVOLVES,200
evt_12777cb3e368613ebfcdbbdb6df2cff9,ent_efcea41751696d7564207ab9bfeb8fff,INVOLVES,200
evt_12777cb3e368613ebfcdbbdb6df2cff9,ent_d36b13410347d500de53637c8b77e430,INVOLVES,200
evt_669402e3e0dcb5b542b733b8529c7b27,ent_0d05c98717c49eebbf5911089efc09d8,INVOLVES,200
evt_669402e3e0dcb5b542b733b8529c7b27,ent_312642cda4a86945e21c6ab3175203ec,INVOLVES,200
evt_669402e3e0dcb5b542b733b8529c7b27,ent_efcea41751696d7564207ab9bfeb8fff,INVOLVES,200
evt_669402e3e0dcb5b542b733b8529c7b27,ent_d36b13410347d500de53637c8b77e430,INVOLVES,200
evt_f67e52b8570becacabb2e9f497fd5d4e,ent_0d05c98717c49eebbf5911089efc09d8,INVOLVES,200
evt_f67e52b8570becacabb2e9f497fd5d4e,ent_312642cda4a86945e21c6ab3175203ec,INVOLVES,200
evt_f67e52b8570becacabb2e9f497fd5d4e,ent_efcea41751696d7564207ab9bfeb8fff,INVOLVES,200
evt_f67e52b8570becacabb2e9f497fd5d4e,ent_d36b13410347d500de53637c8b77e430,INVOLVES,200
evt_629e1685b02af701e3ebcfbce8a2570d,ent_404bb6d1c1f7cf0dd0e1c6ab3b4089ff,INVOLVES,200
evt_629e1685b02af701e3ebcfbce8a2570d,ent_02349980bba8ce563cdf709f74f96fc1,INVOLVES,200
evt_629e1685b02af701e3ebcfbce8a2570d,ent_d36b13410347d500de53637c8b77e430,INVOLVES,200
evt_629e1685b02af701e3ebcfbce8a2570d,ent_227da576e0fee2b41e04ed233a11e238,INVOLVES,200
evt_088351b8a17f3794a46693358eea9498,ent_0d05c98717c49eebbf5911089efc09d8,INVOLVES,200
evt_088351b8a17f3794a46693358eea9498,ent_d36b13410347d500de53637c8b77e430,INVOLVES,200
evt_088351b8a17f3794a46693358eea9498,ent_611cf5e35a7b4e26a2d5b6bbf9654ade,INVOLVES,200
evt_088351b8a17f3794a46693358eea9498,ent_02349980bba8ce563cdf709f74f96fc1,INVOLVES,200
evt_d408a6566ca907691e739d0000640f4f,ent_0d05c98717c49eebbf5911089efc09d8,INVOLVES,200
evt_d408a6566ca907691e739d0000640f4f,ent_d36b13410347d500de53637c8b77e430,INVOLVES,200
evt_d408a6566ca907691e739d0000640f4f,ent_611cf5e35a7b4e26a2d5b6bbf9654ade,INVOLVES,200
evt_d408a6566ca907691e739d0000640f4f,ent_02349980bba8ce563cdf709f74f96fc1,INVOLVES,200
evt_55c4d8be9493328f630d72ec827b94e9,ent_0d05c98717c49eebbf5911089efc09d8,INVOLVES,200
evt_55c4d8be9493328f630d72ec827b94e9,ent_d36b13410347d500de53637c8b77e430,INVOLVES,200
evt_55c4d8be9493328f630d72ec827b94e9,ent_611cf5e35a7b4e26a2d5b6bbf9654ade,INVOLVES,200
evt_55c4d8be9493328f630d72ec827b94e9,ent_02349980bba8ce563cdf709f74f96fc1,INVOLVES,200
evt_8790bd32f3fd03bf35530023915a031c,ent_0d05c98717c49eebbf5911089efc09d8,INVOLVES,200
evt_8790bd32f3fd03bf35530023915a031c,ent_d36b13410347d500de53637c8b77e430,INVOLVES,200
evt_8790bd32f3fd03bf35530023915a031c,ent_611cf5e35a7b4e26a2d5b6bbf9654ade,INVOLVES,200
evt_8790bd32f3fd03bf35530023915a031c,ent_02349980bba8ce563cdf709f74f96fc1,INVOLVES,200
evt_7a16c0308ae006630c34b49c7d704e1b,ent_0d05c98717c49eebbf5911089efc09d8,INVOLVES,200
evt_7a16c0308ae006630c34b49c7d704e1b,ent_d36b13410347d500de53637c8b77e430,INVOLVES,200
evt_7a16c0308ae006630c34b49c7d704e1b,ent_611cf5e35a7b4e26a2d5b6bbf9654ade,INVOLVES,200
evt_7a16c0308ae006630c34b49c7d704e1b,ent_02349980bba8ce563cdf709f74f96fc1,INVOLVES,200
evt_27c767fe3e1925b8ba2019196c42cd1e,ent_0d05c98717c49eebbf5911089efc09d8,INVOLVES,200
evt_27c767fe3e1925b8ba2019196c42cd1e,ent_d36b13410347d500de53637c8b77e430,INVOLVES,200
evt_27c767fe3e1925b8ba2019196c42cd1e,ent_611cf5e35a7b4e26a2d5b6bbf9654ade,INVOLVES,200
evt_27c767fe3e1925b8ba2019196c42cd1e,ent_02349980bba8ce563cdf709f74f96fc1,INVOLVES,200
evt_7813aa80b272cd718983b01c2706bc17,ent_0d05c98717c49eebbf5911089efc09d8,INVOLVES,200
evt_7813aa80b272cd718983b01c2706bc17,ent_d36b13410347d500de53637c8b77e430,INVOLVES,200
evt_7813aa80b272cd718983b01c2706bc17,ent_611cf5e35a7b4e26a2d5b6bbf9654ade,INVOLVES,200
evt_7813aa80b272cd718983b01c2706bc17,ent_02349980bba8ce563cdf709f74f96fc1,INVOLVES,200
evt_c725f945f5d43a5b234cbbfbde580694,ent_0d05c98717c49eebbf5911089efc09d8,INVOLVES,200
evt_c725f945f5d43a5b234cbbfbde580694,ent_d36b13410347d500de53637c8b77e430,INVOLVES,200
evt_c725f945f5d43a5b234cbbfbde580694,ent_611cf5e35a7b4e26a2d5b6bbf9654ade,INVOLVES,200
evt_c725f945f5d43a5b234cbbfbde580694,ent_02349980bba8ce563cdf709f74f96fc1,INVOLVES,200
evt_a2fc04be4a14f9b1a8de7be1dcee6c2f,ent_6aa7cbb3eaafb3aac81464a639b86e23,INVOLVES,200
evt_a2fc04be4a14f9b1a8de7be1dcee6c2f,ent_6433d3473f8ff7e4bcb70a3092403f73,INVOLVES,200
evt_e9fbe01b5d16dcc9c5fb1eb81ec6f8ae,ent_6aa7cbb3eaafb3aac81464a639b86e23,INVOLVES,200
evt_e9fbe01b5d16dcc9c5fb1eb81ec6f8ae,ent_6433d3473f8ff7e4bcb70a3092403f73,INVOLVES,200
evt_dd4c831769c6777117d3f39dfe2cc2b0,ent_9d05e4c957403af7e10a3bb2c2ad2736,INVOLVES,200
evt_dd4c831769c6777117d3f39dfe2cc2b0,ent_4d6db930b7a8fd786022647feccae95d,INVOLVES,200
evt_dd4c831769c6777117d3f39dfe2cc2b0,ent_459301fa6935083677a86d6b1df96b41,INVOLVES,200
evt_55756e6e9ac22bc780ce0a8282b4841c,ent_9d05e4c957403af7e10a3bb2c2ad2736,INVOLVES,200
evt_55756e6e9ac22bc780ce0a8282b4841c,ent_4d6db930b7a8fd786022647feccae95d,INVOLVES,200
evt_55756e6e9ac22bc780ce0a8282b4841c,ent_459301fa6935083677a86d6b1df96b41,INVOLVES,200
evt_f2e08d3cf7842f52d3d1e7c9987cc057,ent_9d05e4c957403af7e10a3bb2c2ad2736,INVOLVES,200
evt_f2e08d3cf7842f52d3d1e7c9987cc057,ent_4d6db930b7a8fd786022647feccae95d,INVOLVES,200
evt_f2e08d3cf7842f52d3d1e7c9987cc057,ent_459301fa6935083677a86d6b1df96b41,INVOLVES,200
evt_0414f6176f38bf894c15e6e28ca5d1d0,ent_49d16c9ba1300c36a494a9ea05b7df54,INVOLVES,200
evt_0414f6176f38bf894c15e6e28ca5d1d0,ent_97d58d48dcc2f822a1805a869f24dfd9,INVOLVES,200
evt_0414f6176f38bf894c15e6e28ca5d1d0,ent_e856c1781458bb8c367dfe49e7bc75e4,INVOLVES,200
evt_0414f6176f38bf894c15e6e28ca5d1d0,ent_bea0c574d525f10b8a7aaf0dbb7edbc2,INVOLVES,200
evt_0414f6176f38bf894c15e6e28ca5d1d0,ent_0d49a53868b32e2474c88d3bd3f0cf3d,INVOLVES,200
evt_fe22ec6e04741132e176a7f499bfa10a,ent_49d16c9ba1300c36a494a9ea05b7df54,INVOLVES,200
evt_fe22ec6e04741132e176a7f499bfa10a,ent_97d58d48dcc2f822a1805a869f24dfd9,INVOLVES,200
evt_fe22ec6e04741132e176a7f499bfa10a,ent_e856c1781458bb8c367dfe49e7bc75e4,INVOLVES,200
evt_fe22ec6e04741132e176a7f499bfa10a,ent_bea0c574d525f10b8a7aaf0dbb7edbc2,INVOLVES,200
evt_fe22ec6e04741132e176a7f499bfa10a,ent_0d49a53868b32e2474c88d3bd3f0cf3d,INVOLVES,200
evt_493daf42f002f8378988b69ffe4c8080,ent_1690b441205a9ec69574163792a7324b,INVOLVES,200
evt_493daf42f002f8378988b69ffe4c8080,ent_0eba5b8b045d8b9914ebbe91f4f34ae3,INVOLVES,200
evt_493daf42f002f8378988b69ffe4c8080,ent_1cb317c560936f0e886cc81e8adc06fe,INVOLVES,200
evt_493daf42f002f8378988b69ffe4c8080,ent_a805ba012722a27e8dcc7a78d6eb0347,INVOLVES,200
evt_77ad202360895f908dbd87127943c8ad,ent_02349980bba8ce563cdf709f74f96fc1,INVOLVES,200
evt_77ad202360895f908dbd87127943c8ad,ent_d36b13410347d500de53637c8b77e430,INVOLVES,200
evt_77ad202360895f908dbd87127943c8ad,ent_214163861ed8ac3fdfdb4674bf5536af,INVOLVES,200
evt_77ad202360895f908dbd87127943c8ad,ent_4fa2deebbdd08f8db412355fd5c496b0,INVOLVES,200
evt_822b10bfe47ee75c1c48519d7bf47978,ent_4a23f903c8225b335af1e13a7e805cfb,INVOLVES,200
evt_822b10bfe47ee75c1c48519d7bf47978,ent_430cc24cb3bad151778ebd265d10633d,INVOLVES,200
evt_822b10bfe47ee75c1c48519d7bf47978,ent_58f19d8481e87ed65bc8f1cb6436a6de,INVOLVES,200
evt_eb01ca4da8f04e459deb0f07cec2e80d,ent_430cc24cb3bad151778ebd265d10633d,INVOLVES,200
evt_eb01ca4da8f04e459deb0f07cec2e80d,ent_d36b13410347d500de53637c8b77e430,INVOLVES,200
evt_eb01ca4da8f04e459deb0f07cec2e80d,ent_0b73b7583bbe091f15fa442035d14e09,INVOLVES,200
evt_eb01ca4da8f04e459deb0f07cec2e80d,ent_33ed0d3e222e59adfd9bb9f2faffa43e,INVOLVES,200
evt_eb01ca4da8f04e459deb0f07cec2e80d,ent_73cb9346d4c28ed7183e400772654b27,INVOLVES,200
evt_eb01ca4da8f04e459deb0f07cec2e80d,ent_412a1e98cbdebaf40eaac0ee3cbe4f17,INVOLVES,200
evt_afa895c9925a51bc9b98d89662db1717,ent_69d2400364801dc7dbe0b9b77e4683e5,INVOLVES,200
evt_afa895c9925a51bc9b98d89662db1717,ent_56b645fbdc7a7c9d8710490a92b04244,INVOLVES,200
evt_5e376406ecb2cf2a4f62061c39fea17e,ent_69d2400364801dc7dbe0b9b77e4683e5,INVOLVES,200
evt_5e376406ecb2cf2a4f62061c39fea17e,ent_56b645fbdc7a7c9d8710490a92b04244,INVOLVES,200
evt_26b0958ed692e3338cd5f9463cedf93b,ent_6aa7cbb3eaafb3aac81464a639b86e23,INVOLVES,200
evt_26b0958ed692e3338cd5f9463cedf93b,ent_0585370dfc155ad02f40b8c59efe394e,INVOLVES,200
evt_26b0958ed692e3338cd5f9463cedf93b,ent_b2158906bdddbf6bb026f754fd115ce9,INVOLVES,200
evt_dc0afde52d10b8cac2d0fe5f2c2a1d84,ent_6aa7cbb3eaafb3aac81464a639b86e23,INVOLVES,200
evt_dc0afde52d10b8cac2d0fe5f2c2a1d84,ent_0585370dfc155ad02f40b8c59efe394e,INVOLVES,200
evt_dc0afde52d10b8cac2d0fe5f2c2a1d84,ent_b2158906bdddbf6bb026f754fd115ce9,INVOLVES,200
evt_e4c2367e757dad398950466598aea4ed,ent_6aa7cbb3eaafb3aac81464a639b86e23,INVOLVES,200
evt_e4c2367e757dad398950466598aea4ed,ent_0585370dfc155ad02f40b8c59efe394e,INVOLVES,200
evt_e4c2367e757dad398950466598aea4ed,ent_b2158906bdddbf6bb026f754fd115ce9,INVOLVES,200
evt_bf18b2bf163250a530aa42b116f74146,ent_6aa7cbb3eaafb3aac81464a639b86e23,INVOLVES,200
evt_bf18b2bf163250a530aa42b116f74146,ent_0585370dfc155ad02f40b8c59efe394e,INVOLVES,200
evt_bf18b2bf163250a530aa42b116f74146,ent_b2158906bdddbf6bb026f754fd115ce9,INVOLVES,200
evt_8396d50688cb02ef7ba1d3fca6ca6a82,ent_1c65e589633a2e983a55f25ede78672c,INVOLVES,200
evt_8396d50688cb02ef7ba1d3fca6ca6a82,ent_5c16be9e157855c334eca58121082e56,INVOLVES,200
evt_8396d50688cb02ef7ba1d3fca6ca6a82,ent_634d30f1d295382071bc70b8e883717b,INVOLVES,200
evt_8396d50688cb02ef7ba1d3fca6ca6a82,ent_0585370dfc155ad02f40b8c59efe394e,INVOLVES,200
evt_c93be55082e7a8b7b1ed8b63a50ccc72,ent_bf2eb1b5439441d00d8f571c48181df1,INVOLVES,200
evt_c93be55082e7a8b7b1ed8b63a50ccc72,ent_05a3083204b98830c00e49272d5b682d,INVOLVES,200
evt_c93be55082e7a8b7b1ed8b63a50ccc72,ent_0623056192b50389f0afacc59c78de9e,INVOLVES,200
evt_c93be55082e7a8b7b1ed8b63a50ccc72,ent_4b914da0a443bee040f9bf3bbbc72fe9,INVOLVES,200
evt_c93be55082e7a8b7b1ed8b63a50ccc72,ent_ab8589379061c52ffe09212f4f8eda6b,INVOLVES,200
evt_cf6d7f5cf5eaae038bd8f7ecf52df258,ent_0d05c98717c49eebbf5911089efc09d8,INVOLVES,200
evt_cf6d7f5cf5eaae038bd8f7ecf52df258,ent_312642cda4a86945e21c6ab3175203ec,INVOLVES,200
evt_cf6d7f5cf5eaae038bd8f7ecf52df258,ent_e4752ab34f6a27ede45a69ea1878a598,INVOLVES,200
evt_cf6d7f5cf5eaae038bd8f7ecf52df258,ent_13b967038f842eec1594ad101a8598b3,INVOLVES,200
evt_cf6d7f5cf5eaae038bd8f7ecf52df258,ent_7fe461592c31b7bf33bf11d21d306ea0,INVOLVES,200
evt_54ddf76b043c33823c60426652ef082d,ent_b9bff9f91b000f5f5c840770187af30c,INVOLVES,200
evt_54ddf76b043c33823c60426652ef082d,ent_883d8eee0a1eef653923467b4ba4ce10,INVOLVES,200
evt_54ddf76b043c33823c60426652ef082d,ent_edb82d9e724eb11669a36d3e8d6c8038,INVOLVES,200
evt_54ddf76b043c33823c60426652ef082d,ent_459301fa6935083677a86d6b1df96b41,INVOLVES,200
evt_910d16a75c3d44a66378d144a81d208e,ent_b9bff9f91b000f5f5c840770187af30c,INVOLVES,200
evt_910d16a75c3d44a66378d144a81d208e,ent_883d8eee0a1eef653923467b4ba4ce10,INVOLVES,200
evt_910d16a75c3d44a66378d144a81d208e,ent_edb82d9e724eb11669a36d3e8d6c8038,INVOLVES,200
evt_910d16a75c3d44a66378d144a81d208e,ent_459301fa6935083677a86d6b1df96b41,INVOLVES,200
evt_83d348047c681bf3366dccfb9828b156,ent_0d05c98717c49eebbf5911089efc09d8,INVOLVES,200
evt_83d348047c681bf3366dccfb9828b156,ent_d36b13410347d500de53637c8b77e430,INVOLVES,200
evt_83d348047c681bf3366dccfb9828b156,ent_02349980bba8ce563cdf709f74f96fc1,INVOLVES,200
evt_83d348047c681bf3366dccfb9828b156,ent_4fa2deebbdd08f8db412355fd5c496b0,INVOLVES,200
evt_e05dc0f570b0462c0d7a7b645070c162,ent_0d05c98717c49eebbf5911089efc09d8,INVOLVES,200
evt_e05dc0f570b0462c0d7a7b645070c162,ent_d36b13410347d500de53637c8b77e430,INVOLVES,200
evt_e05dc0f570b0462c0d7a7b645070c162,ent_02349980bba8ce563cdf709f74f96fc1,INVOLVES,200
evt_e05dc0f570b0462c0d7a7b645070c162,ent_4fa2deebbdd08f8db412355fd5c496b0,INVOLVES,200
evt_5968c7bff249dd17fcbd8b11849d5267,ent_788e765c0296533c06d3c3d4a43231b1,INVOLVES,200
evt_5968c7bff249dd17fcbd8b11849d5267,ent_a98b9366ff28e17f7d3d95b3073a665e,INVOLVES,200
evt_5968c7bff249dd17fcbd8b11849d5267,ent_0a7c5d0f96640e63ee7ddf152661ad88,INVOLVES,200
evt_5968c7bff249dd17fcbd8b11849d5267,ent_7a7b402f2e53ae953ff1da46f0f26b69,INVOLVES,200
evt_5968c7bff249dd17fcbd8b11849d5267,ent_40897fedbd1628fac6f26499af9ce4f7,INVOLVES,200
evt_307bf66ff02309895aef29d9196b8e34,ent_788e765c0296533c06d3c3d4a43231b1,INVOLVES,200
evt_307bf66ff02309895aef29d9196b8e34,ent_a98b9366ff28e17f7d3d95b3073a665e,INVOLVES,200
evt_307bf66ff02309895aef29d9196b8e34,ent_0a7c5d0f96640e63ee7ddf152661ad88,INVOLVES,200
evt_307bf66ff02309895aef29d9196b8e34,ent_7a7b402f2e53ae953ff1da46f0f26b69,INVOLVES,200
evt_307bf66ff02309895aef29d9196b8e34,ent_40897fedbd1628fac6f26499af9ce4f7,INVOLVES,200
evt_66fa83890ab73d885077457393f36296,ent_788e765c0296533c06d3c3d4a43231b1,INVOLVES,200
evt_66fa83890ab73d885077457393f36296,ent_a98b9366ff28e17f7d3d95b3073a665e,INVOLVES,200
evt_66fa83890ab73d885077457393f36296,ent_0a7c5d0f96640e63ee7ddf152661ad88,INVOLVES,200
evt_66fa83890ab73d885077457393f36296,ent_7a7b402f2e53ae953ff1da46f0f26b69,INVOLVES,200
evt_66fa83890ab73d885077457393f36296,ent_40897fedbd1628fac6f26499af9ce4f7,INVOLVES,200
evt_05babe26ec59055ede4422f55dd5e5ce,ent_788e765c0296533c06d3c3d4a43231b1,INVOLVES,200
evt_05babe26ec59055ede4422f55dd5e5ce,ent_a98b9366ff28e17f7d3d95b3073a665e,INVOLVES,200
evt_05babe26ec59055ede4422f55dd5e5ce,ent_0a7c5d0f96640e63ee7ddf152661ad88,INVOLVES,200
evt_05babe26ec59055ede4422f55dd5e5ce,ent_7a7b402f2e53ae953ff1da46f0f26b69,INVOLVES,200
evt_05babe26ec59055ede4422f55dd5e5ce,ent_40897fedbd1628fac6f26499af9ce4f7,INVOLVES,200
evt_df09fd49763846032a965756951976ff,ent_788e765c0296533c06d3c3d4a43231b1,INVOLVES,200
evt_df09fd49763846032a965756951976ff,ent_a98b9366ff28e17f7d3d95b3073a665e,INVOLVES,200
evt_df09fd49763846032a965756951976ff,ent_0a7c5d0f96640e63ee7ddf152661ad88,INVOLVES,200
evt_df09fd49763846032a965756951976ff,ent_7a7b402f2e53ae953ff1da46f0f26b69,INVOLVES,200
evt_df09fd49763846032a965756951976ff,ent_40897fedbd1628fac6f26499af9ce4f7,INVOLVES,200
evt_0d92ebf44f46c8e5193c8f3af3389388,ent_788e765c0296533c06d3c3d4a43231b1,INVOLVES,200
evt_0d92ebf44f46c8e5193c8f3af3389388,ent_a98b9366ff28e17f7d3d95b3073a665e,INVOLVES,200
evt_0d92ebf44f46c8e5193c8f3af3389388,ent_0a7c5d0f96640e63ee7ddf152661ad88,INVOLVES,200
evt_0d92ebf44f46c8e5193c8f3af3389388,ent_7a7b402f2e53ae953ff1da46f0f26b69,INVOLVES,200
evt_0d92ebf44f46c8e5193c8f3af3389388,ent_40897fedbd1628fac6f26499af9ce4f7,INVOLVES,200
evt_c631a8f0a048afa92f34ec2218527c7d,ent_788e765c0296533c06d3c3d4a43231b1,INVOLVES,200
evt_c631a8f0a048afa92f34ec2218527c7d,ent_a98b9366ff28e17f7d3d95b3073a665e,INVOLVES,200
evt_c631a8f0a048afa92f34ec2218527c7d,ent_0a7c5d0f96640e63ee7ddf152661ad88,INVOLVES,200
evt_c631a8f0a048afa92f34ec2218527c7d,ent_7a7b402f2e53ae953ff1da46f0f26b69,INVOLVES,200
evt_c631a8f0a048afa92f34ec2218527c7d,ent_40897fedbd1628fac6f26499af9ce4f7,INVOLVES,200
evt_5321cb7f43f016b98595ca365b98df16,ent_634824d2459581360b9a44eab20471e5,INVOLVES,200
evt_5321cb7f43f016b98595ca365b98df16,ent_0f0e3e95abc282d2ed85fce6da9f4f51,INVOLVES,200
evt_7aa0eaf36b1cd331401f80c0902a968b,ent_d6d4fc8036735b6a85028b35617b4cb5,INVOLVES,200
evt_7aa0eaf36b1cd331401f80c0902a968b,ent_e07897f54742ca51f4ac457320dd6993,INVOLVES,200
evt_57e59a745ef62117fb8fda42115633d4,ent_0d05c98717c49eebbf5911089efc09d8,INVOLVES,200
evt_57e59a745ef62117fb8fda42115633d4,ent_44f22d89c8f969f81fa642ac9aa6a9e0,INVOLVES,200
evt_57e59a745ef62117fb8fda42115633d4,ent_d36b13410347d500de53637c8b77e430,INVOLVES,200
evt_57e59a745ef62117fb8fda42115633d4,ent_4fa2deebbdd08f8db412355fd5c496b0,INVOLVES,200
evt_57e59a745ef62117fb8fda42115633d4,ent_02349980bba8ce563cdf709f74f96fc1,INVOLVES,200
evt_57e59a745ef62117fb8fda42115633d4,ent_0585370dfc155ad02f40b8c59efe394e,INVOLVES,200
evt_f2681f2ff628a3372ef78b8f17d04e78,ent_0d05c98717c49eebbf5911089efc09d8,INVOLVES,200
evt_f2681f2ff628a3372ef78b8f17d04e78,ent_2a6d3686110703bc69da3220c6ee6b5f,INVOLVES,200
evt_f2681f2ff628a3372ef78b8f17d04e78,ent_d36b13410347d500de53637c8b77e430,INVOLVES,200
evt_f2681f2ff628a3372ef78b8f17d04e78,ent_5e59ad66759572621fabc25e69be6f72,INVOLVES,200
evt_f2681f2ff628a3372ef78b8f17d04e78,ent_03126ed3349e597ca1fda8277e9affc0,INVOLVES,200
evt_f2681f2ff628a3372ef78b8f17d04e78,ent_9f9becccd1bbc77f14d0e3ffbb99d9e6,INVOLVES,200
evt_f2681f2ff628a3372ef78b8f17d04e78,ent_efcea41751696d7564207ab9bfeb8fff,INVOLVES,200
evt_f2681f2ff628a3372ef78b8f17d04e78,ent_214163861ed8ac3fdfdb4674bf5536af,INVOLVES,200
evt_b6e3c61ba57641f10ab9a0cfce0c849b,ent_0d05c98717c49eebbf5911089efc09d8,INVOLVES,200
evt_b6e3c61ba57641f10ab9a0cfce0c849b,ent_2a6d3686110703bc69da3220c6ee6b5f,INVOLVES,200
evt_b6e3c61ba57641f10ab9a0cfce0c849b,ent_d36b13410347d500de53637c8b77e430,INVOLVES,200
evt_b6e3c61ba57641f10ab9a0cfce0c849b,ent_5e59ad66759572621fabc25e69be6f72,INVOLVES,200
evt_b6e3c61ba57641f10ab9a0cfce0c849b,ent_03126ed3349e597ca1fda8277e9affc0,INVOLVES,200
evt_b6e3c61ba57641f10ab9a0cfce0c849b,ent_9f9becccd1bbc77f14d0e3ffbb99d9e6,INVOLVES,200
evt_b6e3c61ba57641f10ab9a0cfce0c849b,ent_efcea41751696d7564207ab9bfeb8fff,INVOLVES,200
evt_b6e3c61ba57641f10ab9a0cfce0c849b,ent_214163861ed8ac3fdfdb4674bf5536af,INVOLVES,200
evt_0a60b096c43e3d1e86af3e0b2a0b0983,ent_989330eb301bcf3d71577a8a1a2a69fd,INVOLVES,200
evt_0a60b096c43e3d1e86af3e0b2a0b0983,ent_66ac50f19c6e190660922f3c7d34bec2,INVOLVES,200
evt_21ccae71fdc1755883c6b8ccecd06a62,ent_989330eb301bcf3d71577a8a1a2a69fd,INVOLVES,200
evt_21ccae71fdc1755883c6b8ccecd06a62,ent_66ac50f19c6e190660922f3c7d34bec2,INVOLVES,200
evt_d446e7ae95d016d1ff94abeca9b0ab57,ent_fad4d3387ea37ef7c7a593fa14f3be3c,INVOLVES,200
evt_d446e7ae95d016d1ff94abeca9b0ab57,ent_2a6d3686110703bc69da3220c6ee6b5f,INVOLVES,200
evt_d446e7ae95d016d1ff94abeca9b0ab57,ent_d36b13410347d500de53637c8b77e430,INVOLVES,200
evt_62ea295b6b1b3cc62c1a2ee4c04b86eb,ent_fad4d3387ea37ef7c7a593fa14f3be3c,INVOLVES,200
evt_62ea295b6b1b3cc62c1a2ee4c04b86eb,ent_2a6d3686110703bc69da3220c6ee6b5f,INVOLVES,200
evt_62ea295b6b1b3cc62c1a2ee4c04b86eb,ent_d36b13410347d500de53637c8b77e430,INVOLVES,200
evt_9b46c735f10e13ff3f2539c0840aedad,ent_a8012731198ca6dfc3d373cc2608538e,INVOLVES,200
evt_9b46c735f10e13ff3f2539c0840aedad,ent_cb19ceee99b03802a1137f73525210f5,INVOLVES,200
evt_008568830e3467b56c7d2cc5ae48a762,ent_a8012731198ca6dfc3d373cc2608538e,INVOLVES,200
evt_008568830e3467b56c7d2cc5ae48a762,ent_cb19ceee99b03802a1137f73525210f5,INVOLVES,200
evt_4f18189fb7fa0c09c3b3c6be0504a02d,ent_a8012731198ca6dfc3d373cc2608538e,INVOLVES,200
evt_4f18189fb7fa0c09c3b3c6be0504a02d,ent_cb19ceee99b03802a1137f73525210f5,INVOLVES,200
evt_816200bd2ff323c0c07e21924f4853e1,ent_a8012731198ca6dfc3d373cc2608538e,INVOLVES,200
evt_816200bd2ff323c0c07e21924f4853e1,ent_cb19ceee99b03802a1137f73525210f5,INVOLVES,200
evt_60241b9612312fe9c39c71e5e24f5c8e,ent_183bd64c6fc43113b151a26ffb0dca15,INVOLVES,200
evt_60241b9612312fe9c39c71e5e24f5c8e,ent_a4c080428e5fcca9c829a8c6b148a6a8,INVOLVES,200
evt_8e7a191c8d5c7315d356c6f6e3094fd4,ent_183bd64c6fc43113b151a26ffb0dca15,INVOLVES,200
evt_8e7a191c8d5c7315d356c6f6e3094fd4,ent_a4c080428e5fcca9c829a8c6b148a6a8,INVOLVES,200
evt_8713aac84bac7299f5079b914bea7bbc,ent_183bd64c6fc43113b151a26ffb0dca15,INVOLVES,200
evt_8713aac84bac7299f5079b914bea7bbc,ent_a4c080428e5fcca9c829a8c6b148a6a8,INVOLVES,200
evt_51bbb59530a2c551fcdea32b55794941,ent_183bd64c6fc43113b151a26ffb0dca15,INVOLVES,200
evt_51bbb59530a2c551fcdea32b55794941,ent_7f522b087417b468ec0e8a4fcdf6bbf7,INVOLVES,200
evt_c12a118be27f9a2da6b96cc38e5774c7,ent_f68dc4a15bfdb03ffde3bd663928b72a,INVOLVES,200
evt_c12a118be27f9a2da6b96cc38e5774c7,ent_673f06b02f996e4c1d207d1d4229b23c,INVOLVES,200
evt_c12a118be27f9a2da6b96cc38e5774c7,ent_e1aa27557fc873c9cd1ef326424a6fef,INVOLVES,200
evt_ecfa8f4daad0afeec30d5d7968c0c167,ent_8148748fcc31debe42d43d6c5d48980b,INVOLVES,200
evt_ecfa8f4daad0afeec30d5d7968c0c167,ent_6aa7cbb3eaafb3aac81464a639b86e23,INVOLVES,200
evt_ecfa8f4daad0afeec30d5d7968c0c167,ent_f8d80ae1d7c1128777182c4e6b92cd96,INVOLVES,200
evt_ecfa8f4daad0afeec30d5d7968c0c167,ent_3c09221d3466d531fc4791356b36cfb0,INVOLVES,200
evt_ca7b23be0590d5caac36ca93ca02cf6a,ent_8148748fcc31debe42d43d6c5d48980b,INVOLVES,200
evt_ca7b23be0590d5caac36ca93ca02cf6a,ent_6aa7cbb3eaafb3aac81464a639b86e23,INVOLVES,200
evt_ca7b23be0590d5caac36ca93ca02cf6a,ent_f8d80ae1d7c1128777182c4e6b92cd96,INVOLVES,200
evt_ca7b23be0590d5caac36ca93ca02cf6a,ent_3c09221d3466d531fc4791356b36cfb0,INVOLVES,200
evt_17c3cee5f9fd2bdc1243ea518279e200,ent_634824d2459581360b9a44eab20471e5,INVOLVES,200
evt_f882ce519791f128a42ee2311b19eb96,ent_634824d2459581360b9a44eab20471e5,INVOLVES,200
evt_1bc337075191d14d68b57289e0fd73c5,ent_634824d2459581360b9a44eab20471e5,INVOLVES,200
evt_62e9799435acf6440293068475f74ee8,ent_0d05c98717c49eebbf5911089efc09d8,INVOLVES,200
evt_62e9799435acf6440293068475f74ee8,ent_d36b13410347d500de53637c8b77e430,INVOLVES,200
evt_62e9799435acf6440293068475f74ee8,ent_e29be607c970e152d13d41bac266dcd3,INVOLVES,200
evt_62e9799435acf6440293068475f74ee8,ent_b0c61bd0b8ad6578130089d224e1f209,INVOLVES,200
evt_62e9799435acf6440293068475f74ee8,ent_7fe461592c31b7bf33bf11d21d306ea0,INVOLVES,200
evt_403ddf75bcca70080a92ec818ca1d656,ent_97d58d48dcc2f822a1805a869f24dfd9,INVOLVES,200
evt_b2303f207a491b7f50cf49bc16a864e6,ent_97d58d48dcc2f822a1805a869f24dfd9,INVOLVES,200
evt_866c3d78719ca047135c9b96e133dd1f,ent_97d58d48dcc2f822a1805a869f24dfd9,INVOLVES,200
evt_95a0bc3821c0781006e4d6c4d34a410f,ent_97d58d48dcc2f822a1805a869f24dfd9,INVOLVES,200
evt_62d9406f527d62b4d8466260f5c7930e,ent_0d05c98717c49eebbf5911089efc09d8,INVOLVES,200
evt_62d9406f527d62b4d8466260f5c7930e,ent_312642cda4a86945e21c6ab3175203ec,INVOLVES,200
evt_62d9406f527d62b4d8466260f5c7930e,ent_bf42c7585de0c1246587fb69524df7d4,INVOLVES,200
evt_62d9406f527d62b4d8466260f5c7930e,ent_e1aa27557fc873c9cd1ef326424a6fef,INVOLVES,200
evt_6af9ca40e432f6894254d6e66f293e69,ent_0d05c98717c49eebbf5911089efc09d8,INVOLVES,200
evt_6af9ca40e432f6894254d6e66f293e69,ent_312642cda4a86945e21c6ab3175203ec,INVOLVES,200
evt_6af9ca40e432f6894254d6e66f293e69,ent_bf42c7585de0c1246587fb69524df7d4,INVOLVES,200
evt_6af9ca40e432f6894254d6e66f293e69,ent_e1aa27557fc873c9cd1ef326424a6fef,INVOLVES,200
evt_5dd6c4ac18b806f9cd3736086834487d,ent_0d05c98717c49eebbf5911089efc09d8,INVOLVES,200
evt_5dd6c4ac18b806f9cd3736086834487d,ent_5e59ad66759572621fabc25e69be6f72,INVOLVES,200
evt_5dd6c4ac18b806f9cd3736086834487d,ent_2a6d3686110703bc69da3220c6ee6b5f,INVOLVES,200
evt_5dd6c4ac18b806f9cd3736086834487d,ent_7fe461592c31b7bf33bf11d21d306ea0,INVOLVES,200
evt_5dd6c4ac18b806f9cd3736086834487d,ent_d36b13410347d500de53637c8b77e430,INVOLVES,200
evt_5dd6c4ac18b806f9cd3736086834487d,ent_efcea41751696d7564207ab9bfeb8fff,INVOLVES,200
evt_5dd6c4ac18b806f9cd3736086834487d,ent_02349980bba8ce563cdf709f74f96fc1,INVOLVES,200
evt_ebca51aff440767c39cd2172dc3b2060,ent_0d05c98717c49eebbf5911089efc09d8,INVOLVES,200
evt_ebca51aff440767c39cd2172dc3b2060,ent_44f22d89c8f969f81fa642ac9aa6a9e0,INVOLVES,200
evt_ebca51aff440767c39cd2172dc3b2060,ent_56223953b1be983c383865d5576bb10a,INVOLVES,200
evt_ebca51aff440767c39cd2172dc3b2060,ent_6d3207d702c9dc917a10d34060bb5fb3,INVOLVES,200
evt_ebca51aff440767c39cd2172dc3b2060,ent_adafd11128e9f209cb13a62c67f4a2b4,INVOLVES,200
evt_ebca51aff440767c39cd2172dc3b2060,ent_312642cda4a86945e21c6ab3175203ec,INVOLVES,200
evt_ebca51aff440767c39cd2172dc3b2060,ent_02349980bba8ce563cdf709f74f96fc1,INVOLVES,200
evt_14011e820f3b375b740b9a05e44ce01a,ent_0d05c98717c49eebbf5911089efc09d8,INVOLVES,200
evt_14011e820f3b375b740b9a05e44ce01a,ent_44f22d89c8f969f81fa642ac9aa6a9e0,INVOLVES,200
evt_14011e820f3b375b740b9a05e44ce01a,ent_56223953b1be983c383865d5576bb10a,INVOLVES,200
evt_14011e820f3b375b740b9a05e44ce01a,ent_6d3207d702c9dc917a10d34060bb5fb3,INVOLVES,200
evt_14011e820f3b375b740b9a05e44ce01a,ent_adafd11128e9f209cb13a62c67f4a2b4,INVOLVES,200
evt_14011e820f3b375b740b9a05e44ce01a,ent_312642cda4a86945e21c6ab3175203ec,INVOLVES,200
evt_14011e820f3b375b740b9a05e44ce01a,ent_02349980bba8ce563cdf709f74f96fc1,INVOLVES,200
evt_07f417320475fe1549a5193cbf0b30ef,ent_b9260d152ca6e1d61c38807f9a452f3c,INVOLVES,200
evt_07f417320475fe1549a5193cbf0b30ef,ent_3a59befe6e59e2aa50d613907c3e5dd8,INVOLVES,200
evt_07f417320475fe1549a5193cbf0b30ef,ent_d64020de0a5ccddb56d1077047866e28,INVOLVES,200
evt_07f417320475fe1549a5193cbf0b30ef,ent_cbd2c6df401c1bde9b135f053e48273d,INVOLVES,200
evt_07f417320475fe1549a5193cbf0b30ef,ent_f661430093dc344ffc8b8cdb2492ca14,INVOLVES,200
evt_07f417320475fe1549a5193cbf0b30ef,ent_3e66247131124c27a0f6074d01ee8803,INVOLVES,200
evt_4e7ce8cff9343017880fbee73b11f8d1,ent_b9260d152ca6e1d61c38807f9a452f3c,INVOLVES,200
evt_4e7ce8cff9343017880fbee73b11f8d1,ent_3a59befe6e59e2aa50d613907c3e5dd8,INVOLVES,200
evt_4e7ce8cff9343017880fbee73b11f8d1,ent_d64020de0a5ccddb56d1077047866e28,INVOLVES,200
evt_4e7ce8cff9343017880fbee73b11f8d1,ent_cbd2c6df401c1bde9b135f053e48273d,INVOLVES,200
evt_4e7ce8cff9343017880fbee73b11f8d1,ent_f661430093dc344ffc8b8cdb2492ca14,INVOLVES,200
evt_4e7ce8cff9343017880fbee73b11f8d1,ent_3e66247131124c27a0f6074d01ee8803,INVOLVES,200
evt_26262f44dcb6d2824e23d0162e41afd1,ent_1690b441205a9ec69574163792a7324b,INVOLVES,200
evt_26262f44dcb6d2824e23d0162e41afd1,ent_0eba5b8b045d8b9914ebbe91f4f34ae3,INVOLVES,200
evt_60afa430affe2bc60e21e3ee9c272e93,ent_1690b441205a9ec69574163792a7324b,INVOLVES,200
evt_60afa430affe2bc60e21e3ee9c272e93,ent_0eba5b8b045d8b9914ebbe91f4f34ae3,INVOLVES,200
evt_fca4a5a52628c7b367e9d447e89a1176,ent_6ff5ea082e4838d80ee79300a03456e1,INVOLVES,200
evt_fca4a5a52628c7b367e9d447e89a1176,ent_0f0e3e95abc282d2ed85fce6da9f4f51,INVOLVES,200
evt_fca4a5a52628c7b367e9d447e89a1176,ent_5d603652353ec0e16fd4866a173a5f3c,INVOLVES,200
evt_fca4a5a52628c7b367e9d447e89a1176,ent_2a6d3686110703bc69da3220c6ee6b5f,INVOLVES,200
evt_fca4a5a52628c7b367e9d447e89a1176,ent_97d58d48dcc2f822a1805a869f24dfd9,INVOLVES,200
evt_fca4a5a52628c7b367e9d447e89a1176,ent_5f2ee6e8417aaa5c7db4e16ed2bc89f8,INVOLVES,200
evt_33f7beb4e60eefb97579407bf920c4fd,ent_6ff5ea082e4838d80ee79300a03456e1,INVOLVES,200
evt_33f7beb4e60eefb97579407bf920c4fd,ent_0f0e3e95abc282d2ed85fce6da9f4f51,INVOLVES,200
evt_33f7beb4e60eefb97579407bf920c4fd,ent_5d603652353ec0e16fd4866a173a5f3c,INVOLVES,200
evt_33f7beb4e60eefb97579407bf920c4fd,ent_2a6d3686110703bc69da3220c6ee6b5f,INVOLVES,200
evt_33f7beb4e60eefb97579407bf920c4fd,ent_97d58d48dcc2f822a1805a869f24dfd9,INVOLVES,200
evt_33f7beb4e60eefb97579407bf920c4fd,ent_5f2ee6e8417aaa5c7db4e16ed2bc89f8,INVOLVES,200
evt_57ce37178f1bf32c3035d5e6bc3edc56,ent_6aa7cbb3eaafb3aac81464a639b86e23,INVOLVES,200
evt_57ce37178f1bf32c3035d5e6bc3edc56,ent_14fc9673d1033a9b3e1cd991f4f38de7,INVOLVES,200
evt_57ce37178f1bf32c3035d5e6bc3edc56,ent_52acbb108b29e6ab81fa78db762ba2aa,INVOLVES,200
evt_57ce37178f1bf32c3035d5e6bc3edc56,ent_076173809b5a7e293c5fb60f9019b3f8,INVOLVES,200
evt_57ce37178f1bf32c3035d5e6bc3edc56,ent_226a9421040b7f2d19e6a2ff542e6eac,INVOLVES,200
evt_57ce37178f1bf32c3035d5e6bc3edc56,ent_939718a00177f4a7a8a8caf8e210b494,INVOLVES,200
evt_57ce37178f1bf32c3035d5e6bc3edc56,ent_bd03c6404b0a4e3bf3f555d1c32f31fb,INVOLVES,200
evt_a4ead3bee99ea8a38cfdb9ab0ef1ebb9,ent_6aa7cbb3eaafb3aac81464a639b86e23,INVOLVES,200
evt_a4ead3bee99ea8a38cfdb9ab0ef1ebb9,ent_14fc9673d1033a9b3e1cd991f4f38de7,INVOLVES,200
evt_a4ead3bee99ea8a38cfdb9ab0ef1ebb9,ent_52acbb108b29e6ab81fa78db762ba2aa,INVOLVES,200
evt_a4ead3bee99ea8a38cfdb9ab0ef1ebb9,ent_076173809b5a7e293c5fb60f9019b3f8,INVOLVES,200
evt_a4ead3bee99ea8a38cfdb9ab0ef1ebb9,ent_226a9421040b7f2d19e6a2ff542e6eac,INVOLVES,200
evt_a4ead3bee99ea8a38cfdb9ab0ef1ebb9,ent_939718a00177f4a7a8a8caf8e210b494,INVOLVES,200
evt_a4ead3bee99ea8a38cfdb9ab0ef1ebb9,ent_bd03c6404b0a4e3bf3f555d1c32f31fb,INVOLVES,200
evt_334d616d6a6cbeba0275805cc12bdcd9,ent_6aa7cbb3eaafb3aac81464a639b86e23,INVOLVES,200
evt_334d616d6a6cbeba0275805cc12bdcd9,ent_14fc9673d1033a9b3e1cd991f4f38de7,INVOLVES,200
evt_334d616d6a6cbeba0275805cc12bdcd9,ent_52acbb108b29e6ab81fa78db762ba2aa,INVOLVES,200
evt_334d616d6a6cbeba0275805cc12bdcd9,ent_076173809b5a7e293c5fb60f9019b3f8,INVOLVES,200
evt_334d616d6a6cbeba0275805cc12bdcd9,ent_226a9421040b7f2d19e6a2ff542e6eac,INVOLVES,200
evt_334d616d6a6cbeba0275805cc12bdcd9,ent_939718a00177f4a7a8a8caf8e210b494,INVOLVES,200
evt_334d616d6a6cbeba0275805cc12bdcd9,ent_bd03c6404b0a4e3bf3f555d1c32f31fb,INVOLVES,200
evt_807167f138a89942f841391ccbea12a9,ent_304ec9b750a539ad8bc6b66a2ec5ef6a,INVOLVES,200
evt_807167f138a89942f841391ccbea12a9,ent_d36b13410347d500de53637c8b77e430,INVOLVES,200
evt_807167f138a89942f841391ccbea12a9,ent_b413b0f80b8d06ff291ed5a8fcd6db8c,INVOLVES,200
evt_807167f138a89942f841391ccbea12a9,ent_878597f7f74f20ff66a02c7a77aa5a4c,INVOLVES,200
evt_1b72a80f4e178424775eacb788e8f513,ent_bfab2ca93bae09b1d015832957d6c40c,INVOLVES,200
evt_1b72a80f4e178424775eacb788e8f513,ent_bdb380ee9e0fdab4dd508df87055f849,INVOLVES,200
evt_1b72a80f4e178424775eacb788e8f513,ent_a23de424f78c101f3b157464d8e6a9c4,INVOLVES,200
evt_1b72a80f4e178424775eacb788e8f513,ent_63b93a62d9110b650e60ea401a342af2,INVOLVES,200
evt_1b72a80f4e178424775eacb788e8f513,ent_7f055477415a18e7c8b670815e6e24b7,INVOLVES,200
evt_55e207a5362be9d9a9d63b33441ebfe5,ent_bfab2ca93bae09b1d015832957d6c40c,INVOLVES,200
evt_55e207a5362be9d9a9d63b33441ebfe5,ent_bdb380ee9e0fdab4dd508df87055f849,INVOLVES,200
evt_55e207a5362be9d9a9d63b33441ebfe5,ent_a23de424f78c101f3b157464d8e6a9c4,INVOLVES,200
evt_55e207a5362be9d9a9d63b33441ebfe5,ent_63b93a62d9110b650e60ea401a342af2,INVOLVES,200
evt_55e207a5362be9d9a9d63b33441ebfe5,ent_7f055477415a18e7c8b670815e6e24b7,INVOLVES,200
evt_ff98e6d1c79b40f6c60bfe80d0df623f,ent_183bd64c6fc43113b151a26ffb0dca15,INVOLVES,200
evt_e069a185e1f708d8976fa29eed071b46,ent_183bd64c6fc43113b151a26ffb0dca15,INVOLVES,200
evt_161f620b98952b90884cf8103263d15a,ent_183bd64c6fc43113b151a26ffb0dca15,INVOLVES,200
evt_290d573800a292eceb178e0c67cbda9c,ent_183bd64c6fc43113b151a26ffb0dca15,INVOLVES,200
evt_783fe17fe59e989789c08461d64994cb,ent_183bd64c6fc43113b151a26ffb0dca15,INVOLVES,200
evt_4ee2b365fa5ca93059435c0efea0f1e2,ent_3c0d8e36c7168288024b8fe90a20b5ef,INVOLVES,200
evt_4ee2b365fa5ca93059435c0efea0f1e2,ent_adafd11128e9f209cb13a62c67f4a2b4,INVOLVES,200
evt_8ba7b6e91539df300699e6a58a2467df,ent_634824d2459581360b9a44eab20471e5,INVOLVES,200
evt_8ba7b6e91539df300699e6a58a2467df,ent_c00cdd756c6e87fc27d5be12f9c61b38,INVOLVES,200
evt_8ba7b6e91539df300699e6a58a2467df,ent_3f55434dd1878e3f4afda021ab62f803,INVOLVES,200
evt_9f0d7152caf4507160130f79e1979820,ent_634824d2459581360b9a44eab20471e5,INVOLVES,200
evt_9f0d7152caf4507160130f79e1979820,ent_c00cdd756c6e87fc27d5be12f9c61b38,INVOLVES,200
evt_9f0d7152caf4507160130f79e1979820,ent_3f55434dd1878e3f4afda021ab62f803,INVOLVES,200
evt_df10a69cc85cbda3dde6b3f648fdd0f7,ent_0d05c98717c49eebbf5911089efc09d8,INVOLVES,200
evt_df10a69cc85cbda3dde6b3f648fdd0f7,ent_63816f71ce77f99432b7ace50a20e02b,INVOLVES,200
evt_df10a69cc85cbda3dde6b3f648fdd0f7,ent_02349980bba8ce563cdf709f74f96fc1,INVOLVES,200
evt_8dc5e09b9f63404ec0bd662d9b35a782,ent_0d05c98717c49eebbf5911089efc09d8,INVOLVES,200
evt_8dc5e09b9f63404ec0bd662d9b35a782,ent_63816f71ce77f99432b7ace50a20e02b,INVOLVES,200
evt_8dc5e09b9f63404ec0bd662d9b35a782,ent_02349980bba8ce563cdf709f74f96fc1,INVOLVES,200
evt_efcd8b4d6f44042c5a4ecf8110feb0e9,ent_0d05c98717c49eebbf5911089efc09d8,INVOLVES,200
evt_efcd8b4d6f44042c5a4ecf8110feb0e9,ent_63816f71ce77f99432b7ace50a20e02b,INVOLVES,200
evt_efcd8b4d6f44042c5a4ecf8110feb0e9,ent_02349980bba8ce563cdf709f74f96fc1,INVOLVES,200
evt_b7d6f20a259b2a29720efedb0c12f939,ent_0d05c98717c49eebbf5911089efc09d8,INVOLVES,200
evt_b7d6f20a259b2a29720efedb0c12f939,ent_63816f71ce77f99432b7ace50a20e02b,INVOLVES,200
evt_b7d6f20a259b2a29720efedb0c12f939,ent_02349980bba8ce563cdf709f74f96fc1,INVOLVES,200
evt_30f19d4f90cc25bdfaeccbc38aa1e761,ent_0d05c98717c49eebbf5911089efc09d8,INVOLVES,200
evt_30f19d4f90cc25bdfaeccbc38aa1e761,ent_63816f71ce77f99432b7ace50a20e02b,INVOLVES,200
evt_30f19d4f90cc25bdfaeccbc38aa1e761,ent_02349980bba8ce563cdf709f74f96fc1,INVOLVES,200
evt_8baa7a2b35a04dfb38e504b621732e92,ent_0de96e22e8bba4fd843e00375554056f,INVOLVES,200
evt_8baa7a2b35a04dfb38e504b621732e92,ent_1cdfd24243e0f6349a7210034d6ce099,INVOLVES,200
evt_be13503742743579480ff5b97ee82e22,ent_d36b13410347d500de53637c8b77e430,INVOLVES,200
evt_be13503742743579480ff5b97ee82e22,ent_7fe461592c31b7bf33bf11d21d306ea0,INVOLVES,200
evt_be13503742743579480ff5b97ee82e22,ent_02349980bba8ce563cdf709f74f96fc1,INVOLVES,200
evt_be13503742743579480ff5b97ee82e22,ent_efcea41751696d7564207ab9bfeb8fff,INVOLVES,200
evt_92e7fdc5d16b0e663c836188b4c06738,ent_6aa7cbb3eaafb3aac81464a639b86e23,INVOLVES,200
evt_92e7fdc5d16b0e663c836188b4c06738,ent_34144c86cd649626078f9fd99393dc96,INVOLVES,200
evt_11a281cf9104900d823ff456d7add167,ent_6aa7cbb3eaafb3aac81464a639b86e23,INVOLVES,200
evt_11a281cf9104900d823ff456d7add167,ent_34144c86cd649626078f9fd99393dc96,INVOLVES,200
evt_6d0255cc0ff86204fddcee243333189e,ent_6aa7cbb3eaafb3aac81464a639b86e23,INVOLVES,200
evt_6d0255cc0ff86204fddcee243333189e,ent_34144c86cd649626078f9fd99393dc96,INVOLVES,200
evt_0048f17f39bbcb4326066f746b4b50a0,ent_908623f289adf30c0f6c8ffe83471818,INVOLVES,200
evt_0048f17f39bbcb4326066f746b4b50a0,ent_304ec9b750a539ad8bc6b66a2ec5ef6a,INVOLVES,200
evt_0048f17f39bbcb4326066f746b4b50a0,ent_b25862cc8d5110b444dc6f111519ea6b,INVOLVES,200
evt_0048f17f39bbcb4326066f746b4b50a0,ent_878597f7f74f20ff66a02c7a77aa5a4c,INVOLVES,200
evt_0048f17f39bbcb4326066f746b4b50a0,ent_471394ace83d5b4db4fb120c6fec5110,INVOLVES,200
evt_0048f17f39bbcb4326066f746b4b50a0,ent_d180bc14cb1a6d314a0cf0d7cc1c48fd,INVOLVES,200
evt_d474594bea87c550993678bd7f8090e2,ent_908623f289adf30c0f6c8ffe83471818,INVOLVES,200
evt_d474594bea87c550993678bd7f8090e2,ent_304ec9b750a539ad8bc6b66a2ec5ef6a,INVOLVES,200
evt_d474594bea87c550993678bd7f8090e2,ent_b25862cc8d5110b444dc6f111519ea6b,INVOLVES,200
evt_d474594bea87c550993678bd7f8090e2,ent_878597f7f74f20ff66a02c7a77aa5a4c,INVOLVES,200
evt_d474594bea87c550993678bd7f8090e2,ent_471394ace83d5b4db4fb120c6fec5110,INVOLVES,200
evt_d474594bea87c550993678bd7f8090e2,ent_d180bc14cb1a6d314a0cf0d7cc1c48fd,INVOLVES,200
evt_427033ec3c5743ab469035ab91b961ce,ent_908623f289adf30c0f6c8ffe83471818,INVOLVES,200
evt_427033ec3c5743ab469035ab91b961ce,ent_304ec9b750a539ad8bc6b66a2ec5ef6a,INVOLVES,200
evt_427033ec3c5743ab469035ab91b961ce,ent_b25862cc8d5110b444dc6f111519ea6b,INVOLVES,200
evt_427033ec3c5743ab469035ab91b961ce,ent_878597f7f74f20ff66a02c7a77aa5a4c,INVOLVES,200
evt_427033ec3c5743ab469035ab91b961ce,ent_471394ace83d5b4db4fb120c6fec5110,INVOLVES,200
evt_427033ec3c5743ab469035ab91b961ce,ent_d180bc14cb1a6d314a0cf0d7cc1c48fd,INVOLVES,200
evt_adcd1495c1238d445837d4b47bae4e7c,ent_908623f289adf30c0f6c8ffe83471818,INVOLVES,200
evt_adcd1495c1238d445837d4b47bae4e7c,ent_304ec9b750a539ad8bc6b66a2ec5ef6a,INVOLVES,200
evt_adcd1495c1238d445837d4b47bae4e7c,ent_b25862cc8d5110b444dc6f111519ea6b,INVOLVES,200
evt_adcd1495c1238d445837d4b47bae4e7c,ent_878597f7f74f20ff66a02c7a77aa5a4c,INVOLVES,200
evt_adcd1495c1238d445837d4b47bae4e7c,ent_471394ace83d5b4db4fb120c6fec5110,INVOLVES,200
evt_adcd1495c1238d445837d4b47bae4e7c,ent_d180bc14cb1a6d314a0cf0d7cc1c48fd,INVOLVES,200
evt_dd23c769f8376c855970ae40858c0751,ent_3d756d26be9bb6cc5343ebcef63d202e,INVOLVES,200
evt_dd23c769f8376c855970ae40858c0751,ent_9bff44287fcc89a68bfd0008b07b0346,INVOLVES,200
evt_5b9c8cbd5b1d15e0d1c5eae1da222f76,ent_3d756d26be9bb6cc5343ebcef63d202e,INVOLVES,200
evt_5b9c8cbd5b1d15e0d1c5eae1da222f76,ent_9bff44287fcc89a68bfd0008b07b0346,INVOLVES,200
evt_e69075a7ce5a6152308456a19174bfb9,ent_3d756d26be9bb6cc5343ebcef63d202e,INVOLVES,200
evt_e69075a7ce5a6152308456a19174bfb9,ent_9bff44287fcc89a68bfd0008b07b0346,INVOLVES,200
evt_1985b990de9d36b7e00e7b0016cef1bc,ent_3d756d26be9bb6cc5343ebcef63d202e,INVOLVES,200
evt_1985b990de9d36b7e00e7b0016cef1bc,ent_9bff44287fcc89a68bfd0008b07b0346,INVOLVES,200
evt_53ada54ef05aa6c16a0288c56973ffd5,ent_183bd64c6fc43113b151a26ffb0dca15,INVOLVES,200
evt_53ada54ef05aa6c16a0288c56973ffd5,ent_83e2de890fe02b8cf3483bf7b757b0a3,INVOLVES,200
evt_53ada54ef05aa6c16a0288c56973ffd5,ent_a4c080428e5fcca9c829a8c6b148a6a8,INVOLVES,200
evt_53ada54ef05aa6c16a0288c56973ffd5,ent_2b4da846ceb3fb791e7085aff5e20a1b,INVOLVES,200
evt_707169fdab4a34bc7939218d0c01e7a3,ent_0d05c98717c49eebbf5911089efc09d8,INVOLVES,200
evt_707169fdab4a34bc7939218d0c01e7a3,ent_7fe461592c31b7bf33bf11d21d306ea0,INVOLVES,200
evt_707169fdab4a34bc7939218d0c01e7a3,ent_b836e8e394abb4fd3f1c2a993093dd86,INVOLVES,200
evt_707169fdab4a34bc7939218d0c01e7a3,ent_214163861ed8ac3fdfdb4674bf5536af,INVOLVES,200
evt_707169fdab4a34bc7939218d0c01e7a3,ent_34773fb1bf91f7ab791e72df19d0958d,INVOLVES,200
evt_707169fdab4a34bc7939218d0c01e7a3,ent_d17bd02de90e6e3aa4cf135082c05c82,INVOLVES,200
evt_707169fdab4a34bc7939218d0c01e7a3,ent_28befb1ca069da2064c23ccd24e4b2ad,INVOLVES,200
evt_4871083705cf66c840c7b0432ab27a67,ent_cb5446ec42ce5d0014238d02d185ab64,INVOLVES,200
evt_4871083705cf66c840c7b0432ab27a67,ent_d9bd560d6eeaba53237766104fcca79e,INVOLVES,200
evt_4871083705cf66c840c7b0432ab27a67,ent_91847593ff7f679e081f312c85c6d7bb,INVOLVES,200
evt_fa592e0e52be8ad659f08d1d9369084b,ent_cb5446ec42ce5d0014238d02d185ab64,INVOLVES,200
evt_fa592e0e52be8ad659f08d1d9369084b,ent_d9bd560d6eeaba53237766104fcca79e,INVOLVES,200
evt_fa592e0e52be8ad659f08d1d9369084b,ent_91847593ff7f679e081f312c85c6d7bb,INVOLVES,200
evt_5e21f9c42a1baa86528e36304052110e,ent_cb5446ec42ce5d0014238d02d185ab64,INVOLVES,200
evt_5e21f9c42a1baa86528e36304052110e,ent_d9bd560d6eeaba53237766104fcca79e,INVOLVES,200
evt_5e21f9c42a1baa86528e36304052110e,ent_91847593ff7f679e081f312c85c6d7bb,INVOLVES,200
evt_832ceab613770e0a02a43586a0e17a63,ent_6947a85524ddd1a415d7dff572993e8e,INVOLVES,200
evt_832ceab613770e0a02a43586a0e17a63,ent_edc641d55be346730d71096cbd7722bc,INVOLVES,200
evt_832ceab613770e0a02a43586a0e17a63,ent_c490d800601c3c1d14099693085377c5,INVOLVES,200
evt_832ceab613770e0a02a43586a0e17a63,ent_02349980bba8ce563cdf709f74f96fc1,INVOLVES,200
evt_28b120aaaf96fd21b9fc4c91444fe1f4,ent_6947a85524ddd1a415d7dff572993e8e,INVOLVES,200
evt_28b120aaaf96fd21b9fc4c91444fe1f4,ent_edc641d55be346730d71096cbd7722bc,INVOLVES,200
evt_28b120aaaf96fd21b9fc4c91444fe1f4,ent_c490d800601c3c1d14099693085377c5,INVOLVES,200
evt_28b120aaaf96fd21b9fc4c91444fe1f4,ent_02349980bba8ce563cdf709f74f96fc1,INVOLVES,200
evt_9960d86e8323ce587ee88cacba7255fa,ent_6aa7cbb3eaafb3aac81464a639b86e23,INVOLVES,200
evt_9960d86e8323ce587ee88cacba7255fa,ent_6990e0a81cf5d5d3d71c06396ac3bb56,INVOLVES,200
evt_9960d86e8323ce587ee88cacba7255fa,ent_3c09221d3466d531fc4791356b36cfb0,INVOLVES,200
evt_d9ca15de8beb02b68d9937e7086bee02,ent_6aa7cbb3eaafb3aac81464a639b86e23,INVOLVES,200
evt_d9ca15de8beb02b68d9937e7086bee02,ent_6990e0a81cf5d5d3d71c06396ac3bb56,INVOLVES,200
evt_d9ca15de8beb02b68d9937e7086bee02,ent_3c09221d3466d531fc4791356b36cfb0,INVOLVES,200
evt_3a59556755775d3fcdce1b85cebea424,ent_634824d2459581360b9a44eab20471e5,INVOLVES,200
evt_3a59556755775d3fcdce1b85cebea424,ent_d656e5ee6a199bcf443bd5791598b3a6,INVOLVES,200
evt_3a59556755775d3fcdce1b85cebea424,ent_49d16c9ba1300c36a494a9ea05b7df54,INVOLVES,200
evt_3a59556755775d3fcdce1b85cebea424,ent_8c7ef3696076caa266d2bea60a3d17ba,INVOLVES,200
evt_3a59556755775d3fcdce1b85cebea424,ent_ba576735bd6d4f062a46edbc911ba223,INVOLVES,200
evt_5e4770042c87bc1c5d4c629d8c351c18,ent_bf42c7585de0c1246587fb69524df7d4,INVOLVES,200
evt_5e4770042c87bc1c5d4c629d8c351c18,ent_0585370dfc155ad02f40b8c59efe394e,INVOLVES,200
evt_5e4770042c87bc1c5d4c629d8c351c18,ent_30a47d6b70c242df0725425cca661f3f,INVOLVES,200
evt_5e4770042c87bc1c5d4c629d8c351c18,ent_02349980bba8ce563cdf709f74f96fc1,INVOLVES,200
evt_5e4770042c87bc1c5d4c629d8c351c18,ent_d36b13410347d500de53637c8b77e430,INVOLVES,200
evt_bda54ed72c535d59696264e30614968e,ent_02349980bba8ce563cdf709f74f96fc1,INVOLVES,200
evt_bda54ed72c535d59696264e30614968e,ent_d36b13410347d500de53637c8b77e430,INVOLVES,200
evt_bda54ed72c535d59696264e30614968e,ent_312642cda4a86945e21c6ab3175203ec,INVOLVES,200
evt_91c9c7aae5d99cf28e181c588ae76aa9,ent_6aa7cbb3eaafb3aac81464a639b86e23,INVOLVES,200
evt_928ec45b195e1dc66480029e0d157bc0,ent_6aa7cbb3eaafb3aac81464a639b86e23,INVOLVES,200
evt_ccadb191ded3889a5fc53e2d88a7358e,ent_9da0ab3c4dd6c335b87a5f170d0d805b,INVOLVES,200
evt_ccadb191ded3889a5fc53e2d88a7358e,ent_430cc24cb3bad151778ebd265d10633d,INVOLVES,200
evt_ccadb191ded3889a5fc53e2d88a7358e,ent_e5e447d5965e518904f0df09e6cd82a8,INVOLVES,200
evt_c5ef14de4879e21f3a4f9047172464d0,ent_cb5446ec42ce5d0014238d02d185ab64,INVOLVES,200
evt_c5ef14de4879e21f3a4f9047172464d0,ent_73cb9346d4c28ed7183e400772654b27,INVOLVES,200
evt_fcf2eab6b968a90d027029d4ecdfc2ee,ent_a9d0ae16f71011cd8d31f513fd29416d,INVOLVES,200
evt_fcf2eab6b968a90d027029d4ecdfc2ee,ent_686283728d7c6df9659092d0a8ef3e2e,INVOLVES,200
evt_fcf2eab6b968a90d027029d4ecdfc2ee,ent_b803f1e45b908b8ef160a186eadabbfc,INVOLVES,200
evt_fcf2eab6b968a90d027029d4ecdfc2ee,ent_d663325fc53a289aef4665cdbf58503f,INVOLVES,200
evt_7622e58252630c9c92b0eb1433b762a6,ent_a9d0ae16f71011cd8d31f513fd29416d,INVOLVES,200
evt_7622e58252630c9c92b0eb1433b762a6,ent_686283728d7c6df9659092d0a8ef3e2e,INVOLVES,200
evt_7622e58252630c9c92b0eb1433b762a6,ent_b803f1e45b908b8ef160a186eadabbfc,INVOLVES,200
evt_7622e58252630c9c92b0eb1433b762a6,ent_d663325fc53a289aef4665cdbf58503f,INVOLVES,200
evt_d09d0b129ab2375e8b891aafc6cdfe50,ent_a9d0ae16f71011cd8d31f513fd29416d,INVOLVES,200
evt_d09d0b129ab2375e8b891aafc6cdfe50,ent_686283728d7c6df9659092d0a8ef3e2e,INVOLVES,200
evt_d09d0b129ab2375e8b891aafc6cdfe50,ent_b803f1e45b908b8ef160a186eadabbfc,INVOLVES,200
evt_d09d0b129ab2375e8b891aafc6cdfe50,ent_d663325fc53a289aef4665cdbf58503f,INVOLVES,200
evt_47a0b78db08851b7c6fe65b8e518290d,ent_a9d0ae16f71011cd8d31f513fd29416d,INVOLVES,200
evt_47a0b78db08851b7c6fe65b8e518290d,ent_686283728d7c6df9659092d0a8ef3e2e,INVOLVES,200
evt_47a0b78db08851b7c6fe65b8e518290d,ent_b803f1e45b908b8ef160a186eadabbfc,INVOLVES,200
evt_47a0b78db08851b7c6fe65b8e518290d,ent_d663325fc53a289aef4665cdbf58503f,INVOLVES,200
evt_ecca09a514deb81f4a1dc4cf32c34e3f,ent_3a3f4868c3d062e2f05ea2b553cc24ff,INVOLVES,200
evt_ecca09a514deb81f4a1dc4cf32c34e3f,ent_e433a0ae69c329034bcae5ca06d07bbe,INVOLVES,200
evt_ecca09a514deb81f4a1dc4cf32c34e3f,ent_b91826e120405748d84d092f6c17437a,INVOLVES,200
evt_7f90c15de1ecade67f2a992a90b1c6f2,ent_2725ac1b5815acd237805d043d608e55,INVOLVES,200
evt_7f90c15de1ecade67f2a992a90b1c6f2,ent_d3c025933506812dc1df8c42757be133,INVOLVES,200
evt_7f90c15de1ecade67f2a992a90b1c6f2,ent_45df412cbb6c78d74a3f9a512214bca2,INVOLVES,200
evt_7f90c15de1ecade67f2a992a90b1c6f2,ent_1a8bdba66b6968a6fac856d216972d20,INVOLVES,200
evt_7f90c15de1ecade67f2a992a90b1c6f2,ent_efcea41751696d7564207ab9bfeb8fff,INVOLVES,200
evt_09cc52fa6bc158e7bda96fc736d209f9,ent_40a2a95d65250e6793158238e9f1a3e8,INVOLVES,200
evt_09cc52fa6bc158e7bda96fc736d209f9,ent_02349980bba8ce563cdf709f74f96fc1,INVOLVES,200
evt_09cc52fa6bc158e7bda96fc736d209f9,ent_73cb9346d4c28ed7183e400772654b27,INVOLVES,200
evt_89736c5f9dd4c44ba95dedcc89d15bcd,ent_cde7a7744f092430995a7f798ea62b1d,INVOLVES,200
evt_89736c5f9dd4c44ba95dedcc89d15bcd,ent_3d756d26be9bb6cc5343ebcef63d202e,INVOLVES,200
evt_89736c5f9dd4c44ba95dedcc89d15bcd,ent_226a9421040b7f2d19e6a2ff542e6eac,INVOLVES,200
evt_89736c5f9dd4c44ba95dedcc89d15bcd,ent_bf2eb1b5439441d00d8f571c48181df1,INVOLVES,200
evt_078d88048a9439baa2ebfe0be7c9d25c,ent_783c508954614fa61cb6f7833e5e323e,INVOLVES,200
evt_078d88048a9439baa2ebfe0be7c9d25c,ent_6aa7cbb3eaafb3aac81464a639b86e23,INVOLVES,200
evt_9acc0713735bd19c7118c4ac57c65781,ent_783c508954614fa61cb6f7833e5e323e,INVOLVES,200
evt_9acc0713735bd19c7118c4ac57c65781,ent_6aa7cbb3eaafb3aac81464a639b86e23,INVOLVES,200
evt_6108494e251500a287d1a97fdc5379ff,ent_783c508954614fa61cb6f7833e5e323e,INVOLVES,200
evt_6108494e251500a287d1a97fdc5379ff,ent_6aa7cbb3eaafb3aac81464a639b86e23,INVOLVES,200
evt_bc87895199449bfec1145fd88643e340,ent_783c508954614fa61cb6f7833e5e323e,INVOLVES,200
evt_bc87895199449bfec1145fd88643e340,ent_6aa7cbb3eaafb3aac81464a639b86e23,INVOLVES,200
evt_88fa8899082d086680c27bece445aab2,ent_cb5446ec42ce5d0014238d02d185ab64,INVOLVES,200
evt_88fa8899082d086680c27bece445aab2,ent_d9bd560d6eeaba53237766104fcca79e,INVOLVES,200
evt_88fa8899082d086680c27bece445aab2,ent_3f40e7bbea6eb8b6842b89f91e9c275d,INVOLVES,200
evt_cac35bdc87df6fb5f8683d924a440caf,ent_cb5446ec42ce5d0014238d02d185ab64,INVOLVES,200
evt_cac35bdc87df6fb5f8683d924a440caf,ent_d9bd560d6eeaba53237766104fcca79e,INVOLVES,200
evt_cac35bdc87df6fb5f8683d924a440caf,ent_3f40e7bbea6eb8b6842b89f91e9c275d,INVOLVES,200
evt_99b5389d8655d3c3475a053f3c41b74f,ent_cb5446ec42ce5d0014238d02d185ab64,INVOLVES,200
evt_99b5389d8655d3c3475a053f3c41b74f,ent_d9bd560d6eeaba53237766104fcca79e,INVOLVES,200
evt_99b5389d8655d3c3475a053f3c41b74f,ent_3f40e7bbea6eb8b6842b89f91e9c275d,INVOLVES,200
evt_3e2a746f8ff743b59d4f11c7258fd69b,ent_7fe461592c31b7bf33bf11d21d306ea0,INVOLVES,200
evt_3e2a746f8ff743b59d4f11c7258fd69b,ent_312642cda4a86945e21c6ab3175203ec,INVOLVES,200
evt_3e2a746f8ff743b59d4f11c7258fd69b,ent_02349980bba8ce563cdf709f74f96fc1,INVOLVES,200
evt_3e2a746f8ff743b59d4f11c7258fd69b,ent_d36b13410347d500de53637c8b77e430,INVOLVES,200
evt_8d6644ca42ac54cc5d808132e77fae74,ent_4ad0b0891cba24cb598e3e47a48e8070,INVOLVES,200
evt_8d6644ca42ac54cc5d808132e77fae74,ent_0a67c2ceb83b526961bbafec1126c591,INVOLVES,200
evt_8d6644ca42ac54cc5d808132e77fae74,ent_cb5649dbdd75b2f457c2cdb523e7051e,INVOLVES,200
evt_c77c0aa182d5b1d6b3ee1dfe2c081539,ent_4ad0b0891cba24cb598e3e47a48e8070,INVOLVES,200
evt_c77c0aa182d5b1d6b3ee1dfe2c081539,ent_0a67c2ceb83b526961bbafec1126c591,INVOLVES,200
evt_c77c0aa182d5b1d6b3ee1dfe2c081539,ent_cb5649dbdd75b2f457c2cdb523e7051e,INVOLVES,200
evt_646bcabd878ed5557574d5895dbf20e0,ent_4ad0b0891cba24cb598e3e47a48e8070,INVOLVES,200
evt_646bcabd878ed5557574d5895dbf20e0,ent_0a67c2ceb83b526961bbafec1126c591,INVOLVES,200
evt_646bcabd878ed5557574d5895dbf20e0,ent_cb5649dbdd75b2f457c2cdb523e7051e,INVOLVES,200
evt_7f408ebe9bdae5863bd1db172739f092,ent_b68abaedec86d36bca01549c37104dad,INVOLVES,200
evt_7f408ebe9bdae5863bd1db172739f092,ent_06e268914dba853f1fac062656165032,INVOLVES,200
evt_7f408ebe9bdae5863bd1db172739f092,ent_fe60a6c64f4797bb973018d0f8cf7747,INVOLVES,200
evt_7f408ebe9bdae5863bd1db172739f092,ent_939718a00177f4a7a8a8caf8e210b494,INVOLVES,200
evt_81a4cff4f0bf52beceee144a69760d2b,ent_b68abaedec86d36bca01549c37104dad,INVOLVES,200
evt_81a4cff4f0bf52beceee144a69760d2b,ent_06e268914dba853f1fac062656165032,INVOLVES,200
evt_81a4cff4f0bf52beceee144a69760d2b,ent_fe60a6c64f4797bb973018d0f8cf7747,INVOLVES,200
evt_81a4cff4f0bf52beceee144a69760d2b,ent_939718a00177f4a7a8a8caf8e210b494,INVOLVES,200
evt_5338fca371d6d0479726c63de73369b8,ent_634d30f1d295382071bc70b8e883717b,INVOLVES,200
evt_5338fca371d6d0479726c63de73369b8,ent_56223953b1be983c383865d5576bb10a,INVOLVES,200
evt_5338fca371d6d0479726c63de73369b8,ent_2d0181c18e0f0aa11a086d6e1d06aaee,INVOLVES,200
evt_5338fca371d6d0479726c63de73369b8,ent_2a6d3686110703bc69da3220c6ee6b5f,INVOLVES,200
evt_5338fca371d6d0479726c63de73369b8,ent_e856c1781458bb8c367dfe49e7bc75e4,INVOLVES,200
evt_5338fca371d6d0479726c63de73369b8,ent_d36b13410347d500de53637c8b77e430,INVOLVES,200
evt_5338fca371d6d0479726c63de73369b8,ent_02349980bba8ce563cdf709f74f96fc1,INVOLVES,200
evt_480bc77f87473239be0c25226cfaf6e9,ent_634d30f1d295382071bc70b8e883717b,INVOLVES,200
evt_480bc77f87473239be0c25226cfaf6e9,ent_56223953b1be983c383865d5576bb10a,INVOLVES,200
evt_480bc77f87473239be0c25226cfaf6e9,ent_2d0181c18e0f0aa11a086d6e1d06aaee,INVOLVES,200
evt_480bc77f87473239be0c25226cfaf6e9,ent_2a6d3686110703bc69da3220c6ee6b5f,INVOLVES,200
evt_480bc77f87473239be0c25226cfaf6e9,ent_e856c1781458bb8c367dfe49e7bc75e4,INVOLVES,200
evt_480bc77f87473239be0c25226cfaf6e9,ent_d36b13410347d500de53637c8b77e430,INVOLVES,200
evt_480bc77f87473239be0c25226cfaf6e9,ent_02349980bba8ce563cdf709f74f96fc1,INVOLVES,200
evt_bc56d2b32a20fa3905b6d4b725878f31,ent_634d30f1d295382071bc70b8e883717b,INVOLVES,200
evt_bc56d2b32a20fa3905b6d4b725878f31,ent_56223953b1be983c383865d5576bb10a,INVOLVES,200
evt_bc56d2b32a20fa3905b6d4b725878f31,ent_2d0181c18e0f0aa11a086d6e1d06aaee,INVOLVES,200
evt_bc56d2b32a20fa3905b6d4b725878f31,ent_2a6d3686110703bc69da3220c6ee6b5f,INVOLVES,200
evt_bc56d2b32a20fa3905b6d4b725878f31,ent_e856c1781458bb8c367dfe49e7bc75e4,INVOLVES,200
evt_bc56d2b32a20fa3905b6d4b725878f31,ent_d36b13410347d500de53637c8b77e430,INVOLVES,200
evt_bc56d2b32a20fa3905b6d4b725878f31,ent_02349980bba8ce563cdf709f74f96fc1,INVOLVES,200
evt_8342c3b0f6b01c21870134bc552c51df,ent_af302ab464eba7579e58b0ba2cb56083,INVOLVES,200
evt_8342c3b0f6b01c21870134bc552c51df,ent_943636b941dc2a7ad3e03d1b8abca511,INVOLVES,200
evt_8342c3b0f6b01c21870134bc552c51df,ent_73cb9346d4c28ed7183e400772654b27,INVOLVES,200
evt_2aa625996764b8f84d9e880aa7465cb1,ent_af302ab464eba7579e58b0ba2cb56083,INVOLVES,200
evt_2aa625996764b8f84d9e880aa7465cb1,ent_943636b941dc2a7ad3e03d1b8abca511,INVOLVES,200
evt_2aa625996764b8f84d9e880aa7465cb1,ent_73cb9346d4c28ed7183e400772654b27,INVOLVES,200
evt_40f4e1f8446a6770121bb149ee0edcac,ent_5e59ad66759572621fabc25e69be6f72,INVOLVES,200
evt_593294b1e6cb8e2ddf8918e1f20d04c4,ent_0b34b0fb2ad5127431e522ca25f61912,INVOLVES,200
evt_593294b1e6cb8e2ddf8918e1f20d04c4,ent_2a6d3686110703bc69da3220c6ee6b5f,INVOLVES,200
evt_0b66be831460cf840106abe3d0c304b4,ent_0b34b0fb2ad5127431e522ca25f61912,INVOLVES,200
evt_0b66be831460cf840106abe3d0c304b4,ent_2a6d3686110703bc69da3220c6ee6b5f,INVOLVES,200
evt_13f6c1184691d975499e090e7608c252,ent_0b34b0fb2ad5127431e522ca25f61912,INVOLVES,200
evt_13f6c1184691d975499e090e7608c252,ent_2a6d3686110703bc69da3220c6ee6b5f,INVOLVES,200
evt_d010674d89600d11ec6fe3bbea81a96c,ent_c4bc0617c8956fc23256dfbb2b93e3e8,INVOLVES,200
evt_d010674d89600d11ec6fe3bbea81a96c,ent_6aa7cbb3eaafb3aac81464a639b86e23,INVOLVES,200
evt_d010674d89600d11ec6fe3bbea81a96c,ent_f302ad4ec7db2474fde2bc74e1813459,INVOLVES,200
evt_d010674d89600d11ec6fe3bbea81a96c,ent_b57e8f0eb205d633990738e2676877c4,INVOLVES,200
evt_a3dc0e913469f0bc5dc76139bf3b6dc8,ent_ca1f9b7bc50e2730549c202ea871f0a1,INVOLVES,200
evt_a3dc0e913469f0bc5dc76139bf3b6dc8,ent_5c16be9e157855c334eca58121082e56,INVOLVES,200
evt_a3dc0e913469f0bc5dc76139bf3b6dc8,ent_c94ba183280f1999df3c7efa04823790,INVOLVES,200
evt_a3dc0e913469f0bc5dc76139bf3b6dc8,ent_b9f5476eea8bb73c9dc7db6c4659171c,INVOLVES,200
evt_a3dc0e913469f0bc5dc76139bf3b6dc8,ent_efcea41751696d7564207ab9bfeb8fff,INVOLVES,200
evt_10f4b7ff48fe01ea31d1198f19607c9b,ent_0eba5b8b045d8b9914ebbe91f4f34ae3,INVOLVES,200
evt_10f4b7ff48fe01ea31d1198f19607c9b,ent_c8c4554ba406f6c66ea4722f57bdcedb,INVOLVES,200
evt_10f4b7ff48fe01ea31d1198f19607c9b,ent_4d5741373c857012936c68252f351a72,INVOLVES,200
evt_5cf372c99b63969c149681dd1fa6a71f,ent_0eba5b8b045d8b9914ebbe91f4f34ae3,INVOLVES,200
evt_5cf372c99b63969c149681dd1fa6a71f,ent_c8c4554ba406f6c66ea4722f57bdcedb,INVOLVES,200
evt_5cf372c99b63969c149681dd1fa6a71f,ent_4d5741373c857012936c68252f351a72,INVOLVES,200
evt_88969d09fae76d45abc96641d601da1f,ent_0d05c98717c49eebbf5911089efc09d8,INVOLVES,200
evt_88969d09fae76d45abc96641d601da1f,ent_44f22d89c8f969f81fa642ac9aa6a9e0,INVOLVES,200
evt_88969d09fae76d45abc96641d601da1f,ent_d36b13410347d500de53637c8b77e430,INVOLVES,200
evt_837cf17a53caa5dcdb22b015dabd2b61,ent_2c7d43272eeb3267f4d37b92b3b1c6d0,INVOLVES,200
evt_837cf17a53caa5dcdb22b015dabd2b61,ent_6d5c6948049207731bed740e57e377fb,INVOLVES,200
evt_a00ff7ea44a5ee312aa81eeb041ea7b6,ent_2c7d43272eeb3267f4d37b92b3b1c6d0,INVOLVES,200
evt_a00ff7ea44a5ee312aa81eeb041ea7b6,ent_6d5c6948049207731bed740e57e377fb,INVOLVES,200
evt_9528ab8bc01c9d8ea4b7dfeb9e05593f,ent_2c7d43272eeb3267f4d37b92b3b1c6d0,INVOLVES,200
evt_9528ab8bc01c9d8ea4b7dfeb9e05593f,ent_6d5c6948049207731bed740e57e377fb,INVOLVES,200
evt_e79009ac0458cc909f74d442385e390a,ent_2c7d43272eeb3267f4d37b92b3b1c6d0,INVOLVES,200
evt_e79009ac0458cc909f74d442385e390a,ent_6d5c6948049207731bed740e57e377fb,INVOLVES,200
evt_fe2724777cf520b77b527f7837c573dc,ent_2c7d43272eeb3267f4d37b92b3b1c6d0,INVOLVES,200
evt_fe2724777cf520b77b527f7837c573dc,ent_6d5c6948049207731bed740e57e377fb,INVOLVES,200
evt_6df2dceecafbe9b620a0b3d2473c0960,ent_b413b0f80b8d06ff291ed5a8fcd6db8c,INVOLVES,200
evt_6df2dceecafbe9b620a0b3d2473c0960,ent_6b6a5ab6654528c46ff398246e913d29,INVOLVES,200
evt_6df2dceecafbe9b620a0b3d2473c0960,ent_022dceeb82c260e3c1e10672e0f27a2e,INVOLVES,200
evt_6df2dceecafbe9b620a0b3d2473c0960,ent_29623d7270a2cf9825030831e11531f2,INVOLVES,200
evt_63d6290db08276dd309eb3804beeed12,ent_4ad0b0891cba24cb598e3e47a48e8070,INVOLVES,200
evt_f66e57325845f5212607330b78ab6c85,ent_cb5446ec42ce5d0014238d02d185ab64,INVOLVES,200
evt_f66e57325845f5212607330b78ab6c85,ent_0cb3646c9c76da85ffbad0381811391d,INVOLVES,200
evt_f66e57325845f5212607330b78ab6c85,ent_634d30f1d295382071bc70b8e883717b,INVOLVES,200
evt_f66e57325845f5212607330b78ab6c85,ent_73cb9346d4c28ed7183e400772654b27,INVOLVES,200
evt_64d0464b45bed6d1e6f27b65c52fb6c4,ent_e45aca878c6a10573981a204a3fb3a4c,INVOLVES,200
evt_64d0464b45bed6d1e6f27b65c52fb6c4,ent_f03ab8c98c642a701da28bc491b40809,INVOLVES,200
evt_b630f7c076d1f50042e52d4d4cf5e87f,ent_e45aca878c6a10573981a204a3fb3a4c,INVOLVES,200
evt_b630f7c076d1f50042e52d4d4cf5e87f,ent_f03ab8c98c642a701da28bc491b40809,INVOLVES,200
evt_81a3024a30e5daa2789f8c8c5611b40b,ent_3c09221d3466d531fc4791356b36cfb0,INVOLVES,200
evt_81a3024a30e5daa2789f8c8c5611b40b,ent_73cb9346d4c28ed7183e400772654b27,INVOLVES,200
evt_81a3024a30e5daa2789f8c8c5611b40b,ent_6aa7cbb3eaafb3aac81464a639b86e23,INVOLVES,200
evt_81a3024a30e5daa2789f8c8c5611b40b,ent_0585370dfc155ad02f40b8c59efe394e,INVOLVES,200
evt_81a3024a30e5daa2789f8c8c5611b40b,ent_7fc5d92a573ba0fd3029b440c59f2deb,INVOLVES,200
evt_81a3024a30e5daa2789f8c8c5611b40b,ent_2b498d52af2d5955651749a2f0c7435c,INVOLVES,200
evt_35d28d6915fc29e9295c65213b8fba2c,ent_3c09221d3466d531fc4791356b36cfb0,INVOLVES,200
evt_35d28d6915fc29e9295c65213b8fba2c,ent_73cb9346d4c28ed7183e400772654b27,INVOLVES,200
evt_35d28d6915fc29e9295c65213b8fba2c,ent_6aa7cbb3eaafb3aac81464a639b86e23,INVOLVES,200
evt_35d28d6915fc29e9295c65213b8fba2c,ent_0585370dfc155ad02f40b8c59efe394e,INVOLVES,200
evt_35d28d6915fc29e9295c65213b8fba2c,ent_7fc5d92a573ba0fd3029b440c59f2deb,INVOLVES,200
evt_35d28d6915fc29e9295c65213b8fba2c,ent_2b498d52af2d5955651749a2f0c7435c,INVOLVES,200
evt_8dbfa4732b0234c85a76abc6bdee3f19,ent_3c09221d3466d531fc4791356b36cfb0,INVOLVES,200
evt_8dbfa4732b0234c85a76abc6bdee3f19,ent_73cb9346d4c28ed7183e400772654b27,INVOLVES,200
evt_8dbfa4732b0234c85a76abc6bdee3f19,ent_6aa7cbb3eaafb3aac81464a639b86e23,INVOLVES,200
evt_8dbfa4732b0234c85a76abc6bdee3f19,ent_0585370dfc155ad02f40b8c59efe394e,INVOLVES,200
evt_8dbfa4732b0234c85a76abc6bdee3f19,ent_7fc5d92a573ba0fd3029b440c59f2deb,INVOLVES,200
evt_8dbfa4732b0234c85a76abc6bdee3f19,ent_2b498d52af2d5955651749a2f0c7435c,INVOLVES,200
evt_891f445b7cfa336b46b87b001c1cd7ec,ent_3c09221d3466d531fc4791356b36cfb0,INVOLVES,200
evt_891f445b7cfa336b46b87b001c1cd7ec,ent_73cb9346d4c28ed7183e400772654b27,INVOLVES,200
evt_891f445b7cfa336b46b87b001c1cd7ec,ent_6aa7cbb3eaafb3aac81464a639b86e23,INVOLVES,200
evt_891f445b7cfa336b46b87b001c1cd7ec,ent_0585370dfc155ad02f40b8c59efe394e,INVOLVES,200
evt_891f445b7cfa336b46b87b001c1cd7ec,ent_7fc5d92a573ba0fd3029b440c59f2deb,INVOLVES,200
evt_891f445b7cfa336b46b87b001c1cd7ec,ent_2b498d52af2d5955651749a2f0c7435c,INVOLVES,200
evt_03908623a2bb8731bc77c39c2d6e55d6,ent_2a6d3686110703bc69da3220c6ee6b5f,INVOLVES,200
evt_03908623a2bb8731bc77c39c2d6e55d6,ent_78d97fc81d52dc0451117de58f5dcaf6,INVOLVES,200
evt_03908623a2bb8731bc77c39c2d6e55d6,ent_8d148056dbbfba86d7f8b05a508c1c32,INVOLVES,200
evt_03908623a2bb8731bc77c39c2d6e55d6,ent_f0ecc322e30f290a1739aa431a28fa4e,INVOLVES,200
evt_03908623a2bb8731bc77c39c2d6e55d6,ent_3c19306e86c3d17b707bcebee485f3dc,INVOLVES,200
evt_03908623a2bb8731bc77c39c2d6e55d6,ent_5371a9fb7924065b0d8e2fd8e575e92f,INVOLVES,200
evt_ee6fd11b2edbca1151a78978478478d5,ent_2a6d3686110703bc69da3220c6ee6b5f,INVOLVES,200
evt_ee6fd11b2edbca1151a78978478478d5,ent_78d97fc81d52dc0451117de58f5dcaf6,INVOLVES,200
evt_ee6fd11b2edbca1151a78978478478d5,ent_8d148056dbbfba86d7f8b05a508c1c32,INVOLVES,200
evt_ee6fd11b2edbca1151a78978478478d5,ent_f0ecc322e30f290a1739aa431a28fa4e,INVOLVES,200
evt_ee6fd11b2edbca1151a78978478478d5,ent_3c19306e86c3d17b707bcebee485f3dc,INVOLVES,200
evt_ee6fd11b2edbca1151a78978478478d5,ent_5371a9fb7924065b0d8e2fd8e575e92f,INVOLVES,200
evt_af33142e407985f9e5bce8c54799d462,ent_2a6d3686110703bc69da3220c6ee6b5f,INVOLVES,200
evt_af33142e407985f9e5bce8c54799d462,ent_78d97fc81d52dc0451117de58f5dcaf6,INVOLVES,200
evt_af33142e407985f9e5bce8c54799d462,ent_8d148056dbbfba86d7f8b05a508c1c32,INVOLVES,200
evt_af33142e407985f9e5bce8c54799d462,ent_f0ecc322e30f290a1739aa431a28fa4e,INVOLVES,200
evt_af33142e407985f9e5bce8c54799d462,ent_3c19306e86c3d17b707bcebee485f3dc,INVOLVES,200
evt_af33142e407985f9e5bce8c54799d462,ent_5371a9fb7924065b0d8e2fd8e575e92f,INVOLVES,200
evt_5333f423c8a3cbaccdd1b9cdd0fcb389,ent_0d05c98717c49eebbf5911089efc09d8,INVOLVES,200
evt_5333f423c8a3cbaccdd1b9cdd0fcb389,ent_2a6d3686110703bc69da3220c6ee6b5f,INVOLVES,200
evt_5333f423c8a3cbaccdd1b9cdd0fcb389,ent_848015af8766cb8f2e66510ab1145bd0,INVOLVES,200
evt_5333f423c8a3cbaccdd1b9cdd0fcb389,ent_fb04578c9534c32662180b4dcc9e17f7,INVOLVES,200
evt_5333f423c8a3cbaccdd1b9cdd0fcb389,ent_02349980bba8ce563cdf709f74f96fc1,INVOLVES,200
evt_349abd85abdbce86e9ee4d841c92877c,ent_0d05c98717c49eebbf5911089efc09d8,INVOLVES,200
evt_349abd85abdbce86e9ee4d841c92877c,ent_2a6d3686110703bc69da3220c6ee6b5f,INVOLVES,200
evt_349abd85abdbce86e9ee4d841c92877c,ent_848015af8766cb8f2e66510ab1145bd0,INVOLVES,200
evt_349abd85abdbce86e9ee4d841c92877c,ent_fb04578c9534c32662180b4dcc9e17f7,INVOLVES,200
evt_349abd85abdbce86e9ee4d841c92877c,ent_02349980bba8ce563cdf709f74f96fc1,INVOLVES,200
evt_9412a4e59a3c7f1979ef412ff31e83a1,ent_87a16714ebac6fcc9571c57adeb3b247,INVOLVES,200
evt_9412a4e59a3c7f1979ef412ff31e83a1,ent_7dd0be0c9e8204144f5fcf803572b8d5,INVOLVES,200
evt_9412a4e59a3c7f1979ef412ff31e83a1,ent_8a62916586df718be00d6d9c000e87d6,INVOLVES,200
evt_9412a4e59a3c7f1979ef412ff31e83a1,ent_2a6d3686110703bc69da3220c6ee6b5f,INVOLVES,200
evt_9412a4e59a3c7f1979ef412ff31e83a1,ent_a5b3427f5e8b3883d13eeaedbda4bc2f,INVOLVES,200
evt_3e6687630bd7663dfcb9305793807974,ent_ec5aad8d9d7c8225f1e3a5f90fb05e7f,INVOLVES,200
evt_3e6687630bd7663dfcb9305793807974,ent_f20011e5270666592304898988523261,INVOLVES,200
evt_3e6687630bd7663dfcb9305793807974,ent_1bcabc92f137d6ecb5223a0a932771d9,INVOLVES,200
evt_3e6687630bd7663dfcb9305793807974,ent_943636b941dc2a7ad3e03d1b8abca511,INVOLVES,200
evt_3e6687630bd7663dfcb9305793807974,ent_09654ed4944a7289f941860ba8c5748f,INVOLVES,200
evt_3e6687630bd7663dfcb9305793807974,ent_d663325fc53a289aef4665cdbf58503f,INVOLVES,200
evt_1926a2dbcdcdc7dc01a4ccb328055dd4,ent_ec5aad8d9d7c8225f1e3a5f90fb05e7f,INVOLVES,200
evt_1926a2dbcdcdc7dc01a4ccb328055dd4,ent_f20011e5270666592304898988523261,INVOLVES,200
evt_1926a2dbcdcdc7dc01a4ccb328055dd4,ent_1bcabc92f137d6ecb5223a0a932771d9,INVOLVES,200
evt_1926a2dbcdcdc7dc01a4ccb328055dd4,ent_943636b941dc2a7ad3e03d1b8abca511,INVOLVES,200
evt_1926a2dbcdcdc7dc01a4ccb328055dd4,ent_09654ed4944a7289f941860ba8c5748f,INVOLVES,200
evt_1926a2dbcdcdc7dc01a4ccb328055dd4,ent_d663325fc53a289aef4665cdbf58503f,INVOLVES,200
evt_4113620e750c34ec4693da1f7d67f6dd,ent_eb4e721d545ba615b40e061347055b2d,INVOLVES,200
evt_4113620e750c34ec4693da1f7d67f6dd,ent_090e71a8e79899c544e6d37540be6b06,INVOLVES,200
evt_4113620e750c34ec4693da1f7d67f6dd,ent_c0325a5515a30625a4face7d91b8c5d6,INVOLVES,200
evt_8600ab3b67f794e73610269634df3eab,ent_eb4e721d545ba615b40e061347055b2d,INVOLVES,200
evt_8600ab3b67f794e73610269634df3eab,ent_090e71a8e79899c544e6d37540be6b06,INVOLVES,200
evt_8600ab3b67f794e73610269634df3eab,ent_c0325a5515a30625a4face7d91b8c5d6,INVOLVES,200
evt_e1d8dfedea113f9a2588e62031c6d97d,ent_7dd0be0c9e8204144f5fcf803572b8d5,INVOLVES,200
evt_e1d8dfedea113f9a2588e62031c6d97d,ent_b088cd82c7f8af7682c4bebe8a75d150,INVOLVES,200
evt_e1d8dfedea113f9a2588e62031c6d97d,ent_341ef06b248808e63c55746322e54463,INVOLVES,200
evt_e1d8dfedea113f9a2588e62031c6d97d,ent_45df412cbb6c78d74a3f9a512214bca2,INVOLVES,200
evt_ad319f031f0d2cb7025f37211d2d8cb3,ent_0d49a53868b32e2474c88d3bd3f0cf3d,INVOLVES,200
evt_ad319f031f0d2cb7025f37211d2d8cb3,ent_edb82d9e724eb11669a36d3e8d6c8038,INVOLVES,200
evt_ad319f031f0d2cb7025f37211d2d8cb3,ent_9d05e4c957403af7e10a3bb2c2ad2736,INVOLVES,200
evt_ad319f031f0d2cb7025f37211d2d8cb3,ent_d04982993a2514b1a9aa4124c966c5bd,INVOLVES,200
evt_a4a76c83fc9c3d40cd860297684bcac2,ent_0d49a53868b32e2474c88d3bd3f0cf3d,INVOLVES,200
evt_a4a76c83fc9c3d40cd860297684bcac2,ent_edb82d9e724eb11669a36d3e8d6c8038,INVOLVES,200
evt_a4a76c83fc9c3d40cd860297684bcac2,ent_9d05e4c957403af7e10a3bb2c2ad2736,INVOLVES,200
evt_a4a76c83fc9c3d40cd860297684bcac2,ent_d04982993a2514b1a9aa4124c966c5bd,INVOLVES,200
evt_1f8c8d107aa04a410bbf670c8943d32e,ent_0d49a53868b32e2474c88d3bd3f0cf3d,INVOLVES,200
evt_1f8c8d107aa04a410bbf670c8943d32e,ent_edb82d9e724eb11669a36d3e8d6c8038,INVOLVES,200
evt_1f8c8d107aa04a410bbf670c8943d32e,ent_9d05e4c957403af7e10a3bb2c2ad2736,INVOLVES,200
evt_1f8c8d107aa04a410bbf670c8943d32e,ent_d04982993a2514b1a9aa4124c966c5bd,INVOLVES,200
evt_36d74a61ecf03a82394db53f408e7e8a,ent_d88243063a2f1312601fc18594fbebe1,INVOLVES,200
evt_36d74a61ecf03a82394db53f408e7e8a,ent_943636b941dc2a7ad3e03d1b8abca511,INVOLVES,200
evt_36d74a61ecf03a82394db53f408e7e8a,ent_fe60a6c64f4797bb973018d0f8cf7747,INVOLVES,200
evt_36d74a61ecf03a82394db53f408e7e8a,ent_7002f5ccb2d954dd3b5894da8dade3aa,INVOLVES,200
evt_36d74a61ecf03a82394db53f408e7e8a,ent_f3117115856af0fc223b70a598c68235,INVOLVES,200
evt_36d74a61ecf03a82394db53f408e7e8a,ent_1e6322f3a11d8704e7957b8730cf2acd,INVOLVES,200
evt_64a4503e99db7d2c05efb6ab356255f1,ent_d88243063a2f1312601fc18594fbebe1,INVOLVES,200
evt_64a4503e99db7d2c05efb6ab356255f1,ent_943636b941dc2a7ad3e03d1b8abca511,INVOLVES,200
evt_64a4503e99db7d2c05efb6ab356255f1,ent_fe60a6c64f4797bb973018d0f8cf7747,INVOLVES,200
evt_64a4503e99db7d2c05efb6ab356255f1,ent_7002f5ccb2d954dd3b5894da8dade3aa,INVOLVES,200
evt_64a4503e99db7d2c05efb6ab356255f1,ent_f3117115856af0fc223b70a598c68235,INVOLVES,200
evt_64a4503e99db7d2c05efb6ab356255f1,ent_1e6322f3a11d8704e7957b8730cf2acd,INVOLVES,200
evt_82ca6b3862cfe68590a72f625149a56a,ent_0d05c98717c49eebbf5911089efc09d8,INVOLVES,200
evt_82ca6b3862cfe68590a72f625149a56a,ent_4f0548c1b699c374fa247ec80e8c353a,INVOLVES,200
evt_82ca6b3862cfe68590a72f625149a56a,ent_02349980bba8ce563cdf709f74f96fc1,INVOLVES,200
evt_82ca6b3862cfe68590a72f625149a56a,ent_d36b13410347d500de53637c8b77e430,INVOLVES,200
evt_3479f935a4d04d57909ab1a4a6d367e3,ent_0d05c98717c49eebbf5911089efc09d8,INVOLVES,200
evt_3479f935a4d04d57909ab1a4a6d367e3,ent_4f0548c1b699c374fa247ec80e8c353a,INVOLVES,200
evt_3479f935a4d04d57909ab1a4a6d367e3,ent_02349980bba8ce563cdf709f74f96fc1,INVOLVES,200
evt_3479f935a4d04d57909ab1a4a6d367e3,ent_d36b13410347d500de53637c8b77e430,INVOLVES,200
evt_1d10dd2f97e67a854d039209620e676b,ent_03be6f0f851d1cd36b9f5f8310128ffb,INVOLVES,200
evt_1d10dd2f97e67a854d039209620e676b,ent_e23e2ced64f8d3daaa40f1a2b6426bce,INVOLVES,200
evt_94a4be8218f34f8e1160a5dfbcadde1a,ent_403d2fd0b4710487f72a877b66c903eb,INVOLVES,200
evt_94a4be8218f34f8e1160a5dfbcadde1a,ent_d47fb8cabc54bd20bf14896429f5f038,INVOLVES,200
evt_94a4be8218f34f8e1160a5dfbcadde1a,ent_e1aa27557fc873c9cd1ef326424a6fef,INVOLVES,200
evt_94a4be8218f34f8e1160a5dfbcadde1a,ent_59412148c21e450d6867ef8df5f9bc32,INVOLVES,200
evt_9e124c3caa42df3b15ad0f0533d3c380,ent_403d2fd0b4710487f72a877b66c903eb,INVOLVES,200
evt_9e124c3caa42df3b15ad0f0533d3c380,ent_d47fb8cabc54bd20bf14896429f5f038,INVOLVES,200
evt_9e124c3caa42df3b15ad0f0533d3c380,ent_e1aa27557fc873c9cd1ef326424a6fef,INVOLVES,200
evt_9e124c3caa42df3b15ad0f0533d3c380,ent_59412148c21e450d6867ef8df5f9bc32,INVOLVES,200
evt_28657c825a19d91d42d411454838b739,ent_2a6d3686110703bc69da3220c6ee6b5f,INVOLVES,200
evt_28657c825a19d91d42d411454838b739,ent_5e59ad66759572621fabc25e69be6f72,INVOLVES,200
evt_28657c825a19d91d42d411454838b739,ent_28028fc0f52145a3c21814aa1fc0a81e,INVOLVES,200
evt_28657c825a19d91d42d411454838b739,ent_f0ecc322e30f290a1739aa431a28fa4e,INVOLVES,200
evt_10408e474056fc06198762f3fe46eb61,ent_2a6d3686110703bc69da3220c6ee6b5f,INVOLVES,200
evt_10408e474056fc06198762f3fe46eb61,ent_5e59ad66759572621fabc25e69be6f72,INVOLVES,200
evt_10408e474056fc06198762f3fe46eb61,ent_28028fc0f52145a3c21814aa1fc0a81e,INVOLVES,200
evt_10408e474056fc06198762f3fe46eb61,ent_f0ecc322e30f290a1739aa431a28fa4e,INVOLVES,200
evt_2bf098c071a31a067198339f2ee03e4a,ent_6074d28e3df53443649cac2cb82cace6,INVOLVES,200
evt_2bf098c071a31a067198339f2ee03e4a,ent_a80e6b9b26135b258ede6f63cef184d7,INVOLVES,200
evt_2bf098c071a31a067198339f2ee03e4a,ent_97d58d48dcc2f822a1805a869f24dfd9,INVOLVES,200
evt_4ef3a6848ef5f372bf5fc1e339b9603b,ent_0cec5dce63fdfdf9785b2b31c8e383b1,INVOLVES,200
evt_4ef3a6848ef5f372bf5fc1e339b9603b,ent_5a7e16494888a8bebc43bff713c3086d,INVOLVES,200
evt_4ef3a6848ef5f372bf5fc1e339b9603b,ent_faf713fced5527a563b2ab11ca6e10a6,INVOLVES,200
evt_cb55b2e3e9cacdb3725af8c3d791e128,ent_912c240526c8df3408246e99d19ad870,INVOLVES,200
evt_cb55b2e3e9cacdb3725af8c3d791e128,ent_d80481378b5ea2a8b2617481fe31bee2,INVOLVES,200
evt_cb55b2e3e9cacdb3725af8c3d791e128,ent_d9babbb73fec47675023152d161d5d16,INVOLVES,200
evt_0f7af9a4ec78e488d52ef6bb5ad14c44,ent_912c240526c8df3408246e99d19ad870,INVOLVES,200
evt_0f7af9a4ec78e488d52ef6bb5ad14c44,ent_d80481378b5ea2a8b2617481fe31bee2,INVOLVES,200
evt_0f7af9a4ec78e488d52ef6bb5ad14c44,ent_d9babbb73fec47675023152d161d5d16,INVOLVES,200
evt_4c1a92d9b840eacf727b22cf816d3f50,ent_912c240526c8df3408246e99d19ad870,INVOLVES,200
evt_4c1a92d9b840eacf727b22cf816d3f50,ent_d80481378b5ea2a8b2617481fe31bee2,INVOLVES,200
evt_4c1a92d9b840eacf727b22cf816d3f50,ent_d9babbb73fec47675023152d161d5d16,INVOLVES,200
evt_c92f23fb9a41e705349bf595bfd65b24,ent_912c240526c8df3408246e99d19ad870,INVOLVES,200
evt_c92f23fb9a41e705349bf595bfd65b24,ent_d80481378b5ea2a8b2617481fe31bee2,INVOLVES,200
evt_c92f23fb9a41e705349bf595bfd65b24,ent_d9babbb73fec47675023152d161d5d16,INVOLVES,200
evt_438f0e78f4bac11993b8d3e8871980e6,ent_ffecd1bbb541c847de2faaa07acbbe42,INVOLVES,200
evt_438f0e78f4bac11993b8d3e8871980e6,ent_5c16be9e157855c334eca58121082e56,INVOLVES,200
evt_438f0e78f4bac11993b8d3e8871980e6,ent_720f10e1f3e4dfaa6838a88d9839c5c9,INVOLVES,200
evt_438f0e78f4bac11993b8d3e8871980e6,ent_a704d1cad6bed4a7f878c7eaa30f4b06,INVOLVES,200
evt_d3aa6fcf435c9a85425c9ff2209b6d73,ent_686283728d7c6df9659092d0a8ef3e2e,INVOLVES,200
evt_5acf600bc6861f0fc914eb08ba552c7c,ent_686283728d7c6df9659092d0a8ef3e2e,INVOLVES,200
evt_f4014e3ec3f1522359505c5807ca1d0b,ent_686283728d7c6df9659092d0a8ef3e2e,INVOLVES,200
evt_bff426a2f28f13a81cc9847ae0c14bf3,ent_b911130c1860396f065f4e02096770f0,INVOLVES,200
evt_bff426a2f28f13a81cc9847ae0c14bf3,ent_2a6d3686110703bc69da3220c6ee6b5f,INVOLVES,200
evt_bff426a2f28f13a81cc9847ae0c14bf3,ent_cf048981166dc269ccb3381bba58f9c9,INVOLVES,200
evt_bff426a2f28f13a81cc9847ae0c14bf3,ent_1f36fa81505b94a4b94f66508b9e4c95,INVOLVES,200
evt_bff426a2f28f13a81cc9847ae0c14bf3,ent_928d33dedf913d4568384088905a2d1b,INVOLVES,200
evt_fc6e1064599308767c1ba8907ceb8020,ent_b911130c1860396f065f4e02096770f0,INVOLVES,200
evt_fc6e1064599308767c1ba8907ceb8020,ent_2a6d3686110703bc69da3220c6ee6b5f,INVOLVES,200
evt_fc6e1064599308767c1ba8907ceb8020,ent_cf048981166dc269ccb3381bba58f9c9,INVOLVES,200
evt_fc6e1064599308767c1ba8907ceb8020,ent_1f36fa81505b94a4b94f66508b9e4c95,INVOLVES,200
evt_fc6e1064599308767c1ba8907ceb8020,ent_928d33dedf913d4568384088905a2d1b,INVOLVES,200
evt_8c07b5114a3f201bcd3cd150189e2f6b,ent_882246d3acb39aa57a75ded467e22063,INVOLVES,200
evt_8c07b5114a3f201bcd3cd150189e2f6b,ent_61ca018c31113163ea522f6be1d81178,INVOLVES,200
evt_8c07b5114a3f201bcd3cd150189e2f6b,ent_b288f7cfa6d09cdd728098221eb44b70,INVOLVES,200
evt_8c07b5114a3f201bcd3cd150189e2f6b,ent_e539504b695c2a2b5b79f3ff8a497eeb,INVOLVES,200
evt_89232194e50ad5e45a07df21ba6d37d8,ent_aa38dd1e2d388be2d90e7904202ff7ef,INVOLVES,200
evt_89232194e50ad5e45a07df21ba6d37d8,ent_b280a71a1030b75c11e0f50fe3ac100e,INVOLVES,200
evt_89232194e50ad5e45a07df21ba6d37d8,ent_5ece1f0114c1e807faab127a198ba246,INVOLVES,200
evt_89232194e50ad5e45a07df21ba6d37d8,ent_edc641d55be346730d71096cbd7722bc,INVOLVES,200
evt_89232194e50ad5e45a07df21ba6d37d8,ent_214163861ed8ac3fdfdb4674bf5536af,INVOLVES,200
evt_89232194e50ad5e45a07df21ba6d37d8,ent_6d3207d702c9dc917a10d34060bb5fb3,INVOLVES,200
evt_4659aa9f398b52a9ccfd96ce515086c7,ent_0d05c98717c49eebbf5911089efc09d8,INVOLVES,200
evt_4659aa9f398b52a9ccfd96ce515086c7,ent_b413b0f80b8d06ff291ed5a8fcd6db8c,INVOLVES,200
evt_4659aa9f398b52a9ccfd96ce515086c7,ent_312642cda4a86945e21c6ab3175203ec,INVOLVES,200
evt_4659aa9f398b52a9ccfd96ce515086c7,ent_a67f0af9afbada6a57009265fcc2c281,INVOLVES,200
evt_4659aa9f398b52a9ccfd96ce515086c7,ent_1fe1891c3613566671f5651478373c04,INVOLVES,200
evt_4659aa9f398b52a9ccfd96ce515086c7,ent_91e88ee3fd1b4c3ff8ca488e7cc57bd8,INVOLVES,200
evt_6f240db4d7282f9d1a60f46d74bd5e2d,ent_0d05c98717c49eebbf5911089efc09d8,INVOLVES,200
evt_6f240db4d7282f9d1a60f46d74bd5e2d,ent_b413b0f80b8d06ff291ed5a8fcd6db8c,INVOLVES,200
evt_6f240db4d7282f9d1a60f46d74bd5e2d,ent_312642cda4a86945e21c6ab3175203ec,INVOLVES,200
evt_6f240db4d7282f9d1a60f46d74bd5e2d,ent_a67f0af9afbada6a57009265fcc2c281,INVOLVES,200
evt_6f240db4d7282f9d1a60f46d74bd5e2d,ent_1fe1891c3613566671f5651478373c04,INVOLVES,200
evt_6f240db4d7282f9d1a60f46d74bd5e2d,ent_91e88ee3fd1b4c3ff8ca488e7cc57bd8,INVOLVES,200
evt_dcf7f3b20c62271cbdf2fe94ab3d0eea,ent_0d05c98717c49eebbf5911089efc09d8,INVOLVES,200
evt_dcf7f3b20c62271cbdf2fe94ab3d0eea,ent_b413b0f80b8d06ff291ed5a8fcd6db8c,INVOLVES,200
evt_dcf7f3b20c62271cbdf2fe94ab3d0eea,ent_312642cda4a86945e21c6ab3175203ec,INVOLVES,200
evt_dcf7f3b20c62271cbdf2fe94ab3d0eea,ent_a67f0af9afbada6a57009265fcc2c281,INVOLVES,200
evt_dcf7f3b20c62271cbdf2fe94ab3d0eea,ent_1fe1891c3613566671f5651478373c04,INVOLVES,200
evt_dcf7f3b20c62271cbdf2fe94ab3d0eea,ent_91e88ee3fd1b4c3ff8ca488e7cc57bd8,INVOLVES,200
evt_1799935b89ce9ed703a24979efaf82d7,ent_0d05c98717c49eebbf5911089efc09d8,INVOLVES,200
evt_1799935b89ce9ed703a24979efaf82d7,ent_bccc642ac9be25934ad89685473a42c7,INVOLVES,200
evt_1799935b89ce9ed703a24979efaf82d7,ent_9f9becccd1bbc77f14d0e3ffbb99d9e6,INVOLVES,200
evt_bef935b2da2e653662467209f855329f,ent_0d05c98717c49eebbf5911089efc09d8,INVOLVES,200
evt_bef935b2da2e653662467209f855329f,ent_bccc642ac9be25934ad89685473a42c7,INVOLVES,200
evt_bef935b2da2e653662467209f855329f,ent_9f9becccd1bbc77f14d0e3ffbb99d9e6,INVOLVES,200
evt_15bbf67a77310e7337c049b960b299fe,ent_0d05c98717c49eebbf5911089efc09d8,INVOLVES,200
evt_15bbf67a77310e7337c049b960b299fe,ent_bccc642ac9be25934ad89685473a42c7,INVOLVES,200
evt_15bbf67a77310e7337c049b960b299fe,ent_9f9becccd1bbc77f14d0e3ffbb99d9e6,INVOLVES,200
evt_e4656e2ce655cff8d66374738198824f,ent_0994bf2ce8b792ed7c97ceb018440150,INVOLVES,200
evt_e4656e2ce655cff8d66374738198824f,ent_d35a731b6c2255c3b03bd2ab1c000697,INVOLVES,200
evt_e4656e2ce655cff8d66374738198824f,ent_439b83abc49adcfb8078b6e432c2303d,INVOLVES,200
evt_e4656e2ce655cff8d66374738198824f,ent_d282293d6d5e5314a5646869862479d3,INVOLVES,200
evt_e4656e2ce655cff8d66374738198824f,ent_3b4d36acbf0f14e614d1825f8866b466,INVOLVES,200
evt_33c4b7cd1c2d4508d9610e3d3e1e729b,ent_cb5446ec42ce5d0014238d02d185ab64,INVOLVES,200
evt_5c5dc12b6ec6b6fa059519a9faa0ea83,ent_cb5446ec42ce5d0014238d02d185ab64,INVOLVES,200
evt_c9f8114ff2e69c68bb29fad3dd376c1c,ent_cb5446ec42ce5d0014238d02d185ab64,INVOLVES,200
evt_10dd4df26f05450f4a8ac6278ee6bcc6,ent_cb5446ec42ce5d0014238d02d185ab64,INVOLVES,200
evt_b242c2e18f4c373c370cf8ee7b7ad37c,ent_cb5446ec42ce5d0014238d02d185ab64,INVOLVES,200
evt_a055cd75bf510b77138bf37fb095b7dd,ent_cb5446ec42ce5d0014238d02d185ab64,INVOLVES,200
evt_58736f6026aa2be6e446e4c4a111a34e,ent_cb5446ec42ce5d0014238d02d185ab64,INVOLVES,200
evt_002fe13c720225746f8f8d3bd045c376,ent_0d05c98717c49eebbf5911089efc09d8,INVOLVES,200
evt_002fe13c720225746f8f8d3bd045c376,ent_d36b13410347d500de53637c8b77e430,INVOLVES,200
evt_002fe13c720225746f8f8d3bd045c376,ent_848015af8766cb8f2e66510ab1145bd0,INVOLVES,200
evt_002fe13c720225746f8f8d3bd045c376,ent_d0c8770ba039a6ae69fe5ae77ecf20bd,INVOLVES,200
evt_002fe13c720225746f8f8d3bd045c376,ent_214163861ed8ac3fdfdb4674bf5536af,INVOLVES,200
evt_26ea4a672be9cfa66e94966cffa2c879,ent_0d05c98717c49eebbf5911089efc09d8,INVOLVES,200
evt_26ea4a672be9cfa66e94966cffa2c879,ent_d36b13410347d500de53637c8b77e430,INVOLVES,200
evt_26ea4a672be9cfa66e94966cffa2c879,ent_848015af8766cb8f2e66510ab1145bd0,INVOLVES,200
evt_26ea4a672be9cfa66e94966cffa2c879,ent_d0c8770ba039a6ae69fe5ae77ecf20bd,INVOLVES,200
evt_26ea4a672be9cfa66e94966cffa2c879,ent_214163861ed8ac3fdfdb4674bf5536af,INVOLVES,200
evt_ba8bbd8446f5d7eec0f23c312285c93f,ent_183bd64c6fc43113b151a26ffb0dca15,INVOLVES,200
evt_ba8bbd8446f5d7eec0f23c312285c93f,ent_e1aa27557fc873c9cd1ef326424a6fef,INVOLVES,200
evt_2b8b69b761728a7f3ffe79881e335bd7,ent_16abb7cee5ece74235f7aac3fb44a829,INVOLVES,200
evt_2b8b69b761728a7f3ffe79881e335bd7,ent_ac0321c0c8f6991711dfb98552b60ab9,INVOLVES,200
evt_2b8b69b761728a7f3ffe79881e335bd7,ent_0f3eabf59e6551ac7515879972456619,INVOLVES,200
evt_2b8b69b761728a7f3ffe79881e335bd7,ent_ecdcb24435b012a09781be886afb21aa,INVOLVES,200
evt_f1d3f2581c5284e0ba1e430078fb4c18,ent_16abb7cee5ece74235f7aac3fb44a829,INVOLVES,200
evt_f1d3f2581c5284e0ba1e430078fb4c18,ent_ac0321c0c8f6991711dfb98552b60ab9,INVOLVES,200
evt_f1d3f2581c5284e0ba1e430078fb4c18,ent_0f3eabf59e6551ac7515879972456619,INVOLVES,200
evt_f1d3f2581c5284e0ba1e430078fb4c18,ent_ecdcb24435b012a09781be886afb21aa,INVOLVES,200
evt_3e4a839af1ba0297e6787d77c4e78606,ent_16abb7cee5ece74235f7aac3fb44a829,INVOLVES,200
evt_3e4a839af1ba0297e6787d77c4e78606,ent_ac0321c0c8f6991711dfb98552b60ab9,INVOLVES,200
evt_3e4a839af1ba0297e6787d77c4e78606,ent_0f3eabf59e6551ac7515879972456619,INVOLVES,200
evt_3e4a839af1ba0297e6787d77c4e78606,ent_ecdcb24435b012a09781be886afb21aa,INVOLVES,200
evt_556252ce206f65ed46c85ff0b6a31711,ent_16abb7cee5ece74235f7aac3fb44a829,INVOLVES,200
evt_556252ce206f65ed46c85ff0b6a31711,ent_ac0321c0c8f6991711dfb98552b60ab9,INVOLVES,200
evt_556252ce206f65ed46c85ff0b6a31711,ent_0f3eabf59e6551ac7515879972456619,INVOLVES,200
evt_556252ce206f65ed46c85ff0b6a31711,ent_ecdcb24435b012a09781be886afb21aa,INVOLVES,200
evt_2f67908358389ac3b0ca44a6d6bd5aa3,ent_0d05c98717c49eebbf5911089efc09d8,INVOLVES,200
evt_2f67908358389ac3b0ca44a6d6bd5aa3,ent_16d070a2bdc60f3ed14acd9290b11f80,INVOLVES,200
evt_2f67908358389ac3b0ca44a6d6bd5aa3,ent_fe2a51ffcbf988c2c57486fa6589874e,INVOLVES,200
evt_2f67908358389ac3b0ca44a6d6bd5aa3,ent_29c5a3a85665d45755d9c9e8a9c3f356,INVOLVES,200
evt_2f67908358389ac3b0ca44a6d6bd5aa3,ent_312642cda4a86945e21c6ab3175203ec,INVOLVES,200
evt_900f526ef7277fda97b2e56f17b5ac4a,ent_02349980bba8ce563cdf709f74f96fc1,INVOLVES,200
evt_900f526ef7277fda97b2e56f17b5ac4a,ent_35197dd517ba63bb2e8d8115493f5734,INVOLVES,200
evt_900f526ef7277fda97b2e56f17b5ac4a,ent_076173809b5a7e293c5fb60f9019b3f8,INVOLVES,200
evt_900f526ef7277fda97b2e56f17b5ac4a,ent_90b3d84b05740579e62602656701362b,INVOLVES,200
evt_7b67498821d2308993f74ded2871c19f,ent_f20011e5270666592304898988523261,INVOLVES,200
evt_7b67498821d2308993f74ded2871c19f,ent_6e2366489e8514e8d738802bff1233d0,INVOLVES,200
evt_7b67498821d2308993f74ded2871c19f,ent_e7fa5bd660d6c130581e4d90d47ff4ba,INVOLVES,200
evt_7b67498821d2308993f74ded2871c19f,ent_5a7e16494888a8bebc43bff713c3086d,INVOLVES,200
evt_7b67498821d2308993f74ded2871c19f,ent_545b9844c7a746eba28c07d2d380a3c0,INVOLVES,200
evt_6d8a3e5d0b39cae7b06f456a75255a59,ent_f20011e5270666592304898988523261,INVOLVES,200
evt_6d8a3e5d0b39cae7b06f456a75255a59,ent_6e2366489e8514e8d738802bff1233d0,INVOLVES,200
evt_6d8a3e5d0b39cae7b06f456a75255a59,ent_e7fa5bd660d6c130581e4d90d47ff4ba,INVOLVES,200
evt_6d8a3e5d0b39cae7b06f456a75255a59,ent_5a7e16494888a8bebc43bff713c3086d,INVOLVES,200
evt_6d8a3e5d0b39cae7b06f456a75255a59,ent_545b9844c7a746eba28c07d2d380a3c0,INVOLVES,200
evt_7f211b002f92d1a9331914c493a2dcf4,ent_f20011e5270666592304898988523261,INVOLVES,200
evt_7f211b002f92d1a9331914c493a2dcf4,ent_6e2366489e8514e8d738802bff1233d0,INVOLVES,200
evt_7f211b002f92d1a9331914c493a2dcf4,ent_e7fa5bd660d6c130581e4d90d47ff4ba,INVOLVES,200
evt_7f211b002f92d1a9331914c493a2dcf4,ent_5a7e16494888a8bebc43bff713c3086d,INVOLVES,200
evt_7f211b002f92d1a9331914c493a2dcf4,ent_545b9844c7a746eba28c07d2d380a3c0,INVOLVES,200
evt_716e0c70cd4150024de0c1810a467a7d,ent_783c508954614fa61cb6f7833e5e323e,INVOLVES,200
evt_716e0c70cd4150024de0c1810a467a7d,ent_f20011e5270666592304898988523261,INVOLVES,200
evt_716e0c70cd4150024de0c1810a467a7d,ent_e7fa5bd660d6c130581e4d90d47ff4ba,INVOLVES,200
evt_716e0c70cd4150024de0c1810a467a7d,ent_0585370dfc155ad02f40b8c59efe394e,INVOLVES,200
evt_7b73995060ffc4a572d2b3719d7784d1,ent_83412b11a84b29c84f0ea4bfd376deb6,INVOLVES,200
evt_7b73995060ffc4a572d2b3719d7784d1,ent_2d9491700e5c7f58bce9acbc640849c7,INVOLVES,200
evt_c418f2d1676d95da796a554486dc2e92,ent_83412b11a84b29c84f0ea4bfd376deb6,INVOLVES,200
evt_c418f2d1676d95da796a554486dc2e92,ent_2d9491700e5c7f58bce9acbc640849c7,INVOLVES,200
evt_c2bad955f01fbe00678214e9d82736f7,ent_cbf578ba9a973a387dbc84e7eed8e60a,INVOLVES,200
evt_c2bad955f01fbe00678214e9d82736f7,ent_47d979e5d6319f49ea7b89a9c56c2c2b,INVOLVES,200
evt_c2bad955f01fbe00678214e9d82736f7,ent_e7fa5bd660d6c130581e4d90d47ff4ba,INVOLVES,200
evt_348106c57a08dc37f3b25177e185ec1c,ent_0d05c98717c49eebbf5911089efc09d8,INVOLVES,200
evt_348106c57a08dc37f3b25177e185ec1c,ent_312642cda4a86945e21c6ab3175203ec,INVOLVES,200
evt_348106c57a08dc37f3b25177e185ec1c,ent_edc641d55be346730d71096cbd7722bc,INVOLVES,200
evt_348106c57a08dc37f3b25177e185ec1c,ent_02349980bba8ce563cdf709f74f96fc1,INVOLVES,200
evt_e6473f76c33cc1e56e39c2c5180cb9dd,ent_0585370dfc155ad02f40b8c59efe394e,INVOLVES,200
evt_e6473f76c33cc1e56e39c2c5180cb9dd,ent_6aa7cbb3eaafb3aac81464a639b86e23,INVOLVES,200
evt_ac39bc95358b727db501091cdc3505c7,ent_cb5446ec42ce5d0014238d02d185ab64,INVOLVES,200
evt_c6586c5faccc46713a84b85ef52dd882,ent_cb5446ec42ce5d0014238d02d185ab64,INVOLVES,200
evt_b265cd18030c0504697308974be91632,ent_cb5446ec42ce5d0014238d02d185ab64,INVOLVES,200
evt_66921cdc9e4580a1168902f55d4632b8,ent_ee09f18ac0e2ef48fe9f98443e6f3336,INVOLVES,200
evt_66921cdc9e4580a1168902f55d4632b8,ent_2a6d3686110703bc69da3220c6ee6b5f,INVOLVES,200
evt_66921cdc9e4580a1168902f55d4632b8,ent_cc5551250ad523539729c5a8ad6b9849,INVOLVES,200
evt_372e6e3db098909b359e0d2a5028e8a1,ent_ee09f18ac0e2ef48fe9f98443e6f3336,INVOLVES,200
evt_372e6e3db098909b359e0d2a5028e8a1,ent_2a6d3686110703bc69da3220c6ee6b5f,INVOLVES,200
evt_372e6e3db098909b359e0d2a5028e8a1,ent_cc5551250ad523539729c5a8ad6b9849,INVOLVES,200
evt_1420764c45fcfbccbba1d377f3479b31,ent_ee09f18ac0e2ef48fe9f98443e6f3336,INVOLVES,200
evt_1420764c45fcfbccbba1d377f3479b31,ent_2a6d3686110703bc69da3220c6ee6b5f,INVOLVES,200
evt_1420764c45fcfbccbba1d377f3479b31,ent_cc5551250ad523539729c5a8ad6b9849,INVOLVES,200
evt_d005508d238c25d638bf7670c97bc837,ent_ee09f18ac0e2ef48fe9f98443e6f3336,INVOLVES,200
evt_d005508d238c25d638bf7670c97bc837,ent_2a6d3686110703bc69da3220c6ee6b5f,INVOLVES,200
evt_d005508d238c25d638bf7670c97bc837,ent_cc5551250ad523539729c5a8ad6b9849,INVOLVES,200
evt_566d35e1cc86c24c489b0ecb28e8531a,ent_ee09f18ac0e2ef48fe9f98443e6f3336,INVOLVES,200
evt_566d35e1cc86c24c489b0ecb28e8531a,ent_2a6d3686110703bc69da3220c6ee6b5f,INVOLVES,200
evt_566d35e1cc86c24c489b0ecb28e8531a,ent_cc5551250ad523539729c5a8ad6b9849,INVOLVES,200
evt_3596ae37a399e513f75ab10b538ab0c3,ent_ee09f18ac0e2ef48fe9f98443e6f3336,INVOLVES,200
evt_3596ae37a399e513f75ab10b538ab0c3,ent_2a6d3686110703bc69da3220c6ee6b5f,INVOLVES,200
evt_3596ae37a399e513f75ab10b538ab0c3,ent_cc5551250ad523539729c5a8ad6b9849,INVOLVES,200
evt_42a76442a4478e8c07dbc884c65814f3,ent_076173809b5a7e293c5fb60f9019b3f8,INVOLVES,200
evt_42a76442a4478e8c07dbc884c65814f3,ent_634d30f1d295382071bc70b8e883717b,INVOLVES,200
evt_8a2b7a5444dd8afc403fe88d511726bc,ent_076173809b5a7e293c5fb60f9019b3f8,INVOLVES,200
evt_8a2b7a5444dd8afc403fe88d511726bc,ent_634d30f1d295382071bc70b8e883717b,INVOLVES,200
evt_6bb5d2b0dd55d0caeab2526c503f677e,ent_88b7fb94a9444441f103853e69e6a660,INVOLVES,200
evt_6bb5d2b0dd55d0caeab2526c503f677e,ent_634d30f1d295382071bc70b8e883717b,INVOLVES,200
evt_6bb5d2b0dd55d0caeab2526c503f677e,ent_efcea41751696d7564207ab9bfeb8fff,INVOLVES,200
evt_7c7bf5baa4264ef111b4a1b0232d7b05,ent_88b7fb94a9444441f103853e69e6a660,INVOLVES,200
evt_7c7bf5baa4264ef111b4a1b0232d7b05,ent_634d30f1d295382071bc70b8e883717b,INVOLVES,200
evt_7c7bf5baa4264ef111b4a1b0232d7b05,ent_efcea41751696d7564207ab9bfeb8fff,INVOLVES,200
evt_550c04f982663f436d3b118c085d7bca,ent_f4a9c228f15fac4de104edb040457fe0,INVOLVES,200
evt_550c04f982663f436d3b118c085d7bca,ent_f4881cbba8052bb8f34d1f46d86d81dd,INVOLVES,200
evt_e64008a922b46e5544e17c7a1288969e,ent_f4a9c228f15fac4de104edb040457fe0,INVOLVES,200
evt_e64008a922b46e5544e17c7a1288969e,ent_f4881cbba8052bb8f34d1f46d86d81dd,INVOLVES,200
evt_61b0a68471cdc37e24be35c989e604f5,ent_c298aaa934c3af81a29c8e75a20048cb,INVOLVES,200
evt_61b0a68471cdc37e24be35c989e604f5,ent_61681af5e834d2a035d742f5df77e643,INVOLVES,200
evt_23a6cbcf335bea5772f72228a463fdec,ent_aab2051e760de4c6bab7612178b3896c,INVOLVES,200
evt_23a6cbcf335bea5772f72228a463fdec,ent_31fbda9bd0b9bfdca1ad1f3c5372027f,INVOLVES,200
evt_23a6cbcf335bea5772f72228a463fdec,ent_d8161c0e4143b5786e79b372ecdbc33b,INVOLVES,200
evt_23a6cbcf335bea5772f72228a463fdec,ent_f9a78824bd4149b754acffa764b4c564,INVOLVES,200
evt_23a6cbcf335bea5772f72228a463fdec,ent_4cab5ca06bcefea9c81bc7968053b01f,INVOLVES,200
evt_23a6cbcf335bea5772f72228a463fdec,ent_0585370dfc155ad02f40b8c59efe394e,INVOLVES,200
evt_e54f4dc4185152bd05765eef5c3bb941,ent_aab2051e760de4c6bab7612178b3896c,INVOLVES,200
evt_e54f4dc4185152bd05765eef5c3bb941,ent_31fbda9bd0b9bfdca1ad1f3c5372027f,INVOLVES,200
evt_e54f4dc4185152bd05765eef5c3bb941,ent_d8161c0e4143b5786e79b372ecdbc33b,INVOLVES,200
evt_e54f4dc4185152bd05765eef5c3bb941,ent_f9a78824bd4149b754acffa764b4c564,INVOLVES,200
evt_e54f4dc4185152bd05765eef5c3bb941,ent_4cab5ca06bcefea9c81bc7968053b01f,INVOLVES,200
evt_e54f4dc4185152bd05765eef5c3bb941,ent_0585370dfc155ad02f40b8c59efe394e,INVOLVES,200
evt_a37ecfc3231dffeefe153abb2f2456c6,ent_aab2051e760de4c6bab7612178b3896c,INVOLVES,200
evt_a37ecfc3231dffeefe153abb2f2456c6,ent_31fbda9bd0b9bfdca1ad1f3c5372027f,INVOLVES,200
evt_a37ecfc3231dffeefe153abb2f2456c6,ent_d8161c0e4143b5786e79b372ecdbc33b,INVOLVES,200
evt_a37ecfc3231dffeefe153abb2f2456c6,ent_f9a78824bd4149b754acffa764b4c564,INVOLVES,200
evt_a37ecfc3231dffeefe153abb2f2456c6,ent_4cab5ca06bcefea9c81bc7968053b01f,INVOLVES,200
evt_a37ecfc3231dffeefe153abb2f2456c6,ent_0585370dfc155ad02f40b8c59efe394e,INVOLVES,200
evt_0d82933c7186111ea7647541d2813572,ent_f20011e5270666592304898988523261,INVOLVES,200
evt_0d82933c7186111ea7647541d2813572,ent_6e2366489e8514e8d738802bff1233d0,INVOLVES,200
evt_ea7540d30df9e47c0cc350916dc0c1cf,ent_ae681f8816b6286e5f769f67bc659e24,INVOLVES,200
evt_ea7540d30df9e47c0cc350916dc0c1cf,ent_83101f25a4ef7189ca1f6b90565ecd35,INVOLVES,200
evt_ea7540d30df9e47c0cc350916dc0c1cf,ent_8c9a0914dc5bb6e1d5733e85acb61045,INVOLVES,200
evt_ea7540d30df9e47c0cc350916dc0c1cf,ent_0b2b5fa6cbb1c8275305ab96b83a42b8,INVOLVES,200
evt_cd08a0bebe2901a61fb925cd245a3c9c,ent_ae681f8816b6286e5f769f67bc659e24,INVOLVES,200
evt_cd08a0bebe2901a61fb925cd245a3c9c,ent_83101f25a4ef7189ca1f6b90565ecd35,INVOLVES,200
evt_cd08a0bebe2901a61fb925cd245a3c9c,ent_8c9a0914dc5bb6e1d5733e85acb61045,INVOLVES,200
evt_cd08a0bebe2901a61fb925cd245a3c9c,ent_0b2b5fa6cbb1c8275305ab96b83a42b8,INVOLVES,200
evt_884dd8e9050d065e185cabe8ae1ad8a7,ent_0623056192b50389f0afacc59c78de9e,INVOLVES,200
evt_160bf39f0a0c8736c59cf09fd2e77750,ent_0623056192b50389f0afacc59c78de9e,INVOLVES,200
evt_d285cae17238da5c79f02f5a015860fd,ent_076173809b5a7e293c5fb60f9019b3f8,INVOLVES,200
evt_d285cae17238da5c79f02f5a015860fd,ent_ebb9f4ee593b4626403ed7fb1ece1b95,INVOLVES,200
evt_f6ab8d5b418bc092939d1f944f95e39c,ent_076173809b5a7e293c5fb60f9019b3f8,INVOLVES,200
evt_f6ab8d5b418bc092939d1f944f95e39c,ent_ebb9f4ee593b4626403ed7fb1ece1b95,INVOLVES,200
evt_39f0fe5fe05457352ee53f92e02f3816,ent_076173809b5a7e293c5fb60f9019b3f8,INVOLVES,200
evt_39f0fe5fe05457352ee53f92e02f3816,ent_ebb9f4ee593b4626403ed7fb1ece1b95,INVOLVES,200
evt_a8dbb39e3dae3aaa3b09963691b00937,ent_076173809b5a7e293c5fb60f9019b3f8,INVOLVES,200
evt_a8dbb39e3dae3aaa3b09963691b00937,ent_ebb9f4ee593b4626403ed7fb1ece1b95,INVOLVES,200
evt_2a5a6ab05795e0e1339cb251c6c6de0b,ent_076173809b5a7e293c5fb60f9019b3f8,INVOLVES,200
evt_2a5a6ab05795e0e1339cb251c6c6de0b,ent_ebb9f4ee593b4626403ed7fb1ece1b95,INVOLVES,200
evt_5336aa6d9f6dd39e581abc7c6072efdf,ent_076173809b5a7e293c5fb60f9019b3f8,INVOLVES,200
evt_5336aa6d9f6dd39e581abc7c6072efdf,ent_ebb9f4ee593b4626403ed7fb1ece1b95,INVOLVES,200
evt_c2a8074810b4d7b64b10d0d7f56ece6a,ent_309d2284b9e724c2d01809154dca5236,INVOLVES,200
evt_c2a8074810b4d7b64b10d0d7f56ece6a,ent_2b4da846ceb3fb791e7085aff5e20a1b,INVOLVES,200
evt_216ab67b8aef5b6cb9226a7a5285b44d,ent_309d2284b9e724c2d01809154dca5236,INVOLVES,200
evt_216ab67b8aef5b6cb9226a7a5285b44d,ent_2b4da846ceb3fb791e7085aff5e20a1b,INVOLVES,200
evt_391734a0393d553a74b5b45d95dc05e2,ent_7c71f74f39a765de30f266844d754f0f,INVOLVES,200
evt_391734a0393d553a74b5b45d95dc05e2,ent_b786549babb631f4668037147ed6d369,INVOLVES,200
evt_391734a0393d553a74b5b45d95dc05e2,ent_c4326d63fcaec6ab4b485f6df30e6229,INVOLVES,200
evt_391734a0393d553a74b5b45d95dc05e2,ent_f3e8d35483387d3daf36ad089d741fb7,INVOLVES,200
evt_391734a0393d553a74b5b45d95dc05e2,ent_21c003acfb75ace8e632ace76db02be8,INVOLVES,200
evt_7d2e2078eb8c66611d87c8ba4f0a399e,ent_678340b2b94c337f0bb78181275b3238,INVOLVES,200
evt_e965abd58a0a8374b5377a89490a734c,ent_f5ccf94fc48dd86a9621a9eeeba7ba52,INVOLVES,200
evt_e965abd58a0a8374b5377a89490a734c,ent_a20404d04f684e79429efba57360379d,INVOLVES,200
evt_e965abd58a0a8374b5377a89490a734c,ent_7039f4ccf0c52dc765118c08c915f763,INVOLVES,200
evt_e965abd58a0a8374b5377a89490a734c,ent_29a5dd3ba576542a8468eccfbcd038e4,INVOLVES,200
evt_e965abd58a0a8374b5377a89490a734c,ent_943636b941dc2a7ad3e03d1b8abca511,INVOLVES,200
evt_e965abd58a0a8374b5377a89490a734c,ent_73cec486de0fbe23005dd5b3d0a882f1,INVOLVES,200
evt_56a889ed2ec07e6686f7ff1d363baaa8,ent_f5ccf94fc48dd86a9621a9eeeba7ba52,INVOLVES,200
evt_56a889ed2ec07e6686f7ff1d363baaa8,ent_a20404d04f684e79429efba57360379d,INVOLVES,200
evt_56a889ed2ec07e6686f7ff1d363baaa8,ent_7039f4ccf0c52dc765118c08c915f763,INVOLVES,200
evt_56a889ed2ec07e6686f7ff1d363baaa8,ent_29a5dd3ba576542a8468eccfbcd038e4,INVOLVES,200
evt_56a889ed2ec07e6686f7ff1d363baaa8,ent_943636b941dc2a7ad3e03d1b8abca511,INVOLVES,200
evt_56a889ed2ec07e6686f7ff1d363baaa8,ent_73cec486de0fbe23005dd5b3d0a882f1,INVOLVES,200
evt_d0bce941fe819142bdba5a789a10507b,ent_428a0946f0b8da6835217609a7703f53,INVOLVES,200
evt_d0bce941fe819142bdba5a789a10507b,ent_8dc996cc3d69f2bd204f03892165eaf6,INVOLVES,200
evt_a34d8ae0e10fa6be05e20f0f52089c74,ent_2a6d3686110703bc69da3220c6ee6b5f,INVOLVES,200
evt_a34d8ae0e10fa6be05e20f0f52089c74,ent_55522c074277c08c6c40b56a1b07f3ba,INVOLVES,200
evt_a34d8ae0e10fa6be05e20f0f52089c74,ent_ac27fb8a344fefdf728d94ed80090eae,INVOLVES,200
evt_ba503d148afeaefb93700c828ab2b4e3,ent_2a6d3686110703bc69da3220c6ee6b5f,INVOLVES,200
evt_ba503d148afeaefb93700c828ab2b4e3,ent_55522c074277c08c6c40b56a1b07f3ba,INVOLVES,200
evt_ba503d148afeaefb93700c828ab2b4e3,ent_ac27fb8a344fefdf728d94ed80090eae,INVOLVES,200
evt_c95a2781caad79da312d16389297aff0,ent_bf0897b60f603482e11ce06d342330f9,INVOLVES,200
evt_ae469bec9abd229bfb5483ff260f9c88,ent_2a6d3686110703bc69da3220c6ee6b5f,INVOLVES,200
evt_ae469bec9abd229bfb5483ff260f9c88,ent_bf80892f3d6b4f9fb4431512d0d93f45,INVOLVES,200
evt_50326df2cdf6499420a85597ff23e9c7,ent_2a6d3686110703bc69da3220c6ee6b5f,INVOLVES,200
evt_50326df2cdf6499420a85597ff23e9c7,ent_bf80892f3d6b4f9fb4431512d0d93f45,INVOLVES,200
evt_ee2b7df9ac9cac608ee791672ab3dda5,ent_2a6d3686110703bc69da3220c6ee6b5f,INVOLVES,200
evt_ee2b7df9ac9cac608ee791672ab3dda5,ent_bf80892f3d6b4f9fb4431512d0d93f45,INVOLVES,200
evt_cf2d0ecdb4bf28077a55c63bcb1eeebf,ent_d63408c961ddd31172bfdf38890945e6,INVOLVES,200
evt_cf2d0ecdb4bf28077a55c63bcb1eeebf,ent_720f10e1f3e4dfaa6838a88d9839c5c9,INVOLVES,200
evt_cf2d0ecdb4bf28077a55c63bcb1eeebf,ent_e1aa27557fc873c9cd1ef326424a6fef,INVOLVES,200
evt_cf2d0ecdb4bf28077a55c63bcb1eeebf,ent_d663325fc53a289aef4665cdbf58503f,INVOLVES,200
evt_dffc7ad37daa0ae922ddecf6888b112d,ent_934bc1e0d4dda2c40adfa3266e38ea84,INVOLVES,200
evt_dffc7ad37daa0ae922ddecf6888b112d,ent_f48b8e99c2ccca3a72848ef31290f67f,INVOLVES,200
evt_dffc7ad37daa0ae922ddecf6888b112d,ent_16655a67a3e22c75ab14149639dce7ea,INVOLVES,200
evt_dffc7ad37daa0ae922ddecf6888b112d,ent_183bd64c6fc43113b151a26ffb0dca15,INVOLVES,200
evt_dffc7ad37daa0ae922ddecf6888b112d,ent_634d30f1d295382071bc70b8e883717b,INVOLVES,200
evt_dffc7ad37daa0ae922ddecf6888b112d,ent_7f522b087417b468ec0e8a4fcdf6bbf7,INVOLVES,200
evt_d8be3d994b3458c446ae6229232c1500,ent_c55014cd4a81c774864a112fcd66df98,INVOLVES,200
evt_d8be3d994b3458c446ae6229232c1500,ent_d36b13410347d500de53637c8b77e430,INVOLVES,200
evt_d8be3d994b3458c446ae6229232c1500,ent_2a6d3686110703bc69da3220c6ee6b5f,INVOLVES,200
evt_d8be3d994b3458c446ae6229232c1500,ent_e8d79d2e6ce263bde80282ebc136de6c,INVOLVES,200
evt_64a0945387695fc52b873992f51efeaa,ent_c55014cd4a81c774864a112fcd66df98,INVOLVES,200
evt_64a0945387695fc52b873992f51efeaa,ent_d36b13410347d500de53637c8b77e430,INVOLVES,200
evt_64a0945387695fc52b873992f51efeaa,ent_2a6d3686110703bc69da3220c6ee6b5f,INVOLVES,200
evt_64a0945387695fc52b873992f51efeaa,ent_e8d79d2e6ce263bde80282ebc136de6c,INVOLVES,200
evt_99a5552b2ea2fbbe0029d4a8d4b82d84,ent_e8d79d2e6ce263bde80282ebc136de6c,INVOLVES,200
evt_99a5552b2ea2fbbe0029d4a8d4b82d84,ent_585eb97ca602cf3ee2493ce7b5bcc4d2,INVOLVES,200
evt_99a5552b2ea2fbbe0029d4a8d4b82d84,ent_312642cda4a86945e21c6ab3175203ec,INVOLVES,200
evt_99a5552b2ea2fbbe0029d4a8d4b82d84,ent_2a6d3686110703bc69da3220c6ee6b5f,INVOLVES,200
evt_99a5552b2ea2fbbe0029d4a8d4b82d84,ent_c55014cd4a81c774864a112fcd66df98,INVOLVES,200
evt_c1cf8564c5d99f218e2cfe41cce01dff,ent_abc0497c13c9647c79ba3f6fd1b2da68,INVOLVES,200
evt_c1cf8564c5d99f218e2cfe41cce01dff,ent_6aa7cbb3eaafb3aac81464a639b86e23,INVOLVES,200
evt_c1cf8564c5d99f218e2cfe41cce01dff,ent_2b4da846ceb3fb791e7085aff5e20a1b,INVOLVES,200
evt_92979cd3683080e32107ca8420338424,ent_97f9beeba888d320d48b47e29af5fa73,INVOLVES,200
evt_f866606e36194b684172a8a74f9754f2,ent_97f9beeba888d320d48b47e29af5fa73,INVOLVES,200
evt_30b829c24c914fa36a64f222efd8f2c1,ent_97f9beeba888d320d48b47e29af5fa73,INVOLVES,200
evt_37a9092917b99a6f53262f33515dde88,ent_7fe461592c31b7bf33bf11d21d306ea0,INVOLVES,200
evt_37a9092917b99a6f53262f33515dde88,ent_02349980bba8ce563cdf709f74f96fc1,INVOLVES,200
evt_37a9092917b99a6f53262f33515dde88,ent_312642cda4a86945e21c6ab3175203ec,INVOLVES,200
evt_9eb354d5b0b88e6d87310a982b56a7a1,ent_7fe461592c31b7bf33bf11d21d306ea0,INVOLVES,200
evt_9eb354d5b0b88e6d87310a982b56a7a1,ent_02349980bba8ce563cdf709f74f96fc1,INVOLVES,200
evt_9eb354d5b0b88e6d87310a982b56a7a1,ent_312642cda4a86945e21c6ab3175203ec,INVOLVES,200
evt_07e52f57a83a098f8bcadea8ed8fe124,ent_7fe461592c31b7bf33bf11d21d306ea0,INVOLVES,200
evt_07e52f57a83a098f8bcadea8ed8fe124,ent_02349980bba8ce563cdf709f74f96fc1,INVOLVES,200
evt_07e52f57a83a098f8bcadea8ed8fe124,ent_312642cda4a86945e21c6ab3175203ec,INVOLVES,200
evt_b1a2cb6aedc961d5de12796fff1365d1,ent_7fe461592c31b7bf33bf11d21d306ea0,INVOLVES,200
evt_b1a2cb6aedc961d5de12796fff1365d1,ent_02349980bba8ce563cdf709f74f96fc1,INVOLVES,200
evt_b1a2cb6aedc961d5de12796fff1365d1,ent_312642cda4a86945e21c6ab3175203ec,INVOLVES,200
evt_8ffc0f31cc7db5b4b16beb69adb5a47a,ent_7fe461592c31b7bf33bf11d21d306ea0,INVOLVES,200
evt_8ffc0f31cc7db5b4b16beb69adb5a47a,ent_02349980bba8ce563cdf709f74f96fc1,INVOLVES,200
evt_8ffc0f31cc7db5b4b16beb69adb5a47a,ent_312642cda4a86945e21c6ab3175203ec,INVOLVES,200
evt_cdea6defa23a1cce414b47091813c913,ent_7fe461592c31b7bf33bf11d21d306ea0,INVOLVES,200
evt_cdea6defa23a1cce414b47091813c913,ent_02349980bba8ce563cdf709f74f96fc1,INVOLVES,200
evt_cdea6defa23a1cce414b47091813c913,ent_312642cda4a86945e21c6ab3175203ec,INVOLVES,200
evt_d7793cf48c0955b2de61453f6062b07f,ent_0b727cd08b5cd5fa4b1b841d27a70022,INVOLVES,200
evt_d7793cf48c0955b2de61453f6062b07f,ent_403d2fd0b4710487f72a877b66c903eb,INVOLVES,200
evt_d7793cf48c0955b2de61453f6062b07f,ent_2b4da846ceb3fb791e7085aff5e20a1b,INVOLVES,200
evt_d7793cf48c0955b2de61453f6062b07f,ent_6ddcb33824febfe079d82dcb2427d56c,INVOLVES,200
evt_d7793cf48c0955b2de61453f6062b07f,ent_6c6b9b2cde4aa93713747e5879be47c5,INVOLVES,200
evt_69d68133c4ace04d2f8206d6ef22c947,ent_0b727cd08b5cd5fa4b1b841d27a70022,INVOLVES,200
evt_69d68133c4ace04d2f8206d6ef22c947,ent_403d2fd0b4710487f72a877b66c903eb,INVOLVES,200
evt_69d68133c4ace04d2f8206d6ef22c947,ent_2b4da846ceb3fb791e7085aff5e20a1b,INVOLVES,200
evt_69d68133c4ace04d2f8206d6ef22c947,ent_6ddcb33824febfe079d82dcb2427d56c,INVOLVES,200
evt_69d68133c4ace04d2f8206d6ef22c947,ent_6c6b9b2cde4aa93713747e5879be47c5,INVOLVES,200
evt_c6b0601a59742980e95cdc0fc5895337,ent_fe87e4c81d875a5873e3c2c8f1b4d3c7,INVOLVES,200
evt_c6b0601a59742980e95cdc0fc5895337,ent_dee85fb9f710aeab28a40ce219f97702,INVOLVES,200
evt_c6b0601a59742980e95cdc0fc5895337,ent_f64ac74631b52bf870b16eb8bd1bd679,INVOLVES,200
evt_c6b0601a59742980e95cdc0fc5895337,ent_6b5241acf91ed145ff13625118a69156,INVOLVES,200
evt_e726214e86f9b5bd23d4f5b4d09b70cb,ent_82b9c759777fe021c14258393cc1d935,INVOLVES,200
evt_e726214e86f9b5bd23d4f5b4d09b70cb,ent_81b96bb03100a1cb673e49bda6f51e08,INVOLVES,200
evt_e726214e86f9b5bd23d4f5b4d09b70cb,ent_a889f5fc1a26c3ac0ecec14a724bf2f6,INVOLVES,200
evt_9683a6d1eae7b94af46a14a48f7f893b,ent_ce175afe057208c707051c737d613da9,INVOLVES,200
evt_9683a6d1eae7b94af46a14a48f7f893b,ent_1af7e48bca0ac8786f853556a685219e,INVOLVES,200
evt_9683a6d1eae7b94af46a14a48f7f893b,ent_196109e2ab5711e49f73262fd6a9c518,INVOLVES,200
evt_9683a6d1eae7b94af46a14a48f7f893b,ent_09155735ed0842a01552042fc2e518d5,INVOLVES,200
evt_9683a6d1eae7b94af46a14a48f7f893b,ent_d1f64bc475e40fff8275e5dd925398f6,INVOLVES,200
evt_9683a6d1eae7b94af46a14a48f7f893b,ent_fb51700804a4d7c5e8ae6814fade1f63,INVOLVES,200
evt_4fca8b89b40fcff30d6a1f418e6e49c4,ent_ce175afe057208c707051c737d613da9,INVOLVES,200
evt_4fca8b89b40fcff30d6a1f418e6e49c4,ent_1af7e48bca0ac8786f853556a685219e,INVOLVES,200
evt_4fca8b89b40fcff30d6a1f418e6e49c4,ent_196109e2ab5711e49f73262fd6a9c518,INVOLVES,200
evt_4fca8b89b40fcff30d6a1f418e6e49c4,ent_09155735ed0842a01552042fc2e518d5,INVOLVES,200
evt_4fca8b89b40fcff30d6a1f418e6e49c4,ent_d1f64bc475e40fff8275e5dd925398f6,INVOLVES,200
evt_4fca8b89b40fcff30d6a1f418e6e49c4,ent_fb51700804a4d7c5e8ae6814fade1f63,INVOLVES,200
evt_87f62d48629872bf80e89457e18eb027,ent_946e3886218719e6de2ab8af55542cf9,INVOLVES,200
evt_87f62d48629872bf80e89457e18eb027,ent_1926abec1a50a2e2a34070bd5935b9d0,INVOLVES,200
evt_2251c23dc5796d19e0deeb9f7ccc0748,ent_946e3886218719e6de2ab8af55542cf9,INVOLVES,200
evt_2251c23dc5796d19e0deeb9f7ccc0748,ent_1926abec1a50a2e2a34070bd5935b9d0,INVOLVES,200
evt_9cac447d29bbf7cc38e6784a6d4c830b,ent_5940b7316bfc1ab4954fb5957daa820d,INVOLVES,200
evt_9cac447d29bbf7cc38e6784a6d4c830b,ent_7cdfe2efced81fb87017a9c0ff04a609,INVOLVES,200
evt_9cac447d29bbf7cc38e6784a6d4c830b,ent_f8ba15cce084f39496f69d80f95f0fa6,INVOLVES,200
evt_9cac447d29bbf7cc38e6784a6d4c830b,ent_4aa795a5d12ee54e93c45e3655a80747,INVOLVES,200
evt_9cac447d29bbf7cc38e6784a6d4c830b,ent_0585370dfc155ad02f40b8c59efe394e,INVOLVES,200
evt_3a82ee2c946a38a76a53dcc5d272b2a8,ent_c55014cd4a81c774864a112fcd66df98,INVOLVES,200
evt_3a82ee2c946a38a76a53dcc5d272b2a8,ent_2a6d3686110703bc69da3220c6ee6b5f,INVOLVES,200
evt_3a82ee2c946a38a76a53dcc5d272b2a8,ent_ef44ca7baffbea490940fc0ddb82c784,INVOLVES,200
evt_81c4a4bf76f9a35e792bf98944118432,ent_6521cef79911e5b4d4b22ee88dead1f4,INVOLVES,200
evt_81c4a4bf76f9a35e792bf98944118432,ent_f0ecc322e30f290a1739aa431a28fa4e,INVOLVES,200
evt_45c5f0458aa1437d885892edf3b49d83,ent_403d2fd0b4710487f72a877b66c903eb,INVOLVES,200
evt_45c5f0458aa1437d885892edf3b49d83,ent_8e64df1bd4639d7f5d2d6f21922b2394,INVOLVES,200
evt_45c5f0458aa1437d885892edf3b49d83,ent_ec74eb8397d8917ad5b4d8e10a5ff6bd,INVOLVES,200
evt_45c5f0458aa1437d885892edf3b49d83,ent_0b727cd08b5cd5fa4b1b841d27a70022,INVOLVES,200
evt_45c5f0458aa1437d885892edf3b49d83,ent_03126ed3349e597ca1fda8277e9affc0,INVOLVES,200
evt_125936e90c18d4f1bd21c72b08516728,ent_403d2fd0b4710487f72a877b66c903eb,INVOLVES,200
evt_125936e90c18d4f1bd21c72b08516728,ent_8e64df1bd4639d7f5d2d6f21922b2394,INVOLVES,200
evt_125936e90c18d4f1bd21c72b08516728,ent_ec74eb8397d8917ad5b4d8e10a5ff6bd,INVOLVES,200
evt_125936e90c18d4f1bd21c72b08516728,ent_0b727cd08b5cd5fa4b1b841d27a70022,INVOLVES,200
evt_125936e90c18d4f1bd21c72b08516728,ent_03126ed3349e597ca1fda8277e9affc0,INVOLVES,200
evt_53d2c8a7503d90c3855e06fe9e0fafaf,ent_403d2fd0b4710487f72a877b66c903eb,INVOLVES,200
evt_53d2c8a7503d90c3855e06fe9e0fafaf,ent_8e64df1bd4639d7f5d2d6f21922b2394,INVOLVES,200
evt_53d2c8a7503d90c3855e06fe9e0fafaf,ent_ec74eb8397d8917ad5b4d8e10a5ff6bd,INVOLVES,200
evt_53d2c8a7503d90c3855e06fe9e0fafaf,ent_0b727cd08b5cd5fa4b1b841d27a70022,INVOLVES,200
evt_53d2c8a7503d90c3855e06fe9e0fafaf,ent_03126ed3349e597ca1fda8277e9affc0,INVOLVES,200
evt_df366b4e75a744ae024569b95a0f5c1c,ent_02349980bba8ce563cdf709f74f96fc1,INVOLVES,200
evt_df366b4e75a744ae024569b95a0f5c1c,ent_edc641d55be346730d71096cbd7722bc,INVOLVES,200
evt_df366b4e75a744ae024569b95a0f5c1c,ent_312642cda4a86945e21c6ab3175203ec,INVOLVES,200
evt_df366b4e75a744ae024569b95a0f5c1c,ent_214163861ed8ac3fdfdb4674bf5536af,INVOLVES,200
evt_d088fb93751e554308ba2da8ad3841b0,ent_02349980bba8ce563cdf709f74f96fc1,INVOLVES,200
evt_d088fb93751e554308ba2da8ad3841b0,ent_edc641d55be346730d71096cbd7722bc,INVOLVES,200
evt_d088fb93751e554308ba2da8ad3841b0,ent_312642cda4a86945e21c6ab3175203ec,INVOLVES,200
evt_d088fb93751e554308ba2da8ad3841b0,ent_214163861ed8ac3fdfdb4674bf5536af,INVOLVES,200
evt_22873374e048b0cb2f85d296bb1ebe23,ent_02349980bba8ce563cdf709f74f96fc1,INVOLVES,200
evt_22873374e048b0cb2f85d296bb1ebe23,ent_edc641d55be346730d71096cbd7722bc,INVOLVES,200
evt_22873374e048b0cb2f85d296bb1ebe23,ent_312642cda4a86945e21c6ab3175203ec,INVOLVES,200
evt_22873374e048b0cb2f85d296bb1ebe23,ent_214163861ed8ac3fdfdb4674bf5536af,INVOLVES,200
evt_b4134aa95601cb46f0c2d0c36ab4610e,ent_02349980bba8ce563cdf709f74f96fc1,INVOLVES,200
evt_b4134aa95601cb46f0c2d0c36ab4610e,ent_312642cda4a86945e21c6ab3175203ec,INVOLVES,200
evt_b4134aa95601cb46f0c2d0c36ab4610e,ent_d36b13410347d500de53637c8b77e430,INVOLVES,200
evt_b4134aa95601cb46f0c2d0c36ab4610e,ent_d79d62133af396a99b97e50d707927b2,INVOLVES,200
evt_2f416a8f8ec53aa72a535155ab7ab890,ent_3c21d535e4b1618678aaa31ebea5e9d8,INVOLVES,200
evt_2f416a8f8ec53aa72a535155ab7ab890,ent_0c4c607d19f8f91d86a20d6f852e572e,INVOLVES,200
evt_2f416a8f8ec53aa72a535155ab7ab890,ent_97b552b2ca274ca3202ac659589c4d95,INVOLVES,200
evt_2f416a8f8ec53aa72a535155ab7ab890,ent_312642cda4a86945e21c6ab3175203ec,INVOLVES,200
evt_f1b17ce9e0d6ee9dd535b0d3c2917bdc,ent_3c21d535e4b1618678aaa31ebea5e9d8,INVOLVES,200
evt_f1b17ce9e0d6ee9dd535b0d3c2917bdc,ent_0c4c607d19f8f91d86a20d6f852e572e,INVOLVES,200
evt_f1b17ce9e0d6ee9dd535b0d3c2917bdc,ent_97b552b2ca274ca3202ac659589c4d95,INVOLVES,200
evt_f1b17ce9e0d6ee9dd535b0d3c2917bdc,ent_312642cda4a86945e21c6ab3175203ec,INVOLVES,200
evt_6f372b96433e3bf11c6bab94b4b87673,ent_3c21d535e4b1618678aaa31ebea5e9d8,INVOLVES,200
evt_6f372b96433e3bf11c6bab94b4b87673,ent_0c4c607d19f8f91d86a20d6f852e572e,INVOLVES,200
evt_6f372b96433e3bf11c6bab94b4b87673,ent_97b552b2ca274ca3202ac659589c4d95,INVOLVES,200
evt_6f372b96433e3bf11c6bab94b4b87673,ent_312642cda4a86945e21c6ab3175203ec,INVOLVES,200
evt_3b881ac85091fd005cee99bb4859379d,ent_312642cda4a86945e21c6ab3175203ec,INVOLVES,200
evt_3b881ac85091fd005cee99bb4859379d,ent_c5d96cf33651f4945fe566f93ff59f34,INVOLVES,200
evt_3b881ac85091fd005cee99bb4859379d,ent_214163861ed8ac3fdfdb4674bf5536af,INVOLVES,200
evt_3b881ac85091fd005cee99bb4859379d,ent_1ee239bfda67705bd371c7b73569c056,INVOLVES,200
evt_3b881ac85091fd005cee99bb4859379d,ent_fcec4dfb15d3b1bbca330f390cf0b345,INVOLVES,200
evt_8d42ae187385c7c44765702146875a15,ent_02349980bba8ce563cdf709f74f96fc1,INVOLVES,200
evt_8d42ae187385c7c44765702146875a15,ent_0585370dfc155ad02f40b8c59efe394e,INVOLVES,200
evt_8d42ae187385c7c44765702146875a15,ent_9eb6156dc97ddde6c73b798a07c14243,INVOLVES,200
evt_8d42ae187385c7c44765702146875a15,ent_b82afb690cc79e8d6ddf4f691251c28c,INVOLVES,200
evt_d10128e6595fd3693f95c8923b77cfd7,ent_02349980bba8ce563cdf709f74f96fc1,INVOLVES,200
evt_d10128e6595fd3693f95c8923b77cfd7,ent_0585370dfc155ad02f40b8c59efe394e,INVOLVES,200
evt_d10128e6595fd3693f95c8923b77cfd7,ent_9eb6156dc97ddde6c73b798a07c14243,INVOLVES,200
evt_d10128e6595fd3693f95c8923b77cfd7,ent_b82afb690cc79e8d6ddf4f691251c28c,INVOLVES,200
evt_6eb8b640659b1c8073d0a2cb3577e810,ent_808157279012c2f1195a495a92831683,INVOLVES,200
evt_6eb8b640659b1c8073d0a2cb3577e810,ent_312642cda4a86945e21c6ab3175203ec,INVOLVES,200
evt_6eb8b640659b1c8073d0a2cb3577e810,ent_b836e8e394abb4fd3f1c2a993093dd86,INVOLVES,200
evt_de41eb8f13c033f89d3417a29a9bdd01,ent_808157279012c2f1195a495a92831683,INVOLVES,200
evt_de41eb8f13c033f89d3417a29a9bdd01,ent_312642cda4a86945e21c6ab3175203ec,INVOLVES,200
evt_de41eb8f13c033f89d3417a29a9bdd01,ent_b836e8e394abb4fd3f1c2a993093dd86,INVOLVES,200
evt_59243f866a80f89d06adf99b29a85ce9,ent_02349980bba8ce563cdf709f74f96fc1,INVOLVES,200
evt_59243f866a80f89d06adf99b29a85ce9,ent_439d05426203bbf8fcb3f06590d8b577,INVOLVES,200
evt_59243f866a80f89d06adf99b29a85ce9,ent_d36b13410347d500de53637c8b77e430,INVOLVES,200
evt_59243f866a80f89d06adf99b29a85ce9,ent_29c5a3a85665d45755d9c9e8a9c3f356,INVOLVES,200
evt_1d806072c95ded01cfab58f46d7fe32a,ent_02349980bba8ce563cdf709f74f96fc1,INVOLVES,200
evt_1d806072c95ded01cfab58f46d7fe32a,ent_439d05426203bbf8fcb3f06590d8b577,INVOLVES,200
evt_1d806072c95ded01cfab58f46d7fe32a,ent_d36b13410347d500de53637c8b77e430,INVOLVES,200
evt_1d806072c95ded01cfab58f46d7fe32a,ent_29c5a3a85665d45755d9c9e8a9c3f356,INVOLVES,200
evt_1d806072c95ded01cfab58f46d7fe32a,ent_05404d5e5ca094e70549aa1429d93ca4,INVOLVES,200
evt_accaffb105a64e49b2228d935a4833d2,ent_02349980bba8ce563cdf709f74f96fc1,INVOLVES,200
evt_accaffb105a64e49b2228d935a4833d2,ent_439d05426203bbf8fcb3f06590d8b577,INVOLVES,200
evt_accaffb105a64e49b2228d935a4833d2,ent_d36b13410347d500de53637c8b77e430,INVOLVES,200
evt_accaffb105a64e49b2228d935a4833d2,ent_29c5a3a85665d45755d9c9e8a9c3f356,INVOLVES,200
evt_accaffb105a64e49b2228d935a4833d2,ent_05404d5e5ca094e70549aa1429d93ca4,INVOLVES,200
evt_6065358676bbdbaba363481cfc34a7e2,ent_02349980bba8ce563cdf709f74f96fc1,INVOLVES,200
evt_6065358676bbdbaba363481cfc34a7e2,ent_439d05426203bbf8fcb3f06590d8b577,INVOLVES,200
evt_6065358676bbdbaba363481cfc34a7e2,ent_d36b13410347d500de53637c8b77e430,INVOLVES,200
evt_6065358676bbdbaba363481cfc34a7e2,ent_29c5a3a85665d45755d9c9e8a9c3f356,INVOLVES,200
evt_6065358676bbdbaba363481cfc34a7e2,ent_05404d5e5ca094e70549aa1429d93ca4,INVOLVES,200
evt_6e758dcde089c293961fabf9754b10ad,ent_02349980bba8ce563cdf709f74f96fc1,INVOLVES,200
evt_6e758dcde089c293961fabf9754b10ad,ent_439d05426203bbf8fcb3f06590d8b577,INVOLVES,200
evt_6e758dcde089c293961fabf9754b10ad,ent_d36b13410347d500de53637c8b77e430,INVOLVES,200
evt_6e758dcde089c293961fabf9754b10ad,ent_29c5a3a85665d45755d9c9e8a9c3f356,INVOLVES,200
evt_6e758dcde089c293961fabf9754b10ad,ent_05404d5e5ca094e70549aa1429d93ca4,INVOLVES,200
evt_30e9b0206ddfeb72f57c0e3793ab651b,ent_02349980bba8ce563cdf709f74f96fc1,INVOLVES,200
evt_30e9b0206ddfeb72f57c0e3793ab651b,ent_03126ed3349e597ca1fda8277e9affc0,INVOLVES,200
evt_30e9b0206ddfeb72f57c0e3793ab651b,ent_d36b13410347d500de53637c8b77e430,INVOLVES,200
evt_6f76533827e649f9bd59afedb2532e83,ent_02349980bba8ce563cdf709f74f96fc1,INVOLVES,200
evt_6f76533827e649f9bd59afedb2532e83,ent_03126ed3349e597ca1fda8277e9affc0,INVOLVES,200
evt_6f76533827e649f9bd59afedb2532e83,ent_d36b13410347d500de53637c8b77e430,INVOLVES,200
evt_3bc0877178965bf0e0740c290ec7836e,ent_adafd11128e9f209cb13a62c67f4a2b4,INVOLVES,200
evt_3bc0877178965bf0e0740c290ec7836e,ent_2f729a91a5a8d01650c9afa8b0721bd3,INVOLVES,200
evt_3bc0877178965bf0e0740c290ec7836e,ent_fe60a6c64f4797bb973018d0f8cf7747,INVOLVES,200
evt_3bc0877178965bf0e0740c290ec7836e,ent_ba940b8b744b507b695c1697e5680698,INVOLVES,200
evt_5a023845d680be7d867357f225f47196,ent_226a9421040b7f2d19e6a2ff542e6eac,INVOLVES,200
evt_5a023845d680be7d867357f225f47196,ent_b413b0f80b8d06ff291ed5a8fcd6db8c,INVOLVES,200
evt_5a023845d680be7d867357f225f47196,ent_a67f0af9afbada6a57009265fcc2c281,INVOLVES,200
evt_5a023845d680be7d867357f225f47196,ent_fcec4dfb15d3b1bbca330f390cf0b345,INVOLVES,200
evt_5a023845d680be7d867357f225f47196,ent_b0cf174f6be0d1824ba454ecd526c681,INVOLVES,200
evt_3f86b4df5633a3785e993d00e42537b5,ent_226a9421040b7f2d19e6a2ff542e6eac,INVOLVES,200
evt_3f86b4df5633a3785e993d00e42537b5,ent_b413b0f80b8d06ff291ed5a8fcd6db8c,INVOLVES,200
evt_3f86b4df5633a3785e993d00e42537b5,ent_a67f0af9afbada6a57009265fcc2c281,INVOLVES,200
evt_3f86b4df5633a3785e993d00e42537b5,ent_fcec4dfb15d3b1bbca330f390cf0b345,INVOLVES,200
evt_3f86b4df5633a3785e993d00e42537b5,ent_b0cf174f6be0d1824ba454ecd526c681,INVOLVES,200
evt_d4e29200530aa695860cb18ee3703e78,ent_226a9421040b7f2d19e6a2ff542e6eac,INVOLVES,200
evt_d4e29200530aa695860cb18ee3703e78,ent_b413b0f80b8d06ff291ed5a8fcd6db8c,INVOLVES,200
evt_d4e29200530aa695860cb18ee3703e78,ent_a67f0af9afbada6a57009265fcc2c281,INVOLVES,200
evt_d4e29200530aa695860cb18ee3703e78,ent_fcec4dfb15d3b1bbca330f390cf0b345,INVOLVES,200
evt_d4e29200530aa695860cb18ee3703e78,ent_b0cf174f6be0d1824ba454ecd526c681,INVOLVES,200
evt_d4e29200530aa695860cb18ee3703e78,ent_ae301d869cbe37acb145ed3385d8220d,INVOLVES,200
evt_030a4137dc0dc00f8ef9a823e30f37e3,ent_226a9421040b7f2d19e6a2ff542e6eac,INVOLVES,200
evt_030a4137dc0dc00f8ef9a823e30f37e3,ent_b413b0f80b8d06ff291ed5a8fcd6db8c,INVOLVES,200
evt_030a4137dc0dc00f8ef9a823e30f37e3,ent_a67f0af9afbada6a57009265fcc2c281,INVOLVES,200
evt_030a4137dc0dc00f8ef9a823e30f37e3,ent_fcec4dfb15d3b1bbca330f390cf0b345,INVOLVES,200
evt_030a4137dc0dc00f8ef9a823e30f37e3,ent_b0cf174f6be0d1824ba454ecd526c681,INVOLVES,200
evt_030a4137dc0dc00f8ef9a823e30f37e3,ent_ae301d869cbe37acb145ed3385d8220d,INVOLVES,200
evt_38e7a6d7ba460837e59185c313db0d68,ent_8b53015c697cdfa9a9bb257c6f02d83a,INVOLVES,200
evt_38e7a6d7ba460837e59185c313db0d68,ent_fe60a6c64f4797bb973018d0f8cf7747,INVOLVES,200
evt_38e7a6d7ba460837e59185c313db0d68,ent_b0cf174f6be0d1824ba454ecd526c681,INVOLVES,200
evt_38e7a6d7ba460837e59185c313db0d68,ent_022dceeb82c260e3c1e10672e0f27a2e,INVOLVES,200
evt_38e7a6d7ba460837e59185c313db0d68,ent_4d2b3ddcc883b720c00480cf8882aada,INVOLVES,200
evt_38e7a6d7ba460837e59185c313db0d68,ent_9dfa150ccc53239f7f0d4d8abe5fa7a7,INVOLVES,200
evt_38e7a6d7ba460837e59185c313db0d68,ent_1dd93c34189457deee2d725d40abe36f,INVOLVES,200
evt_38e7a6d7ba460837e59185c313db0d68,ent_ba940b8b744b507b695c1697e5680698,INVOLVES,200
evt_38e7a6d7ba460837e59185c313db0d68,ent_9fae5456c22a2c08a921f305d221712e,INVOLVES,200
evt_f0f09e5022701caa509fe4c8a33eba8c,ent_b0cf174f6be0d1824ba454ecd526c681,INVOLVES,200
evt_f0f09e5022701caa509fe4c8a33eba8c,ent_022dceeb82c260e3c1e10672e0f27a2e,INVOLVES,200
evt_f0f09e5022701caa509fe4c8a33eba8c,ent_4d2b3ddcc883b720c00480cf8882aada,INVOLVES,200
evt_f0f09e5022701caa509fe4c8a33eba8c,ent_9dfa150ccc53239f7f0d4d8abe5fa7a7,INVOLVES,200
evt_f0f09e5022701caa509fe4c8a33eba8c,ent_1dd93c34189457deee2d725d40abe36f,INVOLVES,200
evt_f0f09e5022701caa509fe4c8a33eba8c,ent_ba940b8b744b507b695c1697e5680698,INVOLVES,200
evt_f0f09e5022701caa509fe4c8a33eba8c,ent_9fae5456c22a2c08a921f305d221712e,INVOLVES,200
evt_4b77dd784522909f2dca2cade3b2d2f6,ent_8d3d17b3744d413b7f2d218b9199676d,INVOLVES,200
evt_4b77dd784522909f2dca2cade3b2d2f6,ent_e91792e0ae8c7c307d9d486bcb3b7429,INVOLVES,200
evt_4b77dd784522909f2dca2cade3b2d2f6,ent_10c754ca255522bc4376d6bab661aa26,INVOLVES,200
evt_4b77dd784522909f2dca2cade3b2d2f6,ent_3927d3351ed14d0f6fb29acdf1702a7f,INVOLVES,200
evt_4b77dd784522909f2dca2cade3b2d2f6,ent_21b46748fd11b9f2c94b1fb2f69d4fb6,INVOLVES,200
evt_4b77dd784522909f2dca2cade3b2d2f6,ent_d2e4fb769ec1620ae5bfb88c97bf2ef0,INVOLVES,200
evt_4b77dd784522909f2dca2cade3b2d2f6,ent_5d72ef71262afdd95470868dc2eea1e9,INVOLVES,200
evt_4b77dd784522909f2dca2cade3b2d2f6,ent_b897e6562cc65be06198ffed6c39e792,INVOLVES,200
evt_4b77dd784522909f2dca2cade3b2d2f6,ent_022dceeb82c260e3c1e10672e0f27a2e,INVOLVES,200
evt_7395f66cf2442469d19ce59019b3e9dd,ent_e91792e0ae8c7c307d9d486bcb3b7429,INVOLVES,200
evt_7395f66cf2442469d19ce59019b3e9dd,ent_10c754ca255522bc4376d6bab661aa26,INVOLVES,200
evt_7395f66cf2442469d19ce59019b3e9dd,ent_3927d3351ed14d0f6fb29acdf1702a7f,INVOLVES,200
evt_7395f66cf2442469d19ce59019b3e9dd,ent_21b46748fd11b9f2c94b1fb2f69d4fb6,INVOLVES,200
evt_7395f66cf2442469d19ce59019b3e9dd,ent_8d3d17b3744d413b7f2d218b9199676d,INVOLVES,200
evt_7395f66cf2442469d19ce59019b3e9dd,ent_d2e4fb769ec1620ae5bfb88c97bf2ef0,INVOLVES,200
evt_7395f66cf2442469d19ce59019b3e9dd,ent_5d72ef71262afdd95470868dc2eea1e9,INVOLVES,200
evt_7395f66cf2442469d19ce59019b3e9dd,ent_b897e6562cc65be06198ffed6c39e792,INVOLVES,200
evt_7395f66cf2442469d19ce59019b3e9dd,ent_022dceeb82c260e3c1e10672e0f27a2e,INVOLVES,200
evt_e0a196f10b3fcd30fa08951d5d9178d4,ent_e91792e0ae8c7c307d9d486bcb3b7429,INVOLVES,200
evt_e0a196f10b3fcd30fa08951d5d9178d4,ent_10c754ca255522bc4376d6bab661aa26,INVOLVES,200
evt_e0a196f10b3fcd30fa08951d5d9178d4,ent_3927d3351ed14d0f6fb29acdf1702a7f,INVOLVES,200
evt_e0a196f10b3fcd30fa08951d5d9178d4,ent_21b46748fd11b9f2c94b1fb2f69d4fb6,INVOLVES,200
evt_e0a196f10b3fcd30fa08951d5d9178d4,ent_8d3d17b3744d413b7f2d218b9199676d,INVOLVES,200
evt_e0a196f10b3fcd30fa08951d5d9178d4,ent_d2e4fb769ec1620ae5bfb88c97bf2ef0,INVOLVES,200
evt_e0a196f10b3fcd30fa08951d5d9178d4,ent_5d72ef71262afdd95470868dc2eea1e9,INVOLVES,200
evt_e0a196f10b3fcd30fa08951d5d9178d4,ent_b897e6562cc65be06198ffed6c39e792,INVOLVES,200
evt_e0a196f10b3fcd30fa08951d5d9178d4,ent_022dceeb82c260e3c1e10672e0f27a2e,INVOLVES,200
evt_b0d462aeffee873344f2af05da5bb06d,ent_226a9421040b7f2d19e6a2ff542e6eac,INVOLVES,200
evt_b0d462aeffee873344f2af05da5bb06d,ent_c445053883a4e1822686acd52db662cd,INVOLVES,200
evt_b0d462aeffee873344f2af05da5bb06d,ent_fcec4dfb15d3b1bbca330f390cf0b345,INVOLVES,200
evt_b0d462aeffee873344f2af05da5bb06d,ent_0d5dabafb848707c6e3308edea3fce5f,INVOLVES,200
evt_936092d277bd00034b75e8138447aa9d,ent_226a9421040b7f2d19e6a2ff542e6eac,INVOLVES,200
evt_936092d277bd00034b75e8138447aa9d,ent_c445053883a4e1822686acd52db662cd,INVOLVES,200
evt_936092d277bd00034b75e8138447aa9d,ent_fcec4dfb15d3b1bbca330f390cf0b345,INVOLVES,200
evt_936092d277bd00034b75e8138447aa9d,ent_0d5dabafb848707c6e3308edea3fce5f,INVOLVES,200
evt_cf997bf5ab6bf942d23cd370728bc77d,ent_226a9421040b7f2d19e6a2ff542e6eac,INVOLVES,200
evt_cf997bf5ab6bf942d23cd370728bc77d,ent_c445053883a4e1822686acd52db662cd,INVOLVES,200
evt_cf997bf5ab6bf942d23cd370728bc77d,ent_fcec4dfb15d3b1bbca330f390cf0b345,INVOLVES,200
evt_cf997bf5ab6bf942d23cd370728bc77d,ent_0d5dabafb848707c6e3308edea3fce5f,INVOLVES,200
evt_13694a40c352358888a5a0748a969c9f,ent_fe60a6c64f4797bb973018d0f8cf7747,INVOLVES,200
evt_13694a40c352358888a5a0748a969c9f,ent_b3c5e4dc349819b7d639f507752d2635,INVOLVES,200
evt_13694a40c352358888a5a0748a969c9f,ent_226a9421040b7f2d19e6a2ff542e6eac,INVOLVES,200
evt_f15b3988c409aa7460485ac7f99128e1,ent_fe60a6c64f4797bb973018d0f8cf7747,INVOLVES,200
evt_f15b3988c409aa7460485ac7f99128e1,ent_b3c5e4dc349819b7d639f507752d2635,INVOLVES,200
evt_f15b3988c409aa7460485ac7f99128e1,ent_226a9421040b7f2d19e6a2ff542e6eac,INVOLVES,200
evt_559263bf32517eb45059664ea468e175,ent_fe60a6c64f4797bb973018d0f8cf7747,INVOLVES,200
evt_559263bf32517eb45059664ea468e175,ent_b3c5e4dc349819b7d639f507752d2635,INVOLVES,200
evt_559263bf32517eb45059664ea468e175,ent_226a9421040b7f2d19e6a2ff542e6eac,INVOLVES,200
evt_b3aff95fc7d05ea6affbf54707674f38,ent_fe60a6c64f4797bb973018d0f8cf7747,INVOLVES,200
evt_b3aff95fc7d05ea6affbf54707674f38,ent_b3c5e4dc349819b7d639f507752d2635,INVOLVES,200
evt_b3aff95fc7d05ea6affbf54707674f38,ent_226a9421040b7f2d19e6a2ff542e6eac,INVOLVES,200
evt_50ac2471994f064ee2525fe6c6993a4a,ent_fe60a6c64f4797bb973018d0f8cf7747,INVOLVES,200
evt_50ac2471994f064ee2525fe6c6993a4a,ent_b3c5e4dc349819b7d639f507752d2635,INVOLVES,200
evt_50ac2471994f064ee2525fe6c6993a4a,ent_226a9421040b7f2d19e6a2ff542e6eac,INVOLVES,200
evt_7e3605c92ab16252fadd622902ec0368,ent_fe60a6c64f4797bb973018d0f8cf7747,INVOLVES,200
evt_7e3605c92ab16252fadd622902ec0368,ent_b3c5e4dc349819b7d639f507752d2635,INVOLVES,200
evt_7e3605c92ab16252fadd622902ec0368,ent_226a9421040b7f2d19e6a2ff542e6eac,INVOLVES,200
evt_da8501d9deb41dbfac18fbddfe7d3cd2,ent_fe60a6c64f4797bb973018d0f8cf7747,INVOLVES,200
evt_da8501d9deb41dbfac18fbddfe7d3cd2,ent_b3c5e4dc349819b7d639f507752d2635,INVOLVES,200
evt_da8501d9deb41dbfac18fbddfe7d3cd2,ent_226a9421040b7f2d19e6a2ff542e6eac,INVOLVES,200
evt_e34b913f2eb59c8c15aaf5820a9ad9bc,ent_b3c5e4dc349819b7d639f507752d2635,INVOLVES,200
evt_e34b913f2eb59c8c15aaf5820a9ad9bc,ent_226a9421040b7f2d19e6a2ff542e6eac,INVOLVES,200
evt_039864f5ad4bb3f91719f1fa2d3e33ea,ent_076173809b5a7e293c5fb60f9019b3f8,INVOLVES,200
evt_039864f5ad4bb3f91719f1fa2d3e33ea,ent_226a9421040b7f2d19e6a2ff542e6eac,INVOLVES,200
evt_039864f5ad4bb3f91719f1fa2d3e33ea,ent_adafd11128e9f209cb13a62c67f4a2b4,INVOLVES,200
evt_039864f5ad4bb3f91719f1fa2d3e33ea,ent_8d3d17b3744d413b7f2d218b9199676d,INVOLVES,200
evt_039864f5ad4bb3f91719f1fa2d3e33ea,ent_b413b0f80b8d06ff291ed5a8fcd6db8c,INVOLVES,200
evt_039864f5ad4bb3f91719f1fa2d3e33ea,ent_a67f0af9afbada6a57009265fcc2c281,INVOLVES,200
evt_ad6a51ae9d04d5fdf114327a69a53fec,ent_076173809b5a7e293c5fb60f9019b3f8,INVOLVES,200
evt_ad6a51ae9d04d5fdf114327a69a53fec,ent_226a9421040b7f2d19e6a2ff542e6eac,INVOLVES,200
evt_ad6a51ae9d04d5fdf114327a69a53fec,ent_adafd11128e9f209cb13a62c67f4a2b4,INVOLVES,200
evt_ad6a51ae9d04d5fdf114327a69a53fec,ent_8d3d17b3744d413b7f2d218b9199676d,INVOLVES,200
evt_ad6a51ae9d04d5fdf114327a69a53fec,ent_b413b0f80b8d06ff291ed5a8fcd6db8c,INVOLVES,200
evt_ad6a51ae9d04d5fdf114327a69a53fec,ent_a67f0af9afbada6a57009265fcc2c281,INVOLVES,200
evt_ad6a51ae9d04d5fdf114327a69a53fec,ent_946e3886218719e6de2ab8af55542cf9,INVOLVES,200
evt_ad6a51ae9d04d5fdf114327a69a53fec,ent_c163a684e1a9e9e2b88dba216dea28d9,INVOLVES,200
evt_ad6a51ae9d04d5fdf114327a69a53fec,ent_df0f84479ba08c7a47ee88f9654265cf,INVOLVES,200
evt_ad6a51ae9d04d5fdf114327a69a53fec,ent_022dceeb82c260e3c1e10672e0f27a2e,INVOLVES,200
evt_673268318fdfe173ecfb055d347f0c15,ent_ba940b8b744b507b695c1697e5680698,INVOLVES,200
evt_673268318fdfe173ecfb055d347f0c15,ent_226a9421040b7f2d19e6a2ff542e6eac,INVOLVES,200
evt_673268318fdfe173ecfb055d347f0c15,ent_f75ced12c7da19b50a9b7c471bc05cdf,INVOLVES,200
evt_673268318fdfe173ecfb055d347f0c15,ent_3a94edf6b6cfb0876a1ee9f5256df0c8,INVOLVES,200
evt_2add7e577860f4766160822042d6c621,ent_ba940b8b744b507b695c1697e5680698,INVOLVES,200
evt_2add7e577860f4766160822042d6c621,ent_226a9421040b7f2d19e6a2ff542e6eac,INVOLVES,200
evt_2add7e577860f4766160822042d6c621,ent_f75ced12c7da19b50a9b7c471bc05cdf,INVOLVES,200
evt_2add7e577860f4766160822042d6c621,ent_3a94edf6b6cfb0876a1ee9f5256df0c8,INVOLVES,200
evt_bf89ca61070bd496fcc39a0671ea4171,ent_ba940b8b744b507b695c1697e5680698,INVOLVES,200
evt_bf89ca61070bd496fcc39a0671ea4171,ent_226a9421040b7f2d19e6a2ff542e6eac,INVOLVES,200
evt_bf89ca61070bd496fcc39a0671ea4171,ent_f75ced12c7da19b50a9b7c471bc05cdf,INVOLVES,200
evt_bf89ca61070bd496fcc39a0671ea4171,ent_3a94edf6b6cfb0876a1ee9f5256df0c8,INVOLVES,200
evt_a345f12bec391a6f2fd598b795c70d9a,ent_226a9421040b7f2d19e6a2ff542e6eac,INVOLVES,200
evt_a345f12bec391a6f2fd598b795c70d9a,ent_b7bac30e8ea9855a83e21045afb04c7e,INVOLVES,200
evt_a345f12bec391a6f2fd598b795c70d9a,ent_b413b0f80b8d06ff291ed5a8fcd6db8c,INVOLVES,200
evt_a345f12bec391a6f2fd598b795c70d9a,ent_fbd96363ef425ee203022d94254364f5,INVOLVES,200
evt_a345f12bec391a6f2fd598b795c70d9a,ent_a67f0af9afbada6a57009265fcc2c281,INVOLVES,200
evt_45fd72c0eccb4c3eded466aa4a410248,ent_d36b13410347d500de53637c8b77e430,INVOLVES,200
evt_45fd72c0eccb4c3eded466aa4a410248,ent_7b3d8def703353b3e50e2d9c86331949,INVOLVES,200
evt_45fd72c0eccb4c3eded466aa4a410248,ent_fbd96363ef425ee203022d94254364f5,INVOLVES,200
evt_45fd72c0eccb4c3eded466aa4a410248,ent_023ff6d8b3739e1ce116769330b2ee1a,INVOLVES,200
evt_45fd72c0eccb4c3eded466aa4a410248,ent_54d8be5b2ba129e6b749a0927dcfdb7f,INVOLVES,200
evt_727cf24672f5ca9bd8fcd0f8a4b854c1,ent_8d3d17b3744d413b7f2d218b9199676d,INVOLVES,200
evt_727cf24672f5ca9bd8fcd0f8a4b854c1,ent_f75ced12c7da19b50a9b7c471bc05cdf,INVOLVES,200
evt_727cf24672f5ca9bd8fcd0f8a4b854c1,ent_022dceeb82c260e3c1e10672e0f27a2e,INVOLVES,200
evt_727cf24672f5ca9bd8fcd0f8a4b854c1,ent_fe60a6c64f4797bb973018d0f8cf7747,INVOLVES,200
evt_98b87cd87943c0cc6d66836f5d49278e,ent_8d3d17b3744d413b7f2d218b9199676d,INVOLVES,200
evt_98b87cd87943c0cc6d66836f5d49278e,ent_f75ced12c7da19b50a9b7c471bc05cdf,INVOLVES,200
evt_98b87cd87943c0cc6d66836f5d49278e,ent_022dceeb82c260e3c1e10672e0f27a2e,INVOLVES,200
evt_98b87cd87943c0cc6d66836f5d49278e,ent_fe60a6c64f4797bb973018d0f8cf7747,INVOLVES,200
evt_98b87cd87943c0cc6d66836f5d49278e,ent_226a9421040b7f2d19e6a2ff542e6eac,INVOLVES,200
evt_98b87cd87943c0cc6d66836f5d49278e,ent_adafd11128e9f209cb13a62c67f4a2b4,INVOLVES,200
evt_dfa65909aad9c48c5801352ef60832e6,ent_8d3d17b3744d413b7f2d218b9199676d,INVOLVES,200
evt_dfa65909aad9c48c5801352ef60832e6,ent_f75ced12c7da19b50a9b7c471bc05cdf,INVOLVES,200
evt_dfa65909aad9c48c5801352ef60832e6,ent_022dceeb82c260e3c1e10672e0f27a2e,INVOLVES,200
evt_dfa65909aad9c48c5801352ef60832e6,ent_fe60a6c64f4797bb973018d0f8cf7747,INVOLVES,200
evt_dfa65909aad9c48c5801352ef60832e6,ent_226a9421040b7f2d19e6a2ff542e6eac,INVOLVES,200
evt_dfa65909aad9c48c5801352ef60832e6,ent_adafd11128e9f209cb13a62c67f4a2b4,INVOLVES,200
evt_dfa65909aad9c48c5801352ef60832e6,ent_84121e04712c4b441dd908dfaf9b41ea,INVOLVES,200
evt_96ab9861048ebc4266116b3d1e792357,ent_8d3d17b3744d413b7f2d218b9199676d,INVOLVES,200
evt_96ab9861048ebc4266116b3d1e792357,ent_f75ced12c7da19b50a9b7c471bc05cdf,INVOLVES,200
evt_96ab9861048ebc4266116b3d1e792357,ent_022dceeb82c260e3c1e10672e0f27a2e,INVOLVES,200
evt_96ab9861048ebc4266116b3d1e792357,ent_fe60a6c64f4797bb973018d0f8cf7747,INVOLVES,200
evt_96ab9861048ebc4266116b3d1e792357,ent_226a9421040b7f2d19e6a2ff542e6eac,INVOLVES,200
evt_96ab9861048ebc4266116b3d1e792357,ent_adafd11128e9f209cb13a62c67f4a2b4,INVOLVES,200
evt_96ab9861048ebc4266116b3d1e792357,ent_84121e04712c4b441dd908dfaf9b41ea,INVOLVES,200
evt_336d2a99e5bcd7434d584272b8ff9450,ent_8d3d17b3744d413b7f2d218b9199676d,INVOLVES,200
evt_336d2a99e5bcd7434d584272b8ff9450,ent_f75ced12c7da19b50a9b7c471bc05cdf,INVOLVES,200
evt_336d2a99e5bcd7434d584272b8ff9450,ent_022dceeb82c260e3c1e10672e0f27a2e,INVOLVES,200
evt_336d2a99e5bcd7434d584272b8ff9450,ent_fe60a6c64f4797bb973018d0f8cf7747,INVOLVES,200
evt_336d2a99e5bcd7434d584272b8ff9450,ent_226a9421040b7f2d19e6a2ff542e6eac,INVOLVES,200
evt_336d2a99e5bcd7434d584272b8ff9450,ent_adafd11128e9f209cb13a62c67f4a2b4,INVOLVES,200
evt_336d2a99e5bcd7434d584272b8ff9450,ent_84121e04712c4b441dd908dfaf9b41ea,INVOLVES,200
evt_336d2a99e5bcd7434d584272b8ff9450,ent_df67926b1669720801e7da2ed70e0cc2,INVOLVES,200
evt_336d2a99e5bcd7434d584272b8ff9450,ent_e90ab5a01509143abcd2888563f63002,INVOLVES,200
evt_6fb531f7a49361127a47827c4c77ab0d,ent_8d3d17b3744d413b7f2d218b9199676d,INVOLVES,200
evt_6fb531f7a49361127a47827c4c77ab0d,ent_f75ced12c7da19b50a9b7c471bc05cdf,INVOLVES,200
evt_6fb531f7a49361127a47827c4c77ab0d,ent_022dceeb82c260e3c1e10672e0f27a2e,INVOLVES,200
evt_6fb531f7a49361127a47827c4c77ab0d,ent_fe60a6c64f4797bb973018d0f8cf7747,INVOLVES,200
evt_6fb531f7a49361127a47827c4c77ab0d,ent_226a9421040b7f2d19e6a2ff542e6eac,INVOLVES,200
evt_6fb531f7a49361127a47827c4c77ab0d,ent_adafd11128e9f209cb13a62c67f4a2b4,INVOLVES,200
evt_6fb531f7a49361127a47827c4c77ab0d,ent_84121e04712c4b441dd908dfaf9b41ea,INVOLVES,200
evt_6fb531f7a49361127a47827c4c77ab0d,ent_df67926b1669720801e7da2ed70e0cc2,INVOLVES,200
evt_6fb531f7a49361127a47827c4c77ab0d,ent_e90ab5a01509143abcd2888563f63002,INVOLVES,200
evt_20eb4e5c3be216bef9a669a710fa7b4d,ent_f75ced12c7da19b50a9b7c471bc05cdf,INVOLVES,200
evt_20eb4e5c3be216bef9a669a710fa7b4d,ent_8d3d17b3744d413b7f2d218b9199676d,INVOLVES,200
evt_20eb4e5c3be216bef9a669a710fa7b4d,ent_022dceeb82c260e3c1e10672e0f27a2e,INVOLVES,200
evt_20eb4e5c3be216bef9a669a710fa7b4d,ent_fe60a6c64f4797bb973018d0f8cf7747,INVOLVES,200
evt_20eb4e5c3be216bef9a669a710fa7b4d,ent_226a9421040b7f2d19e6a2ff542e6eac,INVOLVES,200
evt_20eb4e5c3be216bef9a669a710fa7b4d,ent_adafd11128e9f209cb13a62c67f4a2b4,INVOLVES,200
evt_20eb4e5c3be216bef9a669a710fa7b4d,ent_84121e04712c4b441dd908dfaf9b41ea,INVOLVES,200
evt_20eb4e5c3be216bef9a669a710fa7b4d,ent_df67926b1669720801e7da2ed70e0cc2,INVOLVES,200
evt_20eb4e5c3be216bef9a669a710fa7b4d,ent_e90ab5a01509143abcd2888563f63002,INVOLVES,200
evt_b69c49ce4e0be278022ca0759c2cad4a,ent_8d3d17b3744d413b7f2d218b9199676d,INVOLVES,200
evt_b69c49ce4e0be278022ca0759c2cad4a,ent_022dceeb82c260e3c1e10672e0f27a2e,INVOLVES,200
evt_b69c49ce4e0be278022ca0759c2cad4a,ent_fe60a6c64f4797bb973018d0f8cf7747,INVOLVES,200
evt_b69c49ce4e0be278022ca0759c2cad4a,ent_226a9421040b7f2d19e6a2ff542e6eac,INVOLVES,200
evt_b69c49ce4e0be278022ca0759c2cad4a,ent_adafd11128e9f209cb13a62c67f4a2b4,INVOLVES,200
evt_b69c49ce4e0be278022ca0759c2cad4a,ent_84121e04712c4b441dd908dfaf9b41ea,INVOLVES,200
evt_b69c49ce4e0be278022ca0759c2cad4a,ent_df67926b1669720801e7da2ed70e0cc2,INVOLVES,200
evt_b69c49ce4e0be278022ca0759c2cad4a,ent_e90ab5a01509143abcd2888563f63002,INVOLVES,200
evt_1f0ece157ed846daded063f891ebd2a0,ent_226a9421040b7f2d19e6a2ff542e6eac,INVOLVES,200
evt_1f0ece157ed846daded063f891ebd2a0,ent_bab41f4da430bd439eafd667836cbe87,INVOLVES,200
evt_1f0ece157ed846daded063f891ebd2a0,ent_b03a6f3bd564ab188b74742ad43dc1e3,INVOLVES,200
evt_1f0ece157ed846daded063f891ebd2a0,ent_84121e04712c4b441dd908dfaf9b41ea,INVOLVES,200
evt_1f0ece157ed846daded063f891ebd2a0,ent_54ba7b645cb79b1ea37f0ff49a279ce9,INVOLVES,200
evt_1f0ece157ed846daded063f891ebd2a0,ent_b06a055bc19e46f987219aaaede56fa4,INVOLVES,200
evt_1f0ece157ed846daded063f891ebd2a0,ent_b897e6562cc65be06198ffed6c39e792,INVOLVES,200
evt_1f0ece157ed846daded063f891ebd2a0,ent_e90ab5a01509143abcd2888563f63002,INVOLVES,200
evt_1f0ece157ed846daded063f891ebd2a0,ent_efc6d483e2f16395ac8255f861561cab,INVOLVES,200
evt_c99717a21d4f4fef5dcaacd4ab1d73c7,ent_226a9421040b7f2d19e6a2ff542e6eac,INVOLVES,200
evt_c99717a21d4f4fef5dcaacd4ab1d73c7,ent_bab41f4da430bd439eafd667836cbe87,INVOLVES,200
evt_c99717a21d4f4fef5dcaacd4ab1d73c7,ent_b03a6f3bd564ab188b74742ad43dc1e3,INVOLVES,200
evt_c99717a21d4f4fef5dcaacd4ab1d73c7,ent_84121e04712c4b441dd908dfaf9b41ea,INVOLVES,200
evt_c99717a21d4f4fef5dcaacd4ab1d73c7,ent_54ba7b645cb79b1ea37f0ff49a279ce9,INVOLVES,200
evt_c99717a21d4f4fef5dcaacd4ab1d73c7,ent_b06a055bc19e46f987219aaaede56fa4,INVOLVES,200
evt_c99717a21d4f4fef5dcaacd4ab1d73c7,ent_b897e6562cc65be06198ffed6c39e792,INVOLVES,200
evt_c99717a21d4f4fef5dcaacd4ab1d73c7,ent_e90ab5a01509143abcd2888563f63002,INVOLVES,200
evt_c99717a21d4f4fef5dcaacd4ab1d73c7,ent_efc6d483e2f16395ac8255f861561cab,INVOLVES,200
evt_c99717a21d4f4fef5dcaacd4ab1d73c7,ent_7cdfe2efced81fb87017a9c0ff04a609,INVOLVES,200
evt_b6179a96484e09c623bb8c055863ae47,ent_48bee8ba2bfbe6d5cd3de39880222716,INVOLVES,200
evt_b6179a96484e09c623bb8c055863ae47,ent_e1aa27557fc873c9cd1ef326424a6fef,INVOLVES,200
evt_b6179a96484e09c623bb8c055863ae47,ent_5e4404594308cb5decad64a5b46e6079,INVOLVES,200
evt_b6179a96484e09c623bb8c055863ae47,ent_e7fa5bd660d6c130581e4d90d47ff4ba,INVOLVES,200
evt_b6179a96484e09c623bb8c055863ae47,ent_1aa56d377053eeb79dbd86ee248ce7a7,INVOLVES,200
evt_b6179a96484e09c623bb8c055863ae47,ent_05f2a9d802e0eadc7d4f3075cef990ed,INVOLVES,200
evt_b6179a96484e09c623bb8c055863ae47,ent_883484d803be407c92178b44b1dd5187,INVOLVES,200
evt_f6eebbf52f67f0fa118697cf8ebb026d,ent_48bee8ba2bfbe6d5cd3de39880222716,INVOLVES,200
evt_f6eebbf52f67f0fa118697cf8ebb026d,ent_e1aa27557fc873c9cd1ef326424a6fef,INVOLVES,200
evt_f6eebbf52f67f0fa118697cf8ebb026d,ent_5e4404594308cb5decad64a5b46e6079,INVOLVES,200
evt_f6eebbf52f67f0fa118697cf8ebb026d,ent_e7fa5bd660d6c130581e4d90d47ff4ba,INVOLVES,200
evt_f6eebbf52f67f0fa118697cf8ebb026d,ent_1aa56d377053eeb79dbd86ee248ce7a7,INVOLVES,200
evt_f6eebbf52f67f0fa118697cf8ebb026d,ent_05f2a9d802e0eadc7d4f3075cef990ed,INVOLVES,200
evt_f6eebbf52f67f0fa118697cf8ebb026d,ent_883484d803be407c92178b44b1dd5187,INVOLVES,200
evt_f6eebbf52f67f0fa118697cf8ebb026d,ent_69db6a4d75d1bf5da5ecfdeb0cfc6798,INVOLVES,200
evt_116163172a2a869f7404b407d5c68a00,ent_48bee8ba2bfbe6d5cd3de39880222716,INVOLVES,200
evt_116163172a2a869f7404b407d5c68a00,ent_e1aa27557fc873c9cd1ef326424a6fef,INVOLVES,200
evt_116163172a2a869f7404b407d5c68a00,ent_5e4404594308cb5decad64a5b46e6079,INVOLVES,200
evt_116163172a2a869f7404b407d5c68a00,ent_e7fa5bd660d6c130581e4d90d47ff4ba,INVOLVES,200
evt_116163172a2a869f7404b407d5c68a00,ent_1aa56d377053eeb79dbd86ee248ce7a7,INVOLVES,200
evt_116163172a2a869f7404b407d5c68a00,ent_05f2a9d802e0eadc7d4f3075cef990ed,INVOLVES,200
evt_116163172a2a869f7404b407d5c68a00,ent_883484d803be407c92178b44b1dd5187,INVOLVES,200
evt_116163172a2a869f7404b407d5c68a00,ent_69db6a4d75d1bf5da5ecfdeb0cfc6798,INVOLVES,200
evt_902f239450e0f1da684335ef757c19c1,ent_48bee8ba2bfbe6d5cd3de39880222716,INVOLVES,200
evt_902f239450e0f1da684335ef757c19c1,ent_e1aa27557fc873c9cd1ef326424a6fef,INVOLVES,200
evt_902f239450e0f1da684335ef757c19c1,ent_5e4404594308cb5decad64a5b46e6079,INVOLVES,200
evt_902f239450e0f1da684335ef757c19c1,ent_e7fa5bd660d6c130581e4d90d47ff4ba,INVOLVES,200
evt_902f239450e0f1da684335ef757c19c1,ent_1aa56d377053eeb79dbd86ee248ce7a7,INVOLVES,200
evt_902f239450e0f1da684335ef757c19c1,ent_05f2a9d802e0eadc7d4f3075cef990ed,INVOLVES,200
evt_902f239450e0f1da684335ef757c19c1,ent_883484d803be407c92178b44b1dd5187,INVOLVES,200
evt_902f239450e0f1da684335ef757c19c1,ent_69db6a4d75d1bf5da5ecfdeb0cfc6798,INVOLVES,200
evt_edf8331ec08d2fc5d40147fa4879a79d,ent_48bee8ba2bfbe6d5cd3de39880222716,INVOLVES,200
evt_edf8331ec08d2fc5d40147fa4879a79d,ent_e1aa27557fc873c9cd1ef326424a6fef,INVOLVES,200
evt_edf8331ec08d2fc5d40147fa4879a79d,ent_5e4404594308cb5decad64a5b46e6079,INVOLVES,200
evt_edf8331ec08d2fc5d40147fa4879a79d,ent_e7fa5bd660d6c130581e4d90d47ff4ba,INVOLVES,200
evt_edf8331ec08d2fc5d40147fa4879a79d,ent_1aa56d377053eeb79dbd86ee248ce7a7,INVOLVES,200
evt_edf8331ec08d2fc5d40147fa4879a79d,ent_05f2a9d802e0eadc7d4f3075cef990ed,INVOLVES,200
evt_edf8331ec08d2fc5d40147fa4879a79d,ent_883484d803be407c92178b44b1dd5187,INVOLVES,200
evt_edf8331ec08d2fc5d40147fa4879a79d,ent_69db6a4d75d1bf5da5ecfdeb0cfc6798,INVOLVES,200
evt_ac8ca92af2795cfb4391af4a1069d494,ent_4fa2deebbdd08f8db412355fd5c496b0,INVOLVES,200
evt_ac8ca92af2795cfb4391af4a1069d494,ent_d36b13410347d500de53637c8b77e430,INVOLVES,200
evt_ac8ca92af2795cfb4391af4a1069d494,ent_023ff6d8b3739e1ce116769330b2ee1a,INVOLVES,200
evt_ac8ca92af2795cfb4391af4a1069d494,ent_7b3d8def703353b3e50e2d9c86331949,INVOLVES,200
evt_ab7b1947a0210c30c88e9109ca372d69,ent_226a9421040b7f2d19e6a2ff542e6eac,INVOLVES,200
evt_ab7b1947a0210c30c88e9109ca372d69,ent_2f729a91a5a8d01650c9afa8b0721bd3,INVOLVES,200
evt_ab7b1947a0210c30c88e9109ca372d69,ent_227da576e0fee2b41e04ed233a11e238,INVOLVES,200
evt_ab7b1947a0210c30c88e9109ca372d69,ent_f73902e07f477a29cf173b132bff6a3c,INVOLVES,200
evt_ab7b1947a0210c30c88e9109ca372d69,ent_fa3a2c359cc0b29126dd8a0339438e7b,INVOLVES,200
evt_ab7b1947a0210c30c88e9109ca372d69,ent_73cb9346d4c28ed7183e400772654b27,INVOLVES,200
evt_ab7b1947a0210c30c88e9109ca372d69,ent_a5917a85e1d121009a6f6890eccc51ae,INVOLVES,200
evt_d914e6ad18946e0231d40dfab4bd26f2,ent_fe60a6c64f4797bb973018d0f8cf7747,INVOLVES,200
evt_d914e6ad18946e0231d40dfab4bd26f2,ent_227da576e0fee2b41e04ed233a11e238,INVOLVES,200
evt_d914e6ad18946e0231d40dfab4bd26f2,ent_ba940b8b744b507b695c1697e5680698,INVOLVES,200
evt_8649c7e139d9c241514a4509be61fa17,ent_fe60a6c64f4797bb973018d0f8cf7747,INVOLVES,200
evt_8649c7e139d9c241514a4509be61fa17,ent_227da576e0fee2b41e04ed233a11e238,INVOLVES,200
evt_8649c7e139d9c241514a4509be61fa17,ent_ba940b8b744b507b695c1697e5680698,INVOLVES,200
evt_3363c7cfa8a6cd6048fa48d60c8ec912,ent_fe60a6c64f4797bb973018d0f8cf7747,INVOLVES,200
evt_3363c7cfa8a6cd6048fa48d60c8ec912,ent_227da576e0fee2b41e04ed233a11e238,INVOLVES,200
evt_3363c7cfa8a6cd6048fa48d60c8ec912,ent_ba940b8b744b507b695c1697e5680698,INVOLVES,200
evt_c9bb6a733e4f759ac2b3dcad23711dd8,ent_18825c0fd31a4e805d1cba17db1f9452,INVOLVES,200
evt_c9bb6a733e4f759ac2b3dcad23711dd8,ent_226a9421040b7f2d19e6a2ff542e6eac,INVOLVES,200
evt_c9bb6a733e4f759ac2b3dcad23711dd8,ent_78d97fc81d52dc0451117de58f5dcaf6,INVOLVES,200
evt_c9bb6a733e4f759ac2b3dcad23711dd8,ent_fe60a6c64f4797bb973018d0f8cf7747,INVOLVES,200
evt_c9bb6a733e4f759ac2b3dcad23711dd8,ent_227da576e0fee2b41e04ed233a11e238,INVOLVES,200
evt_c9bb6a733e4f759ac2b3dcad23711dd8,ent_8129bd30a851375fcb81123ed7462dcf,INVOLVES,200
evt_c9bb6a733e4f759ac2b3dcad23711dd8,ent_ba940b8b744b507b695c1697e5680698,INVOLVES,200
evt_799e79bc8de4f3de5d5d44611b43397a,ent_18825c0fd31a4e805d1cba17db1f9452,INVOLVES,200
evt_799e79bc8de4f3de5d5d44611b43397a,ent_226a9421040b7f2d19e6a2ff542e6eac,INVOLVES,200
evt_799e79bc8de4f3de5d5d44611b43397a,ent_78d97fc81d52dc0451117de58f5dcaf6,INVOLVES,200
evt_799e79bc8de4f3de5d5d44611b43397a,ent_fe60a6c64f4797bb973018d0f8cf7747,INVOLVES,200
evt_799e79bc8de4f3de5d5d44611b43397a,ent_227da576e0fee2b41e04ed233a11e238,INVOLVES,200
evt_799e79bc8de4f3de5d5d44611b43397a,ent_8129bd30a851375fcb81123ed7462dcf,INVOLVES,200
evt_799e79bc8de4f3de5d5d44611b43397a,ent_ba940b8b744b507b695c1697e5680698,INVOLVES,200
evt_f0e76115d45881e3c81e4a08bbf0f41b,ent_8129bd30a851375fcb81123ed7462dcf,INVOLVES,200
evt_f0e76115d45881e3c81e4a08bbf0f41b,ent_ba940b8b744b507b695c1697e5680698,INVOLVES,200
evt_f0e76115d45881e3c81e4a08bbf0f41b,ent_18825c0fd31a4e805d1cba17db1f9452,INVOLVES,200
evt_f0e76115d45881e3c81e4a08bbf0f41b,ent_226a9421040b7f2d19e6a2ff542e6eac,INVOLVES,200
evt_f0e76115d45881e3c81e4a08bbf0f41b,ent_0923b4f1d7f97efb66d7677936b0f410,INVOLVES,200
evt_f0e76115d45881e3c81e4a08bbf0f41b,ent_b03a6f3bd564ab188b74742ad43dc1e3,INVOLVES,200
evt_f0e76115d45881e3c81e4a08bbf0f41b,ent_05f2a9d802e0eadc7d4f3075cef990ed,INVOLVES,200
evt_019f66124ec9a01ed3479af6b0dccdae,ent_18825c0fd31a4e805d1cba17db1f9452,INVOLVES,200
evt_019f66124ec9a01ed3479af6b0dccdae,ent_226a9421040b7f2d19e6a2ff542e6eac,INVOLVES,200
evt_019f66124ec9a01ed3479af6b0dccdae,ent_0923b4f1d7f97efb66d7677936b0f410,INVOLVES,200
evt_019f66124ec9a01ed3479af6b0dccdae,ent_b03a6f3bd564ab188b74742ad43dc1e3,INVOLVES,200
evt_019f66124ec9a01ed3479af6b0dccdae,ent_ba940b8b744b507b695c1697e5680698,INVOLVES,200
evt_019f66124ec9a01ed3479af6b0dccdae,ent_05f2a9d802e0eadc7d4f3075cef990ed,INVOLVES,200
evt_1b460e315aa5ff4cd8b83dc309bfa279,ent_fe60a6c64f4797bb973018d0f8cf7747,INVOLVES,200
evt_1b460e315aa5ff4cd8b83dc309bfa279,ent_06e268914dba853f1fac062656165032,INVOLVES,200
evt_1b460e315aa5ff4cd8b83dc309bfa279,ent_b0cf174f6be0d1824ba454ecd526c681,INVOLVES,200
evt_1b460e315aa5ff4cd8b83dc309bfa279,ent_0bf651b68c9d907e39b4a5e1f8e6b95f,INVOLVES,200
evt_e8d6f6159f234f7d8807fa577fcaab3c,ent_06e268914dba853f1fac062656165032,INVOLVES,200
evt_e8d6f6159f234f7d8807fa577fcaab3c,ent_fe60a6c64f4797bb973018d0f8cf7747,INVOLVES,200
evt_e8d6f6159f234f7d8807fa577fcaab3c,ent_b0cf174f6be0d1824ba454ecd526c681,INVOLVES,200
evt_e8d6f6159f234f7d8807fa577fcaab3c,ent_0bf651b68c9d907e39b4a5e1f8e6b95f,INVOLVES,200
evt_e8d6f6159f234f7d8807fa577fcaab3c,ent_2f729a91a5a8d01650c9afa8b0721bd3,INVOLVES,200
evt_219a2ec83b6ce12387e09ca3389b2990,ent_06e268914dba853f1fac062656165032,INVOLVES,200
evt_219a2ec83b6ce12387e09ca3389b2990,ent_fe60a6c64f4797bb973018d0f8cf7747,INVOLVES,200
evt_219a2ec83b6ce12387e09ca3389b2990,ent_b0cf174f6be0d1824ba454ecd526c681,INVOLVES,200
evt_219a2ec83b6ce12387e09ca3389b2990,ent_0bf651b68c9d907e39b4a5e1f8e6b95f,INVOLVES,200
evt_219a2ec83b6ce12387e09ca3389b2990,ent_2f729a91a5a8d01650c9afa8b0721bd3,INVOLVES,200
evt_753b2e75fa94de5b5ef4dbc3f7947b81,ent_06e268914dba853f1fac062656165032,INVOLVES,200
evt_753b2e75fa94de5b5ef4dbc3f7947b81,ent_fe60a6c64f4797bb973018d0f8cf7747,INVOLVES,200
evt_753b2e75fa94de5b5ef4dbc3f7947b81,ent_b0cf174f6be0d1824ba454ecd526c681,INVOLVES,200
evt_753b2e75fa94de5b5ef4dbc3f7947b81,ent_0bf651b68c9d907e39b4a5e1f8e6b95f,INVOLVES,200
evt_753b2e75fa94de5b5ef4dbc3f7947b81,ent_2f729a91a5a8d01650c9afa8b0721bd3,INVOLVES,200
evt_3523378ccd84726c23866f829e57cf0b,ent_b0cf174f6be0d1824ba454ecd526c681,INVOLVES,200
evt_3523378ccd84726c23866f829e57cf0b,ent_0bf651b68c9d907e39b4a5e1f8e6b95f,INVOLVES,200
evt_3523378ccd84726c23866f829e57cf0b,ent_2f729a91a5a8d01650c9afa8b0721bd3,INVOLVES,200
evt_76b6c49fddaa55a19faed56f49480079,ent_fbe3be3ba4ea075c0db20d3dc124382f,INVOLVES,200
evt_76b6c49fddaa55a19faed56f49480079,ent_226a9421040b7f2d19e6a2ff542e6eac,INVOLVES,200
evt_76b6c49fddaa55a19faed56f49480079,ent_939718a00177f4a7a8a8caf8e210b494,INVOLVES,200
evt_76b6c49fddaa55a19faed56f49480079,ent_4cbf091b669705c7179a4d66eb0f4b91,INVOLVES,200
evt_76b6c49fddaa55a19faed56f49480079,ent_ad83613d5933af44e960c8e40ef427d9,INVOLVES,200
evt_76b6c49fddaa55a19faed56f49480079,ent_a9e8b16386e8f0c29bcead27004cd883,INVOLVES,200
evt_76b6c49fddaa55a19faed56f49480079,ent_0bf651b68c9d907e39b4a5e1f8e6b95f,INVOLVES,200
evt_aa6e12c2f2c94d295b83a6339dd1e55f,ent_fbe3be3ba4ea075c0db20d3dc124382f,INVOLVES,200
evt_aa6e12c2f2c94d295b83a6339dd1e55f,ent_226a9421040b7f2d19e6a2ff542e6eac,INVOLVES,200
evt_aa6e12c2f2c94d295b83a6339dd1e55f,ent_939718a00177f4a7a8a8caf8e210b494,INVOLVES,200
evt_aa6e12c2f2c94d295b83a6339dd1e55f,ent_4cbf091b669705c7179a4d66eb0f4b91,INVOLVES,200
evt_aa6e12c2f2c94d295b83a6339dd1e55f,ent_ad83613d5933af44e960c8e40ef427d9,INVOLVES,200
evt_aa6e12c2f2c94d295b83a6339dd1e55f,ent_a9e8b16386e8f0c29bcead27004cd883,INVOLVES,200
evt_aa6e12c2f2c94d295b83a6339dd1e55f,ent_0bf651b68c9d907e39b4a5e1f8e6b95f,INVOLVES,200
evt_8fc4360ceb7228c0f5d4dc9044a54bfb,ent_2c151570b8f912995e90daa75779e80c,INVOLVES,200
evt_8fc4360ceb7228c0f5d4dc9044a54bfb,ent_9fccef9ef6fcf3b0ce56baf4a9551be7,INVOLVES,200
evt_8fc4360ceb7228c0f5d4dc9044a54bfb,ent_f83a8ce5f7e6d1c1034515a6044ee361,INVOLVES,200
evt_8fc4360ceb7228c0f5d4dc9044a54bfb,ent_32634d04a7997c7c094b1c44bbb989b9,INVOLVES,200
evt_8fc4360ceb7228c0f5d4dc9044a54bfb,ent_4aa795a5d12ee54e93c45e3655a80747,INVOLVES,200
evt_8fc4360ceb7228c0f5d4dc9044a54bfb,ent_227da576e0fee2b41e04ed233a11e238,INVOLVES,200
evt_8fc4360ceb7228c0f5d4dc9044a54bfb,ent_7ba4ebea39db7290211c704c2b776af3,INVOLVES,200
evt_7653a5f77e9901411318f2261be9f86c,ent_2c151570b8f912995e90daa75779e80c,INVOLVES,200
evt_7653a5f77e9901411318f2261be9f86c,ent_9fccef9ef6fcf3b0ce56baf4a9551be7,INVOLVES,200
evt_7653a5f77e9901411318f2261be9f86c,ent_f83a8ce5f7e6d1c1034515a6044ee361,INVOLVES,200
evt_7653a5f77e9901411318f2261be9f86c,ent_32634d04a7997c7c094b1c44bbb989b9,INVOLVES,200
evt_7653a5f77e9901411318f2261be9f86c,ent_4aa795a5d12ee54e93c45e3655a80747,INVOLVES,200
evt_7653a5f77e9901411318f2261be9f86c,ent_227da576e0fee2b41e04ed233a11e238,INVOLVES,200
evt_7653a5f77e9901411318f2261be9f86c,ent_7ba4ebea39db7290211c704c2b776af3,INVOLVES,200
evt_8728fbb2a32691284106dd9e8f5541c5,ent_2c151570b8f912995e90daa75779e80c,INVOLVES,200
evt_8728fbb2a32691284106dd9e8f5541c5,ent_9fccef9ef6fcf3b0ce56baf4a9551be7,INVOLVES,200
evt_8728fbb2a32691284106dd9e8f5541c5,ent_f83a8ce5f7e6d1c1034515a6044ee361,INVOLVES,200
evt_8728fbb2a32691284106dd9e8f5541c5,ent_32634d04a7997c7c094b1c44bbb989b9,INVOLVES,200
evt_8728fbb2a32691284106dd9e8f5541c5,ent_4aa795a5d12ee54e93c45e3655a80747,INVOLVES,200
evt_8728fbb2a32691284106dd9e8f5541c5,ent_227da576e0fee2b41e04ed233a11e238,INVOLVES,200
evt_8728fbb2a32691284106dd9e8f5541c5,ent_7ba4ebea39db7290211c704c2b776af3,INVOLVES,200
evt_4fb61f98de843bb34c525fadf603467f,ent_fe60a6c64f4797bb973018d0f8cf7747,INVOLVES,200
evt_4fb61f98de843bb34c525fadf603467f,ent_ac5bcd3e9a6c71f66633123da6ed9e8c,INVOLVES,200
evt_4fb61f98de843bb34c525fadf603467f,ent_b0cf174f6be0d1824ba454ecd526c681,INVOLVES,200
evt_4fb61f98de843bb34c525fadf603467f,ent_a038a77400cf917237a9cb0303bfaa18,INVOLVES,200
evt_4fb61f98de843bb34c525fadf603467f,ent_351a7376734b91db04b4b166b3610c89,INVOLVES,200
evt_2547611677257ef584f5f427c73e76da,ent_fe60a6c64f4797bb973018d0f8cf7747,INVOLVES,200
evt_2547611677257ef584f5f427c73e76da,ent_ac5bcd3e9a6c71f66633123da6ed9e8c,INVOLVES,200
evt_2547611677257ef584f5f427c73e76da,ent_b0cf174f6be0d1824ba454ecd526c681,INVOLVES,200
evt_2547611677257ef584f5f427c73e76da,ent_a038a77400cf917237a9cb0303bfaa18,INVOLVES,200
evt_2547611677257ef584f5f427c73e76da,ent_351a7376734b91db04b4b166b3610c89,INVOLVES,200
evt_39105a71bbc2c28e141792ef4d2c1b9c,ent_ac5bcd3e9a6c71f66633123da6ed9e8c,INVOLVES,200
evt_39105a71bbc2c28e141792ef4d2c1b9c,ent_b0cf174f6be0d1824ba454ecd526c681,INVOLVES,200
evt_39105a71bbc2c28e141792ef4d2c1b9c,ent_fe60a6c64f4797bb973018d0f8cf7747,INVOLVES,200
evt_39105a71bbc2c28e141792ef4d2c1b9c,ent_a038a77400cf917237a9cb0303bfaa18,INVOLVES,200
evt_39105a71bbc2c28e141792ef4d2c1b9c,ent_351a7376734b91db04b4b166b3610c89,INVOLVES,200
evt_e7e53e277c592dd594d68d585ae259ff,ent_73cb9346d4c28ed7183e400772654b27,INVOLVES,200
evt_e7e53e277c592dd594d68d585ae259ff,ent_77f9174922a1d581a589b07640eb4314,INVOLVES,200
evt_e7e53e277c592dd594d68d585ae259ff,ent_43be8bdb6fb5140546446a1069469118,INVOLVES,200
evt_e7e53e277c592dd594d68d585ae259ff,ent_97643c03d57bc5a51f0f1eb5f59247b0,INVOLVES,200
evt_e7e53e277c592dd594d68d585ae259ff,ent_e90ab5a01509143abcd2888563f63002,INVOLVES,200
evt_e7e53e277c592dd594d68d585ae259ff,ent_87d89a2390adacfd34487c324f0cfd9c,INVOLVES,200
evt_e7e53e277c592dd594d68d585ae259ff,ent_330fb7acbe2bb3b21a2434d633d48dcf,INVOLVES,200
evt_6fea9fa19432d80b8fcac2886ed1fba6,ent_73cb9346d4c28ed7183e400772654b27,INVOLVES,200
evt_6fea9fa19432d80b8fcac2886ed1fba6,ent_77f9174922a1d581a589b07640eb4314,INVOLVES,200
evt_6fea9fa19432d80b8fcac2886ed1fba6,ent_43be8bdb6fb5140546446a1069469118,INVOLVES,200
evt_6fea9fa19432d80b8fcac2886ed1fba6,ent_97643c03d57bc5a51f0f1eb5f59247b0,INVOLVES,200
evt_6fea9fa19432d80b8fcac2886ed1fba6,ent_e90ab5a01509143abcd2888563f63002,INVOLVES,200
evt_6fea9fa19432d80b8fcac2886ed1fba6,ent_87d89a2390adacfd34487c324f0cfd9c,INVOLVES,200
evt_6fea9fa19432d80b8fcac2886ed1fba6,ent_330fb7acbe2bb3b21a2434d633d48dcf,INVOLVES,200
evt_2711f2a25f19727724b30bf1922ee578,ent_73cb9346d4c28ed7183e400772654b27,INVOLVES,200
evt_2711f2a25f19727724b30bf1922ee578,ent_77f9174922a1d581a589b07640eb4314,INVOLVES,200
evt_2711f2a25f19727724b30bf1922ee578,ent_43be8bdb6fb5140546446a1069469118,INVOLVES,200
evt_2711f2a25f19727724b30bf1922ee578,ent_97643c03d57bc5a51f0f1eb5f59247b0,INVOLVES,200
evt_2711f2a25f19727724b30bf1922ee578,ent_e90ab5a01509143abcd2888563f63002,INVOLVES,200
evt_2711f2a25f19727724b30bf1922ee578,ent_87d89a2390adacfd34487c324f0cfd9c,INVOLVES,200
evt_2711f2a25f19727724b30bf1922ee578,ent_330fb7acbe2bb3b21a2434d633d48dcf,INVOLVES,200
evt_dc0a2faf1bf7ceadd0b29e6490404b24,ent_2f729a91a5a8d01650c9afa8b0721bd3,INVOLVES,200
evt_dc0a2faf1bf7ceadd0b29e6490404b24,ent_2a6d3686110703bc69da3220c6ee6b5f,INVOLVES,200
evt_dc0a2faf1bf7ceadd0b29e6490404b24,ent_adafd11128e9f209cb13a62c67f4a2b4,INVOLVES,200
evt_dc0a2faf1bf7ceadd0b29e6490404b24,ent_31b50757c49e4edc0cc84ab67449a7c9,INVOLVES,200
evt_dc0a2faf1bf7ceadd0b29e6490404b24,ent_97643c03d57bc5a51f0f1eb5f59247b0,INVOLVES,200
evt_dc0a2faf1bf7ceadd0b29e6490404b24,ent_226a9421040b7f2d19e6a2ff542e6eac,INVOLVES,200
evt_dc0a2faf1bf7ceadd0b29e6490404b24,ent_7cdfe2efced81fb87017a9c0ff04a609,INVOLVES,200
evt_dc0a2faf1bf7ceadd0b29e6490404b24,ent_b03a6f3bd564ab188b74742ad43dc1e3,INVOLVES,200
evt_dc0a2faf1bf7ceadd0b29e6490404b24,ent_ba940b8b744b507b695c1697e5680698,INVOLVES,200
evt_dc0a2faf1bf7ceadd0b29e6490404b24,ent_ca1f9b7bc50e2730549c202ea871f0a1,INVOLVES,200
evt_dc0a2faf1bf7ceadd0b29e6490404b24,ent_0bf651b68c9d907e39b4a5e1f8e6b95f,INVOLVES,200
evt_dc0a2faf1bf7ceadd0b29e6490404b24,ent_d578b097a1596478df1f89dcc758b14d,INVOLVES,200
evt_57d809a8ddb24929fbc0095271417d8a,ent_2a6d3686110703bc69da3220c6ee6b5f,INVOLVES,200
evt_57d809a8ddb24929fbc0095271417d8a,ent_97643c03d57bc5a51f0f1eb5f59247b0,INVOLVES,200
evt_57d809a8ddb24929fbc0095271417d8a,ent_226a9421040b7f2d19e6a2ff542e6eac,INVOLVES,200
evt_57d809a8ddb24929fbc0095271417d8a,ent_7cdfe2efced81fb87017a9c0ff04a609,INVOLVES,200
evt_57d809a8ddb24929fbc0095271417d8a,ent_b03a6f3bd564ab188b74742ad43dc1e3,INVOLVES,200
evt_57d809a8ddb24929fbc0095271417d8a,ent_ba940b8b744b507b695c1697e5680698,INVOLVES,200
evt_57d809a8ddb24929fbc0095271417d8a,ent_ca1f9b7bc50e2730549c202ea871f0a1,INVOLVES,200
evt_57d809a8ddb24929fbc0095271417d8a,ent_0bf651b68c9d907e39b4a5e1f8e6b95f,INVOLVES,200
evt_57d809a8ddb24929fbc0095271417d8a,ent_d578b097a1596478df1f89dcc758b14d,INVOLVES,200
evt_f5aa303890ed98a6c7626e80e5d307d4,ent_5e59ad66759572621fabc25e69be6f72,INVOLVES,200
evt_f5aa303890ed98a6c7626e80e5d307d4,ent_7fe461592c31b7bf33bf11d21d306ea0,INVOLVES,200
evt_f5aa303890ed98a6c7626e80e5d307d4,ent_bccc642ac9be25934ad89685473a42c7,INVOLVES,200
evt_f5aa303890ed98a6c7626e80e5d307d4,ent_9f9becccd1bbc77f14d0e3ffbb99d9e6,INVOLVES,200
evt_f5aa303890ed98a6c7626e80e5d307d4,ent_fbd96363ef425ee203022d94254364f5,INVOLVES,200
evt_f5aa303890ed98a6c7626e80e5d307d4,ent_d36b13410347d500de53637c8b77e430,INVOLVES,200
evt_f5aa303890ed98a6c7626e80e5d307d4,ent_02349980bba8ce563cdf709f74f96fc1,INVOLVES,200
evt_f5aa303890ed98a6c7626e80e5d307d4,ent_d7f1fc376ababbe6cde8c8b809c46f0b,INVOLVES,200
evt_f5aa303890ed98a6c7626e80e5d307d4,ent_355ed8e9a0a39f9372ecbd911d36d69b,INVOLVES,200
evt_1303f8566bb84ef921711f8f2b389b40,ent_5e59ad66759572621fabc25e69be6f72,INVOLVES,200
evt_1303f8566bb84ef921711f8f2b389b40,ent_7fe461592c31b7bf33bf11d21d306ea0,INVOLVES,200
evt_1303f8566bb84ef921711f8f2b389b40,ent_bccc642ac9be25934ad89685473a42c7,INVOLVES,200
evt_1303f8566bb84ef921711f8f2b389b40,ent_9f9becccd1bbc77f14d0e3ffbb99d9e6,INVOLVES,200
evt_1303f8566bb84ef921711f8f2b389b40,ent_fbd96363ef425ee203022d94254364f5,INVOLVES,200
evt_1303f8566bb84ef921711f8f2b389b40,ent_d36b13410347d500de53637c8b77e430,INVOLVES,200
evt_1303f8566bb84ef921711f8f2b389b40,ent_02349980bba8ce563cdf709f74f96fc1,INVOLVES,200
evt_1303f8566bb84ef921711f8f2b389b40,ent_d7f1fc376ababbe6cde8c8b809c46f0b,INVOLVES,200
evt_1303f8566bb84ef921711f8f2b389b40,ent_355ed8e9a0a39f9372ecbd911d36d69b,INVOLVES,200
evt_0b42765b525712336d7e299091a9255f,ent_7fe461592c31b7bf33bf11d21d306ea0,INVOLVES,200
evt_0b42765b525712336d7e299091a9255f,ent_bccc642ac9be25934ad89685473a42c7,INVOLVES,200
evt_0b42765b525712336d7e299091a9255f,ent_9f9becccd1bbc77f14d0e3ffbb99d9e6,INVOLVES,200
evt_0b42765b525712336d7e299091a9255f,ent_fbd96363ef425ee203022d94254364f5,INVOLVES,200
evt_0b42765b525712336d7e299091a9255f,ent_d36b13410347d500de53637c8b77e430,INVOLVES,200
evt_0b42765b525712336d7e299091a9255f,ent_02349980bba8ce563cdf709f74f96fc1,INVOLVES,200
evt_0b42765b525712336d7e299091a9255f,ent_d7f1fc376ababbe6cde8c8b809c46f0b,INVOLVES,200
evt_0b42765b525712336d7e299091a9255f,ent_355ed8e9a0a39f9372ecbd911d36d69b,INVOLVES,200
evt_d2ca1778cf4168271aaf67b6132f93b3,ent_bccc642ac9be25934ad89685473a42c7,INVOLVES,200
evt_d2ca1778cf4168271aaf67b6132f93b3,ent_9f9becccd1bbc77f14d0e3ffbb99d9e6,INVOLVES,200
evt_d2ca1778cf4168271aaf67b6132f93b3,ent_fbd96363ef425ee203022d94254364f5,INVOLVES,200
evt_d2ca1778cf4168271aaf67b6132f93b3,ent_d36b13410347d500de53637c8b77e430,INVOLVES,200
evt_d2ca1778cf4168271aaf67b6132f93b3,ent_02349980bba8ce563cdf709f74f96fc1,INVOLVES,200
evt_d2ca1778cf4168271aaf67b6132f93b3,ent_d7f1fc376ababbe6cde8c8b809c46f0b,INVOLVES,200
evt_d2ca1778cf4168271aaf67b6132f93b3,ent_355ed8e9a0a39f9372ecbd911d36d69b,INVOLVES,200
evt_ecb0b653c2b756354ddcd1c369a0c7c3,ent_f2ad5ab949755ee9dde9a508bb46219a,INVOLVES,200
evt_ecb0b653c2b756354ddcd1c369a0c7c3,ent_1d8619a0f114f1380f0ec18621ccea96,INVOLVES,200
evt_ecb0b653c2b756354ddcd1c369a0c7c3,ent_2b4da846ceb3fb791e7085aff5e20a1b,INVOLVES,200
evt_ecb0b653c2b756354ddcd1c369a0c7c3,ent_064f8a889d09a6ddf3751b114a5c9bb0,INVOLVES,200
evt_ecb0b653c2b756354ddcd1c369a0c7c3,ent_946e3886218719e6de2ab8af55542cf9,INVOLVES,200
evt_9000c1370c3afef3204e07413aec81f3,ent_f2ad5ab949755ee9dde9a508bb46219a,INVOLVES,200
evt_9000c1370c3afef3204e07413aec81f3,ent_1d8619a0f114f1380f0ec18621ccea96,INVOLVES,200
evt_9000c1370c3afef3204e07413aec81f3,ent_2b4da846ceb3fb791e7085aff5e20a1b,INVOLVES,200
evt_9000c1370c3afef3204e07413aec81f3,ent_064f8a889d09a6ddf3751b114a5c9bb0,INVOLVES,200
evt_9000c1370c3afef3204e07413aec81f3,ent_946e3886218719e6de2ab8af55542cf9,INVOLVES,200
evt_776f26e14dbbd0636acf909ea17d4872,ent_dcc255e3b03b08cd95d9f6056e67e1c1,INVOLVES,200
evt_776f26e14dbbd0636acf909ea17d4872,ent_2a6d3686110703bc69da3220c6ee6b5f,INVOLVES,200
evt_dd0218cef4d84975d74681b4878727d3,ent_226a9421040b7f2d19e6a2ff542e6eac,INVOLVES,200
evt_dd0218cef4d84975d74681b4878727d3,ent_7ecd6eb7fb060e3e994d96b8330b351e,INVOLVES,200
evt_dd0218cef4d84975d74681b4878727d3,ent_54c6a653ccd365a301ffe2587ab61090,INVOLVES,200
evt_dd0218cef4d84975d74681b4878727d3,ent_c2be1d0b87bcae750f45e1ba22a05452,INVOLVES,200
evt_dd0218cef4d84975d74681b4878727d3,ent_c11ad4c2955a57cf209c17ee25e4a45a,INVOLVES,200
evt_872db8deb3b770f5f4ad9c9bf614951b,ent_226a9421040b7f2d19e6a2ff542e6eac,INVOLVES,200
evt_872db8deb3b770f5f4ad9c9bf614951b,ent_2f729a91a5a8d01650c9afa8b0721bd3,INVOLVES,200
evt_872db8deb3b770f5f4ad9c9bf614951b,ent_ee001475080c2a16c000491e488ddbec,INVOLVES,200
evt_872db8deb3b770f5f4ad9c9bf614951b,ent_e4134c7363b2bee0702eeec34a44bb2d,INVOLVES,200
evt_4ee7eb9e34212da99ae896965e81d009,ent_226a9421040b7f2d19e6a2ff542e6eac,INVOLVES,200
evt_4ee7eb9e34212da99ae896965e81d009,ent_2f729a91a5a8d01650c9afa8b0721bd3,INVOLVES,200
evt_4ee7eb9e34212da99ae896965e81d009,ent_ee001475080c2a16c000491e488ddbec,INVOLVES,200
evt_4ee7eb9e34212da99ae896965e81d009,ent_e4134c7363b2bee0702eeec34a44bb2d,INVOLVES,200
evt_91e3f3a9947e3cb6c1fe72a12b6e7a41,ent_226a9421040b7f2d19e6a2ff542e6eac,INVOLVES,200
evt_91e3f3a9947e3cb6c1fe72a12b6e7a41,ent_2f729a91a5a8d01650c9afa8b0721bd3,INVOLVES,200
evt_91e3f3a9947e3cb6c1fe72a12b6e7a41,ent_ee001475080c2a16c000491e488ddbec,INVOLVES,200
evt_91e3f3a9947e3cb6c1fe72a12b6e7a41,ent_e4134c7363b2bee0702eeec34a44bb2d,INVOLVES,200
evt_9231eebac8daf4ab97a17ff2fce0e87e,ent_6aa7cbb3eaafb3aac81464a639b86e23,INVOLVES,200
evt_0ff0ae6a96684d9948dac2d77248c8d9,ent_0ae18fb924d695c4014fbd1b03535ef3,INVOLVES,200
evt_0ff0ae6a96684d9948dac2d77248c8d9,ent_3bc1edfca40c685fdf1c19382960942b,INVOLVES,200
evt_0ff0ae6a96684d9948dac2d77248c8d9,ent_1f1bbbfe17b4f26a9e03b9a2f112d4ac,INVOLVES,200
evt_0ff0ae6a96684d9948dac2d77248c8d9,ent_2a6d3686110703bc69da3220c6ee6b5f,INVOLVES,200
evt_0ff0ae6a96684d9948dac2d77248c8d9,ent_12a0f4c35f92f11a261c93a6af1c008e,INVOLVES,200
evt_54f9a58026847967851cf5887ca71178,ent_5e59ad66759572621fabc25e69be6f72,INVOLVES,200
evt_54f9a58026847967851cf5887ca71178,ent_02349980bba8ce563cdf709f74f96fc1,INVOLVES,200
evt_54f9a58026847967851cf5887ca71178,ent_efc6d483e2f16395ac8255f861561cab,INVOLVES,200
evt_54f9a58026847967851cf5887ca71178,ent_d36b13410347d500de53637c8b77e430,INVOLVES,200
evt_54f9a58026847967851cf5887ca71178,ent_13e8081dd8a5f9efcb8e79d4334fb69d,INVOLVES,200
evt_a2c955ebd964a713f2f41a31c1d9c935,ent_5e59ad66759572621fabc25e69be6f72,INVOLVES,200
evt_a2c955ebd964a713f2f41a31c1d9c935,ent_02349980bba8ce563cdf709f74f96fc1,INVOLVES,200
evt_a2c955ebd964a713f2f41a31c1d9c935,ent_efc6d483e2f16395ac8255f861561cab,INVOLVES,200
evt_a2c955ebd964a713f2f41a31c1d9c935,ent_d36b13410347d500de53637c8b77e430,INVOLVES,200
evt_a2c955ebd964a713f2f41a31c1d9c935,ent_13e8081dd8a5f9efcb8e79d4334fb69d,INVOLVES,200
evt_92f4545a76a381d55afaa60d0965703b,ent_5e59ad66759572621fabc25e69be6f72,INVOLVES,200
evt_92f4545a76a381d55afaa60d0965703b,ent_02349980bba8ce563cdf709f74f96fc1,INVOLVES,200
evt_92f4545a76a381d55afaa60d0965703b,ent_efc6d483e2f16395ac8255f861561cab,INVOLVES,200
evt_92f4545a76a381d55afaa60d0965703b,ent_d36b13410347d500de53637c8b77e430,INVOLVES,200
evt_92f4545a76a381d55afaa60d0965703b,ent_13e8081dd8a5f9efcb8e79d4334fb69d,INVOLVES,200
evt_6e6bdd6aaee2ecd80c4332cfb4a8402a,ent_5e59ad66759572621fabc25e69be6f72,INVOLVES,200
evt_6e6bdd6aaee2ecd80c4332cfb4a8402a,ent_02349980bba8ce563cdf709f74f96fc1,INVOLVES,200
evt_6e6bdd6aaee2ecd80c4332cfb4a8402a,ent_efc6d483e2f16395ac8255f861561cab,INVOLVES,200
evt_6e6bdd6aaee2ecd80c4332cfb4a8402a,ent_d36b13410347d500de53637c8b77e430,INVOLVES,200
evt_6e6bdd6aaee2ecd80c4332cfb4a8402a,ent_13e8081dd8a5f9efcb8e79d4334fb69d,INVOLVES,200
evt_a8f1b3dde3c15ea14f98d64ddddbb253,ent_02349980bba8ce563cdf709f74f96fc1,INVOLVES,200
evt_a8f1b3dde3c15ea14f98d64ddddbb253,ent_5e59ad66759572621fabc25e69be6f72,INVOLVES,200
evt_a8f1b3dde3c15ea14f98d64ddddbb253,ent_efc6d483e2f16395ac8255f861561cab,INVOLVES,200
evt_a8f1b3dde3c15ea14f98d64ddddbb253,ent_d36b13410347d500de53637c8b77e430,INVOLVES,200
evt_a8f1b3dde3c15ea14f98d64ddddbb253,ent_13e8081dd8a5f9efcb8e79d4334fb69d,INVOLVES,200
evt_c56627623987acfc3247c1a1deb66a29,ent_d7f1fc376ababbe6cde8c8b809c46f0b,INVOLVES,200
evt_c56627623987acfc3247c1a1deb66a29,ent_d36b13410347d500de53637c8b77e430,INVOLVES,200
evt_c56627623987acfc3247c1a1deb66a29,ent_d89664bab3e4cd442fa65493f555216b,INVOLVES,200
evt_c56627623987acfc3247c1a1deb66a29,ent_02349980bba8ce563cdf709f74f96fc1,INVOLVES,200
evt_da099ed72b70318c46ac09d0b91b08e9,ent_d7f1fc376ababbe6cde8c8b809c46f0b,INVOLVES,200
evt_da099ed72b70318c46ac09d0b91b08e9,ent_d36b13410347d500de53637c8b77e430,INVOLVES,200
evt_da099ed72b70318c46ac09d0b91b08e9,ent_d89664bab3e4cd442fa65493f555216b,INVOLVES,200
evt_da099ed72b70318c46ac09d0b91b08e9,ent_02349980bba8ce563cdf709f74f96fc1,INVOLVES,200
evt_86cc5e7ee29991cfede38cebca4bda22,ent_d7f1fc376ababbe6cde8c8b809c46f0b,INVOLVES,200
evt_86cc5e7ee29991cfede38cebca4bda22,ent_d36b13410347d500de53637c8b77e430,INVOLVES,200
evt_86cc5e7ee29991cfede38cebca4bda22,ent_d89664bab3e4cd442fa65493f555216b,INVOLVES,200
evt_86cc5e7ee29991cfede38cebca4bda22,ent_02349980bba8ce563cdf709f74f96fc1,INVOLVES,200
evt_f1debb0dc948ac64a173814a655a8af4,ent_bb09d402ca5579e1a46ddbf784c8b435,INVOLVES,200
evt_f1debb0dc948ac64a173814a655a8af4,ent_4089a6d2c92a7cfabe3135205b8f94ed,INVOLVES,200
evt_f1debb0dc948ac64a173814a655a8af4,ent_673f8591407205d97417c91b0b9fc1e0,INVOLVES,200
evt_8976e1df712bc3bd9c241a00ea5b6a51,ent_bb09d402ca5579e1a46ddbf784c8b435,INVOLVES,200
evt_8976e1df712bc3bd9c241a00ea5b6a51,ent_4089a6d2c92a7cfabe3135205b8f94ed,INVOLVES,200
evt_8976e1df712bc3bd9c241a00ea5b6a51,ent_673f8591407205d97417c91b0b9fc1e0,INVOLVES,200
evt_5251868f10a7c0e3a7cb216efe0d9ddc,ent_bb09d402ca5579e1a46ddbf784c8b435,INVOLVES,200
evt_5251868f10a7c0e3a7cb216efe0d9ddc,ent_4089a6d2c92a7cfabe3135205b8f94ed,INVOLVES,200
evt_5251868f10a7c0e3a7cb216efe0d9ddc,ent_673f8591407205d97417c91b0b9fc1e0,INVOLVES,200
evt_f3edb0381141c6b9cff909130c2c02f2,ent_bb09d402ca5579e1a46ddbf784c8b435,INVOLVES,200
evt_f3edb0381141c6b9cff909130c2c02f2,ent_4089a6d2c92a7cfabe3135205b8f94ed,INVOLVES,200
evt_f3edb0381141c6b9cff909130c2c02f2,ent_673f8591407205d97417c91b0b9fc1e0,INVOLVES,200
evt_31c6f73d53c46d7b0afd602ee7ee314e,ent_bb09d402ca5579e1a46ddbf784c8b435,INVOLVES,200
evt_31c6f73d53c46d7b0afd602ee7ee314e,ent_4089a6d2c92a7cfabe3135205b8f94ed,INVOLVES,200
evt_31c6f73d53c46d7b0afd602ee7ee314e,ent_673f8591407205d97417c91b0b9fc1e0,INVOLVES,200
evt_bffb6092541ee3bc8498b3b1a44fafdd,ent_939718a00177f4a7a8a8caf8e210b494,INVOLVES,200
evt_bffb6092541ee3bc8498b3b1a44fafdd,ent_cb13325481e03974ab7284c1129b3934,INVOLVES,200
evt_bffb6092541ee3bc8498b3b1a44fafdd,ent_2a6d3686110703bc69da3220c6ee6b5f,INVOLVES,200
evt_bffb6092541ee3bc8498b3b1a44fafdd,ent_d2e60de44938b32c5eeeecfc25531463,INVOLVES,200
evt_bffb6092541ee3bc8498b3b1a44fafdd,ent_3772935531ff312176855fb68364ea90,INVOLVES,200
evt_6995cbfde03e2bececb3b2109b8a8be7,ent_939718a00177f4a7a8a8caf8e210b494,INVOLVES,200
evt_6995cbfde03e2bececb3b2109b8a8be7,ent_cb13325481e03974ab7284c1129b3934,INVOLVES,200
evt_6995cbfde03e2bececb3b2109b8a8be7,ent_2a6d3686110703bc69da3220c6ee6b5f,INVOLVES,200
evt_6995cbfde03e2bececb3b2109b8a8be7,ent_d2e60de44938b32c5eeeecfc25531463,INVOLVES,200
evt_6995cbfde03e2bececb3b2109b8a8be7,ent_3772935531ff312176855fb68364ea90,INVOLVES,200
evt_c078847f482613a955eb6362f4d5bfbb,ent_ce0b89222e8ead44a0f6dddcd71b4b1b,INVOLVES,200
evt_c078847f482613a955eb6362f4d5bfbb,ent_5d603652353ec0e16fd4866a173a5f3c,INVOLVES,200
evt_c078847f482613a955eb6362f4d5bfbb,ent_946e3886218719e6de2ab8af55542cf9,INVOLVES,200
evt_c078847f482613a955eb6362f4d5bfbb,ent_cef266781811e1809bc173610a978b6f,INVOLVES,200
evt_c078847f482613a955eb6362f4d5bfbb,ent_73092af0e9f77b4fe91b391e1ff88971,INVOLVES,200
evt_6feda594873ecc527c2138aa3e58daae,ent_edb82d9e724eb11669a36d3e8d6c8038,INVOLVES,200
evt_6feda594873ecc527c2138aa3e58daae,ent_da44335ce97197b3c73e035b15b26c0d,INVOLVES,200
evt_6feda594873ecc527c2138aa3e58daae,ent_171dcde833a0cd9a1644a6a61791129d,INVOLVES,200
evt_8c5393e161959b4f35335de0f8e1aa47,ent_edb82d9e724eb11669a36d3e8d6c8038,INVOLVES,200
evt_8c5393e161959b4f35335de0f8e1aa47,ent_da44335ce97197b3c73e035b15b26c0d,INVOLVES,200
evt_8c5393e161959b4f35335de0f8e1aa47,ent_171dcde833a0cd9a1644a6a61791129d,INVOLVES,200
evt_32e5f14ea105537e875043bcfe673b0a,ent_edb82d9e724eb11669a36d3e8d6c8038,INVOLVES,200
evt_32e5f14ea105537e875043bcfe673b0a,ent_da44335ce97197b3c73e035b15b26c0d,INVOLVES,200
evt_32e5f14ea105537e875043bcfe673b0a,ent_171dcde833a0cd9a1644a6a61791129d,INVOLVES,200
evt_40eaed95355517f79b54afe822e7296f,ent_226a9421040b7f2d19e6a2ff542e6eac,INVOLVES,200
evt_40eaed95355517f79b54afe822e7296f,ent_2ad55c0a20e18d9b509e072ad32e1a98,INVOLVES,200
evt_40eaed95355517f79b54afe822e7296f,ent_06e268914dba853f1fac062656165032,INVOLVES,200
evt_40eaed95355517f79b54afe822e7296f,ent_94f7da20bb63a04c547e43748f10fc23,INVOLVES,200
evt_40eaed95355517f79b54afe822e7296f,ent_fe60a6c64f4797bb973018d0f8cf7747,INVOLVES,200
evt_40eaed95355517f79b54afe822e7296f,ent_91f1af60e309e4cd79918c89a7a02b77,INVOLVES,200
evt_40eaed95355517f79b54afe822e7296f,ent_b0cf174f6be0d1824ba454ecd526c681,INVOLVES,200
evt_40eaed95355517f79b54afe822e7296f,ent_b7f45ebed8112c419ef68177b9981551,INVOLVES,200
evt_40eaed95355517f79b54afe822e7296f,ent_9831b3695c326c446dac3460b44d363a,INVOLVES,200
evt_4b4ba313524540be5f19175c4ee33714,ent_043595159e7bce7d19ae660c7853dcac,INVOLVES,200
evt_4b4ba313524540be5f19175c4ee33714,ent_7d62fca88aae8064a6ca41aa3c5ac863,INVOLVES,200
evt_4b4ba313524540be5f19175c4ee33714,ent_d36b13410347d500de53637c8b77e430,INVOLVES,200
evt_4b4ba313524540be5f19175c4ee33714,ent_02349980bba8ce563cdf709f74f96fc1,INVOLVES,200
evt_4b4ba313524540be5f19175c4ee33714,ent_848015af8766cb8f2e66510ab1145bd0,INVOLVES,200
evt_4b4ba313524540be5f19175c4ee33714,ent_022dceeb82c260e3c1e10672e0f27a2e,INVOLVES,200
evt_4b4ba313524540be5f19175c4ee33714,ent_4fa2deebbdd08f8db412355fd5c496b0,INVOLVES,200
evt_4b4ba313524540be5f19175c4ee33714,ent_fe60a6c64f4797bb973018d0f8cf7747,INVOLVES,200
evt_4b4ba313524540be5f19175c4ee33714,ent_a0bff3611b68f562f0ef505129a6c467,INVOLVES,200
evt_4b4ba313524540be5f19175c4ee33714,ent_312642cda4a86945e21c6ab3175203ec,INVOLVES,200
evt_4b4ba313524540be5f19175c4ee33714,ent_9f9becccd1bbc77f14d0e3ffbb99d9e6,INVOLVES,200
evt_b9dd552f76643759fd8037dd374e0165,ent_b413b0f80b8d06ff291ed5a8fcd6db8c,INVOLVES,200
evt_b9dd552f76643759fd8037dd374e0165,ent_a98b9366ff28e17f7d3d95b3073a665e,INVOLVES,200
evt_b9dd552f76643759fd8037dd374e0165,ent_59eb45453f83ad36a3b64e4d5f06d8b8,INVOLVES,200
evt_b9dd552f76643759fd8037dd374e0165,ent_1c46cd525ebf94348a38fd30cdaa37e4,INVOLVES,200
evt_b9dd552f76643759fd8037dd374e0165,ent_5c8dc1422d4d53a5a8706fc8dc350bcd,INVOLVES,200
evt_6bcc635851279814810dd7edf0ebb936,ent_a98b9366ff28e17f7d3d95b3073a665e,INVOLVES,200
evt_6bcc635851279814810dd7edf0ebb936,ent_59eb45453f83ad36a3b64e4d5f06d8b8,INVOLVES,200
evt_6bcc635851279814810dd7edf0ebb936,ent_1c46cd525ebf94348a38fd30cdaa37e4,INVOLVES,200
evt_6bcc635851279814810dd7edf0ebb936,ent_5c8dc1422d4d53a5a8706fc8dc350bcd,INVOLVES,200
evt_2273ccc1ce0c6bb9b82fad302f201e3d,ent_a98b9366ff28e17f7d3d95b3073a665e,INVOLVES,200
evt_2273ccc1ce0c6bb9b82fad302f201e3d,ent_59eb45453f83ad36a3b64e4d5f06d8b8,INVOLVES,200
evt_2273ccc1ce0c6bb9b82fad302f201e3d,ent_1c46cd525ebf94348a38fd30cdaa37e4,INVOLVES,200
evt_2273ccc1ce0c6bb9b82fad302f201e3d,ent_5c8dc1422d4d53a5a8706fc8dc350bcd,INVOLVES,200
evt_2273ccc1ce0c6bb9b82fad302f201e3d,ent_e683a86d47c118b26bb069498669762e,INVOLVES,200
evt_962e972105e5bb3f9ffefac09ec29b3a,ent_59eb45453f83ad36a3b64e4d5f06d8b8,INVOLVES,200
evt_962e972105e5bb3f9ffefac09ec29b3a,ent_1c46cd525ebf94348a38fd30cdaa37e4,INVOLVES,200
evt_962e972105e5bb3f9ffefac09ec29b3a,ent_5c8dc1422d4d53a5a8706fc8dc350bcd,INVOLVES,200
evt_962e972105e5bb3f9ffefac09ec29b3a,ent_e683a86d47c118b26bb069498669762e,INVOLVES,200
evt_962e972105e5bb3f9ffefac09ec29b3a,ent_50abc1b230bad02b775842340e5d91b3,INVOLVES,200
evt_962e972105e5bb3f9ffefac09ec29b3a,ent_37ebfc6a3354a39b118f28574462902c,INVOLVES,200
evt_5e25a82b738fefb2bb58a993d27d8a20,ent_bd03c6404b0a4e3bf3f555d1c32f31fb,INVOLVES,200
evt_5e25a82b738fefb2bb58a993d27d8a20,ent_d7f1fc376ababbe6cde8c8b809c46f0b,INVOLVES,200
evt_5e25a82b738fefb2bb58a993d27d8a20,ent_bb09d402ca5579e1a46ddbf784c8b435,INVOLVES,200
evt_5e25a82b738fefb2bb58a993d27d8a20,ent_a5917a85e1d121009a6f6890eccc51ae,INVOLVES,200
evt_5e25a82b738fefb2bb58a993d27d8a20,ent_4cab5ca06bcefea9c81bc7968053b01f,INVOLVES,200
evt_5e25a82b738fefb2bb58a993d27d8a20,ent_b0c61bd0b8ad6578130089d224e1f209,INVOLVES,200
evt_5e25a82b738fefb2bb58a993d27d8a20,ent_8d8d31f902bbd8a3340222c4d44c43e3,INVOLVES,200
evt_5e25a82b738fefb2bb58a993d27d8a20,ent_59eb45453f83ad36a3b64e4d5f06d8b8,INVOLVES,200
evt_5e25a82b738fefb2bb58a993d27d8a20,ent_f80e5433cdba660ff74e1a86cc2454ad,INVOLVES,200
evt_cf5a090d4ad7ab43ca01157ab84a6131,ent_bd03c6404b0a4e3bf3f555d1c32f31fb,INVOLVES,200
evt_cf5a090d4ad7ab43ca01157ab84a6131,ent_d7f1fc376ababbe6cde8c8b809c46f0b,INVOLVES,200
evt_cf5a090d4ad7ab43ca01157ab84a6131,ent_bb09d402ca5579e1a46ddbf784c8b435,INVOLVES,200
evt_cf5a090d4ad7ab43ca01157ab84a6131,ent_a5917a85e1d121009a6f6890eccc51ae,INVOLVES,200
evt_cf5a090d4ad7ab43ca01157ab84a6131,ent_4cab5ca06bcefea9c81bc7968053b01f,INVOLVES,200
evt_cf5a090d4ad7ab43ca01157ab84a6131,ent_b0c61bd0b8ad6578130089d224e1f209,INVOLVES,200
evt_cf5a090d4ad7ab43ca01157ab84a6131,ent_8d8d31f902bbd8a3340222c4d44c43e3,INVOLVES,200
evt_cf5a090d4ad7ab43ca01157ab84a6131,ent_59eb45453f83ad36a3b64e4d5f06d8b8,INVOLVES,200
evt_cf5a090d4ad7ab43ca01157ab84a6131,ent_f80e5433cdba660ff74e1a86cc2454ad,INVOLVES,200
evt_8e17d09dbb43dd98ad1b644d098e54c1,ent_59eb45453f83ad36a3b64e4d5f06d8b8,INVOLVES,200
evt_8e17d09dbb43dd98ad1b644d098e54c1,ent_f80e5433cdba660ff74e1a86cc2454ad,INVOLVES,200
evt_8e17d09dbb43dd98ad1b644d098e54c1,ent_bd03c6404b0a4e3bf3f555d1c32f31fb,INVOLVES,200
evt_8e17d09dbb43dd98ad1b644d098e54c1,ent_7fe461592c31b7bf33bf11d21d306ea0,INVOLVES,200
evt_8e17d09dbb43dd98ad1b644d098e54c1,ent_02349980bba8ce563cdf709f74f96fc1,INVOLVES,200
evt_8e17d09dbb43dd98ad1b644d098e54c1,ent_d7f1fc376ababbe6cde8c8b809c46f0b,INVOLVES,200
evt_a1c38f19f505555aa9e1a71239468ae6,ent_7fe461592c31b7bf33bf11d21d306ea0,INVOLVES,200
evt_a1c38f19f505555aa9e1a71239468ae6,ent_02349980bba8ce563cdf709f74f96fc1,INVOLVES,200
evt_a1c38f19f505555aa9e1a71239468ae6,ent_bd03c6404b0a4e3bf3f555d1c32f31fb,INVOLVES,200
evt_a1c38f19f505555aa9e1a71239468ae6,ent_d7f1fc376ababbe6cde8c8b809c46f0b,INVOLVES,200
evt_a1c38f19f505555aa9e1a71239468ae6,ent_b0c61bd0b8ad6578130089d224e1f209,INVOLVES,200
evt_fe521ec562fccad23750c9f37eb85cb3,ent_214163861ed8ac3fdfdb4674bf5536af,INVOLVES,200
evt_fe521ec562fccad23750c9f37eb85cb3,ent_cce197cdf2f16d4a789744e61bfc7c63,INVOLVES,200
evt_fe521ec562fccad23750c9f37eb85cb3,ent_02349980bba8ce563cdf709f74f96fc1,INVOLVES,200
evt_fe521ec562fccad23750c9f37eb85cb3,ent_d1f64bc475e40fff8275e5dd925398f6,INVOLVES,200
evt_ef0b7f0b816a79861db68a634b98014a,ent_214163861ed8ac3fdfdb4674bf5536af,INVOLVES,200
evt_ef0b7f0b816a79861db68a634b98014a,ent_cce197cdf2f16d4a789744e61bfc7c63,INVOLVES,200
evt_ef0b7f0b816a79861db68a634b98014a,ent_02349980bba8ce563cdf709f74f96fc1,INVOLVES,200
evt_ef0b7f0b816a79861db68a634b98014a,ent_d1f64bc475e40fff8275e5dd925398f6,INVOLVES,200
evt_b0c8d219b1f4222f58fda0796be1a6d3,ent_214163861ed8ac3fdfdb4674bf5536af,INVOLVES,200
evt_b0c8d219b1f4222f58fda0796be1a6d3,ent_cce197cdf2f16d4a789744e61bfc7c63,INVOLVES,200
evt_b0c8d219b1f4222f58fda0796be1a6d3,ent_02349980bba8ce563cdf709f74f96fc1,INVOLVES,200
evt_b0c8d219b1f4222f58fda0796be1a6d3,ent_d1f64bc475e40fff8275e5dd925398f6,INVOLVES,200
evt_deb79a40a654b3e677304a88406d8bd3,ent_214163861ed8ac3fdfdb4674bf5536af,INVOLVES,200
evt_deb79a40a654b3e677304a88406d8bd3,ent_cce197cdf2f16d4a789744e61bfc7c63,INVOLVES,200
evt_deb79a40a654b3e677304a88406d8bd3,ent_02349980bba8ce563cdf709f74f96fc1,INVOLVES,200
evt_deb79a40a654b3e677304a88406d8bd3,ent_d1f64bc475e40fff8275e5dd925398f6,INVOLVES,200
evt_d4772081781d18f619b228af70d3880b,ent_214163861ed8ac3fdfdb4674bf5536af,INVOLVES,200
evt_d4772081781d18f619b228af70d3880b,ent_cce197cdf2f16d4a789744e61bfc7c63,INVOLVES,200
evt_d4772081781d18f619b228af70d3880b,ent_02349980bba8ce563cdf709f74f96fc1,INVOLVES,200
evt_d4772081781d18f619b228af70d3880b,ent_d1f64bc475e40fff8275e5dd925398f6,INVOLVES,200
evt_cce05889b416a69f4d364c1c8fe07b25,ent_214163861ed8ac3fdfdb4674bf5536af,INVOLVES,200
evt_cce05889b416a69f4d364c1c8fe07b25,ent_cce197cdf2f16d4a789744e61bfc7c63,INVOLVES,200
evt_cce05889b416a69f4d364c1c8fe07b25,ent_02349980bba8ce563cdf709f74f96fc1,INVOLVES,200
evt_cce05889b416a69f4d364c1c8fe07b25,ent_d1f64bc475e40fff8275e5dd925398f6,INVOLVES,200
evt_766f27ae322c93d13af85eb3d018b02d,ent_c387a421033bd250562547b1544e95d3,INVOLVES,200
evt_766f27ae322c93d13af85eb3d018b02d,ent_b82afb690cc79e8d6ddf4f691251c28c,INVOLVES,200
evt_766f27ae322c93d13af85eb3d018b02d,ent_312642cda4a86945e21c6ab3175203ec,INVOLVES,200
evt_766f27ae322c93d13af85eb3d018b02d,ent_02349980bba8ce563cdf709f74f96fc1,INVOLVES,200
evt_766f27ae322c93d13af85eb3d018b02d,ent_5d603652353ec0e16fd4866a173a5f3c,INVOLVES,200
evt_766f27ae322c93d13af85eb3d018b02d,ent_b03a6f3bd564ab188b74742ad43dc1e3,INVOLVES,200
evt_00546fdbf41fb88427d32ed739bb2c10,ent_c387a421033bd250562547b1544e95d3,INVOLVES,200
evt_00546fdbf41fb88427d32ed739bb2c10,ent_b82afb690cc79e8d6ddf4f691251c28c,INVOLVES,200
evt_00546fdbf41fb88427d32ed739bb2c10,ent_312642cda4a86945e21c6ab3175203ec,INVOLVES,200
evt_00546fdbf41fb88427d32ed739bb2c10,ent_02349980bba8ce563cdf709f74f96fc1,INVOLVES,200
evt_00546fdbf41fb88427d32ed739bb2c10,ent_5d603652353ec0e16fd4866a173a5f3c,INVOLVES,200
evt_00546fdbf41fb88427d32ed739bb2c10,ent_b03a6f3bd564ab188b74742ad43dc1e3,INVOLVES,200
evt_00546fdbf41fb88427d32ed739bb2c10,ent_19f155ac62ae94bd2d077974e3b63e78,INVOLVES,200
evt_00546fdbf41fb88427d32ed739bb2c10,ent_a9fa220e7bb898e71ff5041c28f44719,INVOLVES,200
evt_f93e9ac738a0ff7c93abbb20ef47fece,ent_c387a421033bd250562547b1544e95d3,INVOLVES,200
evt_f93e9ac738a0ff7c93abbb20ef47fece,ent_b82afb690cc79e8d6ddf4f691251c28c,INVOLVES,200
evt_f93e9ac738a0ff7c93abbb20ef47fece,ent_312642cda4a86945e21c6ab3175203ec,INVOLVES,200
evt_f93e9ac738a0ff7c93abbb20ef47fece,ent_02349980bba8ce563cdf709f74f96fc1,INVOLVES,200
evt_f93e9ac738a0ff7c93abbb20ef47fece,ent_5d603652353ec0e16fd4866a173a5f3c,INVOLVES,200
evt_f93e9ac738a0ff7c93abbb20ef47fece,ent_b03a6f3bd564ab188b74742ad43dc1e3,INVOLVES,200
evt_f93e9ac738a0ff7c93abbb20ef47fece,ent_19f155ac62ae94bd2d077974e3b63e78,INVOLVES,200
evt_f93e9ac738a0ff7c93abbb20ef47fece,ent_a9fa220e7bb898e71ff5041c28f44719,INVOLVES,200
evt_a1d91033b83e7b8948a6162bf6c570a5,ent_b82afb690cc79e8d6ddf4f691251c28c,INVOLVES,200
evt_a1d91033b83e7b8948a6162bf6c570a5,ent_02349980bba8ce563cdf709f74f96fc1,INVOLVES,200
evt_a1d91033b83e7b8948a6162bf6c570a5,ent_5d603652353ec0e16fd4866a173a5f3c,INVOLVES,200
evt_a1d91033b83e7b8948a6162bf6c570a5,ent_b03a6f3bd564ab188b74742ad43dc1e3,INVOLVES,200
evt_a1d91033b83e7b8948a6162bf6c570a5,ent_19f155ac62ae94bd2d077974e3b63e78,INVOLVES,200
evt_a1d91033b83e7b8948a6162bf6c570a5,ent_a9fa220e7bb898e71ff5041c28f44719,INVOLVES,200
evt_24a100e61b80bc28eb2257e3e90b9fcc,ent_1f1bbbfe17b4f26a9e03b9a2f112d4ac,INVOLVES,200
evt_24a100e61b80bc28eb2257e3e90b9fcc,ent_ac2a93ae39ccb2a676428e73ec691cfc,INVOLVES,200
evt_24a100e61b80bc28eb2257e3e90b9fcc,ent_d36b13410347d500de53637c8b77e430,INVOLVES,200
evt_24a100e61b80bc28eb2257e3e90b9fcc,ent_02349980bba8ce563cdf709f74f96fc1,INVOLVES,200
evt_24a100e61b80bc28eb2257e3e90b9fcc,ent_b580f0864a9409084f46cf6c3eb31120,INVOLVES,200
evt_24a100e61b80bc28eb2257e3e90b9fcc,ent_05f2a9d802e0eadc7d4f3075cef990ed,INVOLVES,200
evt_1fcba1a9838f1d1e80e3c2512cf24e7c,ent_1f1bbbfe17b4f26a9e03b9a2f112d4ac,INVOLVES,200
evt_1fcba1a9838f1d1e80e3c2512cf24e7c,ent_ac2a93ae39ccb2a676428e73ec691cfc,INVOLVES,200
evt_1fcba1a9838f1d1e80e3c2512cf24e7c,ent_d36b13410347d500de53637c8b77e430,INVOLVES,200
evt_1fcba1a9838f1d1e80e3c2512cf24e7c,ent_02349980bba8ce563cdf709f74f96fc1,INVOLVES,200
evt_1fcba1a9838f1d1e80e3c2512cf24e7c,ent_b580f0864a9409084f46cf6c3eb31120,INVOLVES,200
evt_1fcba1a9838f1d1e80e3c2512cf24e7c,ent_05f2a9d802e0eadc7d4f3075cef990ed,INVOLVES,200
evt_1fcba1a9838f1d1e80e3c2512cf24e7c,ent_5b04261b9a3cefd8580c6e1a5f2b2359,INVOLVES,200
evt_b1bca6b408d6a61e5bab77ed80d8294e,ent_1f1bbbfe17b4f26a9e03b9a2f112d4ac,INVOLVES,200
evt_b1bca6b408d6a61e5bab77ed80d8294e,ent_ac2a93ae39ccb2a676428e73ec691cfc,INVOLVES,200
evt_b1bca6b408d6a61e5bab77ed80d8294e,ent_d36b13410347d500de53637c8b77e430,INVOLVES,200
evt_b1bca6b408d6a61e5bab77ed80d8294e,ent_02349980bba8ce563cdf709f74f96fc1,INVOLVES,200
evt_b1bca6b408d6a61e5bab77ed80d8294e,ent_b580f0864a9409084f46cf6c3eb31120,INVOLVES,200
evt_b1bca6b408d6a61e5bab77ed80d8294e,ent_05f2a9d802e0eadc7d4f3075cef990ed,INVOLVES,200
evt_b1bca6b408d6a61e5bab77ed80d8294e,ent_5b04261b9a3cefd8580c6e1a5f2b2359,INVOLVES,200
evt_d442fbb84a86e75d8d81b21959095be8,ent_1f1bbbfe17b4f26a9e03b9a2f112d4ac,INVOLVES,200
evt_d442fbb84a86e75d8d81b21959095be8,ent_ac2a93ae39ccb2a676428e73ec691cfc,INVOLVES,200
evt_d442fbb84a86e75d8d81b21959095be8,ent_d36b13410347d500de53637c8b77e430,INVOLVES,200
evt_d442fbb84a86e75d8d81b21959095be8,ent_02349980bba8ce563cdf709f74f96fc1,INVOLVES,200
evt_d442fbb84a86e75d8d81b21959095be8,ent_b580f0864a9409084f46cf6c3eb31120,INVOLVES,200
evt_d442fbb84a86e75d8d81b21959095be8,ent_05f2a9d802e0eadc7d4f3075cef990ed,INVOLVES,200
evt_d442fbb84a86e75d8d81b21959095be8,ent_5b04261b9a3cefd8580c6e1a5f2b2359,INVOLVES,200
evt_09bda6788a422201c0a31abbd7898002,ent_ac2a93ae39ccb2a676428e73ec691cfc,INVOLVES,200
evt_09bda6788a422201c0a31abbd7898002,ent_d36b13410347d500de53637c8b77e430,INVOLVES,200
evt_09bda6788a422201c0a31abbd7898002,ent_02349980bba8ce563cdf709f74f96fc1,INVOLVES,200
evt_09bda6788a422201c0a31abbd7898002,ent_b580f0864a9409084f46cf6c3eb31120,INVOLVES,200
evt_09bda6788a422201c0a31abbd7898002,ent_05f2a9d802e0eadc7d4f3075cef990ed,INVOLVES,200
evt_09bda6788a422201c0a31abbd7898002,ent_5b04261b9a3cefd8580c6e1a5f2b2359,INVOLVES,200
evt_1511b6e121c624800a7649656ba4b0c2,ent_aa978c9f35a3df880bcbf85225b0057e,INVOLVES,200
evt_1511b6e121c624800a7649656ba4b0c2,ent_495afcb676206fea707516bc464d8f6e,INVOLVES,200
evt_1511b6e121c624800a7649656ba4b0c2,ent_df391083abdce3b18ebe91fbb54fefcf,INVOLVES,200
evt_1511b6e121c624800a7649656ba4b0c2,ent_022dceeb82c260e3c1e10672e0f27a2e,INVOLVES,200
evt_1511b6e121c624800a7649656ba4b0c2,ent_214163861ed8ac3fdfdb4674bf5536af,INVOLVES,200
evt_1511b6e121c624800a7649656ba4b0c2,ent_4fa2deebbdd08f8db412355fd5c496b0,INVOLVES,200
evt_1511b6e121c624800a7649656ba4b0c2,ent_6d3207d702c9dc917a10d34060bb5fb3,INVOLVES,200
evt_bb5efe5f99d563cbbf9828f89022486b,ent_aa978c9f35a3df880bcbf85225b0057e,INVOLVES,200
evt_bb5efe5f99d563cbbf9828f89022486b,ent_495afcb676206fea707516bc464d8f6e,INVOLVES,200
evt_bb5efe5f99d563cbbf9828f89022486b,ent_df391083abdce3b18ebe91fbb54fefcf,INVOLVES,200
evt_bb5efe5f99d563cbbf9828f89022486b,ent_022dceeb82c260e3c1e10672e0f27a2e,INVOLVES,200
evt_bb5efe5f99d563cbbf9828f89022486b,ent_214163861ed8ac3fdfdb4674bf5536af,INVOLVES,200
evt_bb5efe5f99d563cbbf9828f89022486b,ent_4fa2deebbdd08f8db412355fd5c496b0,INVOLVES,200
evt_bb5efe5f99d563cbbf9828f89022486b,ent_6d3207d702c9dc917a10d34060bb5fb3,INVOLVES,200
evt_bb5efe5f99d563cbbf9828f89022486b,ent_2b4da846ceb3fb791e7085aff5e20a1b,INVOLVES,200
evt_bb5efe5f99d563cbbf9828f89022486b,ent_312642cda4a86945e21c6ab3175203ec,INVOLVES,200
evt_bb5efe5f99d563cbbf9828f89022486b,ent_02349980bba8ce563cdf709f74f96fc1,INVOLVES,200
evt_d735461ee2fd1cd6da2632fac8ca871d,ent_aa978c9f35a3df880bcbf85225b0057e,INVOLVES,200
evt_d735461ee2fd1cd6da2632fac8ca871d,ent_495afcb676206fea707516bc464d8f6e,INVOLVES,200
evt_d735461ee2fd1cd6da2632fac8ca871d,ent_df391083abdce3b18ebe91fbb54fefcf,INVOLVES,200
evt_d735461ee2fd1cd6da2632fac8ca871d,ent_022dceeb82c260e3c1e10672e0f27a2e,INVOLVES,200
evt_d735461ee2fd1cd6da2632fac8ca871d,ent_214163861ed8ac3fdfdb4674bf5536af,INVOLVES,200
evt_d735461ee2fd1cd6da2632fac8ca871d,ent_4fa2deebbdd08f8db412355fd5c496b0,INVOLVES,200
evt_d735461ee2fd1cd6da2632fac8ca871d,ent_6d3207d702c9dc917a10d34060bb5fb3,INVOLVES,200
evt_d735461ee2fd1cd6da2632fac8ca871d,ent_2b4da846ceb3fb791e7085aff5e20a1b,INVOLVES,200
evt_d735461ee2fd1cd6da2632fac8ca871d,ent_312642cda4a86945e21c6ab3175203ec,INVOLVES,200
evt_d735461ee2fd1cd6da2632fac8ca871d,ent_02349980bba8ce563cdf709f74f96fc1,INVOLVES,200
evt_ae069b5c8959351ca092be8e69584a86,ent_aa978c9f35a3df880bcbf85225b0057e,INVOLVES,200
evt_ae069b5c8959351ca092be8e69584a86,ent_495afcb676206fea707516bc464d8f6e,INVOLVES,200
evt_ae069b5c8959351ca092be8e69584a86,ent_df391083abdce3b18ebe91fbb54fefcf,INVOLVES,200
evt_ae069b5c8959351ca092be8e69584a86,ent_022dceeb82c260e3c1e10672e0f27a2e,INVOLVES,200
evt_ae069b5c8959351ca092be8e69584a86,ent_214163861ed8ac3fdfdb4674bf5536af,INVOLVES,200
evt_ae069b5c8959351ca092be8e69584a86,ent_4fa2deebbdd08f8db412355fd5c496b0,INVOLVES,200
evt_ae069b5c8959351ca092be8e69584a86,ent_6d3207d702c9dc917a10d34060bb5fb3,INVOLVES,200
evt_ae069b5c8959351ca092be8e69584a86,ent_2b4da846ceb3fb791e7085aff5e20a1b,INVOLVES,200
evt_ae069b5c8959351ca092be8e69584a86,ent_312642cda4a86945e21c6ab3175203ec,INVOLVES,200
evt_ae069b5c8959351ca092be8e69584a86,ent_02349980bba8ce563cdf709f74f96fc1,INVOLVES,200
evt_eeacbb95fe5e17919955ef0ff3b65f28,ent_495afcb676206fea707516bc464d8f6e,INVOLVES,200
evt_eeacbb95fe5e17919955ef0ff3b65f28,ent_df391083abdce3b18ebe91fbb54fefcf,INVOLVES,200
evt_eeacbb95fe5e17919955ef0ff3b65f28,ent_022dceeb82c260e3c1e10672e0f27a2e,INVOLVES,200
evt_eeacbb95fe5e17919955ef0ff3b65f28,ent_214163861ed8ac3fdfdb4674bf5536af,INVOLVES,200
evt_eeacbb95fe5e17919955ef0ff3b65f28,ent_4fa2deebbdd08f8db412355fd5c496b0,INVOLVES,200
evt_eeacbb95fe5e17919955ef0ff3b65f28,ent_6d3207d702c9dc917a10d34060bb5fb3,INVOLVES,200
evt_eeacbb95fe5e17919955ef0ff3b65f28,ent_2b4da846ceb3fb791e7085aff5e20a1b,INVOLVES,200
evt_eeacbb95fe5e17919955ef0ff3b65f28,ent_312642cda4a86945e21c6ab3175203ec,INVOLVES,200
evt_eeacbb95fe5e17919955ef0ff3b65f28,ent_02349980bba8ce563cdf709f74f96fc1,INVOLVES,200
evt_c4ed400c59e113dee95e3a5215a76732,ent_df391083abdce3b18ebe91fbb54fefcf,INVOLVES,200
evt_c4ed400c59e113dee95e3a5215a76732,ent_022dceeb82c260e3c1e10672e0f27a2e,INVOLVES,200
evt_c4ed400c59e113dee95e3a5215a76732,ent_214163861ed8ac3fdfdb4674bf5536af,INVOLVES,200
evt_c4ed400c59e113dee95e3a5215a76732,ent_495afcb676206fea707516bc464d8f6e,INVOLVES,200
evt_c4ed400c59e113dee95e3a5215a76732,ent_4fa2deebbdd08f8db412355fd5c496b0,INVOLVES,200
evt_c4ed400c59e113dee95e3a5215a76732,ent_6d3207d702c9dc917a10d34060bb5fb3,INVOLVES,200
evt_c4ed400c59e113dee95e3a5215a76732,ent_2b4da846ceb3fb791e7085aff5e20a1b,INVOLVES,200
evt_c4ed400c59e113dee95e3a5215a76732,ent_312642cda4a86945e21c6ab3175203ec,INVOLVES,200
evt_c4ed400c59e113dee95e3a5215a76732,ent_02349980bba8ce563cdf709f74f96fc1,INVOLVES,200
evt_c4ed400c59e113dee95e3a5215a76732,ent_48ea79dff880c7682258bb0a3bae8178,INVOLVES,200
evt_c4ed400c59e113dee95e3a5215a76732,ent_f63001fbc932b2b0f2616bb4828eba9d,INVOLVES,200
evt_cbbbfec67690dfc5dc33e185e9640d05,ent_226a9421040b7f2d19e6a2ff542e6eac,INVOLVES,200
evt_cbbbfec67690dfc5dc33e185e9640d05,ent_076173809b5a7e293c5fb60f9019b3f8,INVOLVES,200
evt_cbbbfec67690dfc5dc33e185e9640d05,ent_7fe461592c31b7bf33bf11d21d306ea0,INVOLVES,200
evt_cbbbfec67690dfc5dc33e185e9640d05,ent_312642cda4a86945e21c6ab3175203ec,INVOLVES,200
evt_cbbbfec67690dfc5dc33e185e9640d05,ent_9f9becccd1bbc77f14d0e3ffbb99d9e6,INVOLVES,200
evt_cbbbfec67690dfc5dc33e185e9640d05,ent_fbd96363ef425ee203022d94254364f5,INVOLVES,200
evt_cbbbfec67690dfc5dc33e185e9640d05,ent_b413b0f80b8d06ff291ed5a8fcd6db8c,INVOLVES,200
evt_cbbbfec67690dfc5dc33e185e9640d05,ent_753ae473d7392457561f84716e6213b1,INVOLVES,200
evt_9a2439d16f5413c2989e3bf6c8664e42,ent_91e88ee3fd1b4c3ff8ca488e7cc57bd8,INVOLVES,200
evt_9a2439d16f5413c2989e3bf6c8664e42,ent_02349980bba8ce563cdf709f74f96fc1,INVOLVES,200
evt_9a2439d16f5413c2989e3bf6c8664e42,ent_64bec39c3b60e1d0100d0de9fefd7959,INVOLVES,200
evt_9a2439d16f5413c2989e3bf6c8664e42,ent_b836e8e394abb4fd3f1c2a993093dd86,INVOLVES,200
evt_9a2439d16f5413c2989e3bf6c8664e42,ent_12f3d7491f75cb55ac11a52db8f90ae4,INVOLVES,200
evt_9a2439d16f5413c2989e3bf6c8664e42,ent_bca30d3b0f2e44fb92d844013d2fb238,INVOLVES,200
evt_0698040ba91ae9add17e05107c8b382c,ent_91e88ee3fd1b4c3ff8ca488e7cc57bd8,INVOLVES,200
evt_0698040ba91ae9add17e05107c8b382c,ent_02349980bba8ce563cdf709f74f96fc1,INVOLVES,200
evt_0698040ba91ae9add17e05107c8b382c,ent_64bec39c3b60e1d0100d0de9fefd7959,INVOLVES,200
evt_0698040ba91ae9add17e05107c8b382c,ent_b836e8e394abb4fd3f1c2a993093dd86,INVOLVES,200
evt_0698040ba91ae9add17e05107c8b382c,ent_12f3d7491f75cb55ac11a52db8f90ae4,INVOLVES,200
evt_0698040ba91ae9add17e05107c8b382c,ent_bca30d3b0f2e44fb92d844013d2fb238,INVOLVES,200
evt_0698040ba91ae9add17e05107c8b382c,ent_59eb45453f83ad36a3b64e4d5f06d8b8,INVOLVES,200
evt_345a0769fcec0e4cfd66eeb43fb53c51,ent_91e88ee3fd1b4c3ff8ca488e7cc57bd8,INVOLVES,200
evt_345a0769fcec0e4cfd66eeb43fb53c51,ent_02349980bba8ce563cdf709f74f96fc1,INVOLVES,200
evt_345a0769fcec0e4cfd66eeb43fb53c51,ent_64bec39c3b60e1d0100d0de9fefd7959,INVOLVES,200
evt_345a0769fcec0e4cfd66eeb43fb53c51,ent_b836e8e394abb4fd3f1c2a993093dd86,INVOLVES,200
evt_345a0769fcec0e4cfd66eeb43fb53c51,ent_12f3d7491f75cb55ac11a52db8f90ae4,INVOLVES,200
evt_345a0769fcec0e4cfd66eeb43fb53c51,ent_bca30d3b0f2e44fb92d844013d2fb238,INVOLVES,200
evt_345a0769fcec0e4cfd66eeb43fb53c51,ent_59eb45453f83ad36a3b64e4d5f06d8b8,INVOLVES,200
evt_345a0769fcec0e4cfd66eeb43fb53c51,ent_395ed82beb8698a7d82b53b25b46685b,INVOLVES,200
evt_345a0769fcec0e4cfd66eeb43fb53c51,ent_b546280e3b5f5b1a0bd8ac35b63d9efc,INVOLVES,200
evt_5ab9e0cc62ae68bc89a50d3687734584,ent_d36b13410347d500de53637c8b77e430,INVOLVES,200
evt_5ab9e0cc62ae68bc89a50d3687734584,ent_495afcb676206fea707516bc464d8f6e,INVOLVES,200
evt_5ab9e0cc62ae68bc89a50d3687734584,ent_312642cda4a86945e21c6ab3175203ec,INVOLVES,200
evt_5ab9e0cc62ae68bc89a50d3687734584,ent_44f22d89c8f969f81fa642ac9aa6a9e0,INVOLVES,200
evt_5ab9e0cc62ae68bc89a50d3687734584,ent_022dceeb82c260e3c1e10672e0f27a2e,INVOLVES,200
evt_5ab9e0cc62ae68bc89a50d3687734584,ent_c60bd6a2fcfbb67cb184dfb50f2329a1,INVOLVES,200
evt_14fea1d7589feed94f9250bc121a344a,ent_d36b13410347d500de53637c8b77e430,INVOLVES,200
evt_14fea1d7589feed94f9250bc121a344a,ent_495afcb676206fea707516bc464d8f6e,INVOLVES,200
evt_14fea1d7589feed94f9250bc121a344a,ent_312642cda4a86945e21c6ab3175203ec,INVOLVES,200
evt_14fea1d7589feed94f9250bc121a344a,ent_44f22d89c8f969f81fa642ac9aa6a9e0,INVOLVES,200
evt_14fea1d7589feed94f9250bc121a344a,ent_022dceeb82c260e3c1e10672e0f27a2e,INVOLVES,200
evt_14fea1d7589feed94f9250bc121a344a,ent_c60bd6a2fcfbb67cb184dfb50f2329a1,INVOLVES,200
evt_812843c5c0da5c27877dafaa621126ab,ent_d36b13410347d500de53637c8b77e430,INVOLVES,200
evt_812843c5c0da5c27877dafaa621126ab,ent_495afcb676206fea707516bc464d8f6e,INVOLVES,200
evt_812843c5c0da5c27877dafaa621126ab,ent_312642cda4a86945e21c6ab3175203ec,INVOLVES,200
evt_812843c5c0da5c27877dafaa621126ab,ent_44f22d89c8f969f81fa642ac9aa6a9e0,INVOLVES,200
evt_812843c5c0da5c27877dafaa621126ab,ent_022dceeb82c260e3c1e10672e0f27a2e,INVOLVES,200
evt_812843c5c0da5c27877dafaa621126ab,ent_c60bd6a2fcfbb67cb184dfb50f2329a1,INVOLVES,200
evt_812843c5c0da5c27877dafaa621126ab,ent_9f9becccd1bbc77f14d0e3ffbb99d9e6,INVOLVES,200
evt_812843c5c0da5c27877dafaa621126ab,ent_fe60a6c64f4797bb973018d0f8cf7747,INVOLVES,200
evt_812843c5c0da5c27877dafaa621126ab,ent_b0cf174f6be0d1824ba454ecd526c681,INVOLVES,200
evt_d22fde25b0ce3bfc6f7cf5b9385946ff,ent_d36b13410347d500de53637c8b77e430,INVOLVES,200
evt_d22fde25b0ce3bfc6f7cf5b9385946ff,ent_495afcb676206fea707516bc464d8f6e,INVOLVES,200
evt_d22fde25b0ce3bfc6f7cf5b9385946ff,ent_312642cda4a86945e21c6ab3175203ec,INVOLVES,200
evt_d22fde25b0ce3bfc6f7cf5b9385946ff,ent_44f22d89c8f969f81fa642ac9aa6a9e0,INVOLVES,200
evt_d22fde25b0ce3bfc6f7cf5b9385946ff,ent_022dceeb82c260e3c1e10672e0f27a2e,INVOLVES,200
evt_d22fde25b0ce3bfc6f7cf5b9385946ff,ent_c60bd6a2fcfbb67cb184dfb50f2329a1,INVOLVES,200
evt_d22fde25b0ce3bfc6f7cf5b9385946ff,ent_9f9becccd1bbc77f14d0e3ffbb99d9e6,INVOLVES,200
evt_d22fde25b0ce3bfc6f7cf5b9385946ff,ent_fe60a6c64f4797bb973018d0f8cf7747,INVOLVES,200
evt_d22fde25b0ce3bfc6f7cf5b9385946ff,ent_b0cf174f6be0d1824ba454ecd526c681,INVOLVES,200
evt_9a0819627d62c10955d07ffb1a386f6e,ent_d36b13410347d500de53637c8b77e430,INVOLVES,200
evt_9a0819627d62c10955d07ffb1a386f6e,ent_495afcb676206fea707516bc464d8f6e,INVOLVES,200
evt_9a0819627d62c10955d07ffb1a386f6e,ent_312642cda4a86945e21c6ab3175203ec,INVOLVES,200
evt_9a0819627d62c10955d07ffb1a386f6e,ent_44f22d89c8f969f81fa642ac9aa6a9e0,INVOLVES,200
evt_9a0819627d62c10955d07ffb1a386f6e,ent_022dceeb82c260e3c1e10672e0f27a2e,INVOLVES,200
evt_9a0819627d62c10955d07ffb1a386f6e,ent_c60bd6a2fcfbb67cb184dfb50f2329a1,INVOLVES,200
evt_9a0819627d62c10955d07ffb1a386f6e,ent_9f9becccd1bbc77f14d0e3ffbb99d9e6,INVOLVES,200
evt_9a0819627d62c10955d07ffb1a386f6e,ent_fe60a6c64f4797bb973018d0f8cf7747,INVOLVES,200
evt_9a0819627d62c10955d07ffb1a386f6e,ent_b0cf174f6be0d1824ba454ecd526c681,INVOLVES,200
evt_9a0819627d62c10955d07ffb1a386f6e,ent_946e3886218719e6de2ab8af55542cf9,INVOLVES,200
evt_78d54ddf4197ef931c1916915fa5afdc,ent_d36b13410347d500de53637c8b77e430,INVOLVES,200
evt_78d54ddf4197ef931c1916915fa5afdc,ent_495afcb676206fea707516bc464d8f6e,INVOLVES,200
evt_78d54ddf4197ef931c1916915fa5afdc,ent_312642cda4a86945e21c6ab3175203ec,INVOLVES,200
evt_78d54ddf4197ef931c1916915fa5afdc,ent_44f22d89c8f969f81fa642ac9aa6a9e0,INVOLVES,200
evt_78d54ddf4197ef931c1916915fa5afdc,ent_022dceeb82c260e3c1e10672e0f27a2e,INVOLVES,200
evt_78d54ddf4197ef931c1916915fa5afdc,ent_c60bd6a2fcfbb67cb184dfb50f2329a1,INVOLVES,200
evt_78d54ddf4197ef931c1916915fa5afdc,ent_9f9becccd1bbc77f14d0e3ffbb99d9e6,INVOLVES,200
evt_78d54ddf4197ef931c1916915fa5afdc,ent_fe60a6c64f4797bb973018d0f8cf7747,INVOLVES,200
evt_78d54ddf4197ef931c1916915fa5afdc,ent_b0cf174f6be0d1824ba454ecd526c681,INVOLVES,200
evt_78d54ddf4197ef931c1916915fa5afdc,ent_946e3886218719e6de2ab8af55542cf9,INVOLVES,200
evt_78d54ddf4197ef931c1916915fa5afdc,ent_f2ad5ab949755ee9dde9a508bb46219a,INVOLVES,200
evt_3f0797a71792ec11b22e253e1c8a1f2d,ent_fe60a6c64f4797bb973018d0f8cf7747,INVOLVES,200
evt_3f0797a71792ec11b22e253e1c8a1f2d,ent_e823362d503f533b44ec894afcf5465d,INVOLVES,200
evt_3f0797a71792ec11b22e253e1c8a1f2d,ent_d36b13410347d500de53637c8b77e430,INVOLVES,200
evt_3f0797a71792ec11b22e253e1c8a1f2d,ent_59eb45453f83ad36a3b64e4d5f06d8b8,INVOLVES,200
evt_3f0797a71792ec11b22e253e1c8a1f2d,ent_c8a29a7fcc2de32c933bff6331fb3f77,INVOLVES,200
evt_3f0797a71792ec11b22e253e1c8a1f2d,ent_e90ab5a01509143abcd2888563f63002,INVOLVES,200
evt_3f0797a71792ec11b22e253e1c8a1f2d,ent_312642cda4a86945e21c6ab3175203ec,INVOLVES,200
evt_3f0797a71792ec11b22e253e1c8a1f2d,ent_214163861ed8ac3fdfdb4674bf5536af,INVOLVES,200
evt_929314c33ad2b37e69232f6b9836d9ef,ent_59eb45453f83ad36a3b64e4d5f06d8b8,INVOLVES,200
evt_929314c33ad2b37e69232f6b9836d9ef,ent_c8a29a7fcc2de32c933bff6331fb3f77,INVOLVES,200
evt_929314c33ad2b37e69232f6b9836d9ef,ent_e90ab5a01509143abcd2888563f63002,INVOLVES,200
evt_929314c33ad2b37e69232f6b9836d9ef,ent_fe60a6c64f4797bb973018d0f8cf7747,INVOLVES,200
evt_929314c33ad2b37e69232f6b9836d9ef,ent_e823362d503f533b44ec894afcf5465d,INVOLVES,200
evt_929314c33ad2b37e69232f6b9836d9ef,ent_312642cda4a86945e21c6ab3175203ec,INVOLVES,200
evt_929314c33ad2b37e69232f6b9836d9ef,ent_214163861ed8ac3fdfdb4674bf5536af,INVOLVES,200
evt_929314c33ad2b37e69232f6b9836d9ef,ent_d36b13410347d500de53637c8b77e430,INVOLVES,200
evt_929314c33ad2b37e69232f6b9836d9ef,ent_495afcb676206fea707516bc464d8f6e,INVOLVES,200
evt_929314c33ad2b37e69232f6b9836d9ef,ent_02349980bba8ce563cdf709f74f96fc1,INVOLVES,200
evt_b32ed6cd84d7b36852a50c676a4e584e,ent_e823362d503f533b44ec894afcf5465d,INVOLVES,200
evt_b32ed6cd84d7b36852a50c676a4e584e,ent_312642cda4a86945e21c6ab3175203ec,INVOLVES,200
evt_b32ed6cd84d7b36852a50c676a4e584e,ent_214163861ed8ac3fdfdb4674bf5536af,INVOLVES,200
evt_b32ed6cd84d7b36852a50c676a4e584e,ent_d36b13410347d500de53637c8b77e430,INVOLVES,200
evt_b32ed6cd84d7b36852a50c676a4e584e,ent_495afcb676206fea707516bc464d8f6e,INVOLVES,200
evt_b32ed6cd84d7b36852a50c676a4e584e,ent_02349980bba8ce563cdf709f74f96fc1,INVOLVES,200
evt_262c5073f0a9ef1ebefb0112d37b48cd,ent_0b9055a0bfe599497955cadf9434a469,INVOLVES,200
evt_262c5073f0a9ef1ebefb0112d37b48cd,ent_813bebc3da0ddea0756bdf775a13d15c,INVOLVES,200
evt_262c5073f0a9ef1ebefb0112d37b48cd,ent_ac2a93ae39ccb2a676428e73ec691cfc,INVOLVES,200
evt_262c5073f0a9ef1ebefb0112d37b48cd,ent_b580f0864a9409084f46cf6c3eb31120,INVOLVES,200
evt_262c5073f0a9ef1ebefb0112d37b48cd,ent_05f2a9d802e0eadc7d4f3075cef990ed,INVOLVES,200
evt_262c5073f0a9ef1ebefb0112d37b48cd,ent_5b04261b9a3cefd8580c6e1a5f2b2359,INVOLVES,200
evt_262c5073f0a9ef1ebefb0112d37b48cd,ent_2b4da846ceb3fb791e7085aff5e20a1b,INVOLVES,200
evt_baff4dc28d4cf0da268e885cecee3a09,ent_0b9055a0bfe599497955cadf9434a469,INVOLVES,200
evt_baff4dc28d4cf0da268e885cecee3a09,ent_813bebc3da0ddea0756bdf775a13d15c,INVOLVES,200
evt_baff4dc28d4cf0da268e885cecee3a09,ent_ac2a93ae39ccb2a676428e73ec691cfc,INVOLVES,200
evt_baff4dc28d4cf0da268e885cecee3a09,ent_b580f0864a9409084f46cf6c3eb31120,INVOLVES,200
evt_baff4dc28d4cf0da268e885cecee3a09,ent_05f2a9d802e0eadc7d4f3075cef990ed,INVOLVES,200
evt_baff4dc28d4cf0da268e885cecee3a09,ent_5b04261b9a3cefd8580c6e1a5f2b2359,INVOLVES,200
evt_baff4dc28d4cf0da268e885cecee3a09,ent_2b4da846ceb3fb791e7085aff5e20a1b,INVOLVES,200
evt_baff4dc28d4cf0da268e885cecee3a09,ent_7039f4ccf0c52dc765118c08c915f763,INVOLVES,200
evt_baff4dc28d4cf0da268e885cecee3a09,ent_72dbcc5691163f3b8e0d416190bdf8bc,INVOLVES,200
evt_659c9388194caf2eb26218c68e2bbc35,ent_0b9055a0bfe599497955cadf9434a469,INVOLVES,200
evt_659c9388194caf2eb26218c68e2bbc35,ent_813bebc3da0ddea0756bdf775a13d15c,INVOLVES,200
evt_659c9388194caf2eb26218c68e2bbc35,ent_ac2a93ae39ccb2a676428e73ec691cfc,INVOLVES,200
evt_659c9388194caf2eb26218c68e2bbc35,ent_b580f0864a9409084f46cf6c3eb31120,INVOLVES,200
evt_659c9388194caf2eb26218c68e2bbc35,ent_05f2a9d802e0eadc7d4f3075cef990ed,INVOLVES,200
evt_659c9388194caf2eb26218c68e2bbc35,ent_5b04261b9a3cefd8580c6e1a5f2b2359,INVOLVES,200
evt_659c9388194caf2eb26218c68e2bbc35,ent_2b4da846ceb3fb791e7085aff5e20a1b,INVOLVES,200
evt_659c9388194caf2eb26218c68e2bbc35,ent_7039f4ccf0c52dc765118c08c915f763,INVOLVES,200
evt_659c9388194caf2eb26218c68e2bbc35,ent_72dbcc5691163f3b8e0d416190bdf8bc,INVOLVES,200
evt_0562d688acba4b3f8e274ab5bc7e3e8e,ent_0b9055a0bfe599497955cadf9434a469,INVOLVES,200
evt_0562d688acba4b3f8e274ab5bc7e3e8e,ent_813bebc3da0ddea0756bdf775a13d15c,INVOLVES,200
evt_0562d688acba4b3f8e274ab5bc7e3e8e,ent_ac2a93ae39ccb2a676428e73ec691cfc,INVOLVES,200
evt_0562d688acba4b3f8e274ab5bc7e3e8e,ent_b580f0864a9409084f46cf6c3eb31120,INVOLVES,200
evt_0562d688acba4b3f8e274ab5bc7e3e8e,ent_05f2a9d802e0eadc7d4f3075cef990ed,INVOLVES,200
evt_0562d688acba4b3f8e274ab5bc7e3e8e,ent_5b04261b9a3cefd8580c6e1a5f2b2359,INVOLVES,200
evt_0562d688acba4b3f8e274ab5bc7e3e8e,ent_2b4da846ceb3fb791e7085aff5e20a1b,INVOLVES,200
evt_0562d688acba4b3f8e274ab5bc7e3e8e,ent_7039f4ccf0c52dc765118c08c915f763,INVOLVES,200
evt_0562d688acba4b3f8e274ab5bc7e3e8e,ent_72dbcc5691163f3b8e0d416190bdf8bc,INVOLVES,200
evt_0562d688acba4b3f8e274ab5bc7e3e8e,ent_73fa0e42287411cbd8b23d6795219a6a,INVOLVES,200
evt_e0371d6a9385e3056847f3d70d83822c,ent_0b9055a0bfe599497955cadf9434a469,INVOLVES,200
evt_e0371d6a9385e3056847f3d70d83822c,ent_813bebc3da0ddea0756bdf775a13d15c,INVOLVES,200
evt_e0371d6a9385e3056847f3d70d83822c,ent_ac2a93ae39ccb2a676428e73ec691cfc,INVOLVES,200
evt_e0371d6a9385e3056847f3d70d83822c,ent_b580f0864a9409084f46cf6c3eb31120,INVOLVES,200
evt_e0371d6a9385e3056847f3d70d83822c,ent_05f2a9d802e0eadc7d4f3075cef990ed,INVOLVES,200
evt_e0371d6a9385e3056847f3d70d83822c,ent_5b04261b9a3cefd8580c6e1a5f2b2359,INVOLVES,200
evt_e0371d6a9385e3056847f3d70d83822c,ent_2b4da846ceb3fb791e7085aff5e20a1b,INVOLVES,200
evt_e0371d6a9385e3056847f3d70d83822c,ent_7039f4ccf0c52dc765118c08c915f763,INVOLVES,200
evt_e0371d6a9385e3056847f3d70d83822c,ent_72dbcc5691163f3b8e0d416190bdf8bc,INVOLVES,200
evt_e0371d6a9385e3056847f3d70d83822c,ent_73fa0e42287411cbd8b23d6795219a6a,INVOLVES,200
evt_60e08641ea56d302469adbf7c078ef66,ent_b580f0864a9409084f46cf6c3eb31120,INVOLVES,200
evt_60e08641ea56d302469adbf7c078ef66,ent_05f2a9d802e0eadc7d4f3075cef990ed,INVOLVES,200
evt_60e08641ea56d302469adbf7c078ef66,ent_5b04261b9a3cefd8580c6e1a5f2b2359,INVOLVES,200
evt_60e08641ea56d302469adbf7c078ef66,ent_2b4da846ceb3fb791e7085aff5e20a1b,INVOLVES,200
evt_60e08641ea56d302469adbf7c078ef66,ent_7039f4ccf0c52dc765118c08c915f763,INVOLVES,200
evt_60e08641ea56d302469adbf7c078ef66,ent_72dbcc5691163f3b8e0d416190bdf8bc,INVOLVES,200
evt_60e08641ea56d302469adbf7c078ef66,ent_73fa0e42287411cbd8b23d6795219a6a,INVOLVES,200
evt_f62c41ffdc751706ffc911891ab03d77,ent_b580f0864a9409084f46cf6c3eb31120,INVOLVES,200
evt_f62c41ffdc751706ffc911891ab03d77,ent_05f2a9d802e0eadc7d4f3075cef990ed,INVOLVES,200
evt_f62c41ffdc751706ffc911891ab03d77,ent_5b04261b9a3cefd8580c6e1a5f2b2359,INVOLVES,200
evt_f62c41ffdc751706ffc911891ab03d77,ent_2b4da846ceb3fb791e7085aff5e20a1b,INVOLVES,200
evt_f62c41ffdc751706ffc911891ab03d77,ent_7039f4ccf0c52dc765118c08c915f763,INVOLVES,200
evt_f62c41ffdc751706ffc911891ab03d77,ent_72dbcc5691163f3b8e0d416190bdf8bc,INVOLVES,200
evt_f62c41ffdc751706ffc911891ab03d77,ent_73fa0e42287411cbd8b23d6795219a6a,INVOLVES,200
evt_0aa893ea32e7527b4a2279b0f5b74924,ent_b580f0864a9409084f46cf6c3eb31120,INVOLVES,200
evt_0aa893ea32e7527b4a2279b0f5b74924,ent_05f2a9d802e0eadc7d4f3075cef990ed,INVOLVES,200
evt_0aa893ea32e7527b4a2279b0f5b74924,ent_5b04261b9a3cefd8580c6e1a5f2b2359,INVOLVES,200
evt_0aa893ea32e7527b4a2279b0f5b74924,ent_2b4da846ceb3fb791e7085aff5e20a1b,INVOLVES,200
evt_0aa893ea32e7527b4a2279b0f5b74924,ent_7039f4ccf0c52dc765118c08c915f763,INVOLVES,200
evt_0aa893ea32e7527b4a2279b0f5b74924,ent_72dbcc5691163f3b8e0d416190bdf8bc,INVOLVES,200
evt_0aa893ea32e7527b4a2279b0f5b74924,ent_73fa0e42287411cbd8b23d6795219a6a,INVOLVES,200
evt_28b4d871fd56eb16118b5822aae14703,ent_05f2a9d802e0eadc7d4f3075cef990ed,INVOLVES,200
evt_28b4d871fd56eb16118b5822aae14703,ent_5b04261b9a3cefd8580c6e1a5f2b2359,INVOLVES,200
evt_28b4d871fd56eb16118b5822aae14703,ent_2b4da846ceb3fb791e7085aff5e20a1b,INVOLVES,200
evt_28b4d871fd56eb16118b5822aae14703,ent_7039f4ccf0c52dc765118c08c915f763,INVOLVES,200
evt_28b4d871fd56eb16118b5822aae14703,ent_72dbcc5691163f3b8e0d416190bdf8bc,INVOLVES,200
evt_28b4d871fd56eb16118b5822aae14703,ent_73fa0e42287411cbd8b23d6795219a6a,INVOLVES,200
evt_623ca9dbd211c3fc067d7d7353fe272b,ent_02349980bba8ce563cdf709f74f96fc1,INVOLVES,200
evt_623ca9dbd211c3fc067d7d7353fe272b,ent_6d3207d702c9dc917a10d34060bb5fb3,INVOLVES,200
evt_623ca9dbd211c3fc067d7d7353fe272b,ent_312642cda4a86945e21c6ab3175203ec,INVOLVES,200
evt_623ca9dbd211c3fc067d7d7353fe272b,ent_214163861ed8ac3fdfdb4674bf5536af,INVOLVES,200
evt_00b7d4266fc2298a3fb1068e58dcf30b,ent_02349980bba8ce563cdf709f74f96fc1,INVOLVES,200
evt_00b7d4266fc2298a3fb1068e58dcf30b,ent_6d3207d702c9dc917a10d34060bb5fb3,INVOLVES,200
evt_00b7d4266fc2298a3fb1068e58dcf30b,ent_312642cda4a86945e21c6ab3175203ec,INVOLVES,200
evt_00b7d4266fc2298a3fb1068e58dcf30b,ent_214163861ed8ac3fdfdb4674bf5536af,INVOLVES,200
evt_00b7d4266fc2298a3fb1068e58dcf30b,ent_a4b7eef5e0f0cb96519248d404a67a64,INVOLVES,200
evt_00b7d4266fc2298a3fb1068e58dcf30b,ent_fcec4dfb15d3b1bbca330f390cf0b345,INVOLVES,200
evt_00b7d4266fc2298a3fb1068e58dcf30b,ent_4fa2deebbdd08f8db412355fd5c496b0,INVOLVES,200
evt_a35e56b38e9fc4873ad151b38d1dacd0,ent_02349980bba8ce563cdf709f74f96fc1,INVOLVES,200
evt_a35e56b38e9fc4873ad151b38d1dacd0,ent_6d3207d702c9dc917a10d34060bb5fb3,INVOLVES,200
evt_a35e56b38e9fc4873ad151b38d1dacd0,ent_312642cda4a86945e21c6ab3175203ec,INVOLVES,200
evt_a35e56b38e9fc4873ad151b38d1dacd0,ent_214163861ed8ac3fdfdb4674bf5536af,INVOLVES,200
evt_a35e56b38e9fc4873ad151b38d1dacd0,ent_a4b7eef5e0f0cb96519248d404a67a64,INVOLVES,200
evt_a35e56b38e9fc4873ad151b38d1dacd0,ent_fcec4dfb15d3b1bbca330f390cf0b345,INVOLVES,200
evt_a35e56b38e9fc4873ad151b38d1dacd0,ent_4fa2deebbdd08f8db412355fd5c496b0,INVOLVES,200
evt_a8fd9b63ab1c2806580ffd36dff108da,ent_02349980bba8ce563cdf709f74f96fc1,INVOLVES,200
evt_a8fd9b63ab1c2806580ffd36dff108da,ent_6d3207d702c9dc917a10d34060bb5fb3,INVOLVES,200
evt_a8fd9b63ab1c2806580ffd36dff108da,ent_312642cda4a86945e21c6ab3175203ec,INVOLVES,200
evt_a8fd9b63ab1c2806580ffd36dff108da,ent_214163861ed8ac3fdfdb4674bf5536af,INVOLVES,200
evt_a8fd9b63ab1c2806580ffd36dff108da,ent_a4b7eef5e0f0cb96519248d404a67a64,INVOLVES,200
evt_a8fd9b63ab1c2806580ffd36dff108da,ent_fcec4dfb15d3b1bbca330f390cf0b345,INVOLVES,200
evt_a8fd9b63ab1c2806580ffd36dff108da,ent_4fa2deebbdd08f8db412355fd5c496b0,INVOLVES,200
evt_3c810114ecee2610ef4f5f2fb2bf2026,ent_6d3207d702c9dc917a10d34060bb5fb3,INVOLVES,200
evt_3c810114ecee2610ef4f5f2fb2bf2026,ent_312642cda4a86945e21c6ab3175203ec,INVOLVES,200
evt_3c810114ecee2610ef4f5f2fb2bf2026,ent_214163861ed8ac3fdfdb4674bf5536af,INVOLVES,200
evt_3c810114ecee2610ef4f5f2fb2bf2026,ent_a4b7eef5e0f0cb96519248d404a67a64,INVOLVES,200
evt_3c810114ecee2610ef4f5f2fb2bf2026,ent_fcec4dfb15d3b1bbca330f390cf0b345,INVOLVES,200
evt_3c810114ecee2610ef4f5f2fb2bf2026,ent_4fa2deebbdd08f8db412355fd5c496b0,INVOLVES,200
evt_3c810114ecee2610ef4f5f2fb2bf2026,ent_02349980bba8ce563cdf709f74f96fc1,INVOLVES,200
evt_3c810114ecee2610ef4f5f2fb2bf2026,ent_48ea79dff880c7682258bb0a3bae8178,INVOLVES,200
evt_3c810114ecee2610ef4f5f2fb2bf2026,ent_748ccf11933568d67d958bd3614f5c6b,INVOLVES,200
evt_1d7ffbb63b2d0f84d3a7b4e10cc5e4a8,ent_02349980bba8ce563cdf709f74f96fc1,INVOLVES,200
evt_1d7ffbb63b2d0f84d3a7b4e10cc5e4a8,ent_d36b13410347d500de53637c8b77e430,INVOLVES,200
evt_1d7ffbb63b2d0f84d3a7b4e10cc5e4a8,ent_df391083abdce3b18ebe91fbb54fefcf,INVOLVES,200
evt_1d7ffbb63b2d0f84d3a7b4e10cc5e4a8,ent_022dceeb82c260e3c1e10672e0f27a2e,INVOLVES,200
evt_1d7ffbb63b2d0f84d3a7b4e10cc5e4a8,ent_214163861ed8ac3fdfdb4674bf5536af,INVOLVES,200
evt_1d7ffbb63b2d0f84d3a7b4e10cc5e4a8,ent_495afcb676206fea707516bc464d8f6e,INVOLVES,200
evt_4f1edcbfbdeedfdedacc1a4ce104dbca,ent_df391083abdce3b18ebe91fbb54fefcf,INVOLVES,200
evt_4f1edcbfbdeedfdedacc1a4ce104dbca,ent_022dceeb82c260e3c1e10672e0f27a2e,INVOLVES,200
evt_4f1edcbfbdeedfdedacc1a4ce104dbca,ent_214163861ed8ac3fdfdb4674bf5536af,INVOLVES,200
evt_4f1edcbfbdeedfdedacc1a4ce104dbca,ent_495afcb676206fea707516bc464d8f6e,INVOLVES,200
evt_4f1edcbfbdeedfdedacc1a4ce104dbca,ent_d36b13410347d500de53637c8b77e430,INVOLVES,200
evt_4f1edcbfbdeedfdedacc1a4ce104dbca,ent_02349980bba8ce563cdf709f74f96fc1,INVOLVES,200
evt_4f1edcbfbdeedfdedacc1a4ce104dbca,ent_312642cda4a86945e21c6ab3175203ec,INVOLVES,200
evt_4f1edcbfbdeedfdedacc1a4ce104dbca,ent_a43633bbbb0186f01ee4fc0c14c7cb3e,INVOLVES,200
evt_4f1edcbfbdeedfdedacc1a4ce104dbca,ent_6d3207d702c9dc917a10d34060bb5fb3,INVOLVES,200
evt_4f1edcbfbdeedfdedacc1a4ce104dbca,ent_1f566db4d2cd7698cecaf043f73a965b,INVOLVES,200
evt_b03ebab3de1f498fbca297acf2a7bc4a,ent_a6964d34244b0c371d8daae23166c026,INVOLVES,200
evt_b03ebab3de1f498fbca297acf2a7bc4a,ent_8e98893c23af790798e3cb6bd4d134d2,INVOLVES,200
evt_b03ebab3de1f498fbca297acf2a7bc4a,ent_8a7d19ee0dbb938f5d3827db560206fc,INVOLVES,200
evt_b03ebab3de1f498fbca297acf2a7bc4a,ent_05f2a9d802e0eadc7d4f3075cef990ed,INVOLVES,200
evt_0e71c311a9744576aa9e50338cf501ca,ent_a6964d34244b0c371d8daae23166c026,INVOLVES,200
evt_0e71c311a9744576aa9e50338cf501ca,ent_8e98893c23af790798e3cb6bd4d134d2,INVOLVES,200
evt_0e71c311a9744576aa9e50338cf501ca,ent_8a7d19ee0dbb938f5d3827db560206fc,INVOLVES,200
evt_0e71c311a9744576aa9e50338cf501ca,ent_05f2a9d802e0eadc7d4f3075cef990ed,INVOLVES,200
evt_0e71c311a9744576aa9e50338cf501ca,ent_02e2900c7bc2c839b4390279476a3fce,INVOLVES,200
evt_c42a1c5d83317ae4f6ef951834b4315d,ent_a6964d34244b0c371d8daae23166c026,INVOLVES,200
evt_c42a1c5d83317ae4f6ef951834b4315d,ent_8e98893c23af790798e3cb6bd4d134d2,INVOLVES,200
evt_c42a1c5d83317ae4f6ef951834b4315d,ent_8a7d19ee0dbb938f5d3827db560206fc,INVOLVES,200
evt_c42a1c5d83317ae4f6ef951834b4315d,ent_05f2a9d802e0eadc7d4f3075cef990ed,INVOLVES,200
evt_c42a1c5d83317ae4f6ef951834b4315d,ent_02e2900c7bc2c839b4390279476a3fce,INVOLVES,200
evt_1947c96294ba6d0226a672249bcf02b3,ent_8e98893c23af790798e3cb6bd4d134d2,INVOLVES,200
evt_1947c96294ba6d0226a672249bcf02b3,ent_a6964d34244b0c371d8daae23166c026,INVOLVES,200
evt_1947c96294ba6d0226a672249bcf02b3,ent_8a7d19ee0dbb938f5d3827db560206fc,INVOLVES,200
evt_1947c96294ba6d0226a672249bcf02b3,ent_05f2a9d802e0eadc7d4f3075cef990ed,INVOLVES,200
evt_1947c96294ba6d0226a672249bcf02b3,ent_02e2900c7bc2c839b4390279476a3fce,INVOLVES,200
evt_17f7bb11fed6de8dfdb0ffdc687a08d1,ent_0b9055a0bfe599497955cadf9434a469,INVOLVES,200
evt_17f7bb11fed6de8dfdb0ffdc687a08d1,ent_5b04261b9a3cefd8580c6e1a5f2b2359,INVOLVES,200
evt_17f7bb11fed6de8dfdb0ffdc687a08d1,ent_471394ace83d5b4db4fb120c6fec5110,INVOLVES,200
evt_17f7bb11fed6de8dfdb0ffdc687a08d1,ent_953ed7561a8f6baf7c8c22974261b5d3,INVOLVES,200
evt_17f7bb11fed6de8dfdb0ffdc687a08d1,ent_1f1bbbfe17b4f26a9e03b9a2f112d4ac,INVOLVES,200
evt_17f7bb11fed6de8dfdb0ffdc687a08d1,ent_05f2a9d802e0eadc7d4f3075cef990ed,INVOLVES,200
evt_17f7bb11fed6de8dfdb0ffdc687a08d1,ent_72dbcc5691163f3b8e0d416190bdf8bc,INVOLVES,200
evt_09b2db7fe3200593b6ed5bc61b47cc00,ent_0b9055a0bfe599497955cadf9434a469,INVOLVES,200
evt_09b2db7fe3200593b6ed5bc61b47cc00,ent_5b04261b9a3cefd8580c6e1a5f2b2359,INVOLVES,200
evt_09b2db7fe3200593b6ed5bc61b47cc00,ent_471394ace83d5b4db4fb120c6fec5110,INVOLVES,200
evt_09b2db7fe3200593b6ed5bc61b47cc00,ent_953ed7561a8f6baf7c8c22974261b5d3,INVOLVES,200
evt_09b2db7fe3200593b6ed5bc61b47cc00,ent_1f1bbbfe17b4f26a9e03b9a2f112d4ac,INVOLVES,200
evt_09b2db7fe3200593b6ed5bc61b47cc00,ent_05f2a9d802e0eadc7d4f3075cef990ed,INVOLVES,200
evt_09b2db7fe3200593b6ed5bc61b47cc00,ent_72dbcc5691163f3b8e0d416190bdf8bc,INVOLVES,200
evt_1b6a3ea401c8729dd1e649ca3df53c1f,ent_5b04261b9a3cefd8580c6e1a5f2b2359,INVOLVES,200
evt_1b6a3ea401c8729dd1e649ca3df53c1f,ent_471394ace83d5b4db4fb120c6fec5110,INVOLVES,200
evt_1b6a3ea401c8729dd1e649ca3df53c1f,ent_953ed7561a8f6baf7c8c22974261b5d3,INVOLVES,200
evt_1b6a3ea401c8729dd1e649ca3df53c1f,ent_1f1bbbfe17b4f26a9e03b9a2f112d4ac,INVOLVES,200
evt_1b6a3ea401c8729dd1e649ca3df53c1f,ent_05f2a9d802e0eadc7d4f3075cef990ed,INVOLVES,200
evt_1b6a3ea401c8729dd1e649ca3df53c1f,ent_72dbcc5691163f3b8e0d416190bdf8bc,INVOLVES,200
evt_d6683e93e4f0395797b7acf163d062f9,ent_253136cb59f92a476d73df896c1aa097,INVOLVES,200
evt_d6683e93e4f0395797b7acf163d062f9,ent_02349980bba8ce563cdf709f74f96fc1,INVOLVES,200
evt_d6683e93e4f0395797b7acf163d062f9,ent_05f2a9d802e0eadc7d4f3075cef990ed,INVOLVES,200
evt_d6683e93e4f0395797b7acf163d062f9,ent_8a7d19ee0dbb938f5d3827db560206fc,INVOLVES,200
evt_d6683e93e4f0395797b7acf163d062f9,ent_02e2900c7bc2c839b4390279476a3fce,INVOLVES,200
evt_d4d87cc7aeaf17f2fa899f9a90536026,ent_253136cb59f92a476d73df896c1aa097,INVOLVES,200
evt_d4d87cc7aeaf17f2fa899f9a90536026,ent_02349980bba8ce563cdf709f74f96fc1,INVOLVES,200
evt_d4d87cc7aeaf17f2fa899f9a90536026,ent_05f2a9d802e0eadc7d4f3075cef990ed,INVOLVES,200
evt_d4d87cc7aeaf17f2fa899f9a90536026,ent_8a7d19ee0dbb938f5d3827db560206fc,INVOLVES,200
evt_d4d87cc7aeaf17f2fa899f9a90536026,ent_02e2900c7bc2c839b4390279476a3fce,INVOLVES,200
evt_58c60e63a17a9d1eb2884f6ac8886d81,ent_253136cb59f92a476d73df896c1aa097,INVOLVES,200
evt_58c60e63a17a9d1eb2884f6ac8886d81,ent_02349980bba8ce563cdf709f74f96fc1,INVOLVES,200
evt_58c60e63a17a9d1eb2884f6ac8886d81,ent_05f2a9d802e0eadc7d4f3075cef990ed,INVOLVES,200
evt_58c60e63a17a9d1eb2884f6ac8886d81,ent_8a7d19ee0dbb938f5d3827db560206fc,INVOLVES,200
evt_58c60e63a17a9d1eb2884f6ac8886d81,ent_02e2900c7bc2c839b4390279476a3fce,INVOLVES,200
evt_b3787cf77da8e4460a7040fb365a681a,ent_253136cb59f92a476d73df896c1aa097,INVOLVES,200
evt_b3787cf77da8e4460a7040fb365a681a,ent_02349980bba8ce563cdf709f74f96fc1,INVOLVES,200
evt_b3787cf77da8e4460a7040fb365a681a,ent_05f2a9d802e0eadc7d4f3075cef990ed,INVOLVES,200
evt_b3787cf77da8e4460a7040fb365a681a,ent_8a7d19ee0dbb938f5d3827db560206fc,INVOLVES,200
evt_b3787cf77da8e4460a7040fb365a681a,ent_02e2900c7bc2c839b4390279476a3fce,INVOLVES,200
evt_273c6eb18031cc4f8cc75c5acd6e5cc7,ent_253136cb59f92a476d73df896c1aa097,INVOLVES,200
evt_273c6eb18031cc4f8cc75c5acd6e5cc7,ent_02349980bba8ce563cdf709f74f96fc1,INVOLVES,200
evt_273c6eb18031cc4f8cc75c5acd6e5cc7,ent_05f2a9d802e0eadc7d4f3075cef990ed,INVOLVES,200
evt_273c6eb18031cc4f8cc75c5acd6e5cc7,ent_8a7d19ee0dbb938f5d3827db560206fc,INVOLVES,200
evt_273c6eb18031cc4f8cc75c5acd6e5cc7,ent_02e2900c7bc2c839b4390279476a3fce,INVOLVES,200
evt_55bdf39dad730da7b282652662a3c06f,ent_253136cb59f92a476d73df896c1aa097,INVOLVES,200
evt_55bdf39dad730da7b282652662a3c06f,ent_02349980bba8ce563cdf709f74f96fc1,INVOLVES,200
evt_55bdf39dad730da7b282652662a3c06f,ent_05f2a9d802e0eadc7d4f3075cef990ed,INVOLVES,200
evt_55bdf39dad730da7b282652662a3c06f,ent_8a7d19ee0dbb938f5d3827db560206fc,INVOLVES,200
evt_55bdf39dad730da7b282652662a3c06f,ent_02e2900c7bc2c839b4390279476a3fce,INVOLVES,200
evt_6c8b8541eb0384d2ac7fc4092b259a7e,ent_02349980bba8ce563cdf709f74f96fc1,INVOLVES,200
evt_6c8b8541eb0384d2ac7fc4092b259a7e,ent_253136cb59f92a476d73df896c1aa097,INVOLVES,200
evt_6c8b8541eb0384d2ac7fc4092b259a7e,ent_05f2a9d802e0eadc7d4f3075cef990ed,INVOLVES,200
evt_6c8b8541eb0384d2ac7fc4092b259a7e,ent_8a7d19ee0dbb938f5d3827db560206fc,INVOLVES,200
evt_6c8b8541eb0384d2ac7fc4092b259a7e,ent_02e2900c7bc2c839b4390279476a3fce,INVOLVES,200
evt_ec07eb84db8b65557aaded06aff93414,ent_02349980bba8ce563cdf709f74f96fc1,INVOLVES,200
evt_ec07eb84db8b65557aaded06aff93414,ent_253136cb59f92a476d73df896c1aa097,INVOLVES,200
evt_ec07eb84db8b65557aaded06aff93414,ent_05f2a9d802e0eadc7d4f3075cef990ed,INVOLVES,200
evt_ec07eb84db8b65557aaded06aff93414,ent_8a7d19ee0dbb938f5d3827db560206fc,INVOLVES,200
evt_ec07eb84db8b65557aaded06aff93414,ent_02e2900c7bc2c839b4390279476a3fce,INVOLVES,200
evt_b9f722621fcca92af4eb568120b129a8,ent_82155097cf7cbd5bbc2119f0216212b9,INVOLVES,200
evt_b9f722621fcca92af4eb568120b129a8,ent_e497b9e79268cd5d85885cfe327581b0,INVOLVES,200
evt_b9f722621fcca92af4eb568120b129a8,ent_d36b13410347d500de53637c8b77e430,INVOLVES,200
evt_cb199e4fbadbd62018f9bdbcfa337b8c,ent_06e268914dba853f1fac062656165032,INVOLVES,200
evt_cb199e4fbadbd62018f9bdbcfa337b8c,ent_7aade72315c6da51481c5a703fccdfc9,INVOLVES,200
evt_cb199e4fbadbd62018f9bdbcfa337b8c,ent_b0cf174f6be0d1824ba454ecd526c681,INVOLVES,200
evt_cb199e4fbadbd62018f9bdbcfa337b8c,ent_fe60a6c64f4797bb973018d0f8cf7747,INVOLVES,200
evt_bb04a6fd8d9be17806304d7dc0b4facf,ent_06e268914dba853f1fac062656165032,INVOLVES,200
evt_bb04a6fd8d9be17806304d7dc0b4facf,ent_7aade72315c6da51481c5a703fccdfc9,INVOLVES,200
evt_bb04a6fd8d9be17806304d7dc0b4facf,ent_b0cf174f6be0d1824ba454ecd526c681,INVOLVES,200
evt_bb04a6fd8d9be17806304d7dc0b4facf,ent_fe60a6c64f4797bb973018d0f8cf7747,INVOLVES,200
evt_bb04a6fd8d9be17806304d7dc0b4facf,ent_ae301d869cbe37acb145ed3385d8220d,INVOLVES,200
evt_bb04a6fd8d9be17806304d7dc0b4facf,ent_8d3d17b3744d413b7f2d218b9199676d,INVOLVES,200
evt_bb04a6fd8d9be17806304d7dc0b4facf,ent_fcec4dfb15d3b1bbca330f390cf0b345,INVOLVES,200
evt_bb04a6fd8d9be17806304d7dc0b4facf,ent_2b4da846ceb3fb791e7085aff5e20a1b,INVOLVES,200
evt_7688dac0e0a3446b399c214e46664779,ent_7aade72315c6da51481c5a703fccdfc9,INVOLVES,200
evt_7688dac0e0a3446b399c214e46664779,ent_b0cf174f6be0d1824ba454ecd526c681,INVOLVES,200
evt_7688dac0e0a3446b399c214e46664779,ent_fe60a6c64f4797bb973018d0f8cf7747,INVOLVES,200
evt_7688dac0e0a3446b399c214e46664779,ent_ae301d869cbe37acb145ed3385d8220d,INVOLVES,200
evt_7688dac0e0a3446b399c214e46664779,ent_8d3d17b3744d413b7f2d218b9199676d,INVOLVES,200
evt_7688dac0e0a3446b399c214e46664779,ent_fcec4dfb15d3b1bbca330f390cf0b345,INVOLVES,200
evt_7688dac0e0a3446b399c214e46664779,ent_06e268914dba853f1fac062656165032,INVOLVES,200
evt_7688dac0e0a3446b399c214e46664779,ent_2b4da846ceb3fb791e7085aff5e20a1b,INVOLVES,200
evt_7688dac0e0a3446b399c214e46664779,ent_7cc92f29b910fe8b368034e132f992ff,INVOLVES,200
evt_7688dac0e0a3446b399c214e46664779,ent_633296e4452634e8a702ce777b71aeb9,INVOLVES,200
evt_7688dac0e0a3446b399c214e46664779,ent_08479ce7c775a2000ef402307da43913,INVOLVES,200
evt_3f2d01e2a1078863410b18baa8764c05,ent_ae301d869cbe37acb145ed3385d8220d,INVOLVES,200
evt_3f2d01e2a1078863410b18baa8764c05,ent_8d3d17b3744d413b7f2d218b9199676d,INVOLVES,200
evt_3f2d01e2a1078863410b18baa8764c05,ent_fcec4dfb15d3b1bbca330f390cf0b345,INVOLVES,200
evt_3f2d01e2a1078863410b18baa8764c05,ent_06e268914dba853f1fac062656165032,INVOLVES,200
evt_3f2d01e2a1078863410b18baa8764c05,ent_2b4da846ceb3fb791e7085aff5e20a1b,INVOLVES,200
evt_3f2d01e2a1078863410b18baa8764c05,ent_7cc92f29b910fe8b368034e132f992ff,INVOLVES,200
evt_3f2d01e2a1078863410b18baa8764c05,ent_633296e4452634e8a702ce777b71aeb9,INVOLVES,200
evt_3f2d01e2a1078863410b18baa8764c05,ent_08479ce7c775a2000ef402307da43913,INVOLVES,200
evt_e49bb59285fecd5de9140550db5acb17,ent_fcec4dfb15d3b1bbca330f390cf0b345,INVOLVES,200
evt_e49bb59285fecd5de9140550db5acb17,ent_06e268914dba853f1fac062656165032,INVOLVES,200
evt_e49bb59285fecd5de9140550db5acb17,ent_2b4da846ceb3fb791e7085aff5e20a1b,INVOLVES,200
evt_e49bb59285fecd5de9140550db5acb17,ent_7cc92f29b910fe8b368034e132f992ff,INVOLVES,200
evt_e49bb59285fecd5de9140550db5acb17,ent_633296e4452634e8a702ce777b71aeb9,INVOLVES,200
evt_e49bb59285fecd5de9140550db5acb17,ent_08479ce7c775a2000ef402307da43913,INVOLVES,200
evt_213576ea80dddcc1ae13a79213397376,ent_7cc92f29b910fe8b368034e132f992ff,INVOLVES,200
evt_213576ea80dddcc1ae13a79213397376,ent_2b4da846ceb3fb791e7085aff5e20a1b,INVOLVES,200
evt_213576ea80dddcc1ae13a79213397376,ent_633296e4452634e8a702ce777b71aeb9,INVOLVES,200
evt_213576ea80dddcc1ae13a79213397376,ent_08479ce7c775a2000ef402307da43913,INVOLVES,200
evt_213576ea80dddcc1ae13a79213397376,ent_06e268914dba853f1fac062656165032,INVOLVES,200
evt_84513de48b4023105252d94d87c2912a,ent_2b4da846ceb3fb791e7085aff5e20a1b,INVOLVES,200
evt_84513de48b4023105252d94d87c2912a,ent_633296e4452634e8a702ce777b71aeb9,INVOLVES,200
evt_84513de48b4023105252d94d87c2912a,ent_08479ce7c775a2000ef402307da43913,INVOLVES,200
evt_84513de48b4023105252d94d87c2912a,ent_06e268914dba853f1fac062656165032,INVOLVES,200
evt_a9fb942d3689a730b81fdcbf7e1e752f,ent_b580f0864a9409084f46cf6c3eb31120,INVOLVES,200
evt_a9fb942d3689a730b81fdcbf7e1e752f,ent_02349980bba8ce563cdf709f74f96fc1,INVOLVES,200
evt_a9fb942d3689a730b81fdcbf7e1e752f,ent_ac2a93ae39ccb2a676428e73ec691cfc,INVOLVES,200
evt_a9fb942d3689a730b81fdcbf7e1e752f,ent_1f1bbbfe17b4f26a9e03b9a2f112d4ac,INVOLVES,200
evt_a9fb942d3689a730b81fdcbf7e1e752f,ent_e29be607c970e152d13d41bac266dcd3,INVOLVES,200
evt_24096ce553c3b6a54afeef0ea4a95e44,ent_b580f0864a9409084f46cf6c3eb31120,INVOLVES,200
evt_24096ce553c3b6a54afeef0ea4a95e44,ent_02349980bba8ce563cdf709f74f96fc1,INVOLVES,200
evt_24096ce553c3b6a54afeef0ea4a95e44,ent_ac2a93ae39ccb2a676428e73ec691cfc,INVOLVES,200
evt_24096ce553c3b6a54afeef0ea4a95e44,ent_1f1bbbfe17b4f26a9e03b9a2f112d4ac,INVOLVES,200
evt_24096ce553c3b6a54afeef0ea4a95e44,ent_e29be607c970e152d13d41bac266dcd3,INVOLVES,200
evt_d803e2e19284c160a8adcd83a98410c5,ent_b580f0864a9409084f46cf6c3eb31120,INVOLVES,200
evt_d803e2e19284c160a8adcd83a98410c5,ent_02349980bba8ce563cdf709f74f96fc1,INVOLVES,200
evt_d803e2e19284c160a8adcd83a98410c5,ent_ac2a93ae39ccb2a676428e73ec691cfc,INVOLVES,200
evt_d803e2e19284c160a8adcd83a98410c5,ent_1f1bbbfe17b4f26a9e03b9a2f112d4ac,INVOLVES,200
evt_d803e2e19284c160a8adcd83a98410c5,ent_e29be607c970e152d13d41bac266dcd3,INVOLVES,200
evt_d803e2e19284c160a8adcd83a98410c5,ent_05f2a9d802e0eadc7d4f3075cef990ed,INVOLVES,200
evt_77ab44baca55ce501d37b7bea43b9a9e,ent_b580f0864a9409084f46cf6c3eb31120,INVOLVES,200
evt_77ab44baca55ce501d37b7bea43b9a9e,ent_02349980bba8ce563cdf709f74f96fc1,INVOLVES,200
evt_77ab44baca55ce501d37b7bea43b9a9e,ent_ac2a93ae39ccb2a676428e73ec691cfc,INVOLVES,200
evt_77ab44baca55ce501d37b7bea43b9a9e,ent_1f1bbbfe17b4f26a9e03b9a2f112d4ac,INVOLVES,200
evt_77ab44baca55ce501d37b7bea43b9a9e,ent_e29be607c970e152d13d41bac266dcd3,INVOLVES,200
evt_77ab44baca55ce501d37b7bea43b9a9e,ent_05f2a9d802e0eadc7d4f3075cef990ed,INVOLVES,200
evt_e9b70f8bf6cc5f3b6504e8f834ea5145,ent_06e268914dba853f1fac062656165032,INVOLVES,200
evt_e9b70f8bf6cc5f3b6504e8f834ea5145,ent_fe60a6c64f4797bb973018d0f8cf7747,INVOLVES,200
evt_e9b70f8bf6cc5f3b6504e8f834ea5145,ent_b0cf174f6be0d1824ba454ecd526c681,INVOLVES,200
evt_e9b70f8bf6cc5f3b6504e8f834ea5145,ent_8bb4538ce06736290dd4142ce9392c11,INVOLVES,200
evt_8e64a6936878cdb332615b9360619d5c,ent_06e268914dba853f1fac062656165032,INVOLVES,200
evt_8e64a6936878cdb332615b9360619d5c,ent_fe60a6c64f4797bb973018d0f8cf7747,INVOLVES,200
evt_8e64a6936878cdb332615b9360619d5c,ent_b0cf174f6be0d1824ba454ecd526c681,INVOLVES,200
evt_8e64a6936878cdb332615b9360619d5c,ent_8bb4538ce06736290dd4142ce9392c11,INVOLVES,200
evt_8e64a6936878cdb332615b9360619d5c,ent_2b4da846ceb3fb791e7085aff5e20a1b,INVOLVES,200
evt_94c09a68b5eca751a2064e010f560a33,ent_06e268914dba853f1fac062656165032,INVOLVES,200
evt_94c09a68b5eca751a2064e010f560a33,ent_fe60a6c64f4797bb973018d0f8cf7747,INVOLVES,200
evt_94c09a68b5eca751a2064e010f560a33,ent_b0cf174f6be0d1824ba454ecd526c681,INVOLVES,200
evt_94c09a68b5eca751a2064e010f560a33,ent_8bb4538ce06736290dd4142ce9392c11,INVOLVES,200
evt_94c09a68b5eca751a2064e010f560a33,ent_2b4da846ceb3fb791e7085aff5e20a1b,INVOLVES,200
evt_94c09a68b5eca751a2064e010f560a33,ent_f41516e686bf9e96f9242b30e5934b8a,INVOLVES,200
evt_3da812a39b9212b31c04ae772054ec6c,ent_06e268914dba853f1fac062656165032,INVOLVES,200
evt_3da812a39b9212b31c04ae772054ec6c,ent_fe60a6c64f4797bb973018d0f8cf7747,INVOLVES,200
evt_3da812a39b9212b31c04ae772054ec6c,ent_b0cf174f6be0d1824ba454ecd526c681,INVOLVES,200
evt_3da812a39b9212b31c04ae772054ec6c,ent_8bb4538ce06736290dd4142ce9392c11,INVOLVES,200
evt_3da812a39b9212b31c04ae772054ec6c,ent_2b4da846ceb3fb791e7085aff5e20a1b,INVOLVES,200
evt_3da812a39b9212b31c04ae772054ec6c,ent_f41516e686bf9e96f9242b30e5934b8a,INVOLVES,200
evt_3da812a39b9212b31c04ae772054ec6c,ent_b3c5e4dc349819b7d639f507752d2635,INVOLVES,200
evt_4df7f6ccfd5603ea9005cc3770c92a12,ent_fe60a6c64f4797bb973018d0f8cf7747,INVOLVES,200
evt_4df7f6ccfd5603ea9005cc3770c92a12,ent_b0cf174f6be0d1824ba454ecd526c681,INVOLVES,200
evt_4df7f6ccfd5603ea9005cc3770c92a12,ent_8bb4538ce06736290dd4142ce9392c11,INVOLVES,200
evt_4df7f6ccfd5603ea9005cc3770c92a12,ent_2b4da846ceb3fb791e7085aff5e20a1b,INVOLVES,200
evt_4df7f6ccfd5603ea9005cc3770c92a12,ent_f41516e686bf9e96f9242b30e5934b8a,INVOLVES,200
evt_4df7f6ccfd5603ea9005cc3770c92a12,ent_b3c5e4dc349819b7d639f507752d2635,INVOLVES,200
evt_fd53a09cf4606029d1ad4c5c90626080,ent_0b9055a0bfe599497955cadf9434a469,INVOLVES,200
evt_fd53a09cf4606029d1ad4c5c90626080,ent_813bebc3da0ddea0756bdf775a13d15c,INVOLVES,200
evt_fd53a09cf4606029d1ad4c5c90626080,ent_ac2a93ae39ccb2a676428e73ec691cfc,INVOLVES,200
evt_fd53a09cf4606029d1ad4c5c90626080,ent_b580f0864a9409084f46cf6c3eb31120,INVOLVES,200
evt_fd53a09cf4606029d1ad4c5c90626080,ent_05f2a9d802e0eadc7d4f3075cef990ed,INVOLVES,200
evt_fd53a09cf4606029d1ad4c5c90626080,ent_5b04261b9a3cefd8580c6e1a5f2b2359,INVOLVES,200
evt_fd53a09cf4606029d1ad4c5c90626080,ent_2b4da846ceb3fb791e7085aff5e20a1b,INVOLVES,200
evt_fd53a09cf4606029d1ad4c5c90626080,ent_7039f4ccf0c52dc765118c08c915f763,INVOLVES,200
evt_fd53a09cf4606029d1ad4c5c90626080,ent_72dbcc5691163f3b8e0d416190bdf8bc,INVOLVES,200
evt_f3e53ebc41719c8be78c64ad3cca57a9,ent_0b9055a0bfe599497955cadf9434a469,INVOLVES,200
evt_f3e53ebc41719c8be78c64ad3cca57a9,ent_813bebc3da0ddea0756bdf775a13d15c,INVOLVES,200
evt_f3e53ebc41719c8be78c64ad3cca57a9,ent_ac2a93ae39ccb2a676428e73ec691cfc,INVOLVES,200
evt_f3e53ebc41719c8be78c64ad3cca57a9,ent_b580f0864a9409084f46cf6c3eb31120,INVOLVES,200
evt_f3e53ebc41719c8be78c64ad3cca57a9,ent_05f2a9d802e0eadc7d4f3075cef990ed,INVOLVES,200
evt_f3e53ebc41719c8be78c64ad3cca57a9,ent_5b04261b9a3cefd8580c6e1a5f2b2359,INVOLVES,200
evt_f3e53ebc41719c8be78c64ad3cca57a9,ent_2b4da846ceb3fb791e7085aff5e20a1b,INVOLVES,200
evt_f3e53ebc41719c8be78c64ad3cca57a9,ent_7039f4ccf0c52dc765118c08c915f763,INVOLVES,200
evt_f3e53ebc41719c8be78c64ad3cca57a9,ent_72dbcc5691163f3b8e0d416190bdf8bc,INVOLVES,200
evt_f3e53ebc41719c8be78c64ad3cca57a9,ent_73fa0e42287411cbd8b23d6795219a6a,INVOLVES,200
evt_e4e5ce49f3da6e13ccd23d39bb9be88e,ent_0b9055a0bfe599497955cadf9434a469,INVOLVES,200
evt_e4e5ce49f3da6e13ccd23d39bb9be88e,ent_813bebc3da0ddea0756bdf775a13d15c,INVOLVES,200
evt_e4e5ce49f3da6e13ccd23d39bb9be88e,ent_ac2a93ae39ccb2a676428e73ec691cfc,INVOLVES,200
evt_e4e5ce49f3da6e13ccd23d39bb9be88e,ent_b580f0864a9409084f46cf6c3eb31120,INVOLVES,200
evt_e4e5ce49f3da6e13ccd23d39bb9be88e,ent_05f2a9d802e0eadc7d4f3075cef990ed,INVOLVES,200
evt_e4e5ce49f3da6e13ccd23d39bb9be88e,ent_5b04261b9a3cefd8580c6e1a5f2b2359,INVOLVES,200
evt_e4e5ce49f3da6e13ccd23d39bb9be88e,ent_2b4da846ceb3fb791e7085aff5e20a1b,INVOLVES,200
evt_e4e5ce49f3da6e13ccd23d39bb9be88e,ent_7039f4ccf0c52dc765118c08c915f763,INVOLVES,200
evt_e4e5ce49f3da6e13ccd23d39bb9be88e,ent_72dbcc5691163f3b8e0d416190bdf8bc,INVOLVES,200
evt_e4e5ce49f3da6e13ccd23d39bb9be88e,ent_73fa0e42287411cbd8b23d6795219a6a,INVOLVES,200
evt_43624f3905f5f4ff06000c61c0c37051,ent_b580f0864a9409084f46cf6c3eb31120,INVOLVES,200
evt_43624f3905f5f4ff06000c61c0c37051,ent_05f2a9d802e0eadc7d4f3075cef990ed,INVOLVES,200
evt_43624f3905f5f4ff06000c61c0c37051,ent_5b04261b9a3cefd8580c6e1a5f2b2359,INVOLVES,200
evt_43624f3905f5f4ff06000c61c0c37051,ent_2b4da846ceb3fb791e7085aff5e20a1b,INVOLVES,200
evt_43624f3905f5f4ff06000c61c0c37051,ent_7039f4ccf0c52dc765118c08c915f763,INVOLVES,200
evt_43624f3905f5f4ff06000c61c0c37051,ent_72dbcc5691163f3b8e0d416190bdf8bc,INVOLVES,200
evt_43624f3905f5f4ff06000c61c0c37051,ent_73fa0e42287411cbd8b23d6795219a6a,INVOLVES,200
evt_8a8e4c9978588534a4a8cca6fe25e2e0,ent_b580f0864a9409084f46cf6c3eb31120,INVOLVES,200
evt_8a8e4c9978588534a4a8cca6fe25e2e0,ent_05f2a9d802e0eadc7d4f3075cef990ed,INVOLVES,200
evt_8a8e4c9978588534a4a8cca6fe25e2e0,ent_5b04261b9a3cefd8580c6e1a5f2b2359,INVOLVES,200
evt_8a8e4c9978588534a4a8cca6fe25e2e0,ent_2b4da846ceb3fb791e7085aff5e20a1b,INVOLVES,200
evt_8a8e4c9978588534a4a8cca6fe25e2e0,ent_7039f4ccf0c52dc765118c08c915f763,INVOLVES,200
evt_8a8e4c9978588534a4a8cca6fe25e2e0,ent_72dbcc5691163f3b8e0d416190bdf8bc,INVOLVES,200
evt_8a8e4c9978588534a4a8cca6fe25e2e0,ent_73fa0e42287411cbd8b23d6795219a6a,INVOLVES,200
evt_9ad26f20b95346ad569308548c0602a6,ent_b580f0864a9409084f46cf6c3eb31120,INVOLVES,200
evt_9ad26f20b95346ad569308548c0602a6,ent_05f2a9d802e0eadc7d4f3075cef990ed,INVOLVES,200
evt_9ad26f20b95346ad569308548c0602a6,ent_5b04261b9a3cefd8580c6e1a5f2b2359,INVOLVES,200
evt_9ad26f20b95346ad569308548c0602a6,ent_2b4da846ceb3fb791e7085aff5e20a1b,INVOLVES,200
evt_9ad26f20b95346ad569308548c0602a6,ent_7039f4ccf0c52dc765118c08c915f763,INVOLVES,200
evt_9ad26f20b95346ad569308548c0602a6,ent_72dbcc5691163f3b8e0d416190bdf8bc,INVOLVES,200
evt_9ad26f20b95346ad569308548c0602a6,ent_73fa0e42287411cbd8b23d6795219a6a,INVOLVES,200
evt_606e66bcbb4d69f671efa01bd5bb88a1,ent_05f2a9d802e0eadc7d4f3075cef990ed,INVOLVES,200
evt_606e66bcbb4d69f671efa01bd5bb88a1,ent_5b04261b9a3cefd8580c6e1a5f2b2359,INVOLVES,200
evt_606e66bcbb4d69f671efa01bd5bb88a1,ent_2b4da846ceb3fb791e7085aff5e20a1b,INVOLVES,200
evt_606e66bcbb4d69f671efa01bd5bb88a1,ent_7039f4ccf0c52dc765118c08c915f763,INVOLVES,200
evt_606e66bcbb4d69f671efa01bd5bb88a1,ent_72dbcc5691163f3b8e0d416190bdf8bc,INVOLVES,200
evt_606e66bcbb4d69f671efa01bd5bb88a1,ent_73fa0e42287411cbd8b23d6795219a6a,INVOLVES,200
evt_a5daa991df1cc58984093ffcdac59aab,ent_02349980bba8ce563cdf709f74f96fc1,INVOLVES,200
evt_a5daa991df1cc58984093ffcdac59aab,ent_6d3207d702c9dc917a10d34060bb5fb3,INVOLVES,200
evt_a5daa991df1cc58984093ffcdac59aab,ent_312642cda4a86945e21c6ab3175203ec,INVOLVES,200
evt_a5daa991df1cc58984093ffcdac59aab,ent_214163861ed8ac3fdfdb4674bf5536af,INVOLVES,200
evt_ba8579ed8677d5529c889206da17a59b,ent_02349980bba8ce563cdf709f74f96fc1,INVOLVES,200
evt_ba8579ed8677d5529c889206da17a59b,ent_6d3207d702c9dc917a10d34060bb5fb3,INVOLVES,200
evt_ba8579ed8677d5529c889206da17a59b,ent_312642cda4a86945e21c6ab3175203ec,INVOLVES,200
evt_ba8579ed8677d5529c889206da17a59b,ent_214163861ed8ac3fdfdb4674bf5536af,INVOLVES,200
evt_ba8579ed8677d5529c889206da17a59b,ent_a4b7eef5e0f0cb96519248d404a67a64,INVOLVES,200
evt_ba8579ed8677d5529c889206da17a59b,ent_fcec4dfb15d3b1bbca330f390cf0b345,INVOLVES,200
evt_ba8579ed8677d5529c889206da17a59b,ent_4fa2deebbdd08f8db412355fd5c496b0,INVOLVES,200
evt_688aff360d53636335eaec5988be7ff8,ent_02349980bba8ce563cdf709f74f96fc1,INVOLVES,200
evt_688aff360d53636335eaec5988be7ff8,ent_6d3207d702c9dc917a10d34060bb5fb3,INVOLVES,200
evt_688aff360d53636335eaec5988be7ff8,ent_312642cda4a86945e21c6ab3175203ec,INVOLVES,200
evt_688aff360d53636335eaec5988be7ff8,ent_214163861ed8ac3fdfdb4674bf5536af,INVOLVES,200
evt_688aff360d53636335eaec5988be7ff8,ent_a4b7eef5e0f0cb96519248d404a67a64,INVOLVES,200
evt_688aff360d53636335eaec5988be7ff8,ent_fcec4dfb15d3b1bbca330f390cf0b345,INVOLVES,200
evt_688aff360d53636335eaec5988be7ff8,ent_4fa2deebbdd08f8db412355fd5c496b0,INVOLVES,200
evt_b6d1ef5c156160ccc0f7e985b266bd98,ent_02349980bba8ce563cdf709f74f96fc1,INVOLVES,200
evt_b6d1ef5c156160ccc0f7e985b266bd98,ent_6d3207d702c9dc917a10d34060bb5fb3,INVOLVES,200
evt_b6d1ef5c156160ccc0f7e985b266bd98,ent_312642cda4a86945e21c6ab3175203ec,INVOLVES,200
evt_b6d1ef5c156160ccc0f7e985b266bd98,ent_214163861ed8ac3fdfdb4674bf5536af,INVOLVES,200
evt_b6d1ef5c156160ccc0f7e985b266bd98,ent_a4b7eef5e0f0cb96519248d404a67a64,INVOLVES,200
evt_b6d1ef5c156160ccc0f7e985b266bd98,ent_fcec4dfb15d3b1bbca330f390cf0b345,INVOLVES,200
evt_b6d1ef5c156160ccc0f7e985b266bd98,ent_4fa2deebbdd08f8db412355fd5c496b0,INVOLVES,200
evt_2279b1d6e56ea36a8c587451a5ae7b21,ent_6d3207d702c9dc917a10d34060bb5fb3,INVOLVES,200
evt_2279b1d6e56ea36a8c587451a5ae7b21,ent_312642cda4a86945e21c6ab3175203ec,INVOLVES,200
evt_2279b1d6e56ea36a8c587451a5ae7b21,ent_214163861ed8ac3fdfdb4674bf5536af,INVOLVES,200
evt_2279b1d6e56ea36a8c587451a5ae7b21,ent_a4b7eef5e0f0cb96519248d404a67a64,INVOLVES,200
evt_2279b1d6e56ea36a8c587451a5ae7b21,ent_fcec4dfb15d3b1bbca330f390cf0b345,INVOLVES,200
evt_2279b1d6e56ea36a8c587451a5ae7b21,ent_4fa2deebbdd08f8db412355fd5c496b0,INVOLVES,200
evt_2279b1d6e56ea36a8c587451a5ae7b21,ent_02349980bba8ce563cdf709f74f96fc1,INVOLVES,200
evt_2279b1d6e56ea36a8c587451a5ae7b21,ent_1f566db4d2cd7698cecaf043f73a965b,INVOLVES,200
evt_2d8565c80dc47e8c920768e34859a69e,ent_227da576e0fee2b41e04ed233a11e238,INVOLVES,200
evt_2d8565c80dc47e8c920768e34859a69e,ent_312642cda4a86945e21c6ab3175203ec,INVOLVES,200
evt_2d8565c80dc47e8c920768e34859a69e,ent_6d3207d702c9dc917a10d34060bb5fb3,INVOLVES,200
evt_82be293a71998874e59f246ec4f0e2ac,ent_214163861ed8ac3fdfdb4674bf5536af,INVOLVES,200
evt_82be293a71998874e59f246ec4f0e2ac,ent_82155097cf7cbd5bbc2119f0216212b9,INVOLVES,200
evt_82be293a71998874e59f246ec4f0e2ac,ent_02349980bba8ce563cdf709f74f96fc1,INVOLVES,200
evt_82be293a71998874e59f246ec4f0e2ac,ent_312642cda4a86945e21c6ab3175203ec,INVOLVES,200
evt_82be293a71998874e59f246ec4f0e2ac,ent_6d3207d702c9dc917a10d34060bb5fb3,INVOLVES,200
evt_7330ad9c7de20ecffd08f6c9ba8d8ba8,ent_214163861ed8ac3fdfdb4674bf5536af,INVOLVES,200
evt_7330ad9c7de20ecffd08f6c9ba8d8ba8,ent_82155097cf7cbd5bbc2119f0216212b9,INVOLVES,200
evt_7330ad9c7de20ecffd08f6c9ba8d8ba8,ent_02349980bba8ce563cdf709f74f96fc1,INVOLVES,200
evt_7330ad9c7de20ecffd08f6c9ba8d8ba8,ent_312642cda4a86945e21c6ab3175203ec,INVOLVES,200
evt_7330ad9c7de20ecffd08f6c9ba8d8ba8,ent_6d3207d702c9dc917a10d34060bb5fb3,INVOLVES,200
evt_dfb76cec9ca3cd64a2d595488049d7e5,ent_214163861ed8ac3fdfdb4674bf5536af,INVOLVES,200
evt_dfb76cec9ca3cd64a2d595488049d7e5,ent_82155097cf7cbd5bbc2119f0216212b9,INVOLVES,200
evt_dfb76cec9ca3cd64a2d595488049d7e5,ent_02349980bba8ce563cdf709f74f96fc1,INVOLVES,200
evt_dfb76cec9ca3cd64a2d595488049d7e5,ent_312642cda4a86945e21c6ab3175203ec,INVOLVES,200
evt_dfb76cec9ca3cd64a2d595488049d7e5,ent_6d3207d702c9dc917a10d34060bb5fb3,INVOLVES,200
evt_dfb76cec9ca3cd64a2d595488049d7e5,ent_59eb45453f83ad36a3b64e4d5f06d8b8,INVOLVES,200
evt_dfb76cec9ca3cd64a2d595488049d7e5,ent_395ed82beb8698a7d82b53b25b46685b,INVOLVES,200
evt_dfb76cec9ca3cd64a2d595488049d7e5,ent_d32d3bb3d7702c520acb3c89c3eb93c3,INVOLVES,200
evt_acf346d2aaa9cef2377b584130d293f9,ent_214163861ed8ac3fdfdb4674bf5536af,INVOLVES,200
evt_acf346d2aaa9cef2377b584130d293f9,ent_82155097cf7cbd5bbc2119f0216212b9,INVOLVES,200
evt_acf346d2aaa9cef2377b584130d293f9,ent_02349980bba8ce563cdf709f74f96fc1,INVOLVES,200
evt_acf346d2aaa9cef2377b584130d293f9,ent_312642cda4a86945e21c6ab3175203ec,INVOLVES,200
evt_acf346d2aaa9cef2377b584130d293f9,ent_6d3207d702c9dc917a10d34060bb5fb3,INVOLVES,200
evt_acf346d2aaa9cef2377b584130d293f9,ent_59eb45453f83ad36a3b64e4d5f06d8b8,INVOLVES,200
evt_acf346d2aaa9cef2377b584130d293f9,ent_395ed82beb8698a7d82b53b25b46685b,INVOLVES,200
evt_acf346d2aaa9cef2377b584130d293f9,ent_d32d3bb3d7702c520acb3c89c3eb93c3,INVOLVES,200
evt_c00011e86e51d42905dcb7d319ff858a,ent_214163861ed8ac3fdfdb4674bf5536af,INVOLVES,200
evt_c00011e86e51d42905dcb7d319ff858a,ent_82155097cf7cbd5bbc2119f0216212b9,INVOLVES,200
evt_c00011e86e51d42905dcb7d319ff858a,ent_02349980bba8ce563cdf709f74f96fc1,INVOLVES,200
evt_c00011e86e51d42905dcb7d319ff858a,ent_312642cda4a86945e21c6ab3175203ec,INVOLVES,200
evt_c00011e86e51d42905dcb7d319ff858a,ent_6d3207d702c9dc917a10d34060bb5fb3,INVOLVES,200
evt_c00011e86e51d42905dcb7d319ff858a,ent_59eb45453f83ad36a3b64e4d5f06d8b8,INVOLVES,200
evt_c00011e86e51d42905dcb7d319ff858a,ent_395ed82beb8698a7d82b53b25b46685b,INVOLVES,200
evt_c00011e86e51d42905dcb7d319ff858a,ent_d32d3bb3d7702c520acb3c89c3eb93c3,INVOLVES,200
evt_bd20ce44f2b482890cee826c7ec58f72,ent_5301e4ffc0ec72ccf201348b8c53c225,INVOLVES,200
evt_bd20ce44f2b482890cee826c7ec58f72,ent_3a7c0cd9586ad0ee96e1989aa768d44d,INVOLVES,200
evt_bd20ce44f2b482890cee826c7ec58f72,ent_e1aa27557fc873c9cd1ef326424a6fef,INVOLVES,200
evt_bd20ce44f2b482890cee826c7ec58f72,ent_53f7473568cc2392e022670832711e48,INVOLVES,200
evt_bd20ce44f2b482890cee826c7ec58f72,ent_05f2a9d802e0eadc7d4f3075cef990ed,INVOLVES,200
evt_af02be8d370717328c26b185ede8286c,ent_5301e4ffc0ec72ccf201348b8c53c225,INVOLVES,200
evt_af02be8d370717328c26b185ede8286c,ent_3a7c0cd9586ad0ee96e1989aa768d44d,INVOLVES,200
evt_af02be8d370717328c26b185ede8286c,ent_e1aa27557fc873c9cd1ef326424a6fef,INVOLVES,200
evt_af02be8d370717328c26b185ede8286c,ent_53f7473568cc2392e022670832711e48,INVOLVES,200
evt_af02be8d370717328c26b185ede8286c,ent_05f2a9d802e0eadc7d4f3075cef990ed,INVOLVES,200
evt_af02be8d370717328c26b185ede8286c,ent_fe60a6c64f4797bb973018d0f8cf7747,INVOLVES,200
evt_75cf3770892ce68d5093dc346efa3453,ent_226a9421040b7f2d19e6a2ff542e6eac,INVOLVES,200
evt_75cf3770892ce68d5093dc346efa3453,ent_43cc55c7efb2bc65cb15e929872abf56,INVOLVES,200
evt_75cf3770892ce68d5093dc346efa3453,ent_312642cda4a86945e21c6ab3175203ec,INVOLVES,200
evt_75cf3770892ce68d5093dc346efa3453,ent_4fa2deebbdd08f8db412355fd5c496b0,INVOLVES,200
evt_75cf3770892ce68d5093dc346efa3453,ent_02349980bba8ce563cdf709f74f96fc1,INVOLVES,200
evt_75cf3770892ce68d5093dc346efa3453,ent_227da576e0fee2b41e04ed233a11e238,INVOLVES,200
evt_75cf3770892ce68d5093dc346efa3453,ent_bab41f4da430bd439eafd667836cbe87,INVOLVES,200
evt_516ebe1a463dc19bbb1700a9228bc132,ent_226a9421040b7f2d19e6a2ff542e6eac,INVOLVES,200
evt_516ebe1a463dc19bbb1700a9228bc132,ent_43cc55c7efb2bc65cb15e929872abf56,INVOLVES,200
evt_516ebe1a463dc19bbb1700a9228bc132,ent_312642cda4a86945e21c6ab3175203ec,INVOLVES,200
evt_516ebe1a463dc19bbb1700a9228bc132,ent_4fa2deebbdd08f8db412355fd5c496b0,INVOLVES,200
evt_516ebe1a463dc19bbb1700a9228bc132,ent_02349980bba8ce563cdf709f74f96fc1,INVOLVES,200
evt_516ebe1a463dc19bbb1700a9228bc132,ent_227da576e0fee2b41e04ed233a11e238,INVOLVES,200
evt_516ebe1a463dc19bbb1700a9228bc132,ent_bab41f4da430bd439eafd667836cbe87,INVOLVES,200
evt_516ebe1a463dc19bbb1700a9228bc132,ent_331bcd4abe5d15a4a9a6900019c6d3c8,INVOLVES,200
evt_24e4008d6a80c629ca63428aecefd503,ent_43cc55c7efb2bc65cb15e929872abf56,INVOLVES,200
evt_24e4008d6a80c629ca63428aecefd503,ent_312642cda4a86945e21c6ab3175203ec,INVOLVES,200
evt_24e4008d6a80c629ca63428aecefd503,ent_4fa2deebbdd08f8db412355fd5c496b0,INVOLVES,200
evt_24e4008d6a80c629ca63428aecefd503,ent_02349980bba8ce563cdf709f74f96fc1,INVOLVES,200
evt_24e4008d6a80c629ca63428aecefd503,ent_226a9421040b7f2d19e6a2ff542e6eac,INVOLVES,200
evt_24e4008d6a80c629ca63428aecefd503,ent_227da576e0fee2b41e04ed233a11e238,INVOLVES,200
evt_24e4008d6a80c629ca63428aecefd503,ent_bab41f4da430bd439eafd667836cbe87,INVOLVES,200
evt_24e4008d6a80c629ca63428aecefd503,ent_331bcd4abe5d15a4a9a6900019c6d3c8,INVOLVES,200
evt_0c1946a633e4ccaf6b86bd22f0deb1ab,ent_4fa2deebbdd08f8db412355fd5c496b0,INVOLVES,200
evt_0c1946a633e4ccaf6b86bd22f0deb1ab,ent_02349980bba8ce563cdf709f74f96fc1,INVOLVES,200
evt_0c1946a633e4ccaf6b86bd22f0deb1ab,ent_226a9421040b7f2d19e6a2ff542e6eac,INVOLVES,200
evt_0c1946a633e4ccaf6b86bd22f0deb1ab,ent_227da576e0fee2b41e04ed233a11e238,INVOLVES,200
evt_0c1946a633e4ccaf6b86bd22f0deb1ab,ent_43cc55c7efb2bc65cb15e929872abf56,INVOLVES,200
evt_0c1946a633e4ccaf6b86bd22f0deb1ab,ent_312642cda4a86945e21c6ab3175203ec,INVOLVES,200
evt_0c1946a633e4ccaf6b86bd22f0deb1ab,ent_bab41f4da430bd439eafd667836cbe87,INVOLVES,200
evt_0c1946a633e4ccaf6b86bd22f0deb1ab,ent_331bcd4abe5d15a4a9a6900019c6d3c8,INVOLVES,200
evt_81778cff64db7bbd6fd702ec94cf0d91,ent_a6964d34244b0c371d8daae23166c026,INVOLVES,200
evt_81778cff64db7bbd6fd702ec94cf0d91,ent_8e98893c23af790798e3cb6bd4d134d2,INVOLVES,200
evt_81778cff64db7bbd6fd702ec94cf0d91,ent_8a7d19ee0dbb938f5d3827db560206fc,INVOLVES,200
evt_81778cff64db7bbd6fd702ec94cf0d91,ent_05f2a9d802e0eadc7d4f3075cef990ed,INVOLVES,200
evt_81778cff64db7bbd6fd702ec94cf0d91,ent_02e2900c7bc2c839b4390279476a3fce,INVOLVES,200
evt_d88bcfc48befb1cc302166191bc92fa2,ent_a6964d34244b0c371d8daae23166c026,INVOLVES,200
evt_d88bcfc48befb1cc302166191bc92fa2,ent_8e98893c23af790798e3cb6bd4d134d2,INVOLVES,200
evt_d88bcfc48befb1cc302166191bc92fa2,ent_8a7d19ee0dbb938f5d3827db560206fc,INVOLVES,200
evt_d88bcfc48befb1cc302166191bc92fa2,ent_05f2a9d802e0eadc7d4f3075cef990ed,INVOLVES,200
evt_d88bcfc48befb1cc302166191bc92fa2,ent_02e2900c7bc2c839b4390279476a3fce,INVOLVES,200
evt_12dc0c822e4f600b832d173f33985161,ent_8e98893c23af790798e3cb6bd4d134d2,INVOLVES,200
evt_12dc0c822e4f600b832d173f33985161,ent_a6964d34244b0c371d8daae23166c026,INVOLVES,200
evt_12dc0c822e4f600b832d173f33985161,ent_8a7d19ee0dbb938f5d3827db560206fc,INVOLVES,200
evt_12dc0c822e4f600b832d173f33985161,ent_05f2a9d802e0eadc7d4f3075cef990ed,INVOLVES,200
evt_12dc0c822e4f600b832d173f33985161,ent_02e2900c7bc2c839b4390279476a3fce,INVOLVES,200
evt_1e06fe16a788b787bea1f761d8627854,ent_0b9055a0bfe599497955cadf9434a469,INVOLVES,200
evt_1e06fe16a788b787bea1f761d8627854,ent_5b04261b9a3cefd8580c6e1a5f2b2359,INVOLVES,200
evt_1e06fe16a788b787bea1f761d8627854,ent_471394ace83d5b4db4fb120c6fec5110,INVOLVES,200
evt_1e06fe16a788b787bea1f761d8627854,ent_1f1bbbfe17b4f26a9e03b9a2f112d4ac,INVOLVES,200
evt_1e06fe16a788b787bea1f761d8627854,ent_05f2a9d802e0eadc7d4f3075cef990ed,INVOLVES,200
evt_1e06fe16a788b787bea1f761d8627854,ent_72dbcc5691163f3b8e0d416190bdf8bc,INVOLVES,200
evt_76fcacec88328aed8e837c388d2af919,ent_0b9055a0bfe599497955cadf9434a469,INVOLVES,200
evt_76fcacec88328aed8e837c388d2af919,ent_5b04261b9a3cefd8580c6e1a5f2b2359,INVOLVES,200
evt_76fcacec88328aed8e837c388d2af919,ent_471394ace83d5b4db4fb120c6fec5110,INVOLVES,200
evt_76fcacec88328aed8e837c388d2af919,ent_1f1bbbfe17b4f26a9e03b9a2f112d4ac,INVOLVES,200
evt_76fcacec88328aed8e837c388d2af919,ent_05f2a9d802e0eadc7d4f3075cef990ed,INVOLVES,200
evt_76fcacec88328aed8e837c388d2af919,ent_72dbcc5691163f3b8e0d416190bdf8bc,INVOLVES,200
evt_1db00f37171eeda8341f28cf51574f8f,ent_0b9055a0bfe599497955cadf9434a469,INVOLVES,200
evt_1db00f37171eeda8341f28cf51574f8f,ent_5b04261b9a3cefd8580c6e1a5f2b2359,INVOLVES,200
evt_1db00f37171eeda8341f28cf51574f8f,ent_471394ace83d5b4db4fb120c6fec5110,INVOLVES,200
evt_1db00f37171eeda8341f28cf51574f8f,ent_1f1bbbfe17b4f26a9e03b9a2f112d4ac,INVOLVES,200
evt_1db00f37171eeda8341f28cf51574f8f,ent_05f2a9d802e0eadc7d4f3075cef990ed,INVOLVES,200
evt_1db00f37171eeda8341f28cf51574f8f,ent_72dbcc5691163f3b8e0d416190bdf8bc,INVOLVES,200
evt_16e591e206b0643b05853a05bce4c13d,ent_82155097cf7cbd5bbc2119f0216212b9,INVOLVES,200
evt_16e591e206b0643b05853a05bce4c13d,ent_214163861ed8ac3fdfdb4674bf5536af,INVOLVES,200
evt_16e591e206b0643b05853a05bce4c13d,ent_56dfc2020c96ae4f546cf50eb77ee0e7,INVOLVES,200
evt_16e591e206b0643b05853a05bce4c13d,ent_05f2a9d802e0eadc7d4f3075cef990ed,INVOLVES,200
evt_16e591e206b0643b05853a05bce4c13d,ent_312642cda4a86945e21c6ab3175203ec,INVOLVES,200
evt_16e591e206b0643b05853a05bce4c13d,ent_6d3207d702c9dc917a10d34060bb5fb3,INVOLVES,200
evt_16e591e206b0643b05853a05bce4c13d,ent_edc641d55be346730d71096cbd7722bc,INVOLVES,200
evt_fe2bf3e9ee95841021f706bb11640cc6,ent_214163861ed8ac3fdfdb4674bf5536af,INVOLVES,200
evt_fe2bf3e9ee95841021f706bb11640cc6,ent_56dfc2020c96ae4f546cf50eb77ee0e7,INVOLVES,200
evt_fe2bf3e9ee95841021f706bb11640cc6,ent_05f2a9d802e0eadc7d4f3075cef990ed,INVOLVES,200
evt_fe2bf3e9ee95841021f706bb11640cc6,ent_312642cda4a86945e21c6ab3175203ec,INVOLVES,200
evt_fe2bf3e9ee95841021f706bb11640cc6,ent_82155097cf7cbd5bbc2119f0216212b9,INVOLVES,200
evt_fe2bf3e9ee95841021f706bb11640cc6,ent_6d3207d702c9dc917a10d34060bb5fb3,INVOLVES,200
evt_fe2bf3e9ee95841021f706bb11640cc6,ent_edc641d55be346730d71096cbd7722bc,INVOLVES,200
evt_fe2bf3e9ee95841021f706bb11640cc6,ent_1f566db4d2cd7698cecaf043f73a965b,INVOLVES,200
evt_1b419c43d07c0ea1b8a05a13b95f3b42,ent_495afcb676206fea707516bc464d8f6e,INVOLVES,200
evt_1b419c43d07c0ea1b8a05a13b95f3b42,ent_214163861ed8ac3fdfdb4674bf5536af,INVOLVES,200
evt_1b419c43d07c0ea1b8a05a13b95f3b42,ent_312642cda4a86945e21c6ab3175203ec,INVOLVES,200
evt_0efa60fdba7801640e12cbe2723c8a9e,ent_495afcb676206fea707516bc464d8f6e,INVOLVES,200
evt_0efa60fdba7801640e12cbe2723c8a9e,ent_214163861ed8ac3fdfdb4674bf5536af,INVOLVES,200
evt_0efa60fdba7801640e12cbe2723c8a9e,ent_312642cda4a86945e21c6ab3175203ec,INVOLVES,200
evt_548837f45a0e6bf57e628c405521dedd,ent_495afcb676206fea707516bc464d8f6e,INVOLVES,200
evt_548837f45a0e6bf57e628c405521dedd,ent_214163861ed8ac3fdfdb4674bf5536af,INVOLVES,200
evt_548837f45a0e6bf57e628c405521dedd,ent_312642cda4a86945e21c6ab3175203ec,INVOLVES,200
evt_4441ccff5ed44e326c79093b7fcd0680,ent_108261c8cd39750f43e15e588a730a30,INVOLVES,200
evt_4441ccff5ed44e326c79093b7fcd0680,ent_3cb11db3b9b90b528c0e2aa77f96119e,INVOLVES,200
evt_4441ccff5ed44e326c79093b7fcd0680,ent_270e088860374aee31af8f076a3cda20,INVOLVES,200
evt_4441ccff5ed44e326c79093b7fcd0680,ent_8242faccd408abe9b3e11312dbce158e,INVOLVES,200
evt_4441ccff5ed44e326c79093b7fcd0680,ent_9c488b2d2d6c127298626fe259a4af1f,INVOLVES,200
evt_4441ccff5ed44e326c79093b7fcd0680,ent_9cc8fa3aaed5fa86c37d459cba837f04,INVOLVES,200
evt_4441ccff5ed44e326c79093b7fcd0680,ent_02349980bba8ce563cdf709f74f96fc1,INVOLVES,200
evt_4441ccff5ed44e326c79093b7fcd0680,ent_948f1b4894e10cea4773783fa5d4d551,INVOLVES,200
evt_4441ccff5ed44e326c79093b7fcd0680,ent_6dfd39155e9344acea52e049e74a2755,INVOLVES,200
evt_409a476f9f4f79a3b41924b9244372cb,ent_02349980bba8ce563cdf709f74f96fc1,INVOLVES,200
evt_409a476f9f4f79a3b41924b9244372cb,ent_3cb11db3b9b90b528c0e2aa77f96119e,INVOLVES,200
evt_409a476f9f4f79a3b41924b9244372cb,ent_948f1b4894e10cea4773783fa5d4d551,INVOLVES,200
evt_409a476f9f4f79a3b41924b9244372cb,ent_6dfd39155e9344acea52e049e74a2755,INVOLVES,200
evt_409a476f9f4f79a3b41924b9244372cb,ent_0a2bbeb17d94cd6bbd1dd273710268f8,INVOLVES,200
evt_409a476f9f4f79a3b41924b9244372cb,ent_19f155ac62ae94bd2d077974e3b63e78,INVOLVES,200
evt_409a476f9f4f79a3b41924b9244372cb,ent_4ad41a56098c245d97dbd04ecf819c49,INVOLVES,200
evt_409a476f9f4f79a3b41924b9244372cb,ent_f6e1b63656a91d2c78ac81be9c20064a,INVOLVES,200
evt_5300bccdde6cbb4e23fc7e9bb7146a74,ent_099285919b579aeb33136d9f7d2072c1,INVOLVES,200
evt_5300bccdde6cbb4e23fc7e9bb7146a74,ent_89d703ee973ab71a726435f16c95a45f,INVOLVES,200
evt_5300bccdde6cbb4e23fc7e9bb7146a74,ent_720f10e1f3e4dfaa6838a88d9839c5c9,INVOLVES,200
evt_5300bccdde6cbb4e23fc7e9bb7146a74,ent_c4b4e5493c5dcf4d16c9bba1c54e8c25,INVOLVES,200
evt_5300bccdde6cbb4e23fc7e9bb7146a74,ent_cc565cc9e67f11394c6bfa2c10ded8d9,INVOLVES,200
evt_5300bccdde6cbb4e23fc7e9bb7146a74,ent_d63408c961ddd31172bfdf38890945e6,INVOLVES,200
evt_5300bccdde6cbb4e23fc7e9bb7146a74,ent_02349980bba8ce563cdf709f74f96fc1,INVOLVES,200
evt_5300bccdde6cbb4e23fc7e9bb7146a74,ent_312642cda4a86945e21c6ab3175203ec,INVOLVES,200
evt_6748df1f0ff084713a2c900238fed010,ent_b459a89d6be72fd7ba147d6da5091f84,INVOLVES,200
evt_6748df1f0ff084713a2c900238fed010,ent_970f504fc83d9131144532f858ffd62d,INVOLVES,200
evt_6748df1f0ff084713a2c900238fed010,ent_02349980bba8ce563cdf709f74f96fc1,INVOLVES,200
evt_6748df1f0ff084713a2c900238fed010,ent_7fe461592c31b7bf33bf11d21d306ea0,INVOLVES,200
evt_6748df1f0ff084713a2c900238fed010,ent_312642cda4a86945e21c6ab3175203ec,INVOLVES,200
evt_6748df1f0ff084713a2c900238fed010,ent_82155097cf7cbd5bbc2119f0216212b9,INVOLVES,200
evt_6748df1f0ff084713a2c900238fed010,ent_9963fa28d3d5bad1c013a43c3f7f39b6,INVOLVES,200
evt_72517d177d40b055a3762a90bbad6fc4,ent_82155097cf7cbd5bbc2119f0216212b9,INVOLVES,200
evt_72517d177d40b055a3762a90bbad6fc4,ent_9963fa28d3d5bad1c013a43c3f7f39b6,INVOLVES,200
evt_72517d177d40b055a3762a90bbad6fc4,ent_312642cda4a86945e21c6ab3175203ec,INVOLVES,200
evt_4f42de39e4775bcb04b783012a74f9f0,ent_02349980bba8ce563cdf709f74f96fc1,INVOLVES,200
evt_4f42de39e4775bcb04b783012a74f9f0,ent_312642cda4a86945e21c6ab3175203ec,INVOLVES,200
evt_4f42de39e4775bcb04b783012a74f9f0,ent_a56e2d292ccca121104c1c8bac10d0d0,INVOLVES,200
evt_4f42de39e4775bcb04b783012a74f9f0,ent_56dfc2020c96ae4f546cf50eb77ee0e7,INVOLVES,200
evt_4f42de39e4775bcb04b783012a74f9f0,ent_d64142b96ab1ae81076bf2f88d6b01c5,INVOLVES,200
evt_4f42de39e4775bcb04b783012a74f9f0,ent_4fa2deebbdd08f8db412355fd5c496b0,INVOLVES,200
evt_cfcab0be37ed4228f921f16240aa3e75,ent_312642cda4a86945e21c6ab3175203ec,INVOLVES,200
evt_cfcab0be37ed4228f921f16240aa3e75,ent_a56e2d292ccca121104c1c8bac10d0d0,INVOLVES,200
evt_cfcab0be37ed4228f921f16240aa3e75,ent_02349980bba8ce563cdf709f74f96fc1,INVOLVES,200
evt_cfcab0be37ed4228f921f16240aa3e75,ent_56dfc2020c96ae4f546cf50eb77ee0e7,INVOLVES,200
evt_cfcab0be37ed4228f921f16240aa3e75,ent_d64142b96ab1ae81076bf2f88d6b01c5,INVOLVES,200
evt_cfcab0be37ed4228f921f16240aa3e75,ent_4fa2deebbdd08f8db412355fd5c496b0,INVOLVES,200
evt_cfcab0be37ed4228f921f16240aa3e75,ent_edc641d55be346730d71096cbd7722bc,INVOLVES,200
evt_cfcab0be37ed4228f921f16240aa3e75,ent_9f9becccd1bbc77f14d0e3ffbb99d9e6,INVOLVES,200
evt_c00af4dc19d81f88e603d44628aa8be7,ent_312642cda4a86945e21c6ab3175203ec,INVOLVES,200
evt_c00af4dc19d81f88e603d44628aa8be7,ent_a56e2d292ccca121104c1c8bac10d0d0,INVOLVES,200
evt_c00af4dc19d81f88e603d44628aa8be7,ent_02349980bba8ce563cdf709f74f96fc1,INVOLVES,200
evt_c00af4dc19d81f88e603d44628aa8be7,ent_56dfc2020c96ae4f546cf50eb77ee0e7,INVOLVES,200
evt_c00af4dc19d81f88e603d44628aa8be7,ent_d64142b96ab1ae81076bf2f88d6b01c5,INVOLVES,200
evt_c00af4dc19d81f88e603d44628aa8be7,ent_4fa2deebbdd08f8db412355fd5c496b0,INVOLVES,200
evt_c00af4dc19d81f88e603d44628aa8be7,ent_edc641d55be346730d71096cbd7722bc,INVOLVES,200
evt_c00af4dc19d81f88e603d44628aa8be7,ent_9f9becccd1bbc77f14d0e3ffbb99d9e6,INVOLVES,200
evt_2cf40490841e6a27c2f919e6301f3d0d,ent_312642cda4a86945e21c6ab3175203ec,INVOLVES,200
evt_2cf40490841e6a27c2f919e6301f3d0d,ent_a56e2d292ccca121104c1c8bac10d0d0,INVOLVES,200
evt_2cf40490841e6a27c2f919e6301f3d0d,ent_02349980bba8ce563cdf709f74f96fc1,INVOLVES,200
evt_2cf40490841e6a27c2f919e6301f3d0d,ent_56dfc2020c96ae4f546cf50eb77ee0e7,INVOLVES,200
evt_2cf40490841e6a27c2f919e6301f3d0d,ent_d64142b96ab1ae81076bf2f88d6b01c5,INVOLVES,200
evt_2cf40490841e6a27c2f919e6301f3d0d,ent_4fa2deebbdd08f8db412355fd5c496b0,INVOLVES,200
evt_2cf40490841e6a27c2f919e6301f3d0d,ent_edc641d55be346730d71096cbd7722bc,INVOLVES,200
evt_2cf40490841e6a27c2f919e6301f3d0d,ent_9f9becccd1bbc77f14d0e3ffbb99d9e6,INVOLVES,200
evt_2cf40490841e6a27c2f919e6301f3d0d,ent_cbd232b1efe80cb37000cbd54fb3e0ad,INVOLVES,200
evt_ea2bb5c2491d597a92c786b5334906cc,ent_d64142b96ab1ae81076bf2f88d6b01c5,INVOLVES,200
evt_ea2bb5c2491d597a92c786b5334906cc,ent_4fa2deebbdd08f8db412355fd5c496b0,INVOLVES,200
evt_ea2bb5c2491d597a92c786b5334906cc,ent_edc641d55be346730d71096cbd7722bc,INVOLVES,200
evt_ea2bb5c2491d597a92c786b5334906cc,ent_312642cda4a86945e21c6ab3175203ec,INVOLVES,200
evt_ea2bb5c2491d597a92c786b5334906cc,ent_9f9becccd1bbc77f14d0e3ffbb99d9e6,INVOLVES,200
evt_ea2bb5c2491d597a92c786b5334906cc,ent_cbd232b1efe80cb37000cbd54fb3e0ad,INVOLVES,200
evt_ea2bb5c2491d597a92c786b5334906cc,ent_c7ab9752078a566c05df754372fdb17f,INVOLVES,200
evt_ea2bb5c2491d597a92c786b5334906cc,ent_c5ed4e16a5463e51c32273a3cc29bef4,INVOLVES,200
evt_ea2bb5c2491d597a92c786b5334906cc,ent_59eb45453f83ad36a3b64e4d5f06d8b8,INVOLVES,200
evt_dfa0dfe6de0f9554a2648731dd652db6,ent_2a6d3686110703bc69da3220c6ee6b5f,INVOLVES,200
evt_dfa0dfe6de0f9554a2648731dd652db6,ent_d36b13410347d500de53637c8b77e430,INVOLVES,200
evt_dfa0dfe6de0f9554a2648731dd652db6,ent_7fe461592c31b7bf33bf11d21d306ea0,INVOLVES,200
evt_dfa0dfe6de0f9554a2648731dd652db6,ent_13e8081dd8a5f9efcb8e79d4334fb69d,INVOLVES,200
evt_dfa0dfe6de0f9554a2648731dd652db6,ent_e90ab5a01509143abcd2888563f63002,INVOLVES,200
evt_dfa0dfe6de0f9554a2648731dd652db6,ent_634d30f1d295382071bc70b8e883717b,INVOLVES,200
evt_dfa0dfe6de0f9554a2648731dd652db6,ent_9f9becccd1bbc77f14d0e3ffbb99d9e6,INVOLVES,200
evt_848e9d8a5fe7964444b84d5005670227,ent_2a6d3686110703bc69da3220c6ee6b5f,INVOLVES,200
evt_848e9d8a5fe7964444b84d5005670227,ent_d36b13410347d500de53637c8b77e430,INVOLVES,200
evt_848e9d8a5fe7964444b84d5005670227,ent_7fe461592c31b7bf33bf11d21d306ea0,INVOLVES,200
evt_848e9d8a5fe7964444b84d5005670227,ent_13e8081dd8a5f9efcb8e79d4334fb69d,INVOLVES,200
evt_848e9d8a5fe7964444b84d5005670227,ent_e90ab5a01509143abcd2888563f63002,INVOLVES,200
evt_848e9d8a5fe7964444b84d5005670227,ent_634d30f1d295382071bc70b8e883717b,INVOLVES,200
evt_848e9d8a5fe7964444b84d5005670227,ent_9f9becccd1bbc77f14d0e3ffbb99d9e6,INVOLVES,200
evt_3980c61a630eea38ae7a4d2cdf503281,ent_2a6d3686110703bc69da3220c6ee6b5f,INVOLVES,200
evt_3980c61a630eea38ae7a4d2cdf503281,ent_d36b13410347d500de53637c8b77e430,INVOLVES,200
evt_3980c61a630eea38ae7a4d2cdf503281,ent_7fe461592c31b7bf33bf11d21d306ea0,INVOLVES,200
evt_3980c61a630eea38ae7a4d2cdf503281,ent_13e8081dd8a5f9efcb8e79d4334fb69d,INVOLVES,200
evt_3980c61a630eea38ae7a4d2cdf503281,ent_e90ab5a01509143abcd2888563f63002,INVOLVES,200
evt_3980c61a630eea38ae7a4d2cdf503281,ent_634d30f1d295382071bc70b8e883717b,INVOLVES,200
evt_3980c61a630eea38ae7a4d2cdf503281,ent_9f9becccd1bbc77f14d0e3ffbb99d9e6,INVOLVES,200
evt_3980c61a630eea38ae7a4d2cdf503281,ent_02349980bba8ce563cdf709f74f96fc1,INVOLVES,200
evt_8347b8acc38f3412d1ab2f39e2a4b4fc,ent_2a6d3686110703bc69da3220c6ee6b5f,INVOLVES,200
evt_8347b8acc38f3412d1ab2f39e2a4b4fc,ent_d36b13410347d500de53637c8b77e430,INVOLVES,200
evt_8347b8acc38f3412d1ab2f39e2a4b4fc,ent_7fe461592c31b7bf33bf11d21d306ea0,INVOLVES,200
evt_8347b8acc38f3412d1ab2f39e2a4b4fc,ent_13e8081dd8a5f9efcb8e79d4334fb69d,INVOLVES,200
evt_8347b8acc38f3412d1ab2f39e2a4b4fc,ent_e90ab5a01509143abcd2888563f63002,INVOLVES,200
evt_8347b8acc38f3412d1ab2f39e2a4b4fc,ent_634d30f1d295382071bc70b8e883717b,INVOLVES,200
evt_8347b8acc38f3412d1ab2f39e2a4b4fc,ent_9f9becccd1bbc77f14d0e3ffbb99d9e6,INVOLVES,200
evt_8347b8acc38f3412d1ab2f39e2a4b4fc,ent_02349980bba8ce563cdf709f74f96fc1,INVOLVES,200
evt_b50c171c0db1c10a8a73936a450ab8f6,ent_9f9becccd1bbc77f14d0e3ffbb99d9e6,INVOLVES,200
evt_b50c171c0db1c10a8a73936a450ab8f6,ent_b7f45ebed8112c419ef68177b9981551,INVOLVES,200
evt_b50c171c0db1c10a8a73936a450ab8f6,ent_02349980bba8ce563cdf709f74f96fc1,INVOLVES,200
evt_b50c171c0db1c10a8a73936a450ab8f6,ent_c70700b5155ac7d7f30e22a9574bfdc8,INVOLVES,200
evt_b50c171c0db1c10a8a73936a450ab8f6,ent_fe60a6c64f4797bb973018d0f8cf7747,INVOLVES,200
evt_b50c171c0db1c10a8a73936a450ab8f6,ent_946e3886218719e6de2ab8af55542cf9,INVOLVES,200
evt_aaabc5dc460fd9deb81c9f7c67bd8394,ent_9f9becccd1bbc77f14d0e3ffbb99d9e6,INVOLVES,200
evt_aaabc5dc460fd9deb81c9f7c67bd8394,ent_b7f45ebed8112c419ef68177b9981551,INVOLVES,200
evt_aaabc5dc460fd9deb81c9f7c67bd8394,ent_02349980bba8ce563cdf709f74f96fc1,INVOLVES,200
evt_aaabc5dc460fd9deb81c9f7c67bd8394,ent_c70700b5155ac7d7f30e22a9574bfdc8,INVOLVES,200
evt_aaabc5dc460fd9deb81c9f7c67bd8394,ent_fe60a6c64f4797bb973018d0f8cf7747,INVOLVES,200
evt_aaabc5dc460fd9deb81c9f7c67bd8394,ent_946e3886218719e6de2ab8af55542cf9,INVOLVES,200
evt_0f8cabc9bf6af9c0285385a274bc5226,ent_b413b0f80b8d06ff291ed5a8fcd6db8c,INVOLVES,200
evt_0f8cabc9bf6af9c0285385a274bc5226,ent_0b9055a0bfe599497955cadf9434a469,INVOLVES,200
evt_0f8cabc9bf6af9c0285385a274bc5226,ent_0bf651b68c9d907e39b4a5e1f8e6b95f,INVOLVES,200
evt_0f8cabc9bf6af9c0285385a274bc5226,ent_1f1bbbfe17b4f26a9e03b9a2f112d4ac,INVOLVES,200
evt_68c74674446048aedc01489c53b257e3,ent_4fa2deebbdd08f8db412355fd5c496b0,INVOLVES,200
evt_68c74674446048aedc01489c53b257e3,ent_d36b13410347d500de53637c8b77e430,INVOLVES,200
evt_68c74674446048aedc01489c53b257e3,ent_02349980bba8ce563cdf709f74f96fc1,INVOLVES,200
evt_68c74674446048aedc01489c53b257e3,ent_6d3207d702c9dc917a10d34060bb5fb3,INVOLVES,200
evt_68c74674446048aedc01489c53b257e3,ent_82155097cf7cbd5bbc2119f0216212b9,INVOLVES,200
evt_68c74674446048aedc01489c53b257e3,ent_d0c8770ba039a6ae69fe5ae77ecf20bd,INVOLVES,200
evt_e9decda65fe44d71223899ea02740b2a,ent_d36b13410347d500de53637c8b77e430,INVOLVES,200
evt_e9decda65fe44d71223899ea02740b2a,ent_02349980bba8ce563cdf709f74f96fc1,INVOLVES,200
evt_e9decda65fe44d71223899ea02740b2a,ent_4fa2deebbdd08f8db412355fd5c496b0,INVOLVES,200
evt_e9decda65fe44d71223899ea02740b2a,ent_6d3207d702c9dc917a10d34060bb5fb3,INVOLVES,200
evt_e9decda65fe44d71223899ea02740b2a,ent_82155097cf7cbd5bbc2119f0216212b9,INVOLVES,200
evt_e9decda65fe44d71223899ea02740b2a,ent_d0c8770ba039a6ae69fe5ae77ecf20bd,INVOLVES,200
evt_e9decda65fe44d71223899ea02740b2a,ent_d64142b96ab1ae81076bf2f88d6b01c5,INVOLVES,200
evt_f09585c0102a6f99a4c0b93493aac2a2,ent_226a9421040b7f2d19e6a2ff542e6eac,INVOLVES,200
evt_f09585c0102a6f99a4c0b93493aac2a2,ent_bbd0c2e79f23bd36da41c34c90571a9d,INVOLVES,200
evt_f09585c0102a6f99a4c0b93493aac2a2,ent_1a55193dcbd3263b362e268b5e4af343,INVOLVES,200
evt_f09585c0102a6f99a4c0b93493aac2a2,ent_fe60a6c64f4797bb973018d0f8cf7747,INVOLVES,200
evt_f09585c0102a6f99a4c0b93493aac2a2,ent_2b4da846ceb3fb791e7085aff5e20a1b,INVOLVES,200
evt_f09585c0102a6f99a4c0b93493aac2a2,ent_095d506b64e7e3ea2150d1f43217ad5e,INVOLVES,200
evt_3fa74bc8c6d2da7e5f046f1a41399da5,ent_226a9421040b7f2d19e6a2ff542e6eac,INVOLVES,200
evt_3fa74bc8c6d2da7e5f046f1a41399da5,ent_bbd0c2e79f23bd36da41c34c90571a9d,INVOLVES,200
evt_3fa74bc8c6d2da7e5f046f1a41399da5,ent_1a55193dcbd3263b362e268b5e4af343,INVOLVES,200
evt_3fa74bc8c6d2da7e5f046f1a41399da5,ent_fe60a6c64f4797bb973018d0f8cf7747,INVOLVES,200
evt_3fa74bc8c6d2da7e5f046f1a41399da5,ent_2b4da846ceb3fb791e7085aff5e20a1b,INVOLVES,200
evt_3fa74bc8c6d2da7e5f046f1a41399da5,ent_095d506b64e7e3ea2150d1f43217ad5e,INVOLVES,200
evt_3fa74bc8c6d2da7e5f046f1a41399da5,ent_73cb9346d4c28ed7183e400772654b27,INVOLVES,200
evt_3fa74bc8c6d2da7e5f046f1a41399da5,ent_05f2a9d802e0eadc7d4f3075cef990ed,INVOLVES,200
evt_840b794f6164fd013ade00870b0cadb7,ent_226a9421040b7f2d19e6a2ff542e6eac,INVOLVES,200
evt_840b794f6164fd013ade00870b0cadb7,ent_bbd0c2e79f23bd36da41c34c90571a9d,INVOLVES,200
evt_840b794f6164fd013ade00870b0cadb7,ent_1a55193dcbd3263b362e268b5e4af343,INVOLVES,200
evt_840b794f6164fd013ade00870b0cadb7,ent_fe60a6c64f4797bb973018d0f8cf7747,INVOLVES,200
evt_840b794f6164fd013ade00870b0cadb7,ent_2b4da846ceb3fb791e7085aff5e20a1b,INVOLVES,200
evt_840b794f6164fd013ade00870b0cadb7,ent_095d506b64e7e3ea2150d1f43217ad5e,INVOLVES,200
evt_840b794f6164fd013ade00870b0cadb7,ent_73cb9346d4c28ed7183e400772654b27,INVOLVES,200
evt_840b794f6164fd013ade00870b0cadb7,ent_05f2a9d802e0eadc7d4f3075cef990ed,INVOLVES,200
evt_0fdb293a51a5e36345be8db370850eac,ent_1a55193dcbd3263b362e268b5e4af343,INVOLVES,200
evt_0fdb293a51a5e36345be8db370850eac,ent_fe60a6c64f4797bb973018d0f8cf7747,INVOLVES,200
evt_0fdb293a51a5e36345be8db370850eac,ent_2b4da846ceb3fb791e7085aff5e20a1b,INVOLVES,200
evt_0fdb293a51a5e36345be8db370850eac,ent_095d506b64e7e3ea2150d1f43217ad5e,INVOLVES,200
evt_0fdb293a51a5e36345be8db370850eac,ent_73cb9346d4c28ed7183e400772654b27,INVOLVES,200
evt_0fdb293a51a5e36345be8db370850eac,ent_05f2a9d802e0eadc7d4f3075cef990ed,INVOLVES,200
evt_0fdb293a51a5e36345be8db370850eac,ent_bbd0c2e79f23bd36da41c34c90571a9d,INVOLVES,200
evt_0fdb293a51a5e36345be8db370850eac,ent_76be243bb3f9a04da21b1e6398f703ca,INVOLVES,200
evt_0fdb293a51a5e36345be8db370850eac,ent_f14b0877e492365cb4c86acb08cfeb2a,INVOLVES,200
evt_0fdb293a51a5e36345be8db370850eac,ent_a67c70a137f737b2a66222e70b761179,INVOLVES,200
evt_0fdb293a51a5e36345be8db370850eac,ent_6c6b9b2cde4aa93713747e5879be47c5,INVOLVES,200
evt_9bbca46335694bc8ad7d7d4bcb3e695c,ent_095d506b64e7e3ea2150d1f43217ad5e,INVOLVES,200
evt_9bbca46335694bc8ad7d7d4bcb3e695c,ent_73cb9346d4c28ed7183e400772654b27,INVOLVES,200
evt_9bbca46335694bc8ad7d7d4bcb3e695c,ent_05f2a9d802e0eadc7d4f3075cef990ed,INVOLVES,200
evt_9bbca46335694bc8ad7d7d4bcb3e695c,ent_bbd0c2e79f23bd36da41c34c90571a9d,INVOLVES,200
evt_9bbca46335694bc8ad7d7d4bcb3e695c,ent_76be243bb3f9a04da21b1e6398f703ca,INVOLVES,200
evt_9bbca46335694bc8ad7d7d4bcb3e695c,ent_f14b0877e492365cb4c86acb08cfeb2a,INVOLVES,200
evt_9bbca46335694bc8ad7d7d4bcb3e695c,ent_a67c70a137f737b2a66222e70b761179,INVOLVES,200
evt_9bbca46335694bc8ad7d7d4bcb3e695c,ent_6c6b9b2cde4aa93713747e5879be47c5,INVOLVES,200
evt_9bbca46335694bc8ad7d7d4bcb3e695c,ent_943636b941dc2a7ad3e03d1b8abca511,INVOLVES,200
evt_3a2a6c52a6e01d3b1de8b0672d6a6b8d,ent_02349980bba8ce563cdf709f74f96fc1,INVOLVES,200
evt_3a2a6c52a6e01d3b1de8b0672d6a6b8d,ent_312642cda4a86945e21c6ab3175203ec,INVOLVES,200
evt_3a2a6c52a6e01d3b1de8b0672d6a6b8d,ent_b82afb690cc79e8d6ddf4f691251c28c,INVOLVES,200
evt_3a2a6c52a6e01d3b1de8b0672d6a6b8d,ent_e781755b53bdc10b7d94ea07983f05e9,INVOLVES,200
evt_3a2a6c52a6e01d3b1de8b0672d6a6b8d,ent_9979b7bc7b428a4284b439bdcf79a15b,INVOLVES,200
evt_3a2a6c52a6e01d3b1de8b0672d6a6b8d,ent_214163861ed8ac3fdfdb4674bf5536af,INVOLVES,200
evt_7e545fa4355515d89061ebe9ddd8b4a4,ent_02349980bba8ce563cdf709f74f96fc1,INVOLVES,200
evt_7e545fa4355515d89061ebe9ddd8b4a4,ent_312642cda4a86945e21c6ab3175203ec,INVOLVES,200
evt_7e545fa4355515d89061ebe9ddd8b4a4,ent_b82afb690cc79e8d6ddf4f691251c28c,INVOLVES,200
evt_7e545fa4355515d89061ebe9ddd8b4a4,ent_e781755b53bdc10b7d94ea07983f05e9,INVOLVES,200
evt_7e545fa4355515d89061ebe9ddd8b4a4,ent_9979b7bc7b428a4284b439bdcf79a15b,INVOLVES,200
evt_7e545fa4355515d89061ebe9ddd8b4a4,ent_214163861ed8ac3fdfdb4674bf5536af,INVOLVES,200
evt_7e545fa4355515d89061ebe9ddd8b4a4,ent_73cb9346d4c28ed7183e400772654b27,INVOLVES,200
evt_ffc94b4f370e30b35d3506be3161b4a0,ent_312642cda4a86945e21c6ab3175203ec,INVOLVES,200
evt_ffc94b4f370e30b35d3506be3161b4a0,ent_b82afb690cc79e8d6ddf4f691251c28c,INVOLVES,200
evt_ffc94b4f370e30b35d3506be3161b4a0,ent_e781755b53bdc10b7d94ea07983f05e9,INVOLVES,200
evt_ffc94b4f370e30b35d3506be3161b4a0,ent_9979b7bc7b428a4284b439bdcf79a15b,INVOLVES,200
evt_ffc94b4f370e30b35d3506be3161b4a0,ent_214163861ed8ac3fdfdb4674bf5536af,INVOLVES,200
evt_ffc94b4f370e30b35d3506be3161b4a0,ent_73cb9346d4c28ed7183e400772654b27,INVOLVES,200
evt_ffc94b4f370e30b35d3506be3161b4a0,ent_59eb45453f83ad36a3b64e4d5f06d8b8,INVOLVES,200
evt_ffc94b4f370e30b35d3506be3161b4a0,ent_395ed82beb8698a7d82b53b25b46685b,INVOLVES,200
evt_ffc94b4f370e30b35d3506be3161b4a0,ent_ad0d021ec0d541fa6fee538c54ea2bd3,INVOLVES,200
evt_ffc94b4f370e30b35d3506be3161b4a0,ent_a38910398001b06040db8a649fc24696,INVOLVES,200
evt_ffc94b4f370e30b35d3506be3161b4a0,ent_cbb6e3786ff6304058b4329ba8457b37,INVOLVES,200
evt_988a3a7d01efe2b28e537193851e9833,ent_b82afb690cc79e8d6ddf4f691251c28c,INVOLVES,200
evt_988a3a7d01efe2b28e537193851e9833,ent_e781755b53bdc10b7d94ea07983f05e9,INVOLVES,200
evt_988a3a7d01efe2b28e537193851e9833,ent_9979b7bc7b428a4284b439bdcf79a15b,INVOLVES,200
evt_988a3a7d01efe2b28e537193851e9833,ent_312642cda4a86945e21c6ab3175203ec,INVOLVES,200
evt_988a3a7d01efe2b28e537193851e9833,ent_214163861ed8ac3fdfdb4674bf5536af,INVOLVES,200
evt_988a3a7d01efe2b28e537193851e9833,ent_73cb9346d4c28ed7183e400772654b27,INVOLVES,200
evt_988a3a7d01efe2b28e537193851e9833,ent_59eb45453f83ad36a3b64e4d5f06d8b8,INVOLVES,200
evt_988a3a7d01efe2b28e537193851e9833,ent_395ed82beb8698a7d82b53b25b46685b,INVOLVES,200
evt_988a3a7d01efe2b28e537193851e9833,ent_ad0d021ec0d541fa6fee538c54ea2bd3,INVOLVES,200
evt_988a3a7d01efe2b28e537193851e9833,ent_a38910398001b06040db8a649fc24696,INVOLVES,200
evt_988a3a7d01efe2b28e537193851e9833,ent_cbb6e3786ff6304058b4329ba8457b37,INVOLVES,200
evt_35ea9298e02ad13984cbf163c2959124,ent_b413b0f80b8d06ff291ed5a8fcd6db8c,INVOLVES,200
evt_35ea9298e02ad13984cbf163c2959124,ent_30f21f65eccecff5a5c66089503cd94f,INVOLVES,200
evt_35ea9298e02ad13984cbf163c2959124,ent_312642cda4a86945e21c6ab3175203ec,INVOLVES,200
evt_35ea9298e02ad13984cbf163c2959124,ent_82155097cf7cbd5bbc2119f0216212b9,INVOLVES,200
evt_35ea9298e02ad13984cbf163c2959124,ent_14699376b3cfd3c52cdfdc6c5ad3b2de,INVOLVES,200
evt_35ea9298e02ad13984cbf163c2959124,ent_0bf651b68c9d907e39b4a5e1f8e6b95f,INVOLVES,200
evt_35ea9298e02ad13984cbf163c2959124,ent_02349980bba8ce563cdf709f74f96fc1,INVOLVES,200
evt_83b39bda914383ad9841ee7e9708cc7b,ent_b413b0f80b8d06ff291ed5a8fcd6db8c,INVOLVES,200
evt_83b39bda914383ad9841ee7e9708cc7b,ent_30f21f65eccecff5a5c66089503cd94f,INVOLVES,200
evt_83b39bda914383ad9841ee7e9708cc7b,ent_312642cda4a86945e21c6ab3175203ec,INVOLVES,200
evt_83b39bda914383ad9841ee7e9708cc7b,ent_82155097cf7cbd5bbc2119f0216212b9,INVOLVES,200
evt_83b39bda914383ad9841ee7e9708cc7b,ent_14699376b3cfd3c52cdfdc6c5ad3b2de,INVOLVES,200
evt_83b39bda914383ad9841ee7e9708cc7b,ent_0bf651b68c9d907e39b4a5e1f8e6b95f,INVOLVES,200
evt_83b39bda914383ad9841ee7e9708cc7b,ent_02349980bba8ce563cdf709f74f96fc1,INVOLVES,200
evt_83b39bda914383ad9841ee7e9708cc7b,ent_62b9548e586c0ec07fc8d6dca8598bbc,INVOLVES,200
evt_078c59e0c6fe6ca1cea0e95aa3764b08,ent_b413b0f80b8d06ff291ed5a8fcd6db8c,INVOLVES,200
evt_078c59e0c6fe6ca1cea0e95aa3764b08,ent_2a6d3686110703bc69da3220c6ee6b5f,INVOLVES,200
evt_078c59e0c6fe6ca1cea0e95aa3764b08,ent_d36b13410347d500de53637c8b77e430,INVOLVES,200
evt_078c59e0c6fe6ca1cea0e95aa3764b08,ent_82155097cf7cbd5bbc2119f0216212b9,INVOLVES,200
evt_078c59e0c6fe6ca1cea0e95aa3764b08,ent_efc6d483e2f16395ac8255f861561cab,INVOLVES,200
evt_078c59e0c6fe6ca1cea0e95aa3764b08,ent_adafd11128e9f209cb13a62c67f4a2b4,INVOLVES,200
evt_078c59e0c6fe6ca1cea0e95aa3764b08,ent_0bf651b68c9d907e39b4a5e1f8e6b95f,INVOLVES,200
evt_078c59e0c6fe6ca1cea0e95aa3764b08,ent_4fa2deebbdd08f8db412355fd5c496b0,INVOLVES,200
evt_078c59e0c6fe6ca1cea0e95aa3764b08,ent_02349980bba8ce563cdf709f74f96fc1,INVOLVES,200
evt_078c59e0c6fe6ca1cea0e95aa3764b08,ent_e9748197391743c34f12817db6f209f8,INVOLVES,200
evt_1f1803604d40a6e3ffe27006355d98f8,ent_b413b0f80b8d06ff291ed5a8fcd6db8c,INVOLVES,200
evt_1f1803604d40a6e3ffe27006355d98f8,ent_2a6d3686110703bc69da3220c6ee6b5f,INVOLVES,200
evt_1f1803604d40a6e3ffe27006355d98f8,ent_d36b13410347d500de53637c8b77e430,INVOLVES,200
evt_1f1803604d40a6e3ffe27006355d98f8,ent_82155097cf7cbd5bbc2119f0216212b9,INVOLVES,200
evt_1f1803604d40a6e3ffe27006355d98f8,ent_efc6d483e2f16395ac8255f861561cab,INVOLVES,200
evt_1f1803604d40a6e3ffe27006355d98f8,ent_adafd11128e9f209cb13a62c67f4a2b4,INVOLVES,200
evt_1f1803604d40a6e3ffe27006355d98f8,ent_0bf651b68c9d907e39b4a5e1f8e6b95f,INVOLVES,200
evt_1f1803604d40a6e3ffe27006355d98f8,ent_4fa2deebbdd08f8db412355fd5c496b0,INVOLVES,200
evt_1f1803604d40a6e3ffe27006355d98f8,ent_02349980bba8ce563cdf709f74f96fc1,INVOLVES,200
evt_1f1803604d40a6e3ffe27006355d98f8,ent_e9748197391743c34f12817db6f209f8,INVOLVES,200
evt_1f1803604d40a6e3ffe27006355d98f8,ent_312642cda4a86945e21c6ab3175203ec,INVOLVES,200
evt_a6778847447e51e172eb3371d163c3f6,ent_b413b0f80b8d06ff291ed5a8fcd6db8c,INVOLVES,200
evt_a6778847447e51e172eb3371d163c3f6,ent_2a6d3686110703bc69da3220c6ee6b5f,INVOLVES,200
evt_a6778847447e51e172eb3371d163c3f6,ent_d36b13410347d500de53637c8b77e430,INVOLVES,200
evt_a6778847447e51e172eb3371d163c3f6,ent_82155097cf7cbd5bbc2119f0216212b9,INVOLVES,200
evt_a6778847447e51e172eb3371d163c3f6,ent_efc6d483e2f16395ac8255f861561cab,INVOLVES,200
evt_a6778847447e51e172eb3371d163c3f6,ent_adafd11128e9f209cb13a62c67f4a2b4,INVOLVES,200
evt_a6778847447e51e172eb3371d163c3f6,ent_0bf651b68c9d907e39b4a5e1f8e6b95f,INVOLVES,200
evt_a6778847447e51e172eb3371d163c3f6,ent_4fa2deebbdd08f8db412355fd5c496b0,INVOLVES,200
evt_a6778847447e51e172eb3371d163c3f6,ent_02349980bba8ce563cdf709f74f96fc1,INVOLVES,200
evt_a6778847447e51e172eb3371d163c3f6,ent_e9748197391743c34f12817db6f209f8,INVOLVES,200
evt_a6778847447e51e172eb3371d163c3f6,ent_312642cda4a86945e21c6ab3175203ec,INVOLVES,200
evt_7d60f2f78ca921ca39b9973630fbcbb5,ent_efc6d483e2f16395ac8255f861561cab,INVOLVES,200
evt_7d60f2f78ca921ca39b9973630fbcbb5,ent_adafd11128e9f209cb13a62c67f4a2b4,INVOLVES,200
evt_7d60f2f78ca921ca39b9973630fbcbb5,ent_0bf651b68c9d907e39b4a5e1f8e6b95f,INVOLVES,200
evt_7d60f2f78ca921ca39b9973630fbcbb5,ent_4fa2deebbdd08f8db412355fd5c496b0,INVOLVES,200
evt_7d60f2f78ca921ca39b9973630fbcbb5,ent_02349980bba8ce563cdf709f74f96fc1,INVOLVES,200
evt_7d60f2f78ca921ca39b9973630fbcbb5,ent_e9748197391743c34f12817db6f209f8,INVOLVES,200
evt_7d60f2f78ca921ca39b9973630fbcbb5,ent_312642cda4a86945e21c6ab3175203ec,INVOLVES,200
evt_d624b317d03ce45bc4afa89efa7c803d,ent_1f1bbbfe17b4f26a9e03b9a2f112d4ac,INVOLVES,200
evt_d624b317d03ce45bc4afa89efa7c803d,ent_9a28fe85ae38c39adc93439e318fb0c9,INVOLVES,200
evt_d624b317d03ce45bc4afa89efa7c803d,ent_05f2a9d802e0eadc7d4f3075cef990ed,INVOLVES,200
evt_d624b317d03ce45bc4afa89efa7c803d,ent_0b9055a0bfe599497955cadf9434a469,INVOLVES,200
evt_a65bde8cf478d88839313a93851f426b,ent_e91906d6ebe5ae95d1873b44013bf38b,INVOLVES,200
evt_a65bde8cf478d88839313a93851f426b,ent_e0c8b9cd160560b233e9b9cb17f4d06b,INVOLVES,200
evt_a65bde8cf478d88839313a93851f426b,ent_6d3207d702c9dc917a10d34060bb5fb3,INVOLVES,200
evt_a65bde8cf478d88839313a93851f426b,ent_d6de106987917692c0a196263d955413,INVOLVES,200
evt_f1208d9521cc8ea2614ccca640ff2c42,ent_e91906d6ebe5ae95d1873b44013bf38b,INVOLVES,200
evt_f1208d9521cc8ea2614ccca640ff2c42,ent_e0c8b9cd160560b233e9b9cb17f4d06b,INVOLVES,200
evt_f1208d9521cc8ea2614ccca640ff2c42,ent_6d3207d702c9dc917a10d34060bb5fb3,INVOLVES,200
evt_f1208d9521cc8ea2614ccca640ff2c42,ent_d6de106987917692c0a196263d955413,INVOLVES,200
evt_248f80fce1d5a6fc54f3ce702f6a31a8,ent_e91906d6ebe5ae95d1873b44013bf38b,INVOLVES,200
evt_248f80fce1d5a6fc54f3ce702f6a31a8,ent_e0c8b9cd160560b233e9b9cb17f4d06b,INVOLVES,200
evt_248f80fce1d5a6fc54f3ce702f6a31a8,ent_6d3207d702c9dc917a10d34060bb5fb3,INVOLVES,200
evt_248f80fce1d5a6fc54f3ce702f6a31a8,ent_d6de106987917692c0a196263d955413,INVOLVES,200
evt_b7b6a6618c9db6f77050b1cccc92b248,ent_e91906d6ebe5ae95d1873b44013bf38b,INVOLVES,200
evt_b7b6a6618c9db6f77050b1cccc92b248,ent_e0c8b9cd160560b233e9b9cb17f4d06b,INVOLVES,200
evt_b7b6a6618c9db6f77050b1cccc92b248,ent_6d3207d702c9dc917a10d34060bb5fb3,INVOLVES,200
evt_b7b6a6618c9db6f77050b1cccc92b248,ent_d6de106987917692c0a196263d955413,INVOLVES,200
evt_fa3e4d5ff8c47998d4948132cf0f7e4d,ent_e91906d6ebe5ae95d1873b44013bf38b,INVOLVES,200
evt_fa3e4d5ff8c47998d4948132cf0f7e4d,ent_b836e8e394abb4fd3f1c2a993093dd86,INVOLVES,200
evt_fa3e4d5ff8c47998d4948132cf0f7e4d,ent_e0c8b9cd160560b233e9b9cb17f4d06b,INVOLVES,200
evt_fa3e4d5ff8c47998d4948132cf0f7e4d,ent_4fa2deebbdd08f8db412355fd5c496b0,INVOLVES,200
evt_fa3e4d5ff8c47998d4948132cf0f7e4d,ent_02349980bba8ce563cdf709f74f96fc1,INVOLVES,200
evt_4872cd322778ace831d6606d029f24c3,ent_3bc1edfca40c685fdf1c19382960942b,INVOLVES,200
evt_4872cd322778ace831d6606d029f24c3,ent_1f1bbbfe17b4f26a9e03b9a2f112d4ac,INVOLVES,200
evt_4872cd322778ace831d6606d029f24c3,ent_05f2a9d802e0eadc7d4f3075cef990ed,INVOLVES,200
evt_aaf0d7a0aa732118d64acff0f073614a,ent_3bc1edfca40c685fdf1c19382960942b,INVOLVES,200
evt_aaf0d7a0aa732118d64acff0f073614a,ent_1f1bbbfe17b4f26a9e03b9a2f112d4ac,INVOLVES,200
evt_aaf0d7a0aa732118d64acff0f073614a,ent_05f2a9d802e0eadc7d4f3075cef990ed,INVOLVES,200
evt_bcaf5a3faaae32cbc8a5b48a16157467,ent_b413b0f80b8d06ff291ed5a8fcd6db8c,INVOLVES,200
evt_bcaf5a3faaae32cbc8a5b48a16157467,ent_f20011e5270666592304898988523261,INVOLVES,200
evt_bcaf5a3faaae32cbc8a5b48a16157467,ent_7d62fca88aae8064a6ca41aa3c5ac863,INVOLVES,200
evt_bcaf5a3faaae32cbc8a5b48a16157467,ent_022dceeb82c260e3c1e10672e0f27a2e,INVOLVES,200
evt_bcaf5a3faaae32cbc8a5b48a16157467,ent_02349980bba8ce563cdf709f74f96fc1,INVOLVES,200
evt_bcaf5a3faaae32cbc8a5b48a16157467,ent_35197dd517ba63bb2e8d8115493f5734,INVOLVES,200
evt_6a72039904c522c8f41a585915c59ad2,ent_b413b0f80b8d06ff291ed5a8fcd6db8c,INVOLVES,200
evt_6a72039904c522c8f41a585915c59ad2,ent_f20011e5270666592304898988523261,INVOLVES,200
evt_6a72039904c522c8f41a585915c59ad2,ent_7d62fca88aae8064a6ca41aa3c5ac863,INVOLVES,200
evt_6a72039904c522c8f41a585915c59ad2,ent_022dceeb82c260e3c1e10672e0f27a2e,INVOLVES,200
evt_6a72039904c522c8f41a585915c59ad2,ent_02349980bba8ce563cdf709f74f96fc1,INVOLVES,200
evt_6a72039904c522c8f41a585915c59ad2,ent_35197dd517ba63bb2e8d8115493f5734,INVOLVES,200
evt_56223f8900213c4ba38dc3dbd4b308b3,ent_e1b342a45d41a5f1606d6716d1aa2138,INVOLVES,200
evt_56223f8900213c4ba38dc3dbd4b308b3,ent_d36b13410347d500de53637c8b77e430,INVOLVES,200
evt_56223f8900213c4ba38dc3dbd4b308b3,ent_b413b0f80b8d06ff291ed5a8fcd6db8c,INVOLVES,200
evt_56223f8900213c4ba38dc3dbd4b308b3,ent_848015af8766cb8f2e66510ab1145bd0,INVOLVES,200
evt_56223f8900213c4ba38dc3dbd4b308b3,ent_bab41f4da430bd439eafd667836cbe87,INVOLVES,200
evt_56223f8900213c4ba38dc3dbd4b308b3,ent_aab2051e760de4c6bab7612178b3896c,INVOLVES,200
evt_9ce39d292b82cc032180d7ee35514aeb,ent_e1b342a45d41a5f1606d6716d1aa2138,INVOLVES,200
evt_9ce39d292b82cc032180d7ee35514aeb,ent_d36b13410347d500de53637c8b77e430,INVOLVES,200
evt_9ce39d292b82cc032180d7ee35514aeb,ent_b413b0f80b8d06ff291ed5a8fcd6db8c,INVOLVES,200
evt_9ce39d292b82cc032180d7ee35514aeb,ent_848015af8766cb8f2e66510ab1145bd0,INVOLVES,200
evt_9ce39d292b82cc032180d7ee35514aeb,ent_bab41f4da430bd439eafd667836cbe87,INVOLVES,200
evt_9ce39d292b82cc032180d7ee35514aeb,ent_aab2051e760de4c6bab7612178b3896c,INVOLVES,200
evt_d00c31b925975083dcd2bc0165b2e422,ent_d36b13410347d500de53637c8b77e430,INVOLVES,200
evt_d00c31b925975083dcd2bc0165b2e422,ent_312642cda4a86945e21c6ab3175203ec,INVOLVES,200
evt_83d9947d101ddc40300e2f14031d19d2,ent_c3b1a373f27e8f0f321f35d54d020c78,INVOLVES,200
evt_83d9947d101ddc40300e2f14031d19d2,ent_b413b0f80b8d06ff291ed5a8fcd6db8c,INVOLVES,200
evt_83d9947d101ddc40300e2f14031d19d2,ent_f20011e5270666592304898988523261,INVOLVES,200
evt_83d9947d101ddc40300e2f14031d19d2,ent_fe869a4b603f91927506d4afd6ad0d2c,INVOLVES,200
evt_83d9947d101ddc40300e2f14031d19d2,ent_7fe461592c31b7bf33bf11d21d306ea0,INVOLVES,200
evt_f5f052f3ac4a2c53827aa4addd7c7639,ent_97643c03d57bc5a51f0f1eb5f59247b0,INVOLVES,200
evt_f5f052f3ac4a2c53827aa4addd7c7639,ent_bfcd4a1a8173dacbe7a96eb11978e206,INVOLVES,200
evt_f5f052f3ac4a2c53827aa4addd7c7639,ent_5796f2e9f39906ce507084e73fb4d3ed,INVOLVES,200
evt_f5f052f3ac4a2c53827aa4addd7c7639,ent_78a7997e878d8cf658d28366cd7a4075,INVOLVES,200
evt_f5f052f3ac4a2c53827aa4addd7c7639,ent_ca05e3a4c038070c01c1d5c9ac923010,INVOLVES,200
evt_f5f052f3ac4a2c53827aa4addd7c7639,ent_e39b3a846a7ea3d3e546c2ac6ac1b02f,INVOLVES,200
evt_f5f052f3ac4a2c53827aa4addd7c7639,ent_efa89a40c1d9c7e9e18925860b0a9700,INVOLVES,200
evt_a1a71007e7ef2f39e6ddefe56cda5e23,ent_97643c03d57bc5a51f0f1eb5f59247b0,INVOLVES,200
evt_a1a71007e7ef2f39e6ddefe56cda5e23,ent_bfcd4a1a8173dacbe7a96eb11978e206,INVOLVES,200
evt_a1a71007e7ef2f39e6ddefe56cda5e23,ent_5796f2e9f39906ce507084e73fb4d3ed,INVOLVES,200
evt_a1a71007e7ef2f39e6ddefe56cda5e23,ent_78a7997e878d8cf658d28366cd7a4075,INVOLVES,200
evt_a1a71007e7ef2f39e6ddefe56cda5e23,ent_ca05e3a4c038070c01c1d5c9ac923010,INVOLVES,200
evt_a1a71007e7ef2f39e6ddefe56cda5e23,ent_e39b3a846a7ea3d3e546c2ac6ac1b02f,INVOLVES,200
evt_a1a71007e7ef2f39e6ddefe56cda5e23,ent_efa89a40c1d9c7e9e18925860b0a9700,INVOLVES,200
evt_06c82fc62f9fa08be7efdd74a10ff5a2,ent_2a6d3686110703bc69da3220c6ee6b5f,INVOLVES,200
evt_06c82fc62f9fa08be7efdd74a10ff5a2,ent_02349980bba8ce563cdf709f74f96fc1,INVOLVES,200
evt_06c82fc62f9fa08be7efdd74a10ff5a2,ent_f5e36b29147e73fa2f19805768760f76,INVOLVES,200
evt_06c82fc62f9fa08be7efdd74a10ff5a2,ent_486ae472a11f8716a4c30a5158278beb,INVOLVES,200
evt_d6198c5c0a3c6887f00e590a11e4281b,ent_2a6d3686110703bc69da3220c6ee6b5f,INVOLVES,200
evt_d6198c5c0a3c6887f00e590a11e4281b,ent_02349980bba8ce563cdf709f74f96fc1,INVOLVES,200
evt_d6198c5c0a3c6887f00e590a11e4281b,ent_f5e36b29147e73fa2f19805768760f76,INVOLVES,200
evt_d6198c5c0a3c6887f00e590a11e4281b,ent_486ae472a11f8716a4c30a5158278beb,INVOLVES,200
evt_734e81097a1308250d59cb90f589a3d7,ent_1f1bbbfe17b4f26a9e03b9a2f112d4ac,INVOLVES,200
evt_734e81097a1308250d59cb90f589a3d7,ent_3bc1edfca40c685fdf1c19382960942b,INVOLVES,200
evt_734e81097a1308250d59cb90f589a3d7,ent_471394ace83d5b4db4fb120c6fec5110,INVOLVES,200
evt_734e81097a1308250d59cb90f589a3d7,ent_7fe461592c31b7bf33bf11d21d306ea0,INVOLVES,200
evt_734e81097a1308250d59cb90f589a3d7,ent_02349980bba8ce563cdf709f74f96fc1,INVOLVES,200
evt_46df99b31d2d25f8614096fea3d5d180,ent_4c48ff91d644c3d46350904c8facf794,INVOLVES,200
evt_46df99b31d2d25f8614096fea3d5d180,ent_312642cda4a86945e21c6ab3175203ec,INVOLVES,200
evt_46df99b31d2d25f8614096fea3d5d180,ent_02349980bba8ce563cdf709f74f96fc1,INVOLVES,200
evt_46df99b31d2d25f8614096fea3d5d180,ent_ef2dd83258d54c70b0254b405c405881,INVOLVES,200
evt_46df99b31d2d25f8614096fea3d5d180,ent_63c5d1906a58e2d915c068649dede97f,INVOLVES,200
evt_46df99b31d2d25f8614096fea3d5d180,ent_de5988c02532560a4578ca51aadce2a7,INVOLVES,200
evt_19ef73182292628498a7dfbef8d47854,ent_02349980bba8ce563cdf709f74f96fc1,INVOLVES,200
evt_19ef73182292628498a7dfbef8d47854,ent_73dc574896138b346ebce1f07012f146,INVOLVES,200
evt_19ef73182292628498a7dfbef8d47854,ent_2a6d3686110703bc69da3220c6ee6b5f,INVOLVES,200
evt_19ef73182292628498a7dfbef8d47854,ent_b836e8e394abb4fd3f1c2a993093dd86,INVOLVES,200
evt_19ef73182292628498a7dfbef8d47854,ent_3ea5d0a8da7d1eb75ed7c17ee6b00969,INVOLVES,200
evt_7f0432013df09b23f0b0e63921ce09d6,ent_02349980bba8ce563cdf709f74f96fc1,INVOLVES,200
evt_7f0432013df09b23f0b0e63921ce09d6,ent_73dc574896138b346ebce1f07012f146,INVOLVES,200
evt_7f0432013df09b23f0b0e63921ce09d6,ent_2a6d3686110703bc69da3220c6ee6b5f,INVOLVES,200
evt_7f0432013df09b23f0b0e63921ce09d6,ent_b836e8e394abb4fd3f1c2a993093dd86,INVOLVES,200
evt_7f0432013df09b23f0b0e63921ce09d6,ent_3ea5d0a8da7d1eb75ed7c17ee6b00969,INVOLVES,200
evt_eb0154baf7fabce486707ecc461aa27e,ent_b413b0f80b8d06ff291ed5a8fcd6db8c,INVOLVES,200
evt_eb0154baf7fabce486707ecc461aa27e,ent_d36b13410347d500de53637c8b77e430,INVOLVES,200
evt_eb0154baf7fabce486707ecc461aa27e,ent_214163861ed8ac3fdfdb4674bf5536af,INVOLVES,200
evt_8e784ac8851e68cd8f3487031572db59,ent_076173809b5a7e293c5fb60f9019b3f8,INVOLVES,200
evt_8e784ac8851e68cd8f3487031572db59,ent_226a9421040b7f2d19e6a2ff542e6eac,INVOLVES,200
evt_8e784ac8851e68cd8f3487031572db59,ent_312642cda4a86945e21c6ab3175203ec,INVOLVES,200
evt_8e784ac8851e68cd8f3487031572db59,ent_02349980bba8ce563cdf709f74f96fc1,INVOLVES,200
evt_8e784ac8851e68cd8f3487031572db59,ent_946e3886218719e6de2ab8af55542cf9,INVOLVES,200
evt_8e784ac8851e68cd8f3487031572db59,ent_c163a684e1a9e9e2b88dba216dea28d9,INVOLVES,200
evt_8e784ac8851e68cd8f3487031572db59,ent_f177751ce4ebf9f604e15355576b5941,INVOLVES,200
evt_a1852826612ba202ac40d4281558a03f,ent_076173809b5a7e293c5fb60f9019b3f8,INVOLVES,200
evt_a1852826612ba202ac40d4281558a03f,ent_13402d886be466575c55a79727dcd454,INVOLVES,200
evt_a1852826612ba202ac40d4281558a03f,ent_6a4f14846725ac7739006372e539f2dc,INVOLVES,200
evt_ea85abc1c0612926db209e5f219adbe9,ent_0d05c98717c49eebbf5911089efc09d8,INVOLVES,200
evt_ea85abc1c0612926db209e5f219adbe9,ent_d36b13410347d500de53637c8b77e430,INVOLVES,200
evt_ea85abc1c0612926db209e5f219adbe9,ent_0585370dfc155ad02f40b8c59efe394e,INVOLVES,200
evt_ea85abc1c0612926db209e5f219adbe9,ent_30a47d6b70c242df0725425cca661f3f,INVOLVES,200
evt_ea85abc1c0612926db209e5f219adbe9,ent_bf42c7585de0c1246587fb69524df7d4,INVOLVES,200
evt_ea85abc1c0612926db209e5f219adbe9,ent_02349980bba8ce563cdf709f74f96fc1,INVOLVES,200
evt_a8d64397e4d29e97ea75036e1f0f6636,ent_06e268914dba853f1fac062656165032,INVOLVES,200
evt_a8d64397e4d29e97ea75036e1f0f6636,ent_88ffa272d2a13bb85cbf25e67b2b02e1,INVOLVES,200
evt_a8d64397e4d29e97ea75036e1f0f6636,ent_fe60a6c64f4797bb973018d0f8cf7747,INVOLVES,200
evt_023033fe2f7afe27fdb849882dbaed5a,ent_80fd5ad8f3fc7968347407538e7b731c,INVOLVES,200
evt_023033fe2f7afe27fdb849882dbaed5a,ent_836706b10c06a40d06b343ad5b65ce04,INVOLVES,200
evt_023033fe2f7afe27fdb849882dbaed5a,ent_1f8c1455ffca42afab20e830cb11f7e1,INVOLVES,200
evt_f888a2af842411271ac0482fae9e6a51,ent_80fd5ad8f3fc7968347407538e7b731c,INVOLVES,200
evt_f888a2af842411271ac0482fae9e6a51,ent_836706b10c06a40d06b343ad5b65ce04,INVOLVES,200
evt_f888a2af842411271ac0482fae9e6a51,ent_1f8c1455ffca42afab20e830cb11f7e1,INVOLVES,200
evt_22d74ce9e05ef72c89129562abcdbb7a,ent_80fd5ad8f3fc7968347407538e7b731c,INVOLVES,200
evt_22d74ce9e05ef72c89129562abcdbb7a,ent_836706b10c06a40d06b343ad5b65ce04,INVOLVES,200
evt_22d74ce9e05ef72c89129562abcdbb7a,ent_1f8c1455ffca42afab20e830cb11f7e1,INVOLVES,200
evt_7d71ba3e74a6ae0415de171a4ed11881,ent_edc641d55be346730d71096cbd7722bc,INVOLVES,200
evt_7d71ba3e74a6ae0415de171a4ed11881,ent_3a6dec86c9c6ed3adb122f77f5969a74,INVOLVES,200
evt_7d71ba3e74a6ae0415de171a4ed11881,ent_02349980bba8ce563cdf709f74f96fc1,INVOLVES,200
evt_7d71ba3e74a6ae0415de171a4ed11881,ent_ae04e3b9d65ca7f137ad1d000c4a01df,INVOLVES,200
evt_7d71ba3e74a6ae0415de171a4ed11881,ent_d36b13410347d500de53637c8b77e430,INVOLVES,200
evt_39b83658d67a185ed2e481e6c4ace5a6,ent_94749f390b7886d31379a1c3f861b83d,INVOLVES,200
evt_39b83658d67a185ed2e481e6c4ace5a6,ent_1eabffe2d3473135c7f4070db60400cd,INVOLVES,200
evt_39b83658d67a185ed2e481e6c4ace5a6,ent_018390bccabfac1631274f4ed696c4e6,INVOLVES,200
evt_39b83658d67a185ed2e481e6c4ace5a6,ent_8c7c58d54976bbee27e6fdedac3406ce,INVOLVES,200
evt_39b83658d67a185ed2e481e6c4ace5a6,ent_5873865a2eb9644795bbebc074c9bc17,INVOLVES,200
evt_39b83658d67a185ed2e481e6c4ace5a6,ent_d36b13410347d500de53637c8b77e430,INVOLVES,200
evt_f1caf8a93e42b8ab86fe0a8199cd46aa,ent_94749f390b7886d31379a1c3f861b83d,INVOLVES,200
evt_f1caf8a93e42b8ab86fe0a8199cd46aa,ent_1eabffe2d3473135c7f4070db60400cd,INVOLVES,200
evt_f1caf8a93e42b8ab86fe0a8199cd46aa,ent_018390bccabfac1631274f4ed696c4e6,INVOLVES,200
evt_f1caf8a93e42b8ab86fe0a8199cd46aa,ent_8c7c58d54976bbee27e6fdedac3406ce,INVOLVES,200
evt_f1caf8a93e42b8ab86fe0a8199cd46aa,ent_5873865a2eb9644795bbebc074c9bc17,INVOLVES,200
evt_f1caf8a93e42b8ab86fe0a8199cd46aa,ent_d36b13410347d500de53637c8b77e430,INVOLVES,200
evt_c0bd0eee4c873db50c1a59ac34d77c81,ent_94749f390b7886d31379a1c3f861b83d,INVOLVES,200
evt_c0bd0eee4c873db50c1a59ac34d77c81,ent_1eabffe2d3473135c7f4070db60400cd,INVOLVES,200
evt_c0bd0eee4c873db50c1a59ac34d77c81,ent_018390bccabfac1631274f4ed696c4e6,INVOLVES,200
evt_c0bd0eee4c873db50c1a59ac34d77c81,ent_8c7c58d54976bbee27e6fdedac3406ce,INVOLVES,200
evt_c0bd0eee4c873db50c1a59ac34d77c81,ent_5873865a2eb9644795bbebc074c9bc17,INVOLVES,200
evt_c0bd0eee4c873db50c1a59ac34d77c81,ent_d36b13410347d500de53637c8b77e430,INVOLVES,200
evt_c09537c65fb1b6237ec20c3ef1bd2194,ent_312642cda4a86945e21c6ab3175203ec,INVOLVES,200
evt_c09537c65fb1b6237ec20c3ef1bd2194,ent_02349980bba8ce563cdf709f74f96fc1,INVOLVES,200
evt_c09537c65fb1b6237ec20c3ef1bd2194,ent_d36b13410347d500de53637c8b77e430,INVOLVES,200
evt_c09537c65fb1b6237ec20c3ef1bd2194,ent_efcea41751696d7564207ab9bfeb8fff,INVOLVES,200
evt_5284aa83bbe21413525563e522112a9f,ent_312642cda4a86945e21c6ab3175203ec,INVOLVES,200
evt_5284aa83bbe21413525563e522112a9f,ent_02349980bba8ce563cdf709f74f96fc1,INVOLVES,200
evt_5284aa83bbe21413525563e522112a9f,ent_d36b13410347d500de53637c8b77e430,INVOLVES,200
evt_5284aa83bbe21413525563e522112a9f,ent_efcea41751696d7564207ab9bfeb8fff,INVOLVES,200
evt_011958c998a4fa94c7c99fe028f5db68,ent_312642cda4a86945e21c6ab3175203ec,INVOLVES,200
evt_011958c998a4fa94c7c99fe028f5db68,ent_02349980bba8ce563cdf709f74f96fc1,INVOLVES,200
evt_011958c998a4fa94c7c99fe028f5db68,ent_d36b13410347d500de53637c8b77e430,INVOLVES,200
evt_011958c998a4fa94c7c99fe028f5db68,ent_efcea41751696d7564207ab9bfeb8fff,INVOLVES,200
evt_743a5c632e7d83c6c0e45b314286d5fd,ent_02349980bba8ce563cdf709f74f96fc1,INVOLVES,200
evt_743a5c632e7d83c6c0e45b314286d5fd,ent_4131a0b84ace9429c5862999019004a6,INVOLVES,200
evt_743a5c632e7d83c6c0e45b314286d5fd,ent_d36b13410347d500de53637c8b77e430,INVOLVES,200
evt_743a5c632e7d83c6c0e45b314286d5fd,ent_214163861ed8ac3fdfdb4674bf5536af,INVOLVES,200
evt_743a5c632e7d83c6c0e45b314286d5fd,ent_efcea41751696d7564207ab9bfeb8fff,INVOLVES,200
evt_8914ead38dd7ed993c28dc467e7c3c57,ent_0d05c98717c49eebbf5911089efc09d8,INVOLVES,200
evt_8914ead38dd7ed993c28dc467e7c3c57,ent_d36b13410347d500de53637c8b77e430,INVOLVES,200
evt_8914ead38dd7ed993c28dc467e7c3c57,ent_7fe461592c31b7bf33bf11d21d306ea0,INVOLVES,200
evt_8914ead38dd7ed993c28dc467e7c3c57,ent_02349980bba8ce563cdf709f74f96fc1,INVOLVES,200
evt_ef7a9bc9aaa9ffce7de14203ad500923,ent_0d05c98717c49eebbf5911089efc09d8,INVOLVES,200
evt_ef7a9bc9aaa9ffce7de14203ad500923,ent_d36b13410347d500de53637c8b77e430,INVOLVES,200
evt_ef7a9bc9aaa9ffce7de14203ad500923,ent_7fe461592c31b7bf33bf11d21d306ea0,INVOLVES,200
evt_ef7a9bc9aaa9ffce7de14203ad500923,ent_02349980bba8ce563cdf709f74f96fc1,INVOLVES,200
evt_311153a95a95cb70e2145b4cfc9eb40c,ent_63b93a62d9110b650e60ea401a342af2,INVOLVES,200
evt_311153a95a95cb70e2145b4cfc9eb40c,ent_1eac808d407e82cd81176f64d2912e6d,INVOLVES,200
evt_311153a95a95cb70e2145b4cfc9eb40c,ent_94a008a3f8086d2fe79364370bce1b5a,INVOLVES,200
evt_311153a95a95cb70e2145b4cfc9eb40c,ent_28ef9968a406a1b4c35a452595c9f480,INVOLVES,200
evt_c0b7f2d9ba2764715963f3e34903baaa,ent_63b93a62d9110b650e60ea401a342af2,INVOLVES,200
evt_c0b7f2d9ba2764715963f3e34903baaa,ent_1eac808d407e82cd81176f64d2912e6d,INVOLVES,200
evt_c0b7f2d9ba2764715963f3e34903baaa,ent_94a008a3f8086d2fe79364370bce1b5a,INVOLVES,200
evt_c0b7f2d9ba2764715963f3e34903baaa,ent_28ef9968a406a1b4c35a452595c9f480,INVOLVES,200
evt_39f25e0e31af4a5666a18ffc90a902cc,ent_edb82d9e724eb11669a36d3e8d6c8038,INVOLVES,200
evt_39f25e0e31af4a5666a18ffc90a902cc,ent_3066bc7cfd67c5bf2769f00e1924fe5e,INVOLVES,200
evt_39f25e0e31af4a5666a18ffc90a902cc,ent_83bcd6b0c1f7411375ec56a03edc60ed,INVOLVES,200
evt_2198ef811b78a75742341f578eac043a,ent_edb82d9e724eb11669a36d3e8d6c8038,INVOLVES,200
evt_2198ef811b78a75742341f578eac043a,ent_3066bc7cfd67c5bf2769f00e1924fe5e,INVOLVES,200
evt_2198ef811b78a75742341f578eac043a,ent_83bcd6b0c1f7411375ec56a03edc60ed,INVOLVES,200
evt_9314bdb43ae27a5bc2394006d01b58ba,ent_edb82d9e724eb11669a36d3e8d6c8038,INVOLVES,200
evt_9314bdb43ae27a5bc2394006d01b58ba,ent_3066bc7cfd67c5bf2769f00e1924fe5e,INVOLVES,200
evt_9314bdb43ae27a5bc2394006d01b58ba,ent_83bcd6b0c1f7411375ec56a03edc60ed,INVOLVES,200
evt_61ceb487dbbe498e28db1f9c0d3add8d,ent_edb82d9e724eb11669a36d3e8d6c8038,INVOLVES,200
evt_61ceb487dbbe498e28db1f9c0d3add8d,ent_3066bc7cfd67c5bf2769f00e1924fe5e,INVOLVES,200
evt_61ceb487dbbe498e28db1f9c0d3add8d,ent_83bcd6b0c1f7411375ec56a03edc60ed,INVOLVES,200
evt_f57a12f8c183cb695b9e43b4ec5dac4b,ent_e9244c247068c1bea69e57a609209684,INVOLVES,200
evt_f57a12f8c183cb695b9e43b4ec5dac4b,ent_0e005ed5a666659e584c6d2ea24d9624,INVOLVES,200
evt_f57a12f8c183cb695b9e43b4ec5dac4b,ent_948f1b4894e10cea4773783fa5d4d551,INVOLVES,200
evt_232cc630a769c7b0423f1d4a1813ef66,ent_b413b0f80b8d06ff291ed5a8fcd6db8c,INVOLVES,200
evt_232cc630a769c7b0423f1d4a1813ef66,ent_79753c66f753d3739e2b31d292850e41,INVOLVES,200
evt_f7fd125ba66b8cc96895e978ac4409d6,ent_b413b0f80b8d06ff291ed5a8fcd6db8c,INVOLVES,200
evt_f7fd125ba66b8cc96895e978ac4409d6,ent_79753c66f753d3739e2b31d292850e41,INVOLVES,200
evt_6f0c2389d72161576753a3f9a336b3af,ent_214163861ed8ac3fdfdb4674bf5536af,INVOLVES,200
evt_6f0c2389d72161576753a3f9a336b3af,ent_d36b13410347d500de53637c8b77e430,INVOLVES,200
evt_6f0c2389d72161576753a3f9a336b3af,ent_45028679d671d607ecc0d8ad080edb59,INVOLVES,200
evt_6f0c2389d72161576753a3f9a336b3af,ent_02349980bba8ce563cdf709f74f96fc1,INVOLVES,200
evt_6f0c2389d72161576753a3f9a336b3af,ent_26e1cded0f8ac5569976a17d84f0e89b,INVOLVES,200
evt_0c3a8a93a7f07a4613332addf8b3ec30,ent_02349980bba8ce563cdf709f74f96fc1,INVOLVES,200
evt_0c3a8a93a7f07a4613332addf8b3ec30,ent_939718a00177f4a7a8a8caf8e210b494,INVOLVES,200
evt_0c3a8a93a7f07a4613332addf8b3ec30,ent_312642cda4a86945e21c6ab3175203ec,INVOLVES,200
evt_0c3a8a93a7f07a4613332addf8b3ec30,ent_7fe461592c31b7bf33bf11d21d306ea0,INVOLVES,200
evt_280ae0d8113b7fd4b6979e377894964a,ent_02349980bba8ce563cdf709f74f96fc1,INVOLVES,200
evt_280ae0d8113b7fd4b6979e377894964a,ent_939718a00177f4a7a8a8caf8e210b494,INVOLVES,200
evt_280ae0d8113b7fd4b6979e377894964a,ent_312642cda4a86945e21c6ab3175203ec,INVOLVES,200
evt_280ae0d8113b7fd4b6979e377894964a,ent_7fe461592c31b7bf33bf11d21d306ea0,INVOLVES,200
evt_412a4f0fab8faf06e81154472bebcb20,ent_0d05c98717c49eebbf5911089efc09d8,INVOLVES,200
evt_412a4f0fab8faf06e81154472bebcb20,ent_d36b13410347d500de53637c8b77e430,INVOLVES,200
evt_412a4f0fab8faf06e81154472bebcb20,ent_0d49a53868b32e2474c88d3bd3f0cf3d,INVOLVES,200
evt_412a4f0fab8faf06e81154472bebcb20,ent_214163861ed8ac3fdfdb4674bf5536af,INVOLVES,200
evt_412a4f0fab8faf06e81154472bebcb20,ent_4fa2deebbdd08f8db412355fd5c496b0,INVOLVES,200
evt_f1d7218cd7a2ccb2389d412019ba0f5f,ent_0e035125174fa71b767786a8dc9628c6,INVOLVES,200
evt_f1d7218cd7a2ccb2389d412019ba0f5f,ent_312642cda4a86945e21c6ab3175203ec,INVOLVES,200
evt_f1d7218cd7a2ccb2389d412019ba0f5f,ent_02349980bba8ce563cdf709f74f96fc1,INVOLVES,200
evt_f1d7218cd7a2ccb2389d412019ba0f5f,ent_7fe461592c31b7bf33bf11d21d306ea0,INVOLVES,200
evt_f1d7218cd7a2ccb2389d412019ba0f5f,ent_d36b13410347d500de53637c8b77e430,INVOLVES,200
evt_e4ae08edb7f1415c536672e2c37fd438,ent_0d05c98717c49eebbf5911089efc09d8,INVOLVES,200
evt_e4ae08edb7f1415c536672e2c37fd438,ent_6d3207d702c9dc917a10d34060bb5fb3,INVOLVES,200
evt_e4ae08edb7f1415c536672e2c37fd438,ent_312642cda4a86945e21c6ab3175203ec,INVOLVES,200
evt_e4ae08edb7f1415c536672e2c37fd438,ent_b836e8e394abb4fd3f1c2a993093dd86,INVOLVES,200
evt_e4ae08edb7f1415c536672e2c37fd438,ent_4bfbcdb71247a8e770f178fb80b6d748,INVOLVES,200
evt_fe91e3c760519079c328a1a01505b1d6,ent_0d05c98717c49eebbf5911089efc09d8,INVOLVES,200
evt_fe91e3c760519079c328a1a01505b1d6,ent_6d3207d702c9dc917a10d34060bb5fb3,INVOLVES,200
evt_fe91e3c760519079c328a1a01505b1d6,ent_312642cda4a86945e21c6ab3175203ec,INVOLVES,200
evt_fe91e3c760519079c328a1a01505b1d6,ent_b836e8e394abb4fd3f1c2a993093dd86,INVOLVES,200
evt_fe91e3c760519079c328a1a01505b1d6,ent_4bfbcdb71247a8e770f178fb80b6d748,INVOLVES,200
evt_17980844c84635e95e748300ec8f3bef,ent_0fc893a4bdb64119cfea33a0e50ba5bf,INVOLVES,200
evt_17980844c84635e95e748300ec8f3bef,ent_a23de424f78c101f3b157464d8e6a9c4,INVOLVES,200
evt_17980844c84635e95e748300ec8f3bef,ent_1eac808d407e82cd81176f64d2912e6d,INVOLVES,200
evt_a91565a6dddc1ad7b14b0cf3f509f70c,ent_2a6d3686110703bc69da3220c6ee6b5f,INVOLVES,200
evt_a91565a6dddc1ad7b14b0cf3f509f70c,ent_02349980bba8ce563cdf709f74f96fc1,INVOLVES,200
evt_9b930e3b2072c9830754ef5f537ecec8,ent_2a6d3686110703bc69da3220c6ee6b5f,INVOLVES,200
evt_9b930e3b2072c9830754ef5f537ecec8,ent_02349980bba8ce563cdf709f74f96fc1,INVOLVES,200
evt_421c660e7a9d762aaa7e9d1fc1e77853,ent_d36b13410347d500de53637c8b77e430,INVOLVES,200
evt_421c660e7a9d762aaa7e9d1fc1e77853,ent_02349980bba8ce563cdf709f74f96fc1,INVOLVES,200
evt_421c660e7a9d762aaa7e9d1fc1e77853,ent_0eecfd1e8eb0d1e1c39c767906095157,INVOLVES,200
evt_421c660e7a9d762aaa7e9d1fc1e77853,ent_0585370dfc155ad02f40b8c59efe394e,INVOLVES,200
evt_421c660e7a9d762aaa7e9d1fc1e77853,ent_312642cda4a86945e21c6ab3175203ec,INVOLVES,200
evt_be10a80c6fb2e75e4fc4495bed8097fe,ent_d36b13410347d500de53637c8b77e430,INVOLVES,200
evt_be10a80c6fb2e75e4fc4495bed8097fe,ent_02349980bba8ce563cdf709f74f96fc1,INVOLVES,200
evt_be10a80c6fb2e75e4fc4495bed8097fe,ent_0eecfd1e8eb0d1e1c39c767906095157,INVOLVES,200
evt_be10a80c6fb2e75e4fc4495bed8097fe,ent_0585370dfc155ad02f40b8c59efe394e,INVOLVES,200
evt_be10a80c6fb2e75e4fc4495bed8097fe,ent_312642cda4a86945e21c6ab3175203ec,INVOLVES,200
evt_c245c3a086779529011e49eef381aa70,ent_0d05c98717c49eebbf5911089efc09d8,INVOLVES,200
evt_c245c3a086779529011e49eef381aa70,ent_6d3207d702c9dc917a10d34060bb5fb3,INVOLVES,200
evt_c245c3a086779529011e49eef381aa70,ent_312642cda4a86945e21c6ab3175203ec,INVOLVES,200
evt_c245c3a086779529011e49eef381aa70,ent_02349980bba8ce563cdf709f74f96fc1,INVOLVES,200
evt_f69c73676ddc03b0aed13fb23ebce994,ent_91e88ee3fd1b4c3ff8ca488e7cc57bd8,INVOLVES,200
evt_f69c73676ddc03b0aed13fb23ebce994,ent_f5e36b29147e73fa2f19805768760f76,INVOLVES,200
evt_9791591970fbf2c1b568f70f992901a6,ent_91e88ee3fd1b4c3ff8ca488e7cc57bd8,INVOLVES,200
evt_9791591970fbf2c1b568f70f992901a6,ent_f5e36b29147e73fa2f19805768760f76,INVOLVES,200
evt_82a61c79dd7e6cb949f4d532a33048d2,ent_6d3207d702c9dc917a10d34060bb5fb3,INVOLVES,200
evt_82a61c79dd7e6cb949f4d532a33048d2,ent_312642cda4a86945e21c6ab3175203ec,INVOLVES,200
evt_82a61c79dd7e6cb949f4d532a33048d2,ent_09f5f0effadafdfafe9d08ebdc0d4c4e,INVOLVES,200
evt_e9b5d00f3cf34c63a8646175c1af6726,ent_59dc90185ab259c53429aca8a1d698b2,INVOLVES,200
evt_e9b5d00f3cf34c63a8646175c1af6726,ent_02349980bba8ce563cdf709f74f96fc1,INVOLVES,200
evt_e9b5d00f3cf34c63a8646175c1af6726,ent_4f0548c1b699c374fa247ec80e8c353a,INVOLVES,200
evt_e9b5d00f3cf34c63a8646175c1af6726,ent_0c4c607d19f8f91d86a20d6f852e572e,INVOLVES,200
evt_e9b5d00f3cf34c63a8646175c1af6726,ent_6d3207d702c9dc917a10d34060bb5fb3,INVOLVES,200
evt_e9b5d00f3cf34c63a8646175c1af6726,ent_d36b13410347d500de53637c8b77e430,INVOLVES,200
evt_057a2a8d930f91bca9c40d8df308ab74,ent_fe60a6c64f4797bb973018d0f8cf7747,INVOLVES,200
evt_057a2a8d930f91bca9c40d8df308ab74,ent_00dc01ebfbd352baf92e0a2c1067a030,INVOLVES,200
evt_057a2a8d930f91bca9c40d8df308ab74,ent_bf2eb1b5439441d00d8f571c48181df1,INVOLVES,200
evt_057a2a8d930f91bca9c40d8df308ab74,ent_bcc08567a1a9e4183bdfefebbdcb79bc,INVOLVES,200
evt_057a2a8d930f91bca9c40d8df308ab74,ent_877f3ab9de78559307ede5475b524b32,INVOLVES,200
evt_bbc8a95be87ded9c742b8d49e2752ecd,ent_ceaf3ed7472b9d478c04f659ef747bb4,INVOLVES,200
evt_bbc8a95be87ded9c742b8d49e2752ecd,ent_60c0f8d13ec14be3eacd9673633d3cfe,INVOLVES,200
evt_bbc8a95be87ded9c742b8d49e2752ecd,ent_6c6b9b2cde4aa93713747e5879be47c5,INVOLVES,200
evt_249a38efbde3aad9966c126ed7319012,ent_1b3cb9bf69fb35a023ff46a9f0579ae4,INVOLVES,200
evt_249a38efbde3aad9966c126ed7319012,ent_4770898cc7fb5246c710c5d353fda89e,INVOLVES,200
evt_249a38efbde3aad9966c126ed7319012,ent_d180bc14cb1a6d314a0cf0d7cc1c48fd,INVOLVES,200
evt_ea6957b4b6a1b5629a17d86f4aa5f03e,ent_1b5936c2385cb595e319c272d92c5014,INVOLVES,200
evt_ea6957b4b6a1b5629a17d86f4aa5f03e,ent_f20011e5270666592304898988523261,INVOLVES,200
evt_ea6957b4b6a1b5629a17d86f4aa5f03e,ent_d36b13410347d500de53637c8b77e430,INVOLVES,200
evt_ea6957b4b6a1b5629a17d86f4aa5f03e,ent_946e3886218719e6de2ab8af55542cf9,INVOLVES,200
evt_ea6957b4b6a1b5629a17d86f4aa5f03e,ent_09654ed4944a7289f941860ba8c5748f,INVOLVES,200
evt_be094fbbdc0c255493c23b4cc4c96b5f,ent_1b5936c2385cb595e319c272d92c5014,INVOLVES,200
evt_be094fbbdc0c255493c23b4cc4c96b5f,ent_f20011e5270666592304898988523261,INVOLVES,200
evt_be094fbbdc0c255493c23b4cc4c96b5f,ent_d36b13410347d500de53637c8b77e430,INVOLVES,200
evt_be094fbbdc0c255493c23b4cc4c96b5f,ent_946e3886218719e6de2ab8af55542cf9,INVOLVES,200
evt_be094fbbdc0c255493c23b4cc4c96b5f,ent_09654ed4944a7289f941860ba8c5748f,INVOLVES,200
evt_9d1379929eaff61e7a97e8ad0f8da8ee,ent_1b5936c2385cb595e319c272d92c5014,INVOLVES,200
evt_9d1379929eaff61e7a97e8ad0f8da8ee,ent_f20011e5270666592304898988523261,INVOLVES,200
evt_9d1379929eaff61e7a97e8ad0f8da8ee,ent_d36b13410347d500de53637c8b77e430,INVOLVES,200
evt_9d1379929eaff61e7a97e8ad0f8da8ee,ent_946e3886218719e6de2ab8af55542cf9,INVOLVES,200
evt_9d1379929eaff61e7a97e8ad0f8da8ee,ent_09654ed4944a7289f941860ba8c5748f,INVOLVES,200
evt_f19863943136c046ce27baf8454767de,ent_1b5936c2385cb595e319c272d92c5014,INVOLVES,200
evt_f19863943136c046ce27baf8454767de,ent_f20011e5270666592304898988523261,INVOLVES,200
evt_f19863943136c046ce27baf8454767de,ent_d36b13410347d500de53637c8b77e430,INVOLVES,200
evt_f19863943136c046ce27baf8454767de,ent_946e3886218719e6de2ab8af55542cf9,INVOLVES,200
evt_f19863943136c046ce27baf8454767de,ent_09654ed4944a7289f941860ba8c5748f,INVOLVES,200
evt_9397a6fd18d303f660d25483e23bc3dd,ent_1b5936c2385cb595e319c272d92c5014,INVOLVES,200
evt_9397a6fd18d303f660d25483e23bc3dd,ent_f20011e5270666592304898988523261,INVOLVES,200
evt_9397a6fd18d303f660d25483e23bc3dd,ent_d36b13410347d500de53637c8b77e430,INVOLVES,200
evt_9397a6fd18d303f660d25483e23bc3dd,ent_946e3886218719e6de2ab8af55542cf9,INVOLVES,200
evt_9397a6fd18d303f660d25483e23bc3dd,ent_09654ed4944a7289f941860ba8c5748f,INVOLVES,200
evt_dbabf3ffeca76ac42c47b864022dcdec,ent_1b5936c2385cb595e319c272d92c5014,INVOLVES,200
evt_dbabf3ffeca76ac42c47b864022dcdec,ent_f20011e5270666592304898988523261,INVOLVES,200
evt_dbabf3ffeca76ac42c47b864022dcdec,ent_d36b13410347d500de53637c8b77e430,INVOLVES,200
evt_dbabf3ffeca76ac42c47b864022dcdec,ent_946e3886218719e6de2ab8af55542cf9,INVOLVES,200
evt_dbabf3ffeca76ac42c47b864022dcdec,ent_09654ed4944a7289f941860ba8c5748f,INVOLVES,200
evt_d9e0ea0d87071c7e5dd1835d26ea375e,ent_312642cda4a86945e21c6ab3175203ec,INVOLVES,200
evt_d9e0ea0d87071c7e5dd1835d26ea375e,ent_4fa2deebbdd08f8db412355fd5c496b0,INVOLVES,200
evt_d9e0ea0d87071c7e5dd1835d26ea375e,ent_02349980bba8ce563cdf709f74f96fc1,INVOLVES,200
evt_d9e0ea0d87071c7e5dd1835d26ea375e,ent_dc4fbb000fd99a86fa27b8fcae2ed36b,INVOLVES,200
evt_d9e0ea0d87071c7e5dd1835d26ea375e,ent_d36b13410347d500de53637c8b77e430,INVOLVES,200
evt_8af61d6bf36daafa0c672d1f98b65ef5,ent_312642cda4a86945e21c6ab3175203ec,INVOLVES,200
evt_8af61d6bf36daafa0c672d1f98b65ef5,ent_4fa2deebbdd08f8db412355fd5c496b0,INVOLVES,200
evt_8af61d6bf36daafa0c672d1f98b65ef5,ent_02349980bba8ce563cdf709f74f96fc1,INVOLVES,200
evt_8af61d6bf36daafa0c672d1f98b65ef5,ent_dc4fbb000fd99a86fa27b8fcae2ed36b,INVOLVES,200
evt_8af61d6bf36daafa0c672d1f98b65ef5,ent_d36b13410347d500de53637c8b77e430,INVOLVES,200
evt_e45a3a9e38b9acf7c9d1e8719c5ca997,ent_312642cda4a86945e21c6ab3175203ec,INVOLVES,200
evt_e45a3a9e38b9acf7c9d1e8719c5ca997,ent_02349980bba8ce563cdf709f74f96fc1,INVOLVES,200
evt_e45a3a9e38b9acf7c9d1e8719c5ca997,ent_2a6d3686110703bc69da3220c6ee6b5f,INVOLVES,200
evt_790cf73ab039c18abb68eaedcdb702da,ent_312642cda4a86945e21c6ab3175203ec,INVOLVES,200
evt_790cf73ab039c18abb68eaedcdb702da,ent_02349980bba8ce563cdf709f74f96fc1,INVOLVES,200
evt_790cf73ab039c18abb68eaedcdb702da,ent_2a6d3686110703bc69da3220c6ee6b5f,INVOLVES,200
evt_ee155054b96620a27494e5c4d7b3640b,ent_312642cda4a86945e21c6ab3175203ec,INVOLVES,200
evt_ee155054b96620a27494e5c4d7b3640b,ent_02349980bba8ce563cdf709f74f96fc1,INVOLVES,200
evt_ee155054b96620a27494e5c4d7b3640b,ent_2a6d3686110703bc69da3220c6ee6b5f,INVOLVES,200
evt_83cfb29ce1b796dd33ba4c92d9f2e03f,ent_312642cda4a86945e21c6ab3175203ec,INVOLVES,200
evt_83cfb29ce1b796dd33ba4c92d9f2e03f,ent_02349980bba8ce563cdf709f74f96fc1,INVOLVES,200
evt_83cfb29ce1b796dd33ba4c92d9f2e03f,ent_2a6d3686110703bc69da3220c6ee6b5f,INVOLVES,200
evt_a30d56c5652f49b82d979043c7d2f126,ent_02349980bba8ce563cdf709f74f96fc1,INVOLVES,200
evt_a30d56c5652f49b82d979043c7d2f126,ent_d36b13410347d500de53637c8b77e430,INVOLVES,200
evt_4a028d2537465c8bb5028e2a1ddb5088,ent_02349980bba8ce563cdf709f74f96fc1,INVOLVES,200
evt_4a028d2537465c8bb5028e2a1ddb5088,ent_d36b13410347d500de53637c8b77e430,INVOLVES,200
evt_3f4df528f3b7c81bd0e5634af4188ec4,ent_02349980bba8ce563cdf709f74f96fc1,INVOLVES,200
evt_3f4df528f3b7c81bd0e5634af4188ec4,ent_d36b13410347d500de53637c8b77e430,INVOLVES,200
evt_a6c6c96879e3b298dc837cdc0e6cffc1,ent_02349980bba8ce563cdf709f74f96fc1,INVOLVES,200
evt_a6c6c96879e3b298dc837cdc0e6cffc1,ent_bf42c7585de0c1246587fb69524df7d4,INVOLVES,200
evt_a6c6c96879e3b298dc837cdc0e6cffc1,ent_edc641d55be346730d71096cbd7722bc,INVOLVES,200
evt_a6c6c96879e3b298dc837cdc0e6cffc1,ent_fcec4dfb15d3b1bbca330f390cf0b345,INVOLVES,200
evt_a6c6c96879e3b298dc837cdc0e6cffc1,ent_73cb9346d4c28ed7183e400772654b27,INVOLVES,200
evt_a6c6c96879e3b298dc837cdc0e6cffc1,ent_efcea41751696d7564207ab9bfeb8fff,INVOLVES,200
evt_a6c6c96879e3b298dc837cdc0e6cffc1,ent_214163861ed8ac3fdfdb4674bf5536af,INVOLVES,200
evt_a6c6c96879e3b298dc837cdc0e6cffc1,ent_d36b13410347d500de53637c8b77e430,INVOLVES,200
evt_f7dafcec25c1982dda630c6f8dfcf517,ent_02349980bba8ce563cdf709f74f96fc1,INVOLVES,200
evt_f7dafcec25c1982dda630c6f8dfcf517,ent_bf42c7585de0c1246587fb69524df7d4,INVOLVES,200
evt_f7dafcec25c1982dda630c6f8dfcf517,ent_edc641d55be346730d71096cbd7722bc,INVOLVES,200
evt_f7dafcec25c1982dda630c6f8dfcf517,ent_fcec4dfb15d3b1bbca330f390cf0b345,INVOLVES,200
evt_f7dafcec25c1982dda630c6f8dfcf517,ent_73cb9346d4c28ed7183e400772654b27,INVOLVES,200
evt_f7dafcec25c1982dda630c6f8dfcf517,ent_efcea41751696d7564207ab9bfeb8fff,INVOLVES,200
evt_f7dafcec25c1982dda630c6f8dfcf517,ent_214163861ed8ac3fdfdb4674bf5536af,INVOLVES,200
evt_f7dafcec25c1982dda630c6f8dfcf517,ent_d36b13410347d500de53637c8b77e430,INVOLVES,200
evt_7516f1eaece4398cb44e69468656d7af,ent_02349980bba8ce563cdf709f74f96fc1,INVOLVES,200
evt_7516f1eaece4398cb44e69468656d7af,ent_bf42c7585de0c1246587fb69524df7d4,INVOLVES,200
evt_7516f1eaece4398cb44e69468656d7af,ent_edc641d55be346730d71096cbd7722bc,INVOLVES,200
evt_7516f1eaece4398cb44e69468656d7af,ent_fcec4dfb15d3b1bbca330f390cf0b345,INVOLVES,200
evt_7516f1eaece4398cb44e69468656d7af,ent_73cb9346d4c28ed7183e400772654b27,INVOLVES,200
evt_7516f1eaece4398cb44e69468656d7af,ent_efcea41751696d7564207ab9bfeb8fff,INVOLVES,200
evt_7516f1eaece4398cb44e69468656d7af,ent_214163861ed8ac3fdfdb4674bf5536af,INVOLVES,200
evt_7516f1eaece4398cb44e69468656d7af,ent_d36b13410347d500de53637c8b77e430,INVOLVES,200
evt_7516f1eaece4398cb44e69468656d7af,ent_56dfc2020c96ae4f546cf50eb77ee0e7,INVOLVES,200
evt_5811ce5e94f1a2c6f1e960eabe575c78,ent_02349980bba8ce563cdf709f74f96fc1,INVOLVES,200
evt_5811ce5e94f1a2c6f1e960eabe575c78,ent_bf42c7585de0c1246587fb69524df7d4,INVOLVES,200
evt_5811ce5e94f1a2c6f1e960eabe575c78,ent_edc641d55be346730d71096cbd7722bc,INVOLVES,200
evt_5811ce5e94f1a2c6f1e960eabe575c78,ent_fcec4dfb15d3b1bbca330f390cf0b345,INVOLVES,200
evt_5811ce5e94f1a2c6f1e960eabe575c78,ent_73cb9346d4c28ed7183e400772654b27,INVOLVES,200
evt_5811ce5e94f1a2c6f1e960eabe575c78,ent_efcea41751696d7564207ab9bfeb8fff,INVOLVES,200
evt_5811ce5e94f1a2c6f1e960eabe575c78,ent_214163861ed8ac3fdfdb4674bf5536af,INVOLVES,200
evt_5811ce5e94f1a2c6f1e960eabe575c78,ent_d36b13410347d500de53637c8b77e430,INVOLVES,200
evt_5811ce5e94f1a2c6f1e960eabe575c78,ent_56dfc2020c96ae4f546cf50eb77ee0e7,INVOLVES,200
evt_5811ce5e94f1a2c6f1e960eabe575c78,ent_90302092e5979eee194dbf6585d924f3,INVOLVES,200
evt_03ab35e0689b97d325fa20f939e11ea0,ent_02349980bba8ce563cdf709f74f96fc1,INVOLVES,200
evt_03ab35e0689b97d325fa20f939e11ea0,ent_bf42c7585de0c1246587fb69524df7d4,INVOLVES,200
evt_03ab35e0689b97d325fa20f939e11ea0,ent_edc641d55be346730d71096cbd7722bc,INVOLVES,200
evt_03ab35e0689b97d325fa20f939e11ea0,ent_fcec4dfb15d3b1bbca330f390cf0b345,INVOLVES,200
evt_03ab35e0689b97d325fa20f939e11ea0,ent_73cb9346d4c28ed7183e400772654b27,INVOLVES,200
evt_03ab35e0689b97d325fa20f939e11ea0,ent_efcea41751696d7564207ab9bfeb8fff,INVOLVES,200
evt_03ab35e0689b97d325fa20f939e11ea0,ent_214163861ed8ac3fdfdb4674bf5536af,INVOLVES,200
evt_03ab35e0689b97d325fa20f939e11ea0,ent_d36b13410347d500de53637c8b77e430,INVOLVES,200
evt_03ab35e0689b97d325fa20f939e11ea0,ent_56dfc2020c96ae4f546cf50eb77ee0e7,INVOLVES,200
evt_03ab35e0689b97d325fa20f939e11ea0,ent_90302092e5979eee194dbf6585d924f3,INVOLVES,200
evt_03ab35e0689b97d325fa20f939e11ea0,ent_59eb45453f83ad36a3b64e4d5f06d8b8,INVOLVES,200
evt_d35395b17850149e1f0b8ce8ad83a276,ent_bf42c7585de0c1246587fb69524df7d4,INVOLVES,200
evt_d35395b17850149e1f0b8ce8ad83a276,ent_edc641d55be346730d71096cbd7722bc,INVOLVES,200
evt_d35395b17850149e1f0b8ce8ad83a276,ent_02349980bba8ce563cdf709f74f96fc1,INVOLVES,200
evt_d35395b17850149e1f0b8ce8ad83a276,ent_fcec4dfb15d3b1bbca330f390cf0b345,INVOLVES,200
evt_d35395b17850149e1f0b8ce8ad83a276,ent_73cb9346d4c28ed7183e400772654b27,INVOLVES,200
evt_d35395b17850149e1f0b8ce8ad83a276,ent_efcea41751696d7564207ab9bfeb8fff,INVOLVES,200
evt_d35395b17850149e1f0b8ce8ad83a276,ent_214163861ed8ac3fdfdb4674bf5536af,INVOLVES,200
evt_d35395b17850149e1f0b8ce8ad83a276,ent_d36b13410347d500de53637c8b77e430,INVOLVES,200
evt_d35395b17850149e1f0b8ce8ad83a276,ent_56dfc2020c96ae4f546cf50eb77ee0e7,INVOLVES,200
evt_d35395b17850149e1f0b8ce8ad83a276,ent_90302092e5979eee194dbf6585d924f3,INVOLVES,200
evt_d35395b17850149e1f0b8ce8ad83a276,ent_59eb45453f83ad36a3b64e4d5f06d8b8,INVOLVES,200
evt_d35395b17850149e1f0b8ce8ad83a276,ent_1500adbe59ed64f4e29b7ed9e4a54fc0,INVOLVES,200
evt_d35395b17850149e1f0b8ce8ad83a276,ent_748ccf11933568d67d958bd3614f5c6b,INVOLVES,200
evt_b72d8010edc08eee3ef07f4dc05c1a79,ent_02349980bba8ce563cdf709f74f96fc1,INVOLVES,200
evt_b72d8010edc08eee3ef07f4dc05c1a79,ent_fcec4dfb15d3b1bbca330f390cf0b345,INVOLVES,200
evt_b72d8010edc08eee3ef07f4dc05c1a79,ent_bf42c7585de0c1246587fb69524df7d4,INVOLVES,200
evt_b72d8010edc08eee3ef07f4dc05c1a79,ent_73cb9346d4c28ed7183e400772654b27,INVOLVES,200
evt_b72d8010edc08eee3ef07f4dc05c1a79,ent_efcea41751696d7564207ab9bfeb8fff,INVOLVES,200
evt_b72d8010edc08eee3ef07f4dc05c1a79,ent_214163861ed8ac3fdfdb4674bf5536af,INVOLVES,200
evt_b72d8010edc08eee3ef07f4dc05c1a79,ent_d36b13410347d500de53637c8b77e430,INVOLVES,200
evt_b72d8010edc08eee3ef07f4dc05c1a79,ent_56dfc2020c96ae4f546cf50eb77ee0e7,INVOLVES,200
evt_b72d8010edc08eee3ef07f4dc05c1a79,ent_90302092e5979eee194dbf6585d924f3,INVOLVES,200
evt_b72d8010edc08eee3ef07f4dc05c1a79,ent_59eb45453f83ad36a3b64e4d5f06d8b8,INVOLVES,200
evt_b72d8010edc08eee3ef07f4dc05c1a79,ent_1500adbe59ed64f4e29b7ed9e4a54fc0,INVOLVES,200
evt_b72d8010edc08eee3ef07f4dc05c1a79,ent_748ccf11933568d67d958bd3614f5c6b,INVOLVES,200
evt_7a3d2682c2e38796829c9eaf24c9c9fc,ent_214163861ed8ac3fdfdb4674bf5536af,INVOLVES,200
evt_7a3d2682c2e38796829c9eaf24c9c9fc,ent_02349980bba8ce563cdf709f74f96fc1,INVOLVES,200
evt_30625d503dd751bf8bee29ef98f0402e,ent_214163861ed8ac3fdfdb4674bf5536af,INVOLVES,200
evt_30625d503dd751bf8bee29ef98f0402e,ent_02349980bba8ce563cdf709f74f96fc1,INVOLVES,200
evt_6339200c4b7d02efd031269b6c5bccd4,ent_214163861ed8ac3fdfdb4674bf5536af,INVOLVES,200
evt_6339200c4b7d02efd031269b6c5bccd4,ent_02349980bba8ce563cdf709f74f96fc1,INVOLVES,200
evt_6339200c4b7d02efd031269b6c5bccd4,ent_78c8fbbfd171ea71cf263254c469b6bb,INVOLVES,200
evt_76a9532373d72a609e51dc052d36c025,ent_02349980bba8ce563cdf709f74f96fc1,INVOLVES,200
evt_76a9532373d72a609e51dc052d36c025,ent_78c8fbbfd171ea71cf263254c469b6bb,INVOLVES,200
evt_76a9532373d72a609e51dc052d36c025,ent_214163861ed8ac3fdfdb4674bf5536af,INVOLVES,200
evt_76a9532373d72a609e51dc052d36c025,ent_7951e8eead9900816a8b767fde04dbbf,INVOLVES,200
evt_911882e5f51ab8c144d29ce0879963ab,ent_78c8fbbfd171ea71cf263254c469b6bb,INVOLVES,200
evt_911882e5f51ab8c144d29ce0879963ab,ent_214163861ed8ac3fdfdb4674bf5536af,INVOLVES,200
evt_911882e5f51ab8c144d29ce0879963ab,ent_7951e8eead9900816a8b767fde04dbbf,INVOLVES,200
evt_911882e5f51ab8c144d29ce0879963ab,ent_063c9bc7c795e21aef113d0e31e099f7,INVOLVES,200
evt_28756d4e8b6e50cb77d33dbc89388b1a,ent_78c8fbbfd171ea71cf263254c469b6bb,INVOLVES,200
evt_28756d4e8b6e50cb77d33dbc89388b1a,ent_214163861ed8ac3fdfdb4674bf5536af,INVOLVES,200
evt_28756d4e8b6e50cb77d33dbc89388b1a,ent_7951e8eead9900816a8b767fde04dbbf,INVOLVES,200
evt_28756d4e8b6e50cb77d33dbc89388b1a,ent_063c9bc7c795e21aef113d0e31e099f7,INVOLVES,200
evt_28756d4e8b6e50cb77d33dbc89388b1a,ent_d32d3bb3d7702c520acb3c89c3eb93c3,INVOLVES,200
evt_22f0ffa5e23890c37660527cd23707a1,ent_97643c03d57bc5a51f0f1eb5f59247b0,INVOLVES,200
evt_22f0ffa5e23890c37660527cd23707a1,ent_fcec4dfb15d3b1bbca330f390cf0b345,INVOLVES,200
evt_22f0ffa5e23890c37660527cd23707a1,ent_29c5a3a85665d45755d9c9e8a9c3f356,INVOLVES,200
evt_96c7a90c30688f275bd3fe56ede3709c,ent_97643c03d57bc5a51f0f1eb5f59247b0,INVOLVES,200
evt_96c7a90c30688f275bd3fe56ede3709c,ent_fcec4dfb15d3b1bbca330f390cf0b345,INVOLVES,200
evt_96c7a90c30688f275bd3fe56ede3709c,ent_29c5a3a85665d45755d9c9e8a9c3f356,INVOLVES,200
evt_7c514ddd58d84cc5bedae9490cc5d7c6,ent_b413b0f80b8d06ff291ed5a8fcd6db8c,INVOLVES,200
evt_7c514ddd58d84cc5bedae9490cc5d7c6,ent_d3a2f1c67520a7b37cb5653e93fe281f,INVOLVES,200
evt_7c514ddd58d84cc5bedae9490cc5d7c6,ent_c8243ac10a7228bcfe01354058a97feb,INVOLVES,200
evt_2ea477b06f2dd292788d5f15f6d833cd,ent_b413b0f80b8d06ff291ed5a8fcd6db8c,INVOLVES,200
evt_2ea477b06f2dd292788d5f15f6d833cd,ent_d3a2f1c67520a7b37cb5653e93fe281f,INVOLVES,200
evt_2ea477b06f2dd292788d5f15f6d833cd,ent_c8243ac10a7228bcfe01354058a97feb,INVOLVES,200
evt_fa6751d7d9b3277e3ba905c43385eb97,ent_02349980bba8ce563cdf709f74f96fc1,INVOLVES,200
evt_fa6751d7d9b3277e3ba905c43385eb97,ent_312642cda4a86945e21c6ab3175203ec,INVOLVES,200
evt_fa6751d7d9b3277e3ba905c43385eb97,ent_bf42c7585de0c1246587fb69524df7d4,INVOLVES,200
evt_fa6751d7d9b3277e3ba905c43385eb97,ent_214163861ed8ac3fdfdb4674bf5536af,INVOLVES,200
evt_fa6751d7d9b3277e3ba905c43385eb97,ent_634d30f1d295382071bc70b8e883717b,INVOLVES,200
evt_fa6751d7d9b3277e3ba905c43385eb97,ent_022dceeb82c260e3c1e10672e0f27a2e,INVOLVES,200
evt_eb047815b6de2b3e1b788f337cac07de,ent_02349980bba8ce563cdf709f74f96fc1,INVOLVES,200
evt_eb047815b6de2b3e1b788f337cac07de,ent_312642cda4a86945e21c6ab3175203ec,INVOLVES,200
evt_eb047815b6de2b3e1b788f337cac07de,ent_bf42c7585de0c1246587fb69524df7d4,INVOLVES,200
evt_eb047815b6de2b3e1b788f337cac07de,ent_214163861ed8ac3fdfdb4674bf5536af,INVOLVES,200
evt_eb047815b6de2b3e1b788f337cac07de,ent_634d30f1d295382071bc70b8e883717b,INVOLVES,200
evt_eb047815b6de2b3e1b788f337cac07de,ent_022dceeb82c260e3c1e10672e0f27a2e,INVOLVES,200
evt_b244144bda54262cfb9712e957286103,ent_02349980bba8ce563cdf709f74f96fc1,INVOLVES,200
evt_b244144bda54262cfb9712e957286103,ent_312642cda4a86945e21c6ab3175203ec,INVOLVES,200
evt_b244144bda54262cfb9712e957286103,ent_bf42c7585de0c1246587fb69524df7d4,INVOLVES,200
evt_b244144bda54262cfb9712e957286103,ent_214163861ed8ac3fdfdb4674bf5536af,INVOLVES,200
evt_b244144bda54262cfb9712e957286103,ent_634d30f1d295382071bc70b8e883717b,INVOLVES,200
evt_b244144bda54262cfb9712e957286103,ent_022dceeb82c260e3c1e10672e0f27a2e,INVOLVES,200
evt_4c0a8c15c37b890065e4442140782496,ent_02349980bba8ce563cdf709f74f96fc1,INVOLVES,200
evt_4c0a8c15c37b890065e4442140782496,ent_312642cda4a86945e21c6ab3175203ec,INVOLVES,200
evt_4c0a8c15c37b890065e4442140782496,ent_bf42c7585de0c1246587fb69524df7d4,INVOLVES,200
evt_4c0a8c15c37b890065e4442140782496,ent_214163861ed8ac3fdfdb4674bf5536af,INVOLVES,200
evt_4c0a8c15c37b890065e4442140782496,ent_634d30f1d295382071bc70b8e883717b,INVOLVES,200
evt_4c0a8c15c37b890065e4442140782496,ent_022dceeb82c260e3c1e10672e0f27a2e,INVOLVES,200
evt_4c0a8c15c37b890065e4442140782496,ent_edc3ef846ebc2c369164a55b359c7a6f,INVOLVES,200
evt_71af4ba097dcbd47b115e9c418f33cd5,ent_02349980bba8ce563cdf709f74f96fc1,INVOLVES,200
evt_71af4ba097dcbd47b115e9c418f33cd5,ent_312642cda4a86945e21c6ab3175203ec,INVOLVES,200
evt_71af4ba097dcbd47b115e9c418f33cd5,ent_bf42c7585de0c1246587fb69524df7d4,INVOLVES,200
evt_71af4ba097dcbd47b115e9c418f33cd5,ent_214163861ed8ac3fdfdb4674bf5536af,INVOLVES,200
evt_71af4ba097dcbd47b115e9c418f33cd5,ent_634d30f1d295382071bc70b8e883717b,INVOLVES,200
evt_71af4ba097dcbd47b115e9c418f33cd5,ent_022dceeb82c260e3c1e10672e0f27a2e,INVOLVES,200
evt_71af4ba097dcbd47b115e9c418f33cd5,ent_edc3ef846ebc2c369164a55b359c7a6f,INVOLVES,200
evt_71af4ba097dcbd47b115e9c418f33cd5,ent_1cb317c560936f0e886cc81e8adc06fe,INVOLVES,200
evt_312d74cc98b5cee8be769edbe12768be,ent_bf42c7585de0c1246587fb69524df7d4,INVOLVES,200
evt_312d74cc98b5cee8be769edbe12768be,ent_214163861ed8ac3fdfdb4674bf5536af,INVOLVES,200
evt_312d74cc98b5cee8be769edbe12768be,ent_634d30f1d295382071bc70b8e883717b,INVOLVES,200
evt_312d74cc98b5cee8be769edbe12768be,ent_312642cda4a86945e21c6ab3175203ec,INVOLVES,200
evt_312d74cc98b5cee8be769edbe12768be,ent_022dceeb82c260e3c1e10672e0f27a2e,INVOLVES,200
evt_312d74cc98b5cee8be769edbe12768be,ent_edc3ef846ebc2c369164a55b359c7a6f,INVOLVES,200
evt_312d74cc98b5cee8be769edbe12768be,ent_1cb317c560936f0e886cc81e8adc06fe,INVOLVES,200
evt_312d74cc98b5cee8be769edbe12768be,ent_59eb45453f83ad36a3b64e4d5f06d8b8,INVOLVES,200
evt_312d74cc98b5cee8be769edbe12768be,ent_1500adbe59ed64f4e29b7ed9e4a54fc0,INVOLVES,200
evt_22f0636fcaac13c3852bebb3d3ed2c62,ent_02349980bba8ce563cdf709f74f96fc1,INVOLVES,200
evt_22f0636fcaac13c3852bebb3d3ed2c62,ent_bf42c7585de0c1246587fb69524df7d4,INVOLVES,200
evt_22f0636fcaac13c3852bebb3d3ed2c62,ent_d36b13410347d500de53637c8b77e430,INVOLVES,200
evt_22f0636fcaac13c3852bebb3d3ed2c62,ent_214163861ed8ac3fdfdb4674bf5536af,INVOLVES,200
evt_22f0636fcaac13c3852bebb3d3ed2c62,ent_fcec4dfb15d3b1bbca330f390cf0b345,INVOLVES,200
evt_22f0636fcaac13c3852bebb3d3ed2c62,ent_edc3ef846ebc2c369164a55b359c7a6f,INVOLVES,200
evt_22f0636fcaac13c3852bebb3d3ed2c62,ent_312642cda4a86945e21c6ab3175203ec,INVOLVES,200
evt_0230ebaef43aadef95bb4f87675a30d8,ent_02349980bba8ce563cdf709f74f96fc1,INVOLVES,200
evt_0230ebaef43aadef95bb4f87675a30d8,ent_bf42c7585de0c1246587fb69524df7d4,INVOLVES,200
evt_0230ebaef43aadef95bb4f87675a30d8,ent_d36b13410347d500de53637c8b77e430,INVOLVES,200
evt_0230ebaef43aadef95bb4f87675a30d8,ent_214163861ed8ac3fdfdb4674bf5536af,INVOLVES,200
evt_0230ebaef43aadef95bb4f87675a30d8,ent_fcec4dfb15d3b1bbca330f390cf0b345,INVOLVES,200
evt_0230ebaef43aadef95bb4f87675a30d8,ent_edc3ef846ebc2c369164a55b359c7a6f,INVOLVES,200
evt_0230ebaef43aadef95bb4f87675a30d8,ent_312642cda4a86945e21c6ab3175203ec,INVOLVES,200
evt_0230ebaef43aadef95bb4f87675a30d8,ent_4fa2deebbdd08f8db412355fd5c496b0,INVOLVES,200
evt_0230ebaef43aadef95bb4f87675a30d8,ent_470fa942b7b129b91b40749055e7ca59,INVOLVES,200
evt_9487612b8fd8c8ac95532f4d9c5a2899,ent_bf42c7585de0c1246587fb69524df7d4,INVOLVES,200
evt_9487612b8fd8c8ac95532f4d9c5a2899,ent_edc3ef846ebc2c369164a55b359c7a6f,INVOLVES,200
evt_9487612b8fd8c8ac95532f4d9c5a2899,ent_312642cda4a86945e21c6ab3175203ec,INVOLVES,200
evt_9487612b8fd8c8ac95532f4d9c5a2899,ent_4fa2deebbdd08f8db412355fd5c496b0,INVOLVES,200
evt_9487612b8fd8c8ac95532f4d9c5a2899,ent_470fa942b7b129b91b40749055e7ca59,INVOLVES,200
evt_9487612b8fd8c8ac95532f4d9c5a2899,ent_02349980bba8ce563cdf709f74f96fc1,INVOLVES,200
evt_9487612b8fd8c8ac95532f4d9c5a2899,ent_d36b13410347d500de53637c8b77e430,INVOLVES,200
evt_9487612b8fd8c8ac95532f4d9c5a2899,ent_03126ed3349e597ca1fda8277e9affc0,INVOLVES,200
evt_9487612b8fd8c8ac95532f4d9c5a2899,ent_1aa56d377053eeb79dbd86ee248ce7a7,INVOLVES,200
evt_9487612b8fd8c8ac95532f4d9c5a2899,ent_1f566db4d2cd7698cecaf043f73a965b,INVOLVES,200
evt_9487612b8fd8c8ac95532f4d9c5a2899,ent_1991b5f978c452783cd8cfe462f007db,INVOLVES,200
evt_9487612b8fd8c8ac95532f4d9c5a2899,ent_748ccf11933568d67d958bd3614f5c6b,INVOLVES,200
evt_87ff1b50e70f6d37118fb4a9e0cf5325,ent_4fa2deebbdd08f8db412355fd5c496b0,INVOLVES,200
evt_87ff1b50e70f6d37118fb4a9e0cf5325,ent_470fa942b7b129b91b40749055e7ca59,INVOLVES,200
evt_87ff1b50e70f6d37118fb4a9e0cf5325,ent_02349980bba8ce563cdf709f74f96fc1,INVOLVES,200
evt_87ff1b50e70f6d37118fb4a9e0cf5325,ent_d36b13410347d500de53637c8b77e430,INVOLVES,200
evt_87ff1b50e70f6d37118fb4a9e0cf5325,ent_03126ed3349e597ca1fda8277e9affc0,INVOLVES,200
evt_87ff1b50e70f6d37118fb4a9e0cf5325,ent_1aa56d377053eeb79dbd86ee248ce7a7,INVOLVES,200
evt_87ff1b50e70f6d37118fb4a9e0cf5325,ent_1f566db4d2cd7698cecaf043f73a965b,INVOLVES,200
evt_87ff1b50e70f6d37118fb4a9e0cf5325,ent_1991b5f978c452783cd8cfe462f007db,INVOLVES,200
evt_87ff1b50e70f6d37118fb4a9e0cf5325,ent_748ccf11933568d67d958bd3614f5c6b,INVOLVES,200
evt_b526bb30d64d5bad4d315c110b6e922a,ent_b413b0f80b8d06ff291ed5a8fcd6db8c,INVOLVES,200
evt_b526bb30d64d5bad4d315c110b6e922a,ent_022dceeb82c260e3c1e10672e0f27a2e,INVOLVES,200
evt_471b456fe7b38e1cd063d2f4fd671ced,ent_b413b0f80b8d06ff291ed5a8fcd6db8c,INVOLVES,200
evt_471b456fe7b38e1cd063d2f4fd671ced,ent_022dceeb82c260e3c1e10672e0f27a2e,INVOLVES,200
evt_f2f3dbe01158bbadb28d0418c90db6e0,ent_d36b13410347d500de53637c8b77e430,INVOLVES,200
evt_f2f3dbe01158bbadb28d0418c90db6e0,ent_02349980bba8ce563cdf709f74f96fc1,INVOLVES,200
evt_f2f3dbe01158bbadb28d0418c90db6e0,ent_db35fcf77e14a84788afef1d64f48b4c,INVOLVES,200
evt_f2f3dbe01158bbadb28d0418c90db6e0,ent_1eb5e5aada330055296b29ad6ee166e7,INVOLVES,200
evt_f2f3dbe01158bbadb28d0418c90db6e0,ent_59eb45453f83ad36a3b64e4d5f06d8b8,INVOLVES,200
evt_f2f3dbe01158bbadb28d0418c90db6e0,ent_0dee9458023f412988d67f0e8891ef7c,INVOLVES,200
evt_f2f3dbe01158bbadb28d0418c90db6e0,ent_312642cda4a86945e21c6ab3175203ec,INVOLVES,200
evt_f2f3dbe01158bbadb28d0418c90db6e0,ent_1e81f1ff2acf8ca28f440f4b7d04d0dd,INVOLVES,200
evt_f2f3dbe01158bbadb28d0418c90db6e0,ent_dda3e0224afd70330f5ebc63745cc225,INVOLVES,200
evt_1f9606651086f7020f7c018f3acb1c99,ent_02349980bba8ce563cdf709f74f96fc1,INVOLVES,200
evt_1f9606651086f7020f7c018f3acb1c99,ent_db35fcf77e14a84788afef1d64f48b4c,INVOLVES,200
evt_1f9606651086f7020f7c018f3acb1c99,ent_1eb5e5aada330055296b29ad6ee166e7,INVOLVES,200
evt_1f9606651086f7020f7c018f3acb1c99,ent_59eb45453f83ad36a3b64e4d5f06d8b8,INVOLVES,200
evt_1f9606651086f7020f7c018f3acb1c99,ent_0dee9458023f412988d67f0e8891ef7c,INVOLVES,200
evt_1f9606651086f7020f7c018f3acb1c99,ent_d36b13410347d500de53637c8b77e430,INVOLVES,200
evt_1f9606651086f7020f7c018f3acb1c99,ent_312642cda4a86945e21c6ab3175203ec,INVOLVES,200
evt_1f9606651086f7020f7c018f3acb1c99,ent_1e81f1ff2acf8ca28f440f4b7d04d0dd,INVOLVES,200
evt_1f9606651086f7020f7c018f3acb1c99,ent_dda3e0224afd70330f5ebc63745cc225,INVOLVES,200
evt_1359743b3c3c0956124c64c58e72a49c,ent_7fe461592c31b7bf33bf11d21d306ea0,INVOLVES,200
evt_1359743b3c3c0956124c64c58e72a49c,ent_02349980bba8ce563cdf709f74f96fc1,INVOLVES,200
evt_1359743b3c3c0956124c64c58e72a49c,ent_f44f27c0ba6fe5f5f48ce867c4523f5a,INVOLVES,200
evt_1359743b3c3c0956124c64c58e72a49c,ent_adafd11128e9f209cb13a62c67f4a2b4,INVOLVES,200
evt_1359743b3c3c0956124c64c58e72a49c,ent_9f9becccd1bbc77f14d0e3ffbb99d9e6,INVOLVES,200
evt_1359743b3c3c0956124c64c58e72a49c,ent_efcea41751696d7564207ab9bfeb8fff,INVOLVES,200
evt_1359743b3c3c0956124c64c58e72a49c,ent_214163861ed8ac3fdfdb4674bf5536af,INVOLVES,200
evt_1359743b3c3c0956124c64c58e72a49c,ent_c7db7ed831c8b187a69d1f7b24f8ac8a,INVOLVES,200
evt_1359743b3c3c0956124c64c58e72a49c,ent_5d0b991f0155a3ab1532881db2db7a0d,INVOLVES,200
evt_1359743b3c3c0956124c64c58e72a49c,ent_72498cc746a9cd7636c5e6f8e53f49c9,INVOLVES,200
evt_1359743b3c3c0956124c64c58e72a49c,ent_59eb45453f83ad36a3b64e4d5f06d8b8,INVOLVES,200
evt_1359743b3c3c0956124c64c58e72a49c,ent_b413b0f80b8d06ff291ed5a8fcd6db8c,INVOLVES,200
evt_6d82e1fa3f44a503daacc5bf65e998ca,ent_7fe461592c31b7bf33bf11d21d306ea0,INVOLVES,200
evt_6d82e1fa3f44a503daacc5bf65e998ca,ent_efcea41751696d7564207ab9bfeb8fff,INVOLVES,200
evt_6d82e1fa3f44a503daacc5bf65e998ca,ent_214163861ed8ac3fdfdb4674bf5536af,INVOLVES,200
evt_6d82e1fa3f44a503daacc5bf65e998ca,ent_312642cda4a86945e21c6ab3175203ec,INVOLVES,200
evt_6d82e1fa3f44a503daacc5bf65e998ca,ent_9f9becccd1bbc77f14d0e3ffbb99d9e6,INVOLVES,200
evt_6d82e1fa3f44a503daacc5bf65e998ca,ent_022dceeb82c260e3c1e10672e0f27a2e,INVOLVES,200
evt_f30924ed7746a855ef0f930b1558e7be,ent_7fe461592c31b7bf33bf11d21d306ea0,INVOLVES,200
evt_f30924ed7746a855ef0f930b1558e7be,ent_efcea41751696d7564207ab9bfeb8fff,INVOLVES,200
evt_f30924ed7746a855ef0f930b1558e7be,ent_214163861ed8ac3fdfdb4674bf5536af,INVOLVES,200
evt_f30924ed7746a855ef0f930b1558e7be,ent_312642cda4a86945e21c6ab3175203ec,INVOLVES,200
evt_f30924ed7746a855ef0f930b1558e7be,ent_9f9becccd1bbc77f14d0e3ffbb99d9e6,INVOLVES,200
evt_f30924ed7746a855ef0f930b1558e7be,ent_022dceeb82c260e3c1e10672e0f27a2e,INVOLVES,200
evt_f30924ed7746a855ef0f930b1558e7be,ent_edc3ef846ebc2c369164a55b359c7a6f,INVOLVES,200
evt_f30924ed7746a855ef0f930b1558e7be,ent_4f0548c1b699c374fa247ec80e8c353a,INVOLVES,200
evt_b5409c8f196c200a78b8884915776878,ent_7fe461592c31b7bf33bf11d21d306ea0,INVOLVES,200
evt_b5409c8f196c200a78b8884915776878,ent_efcea41751696d7564207ab9bfeb8fff,INVOLVES,200
evt_b5409c8f196c200a78b8884915776878,ent_214163861ed8ac3fdfdb4674bf5536af,INVOLVES,200
evt_b5409c8f196c200a78b8884915776878,ent_312642cda4a86945e21c6ab3175203ec,INVOLVES,200
evt_b5409c8f196c200a78b8884915776878,ent_9f9becccd1bbc77f14d0e3ffbb99d9e6,INVOLVES,200
evt_b5409c8f196c200a78b8884915776878,ent_022dceeb82c260e3c1e10672e0f27a2e,INVOLVES,200
evt_b5409c8f196c200a78b8884915776878,ent_edc3ef846ebc2c369164a55b359c7a6f,INVOLVES,200
evt_b5409c8f196c200a78b8884915776878,ent_4f0548c1b699c374fa247ec80e8c353a,INVOLVES,200
evt_b5409c8f196c200a78b8884915776878,ent_40eac71b4841827260446956393af9f2,INVOLVES,200
evt_b5409c8f196c200a78b8884915776878,ent_44f22d89c8f969f81fa642ac9aa6a9e0,INVOLVES,200
evt_b5409c8f196c200a78b8884915776878,ent_11dc04fc8061ad5c8c40bcd861b257b3,INVOLVES,200
evt_d950d01d0411cb1795e7767ebafda48c,ent_7fe461592c31b7bf33bf11d21d306ea0,INVOLVES,200
evt_d950d01d0411cb1795e7767ebafda48c,ent_efcea41751696d7564207ab9bfeb8fff,INVOLVES,200
evt_d950d01d0411cb1795e7767ebafda48c,ent_214163861ed8ac3fdfdb4674bf5536af,INVOLVES,200
evt_d950d01d0411cb1795e7767ebafda48c,ent_312642cda4a86945e21c6ab3175203ec,INVOLVES,200
evt_d950d01d0411cb1795e7767ebafda48c,ent_9f9becccd1bbc77f14d0e3ffbb99d9e6,INVOLVES,200
evt_d950d01d0411cb1795e7767ebafda48c,ent_022dceeb82c260e3c1e10672e0f27a2e,INVOLVES,200
evt_d950d01d0411cb1795e7767ebafda48c,ent_edc3ef846ebc2c369164a55b359c7a6f,INVOLVES,200
evt_d950d01d0411cb1795e7767ebafda48c,ent_4f0548c1b699c374fa247ec80e8c353a,INVOLVES,200
evt_d950d01d0411cb1795e7767ebafda48c,ent_40eac71b4841827260446956393af9f2,INVOLVES,200
evt_d950d01d0411cb1795e7767ebafda48c,ent_44f22d89c8f969f81fa642ac9aa6a9e0,INVOLVES,200
evt_d950d01d0411cb1795e7767ebafda48c,ent_11dc04fc8061ad5c8c40bcd861b257b3,INVOLVES,200
evt_8e23c34e374c2851277a3c1f84dfe3ad,ent_7fe461592c31b7bf33bf11d21d306ea0,INVOLVES,200
evt_8e23c34e374c2851277a3c1f84dfe3ad,ent_efcea41751696d7564207ab9bfeb8fff,INVOLVES,200
evt_8e23c34e374c2851277a3c1f84dfe3ad,ent_214163861ed8ac3fdfdb4674bf5536af,INVOLVES,200
evt_8e23c34e374c2851277a3c1f84dfe3ad,ent_312642cda4a86945e21c6ab3175203ec,INVOLVES,200
evt_8e23c34e374c2851277a3c1f84dfe3ad,ent_9f9becccd1bbc77f14d0e3ffbb99d9e6,INVOLVES,200
evt_8e23c34e374c2851277a3c1f84dfe3ad,ent_022dceeb82c260e3c1e10672e0f27a2e,INVOLVES,200
evt_8e23c34e374c2851277a3c1f84dfe3ad,ent_edc3ef846ebc2c369164a55b359c7a6f,INVOLVES,200
evt_8e23c34e374c2851277a3c1f84dfe3ad,ent_4f0548c1b699c374fa247ec80e8c353a,INVOLVES,200
evt_8e23c34e374c2851277a3c1f84dfe3ad,ent_40eac71b4841827260446956393af9f2,INVOLVES,200
evt_8e23c34e374c2851277a3c1f84dfe3ad,ent_44f22d89c8f969f81fa642ac9aa6a9e0,INVOLVES,200
evt_8e23c34e374c2851277a3c1f84dfe3ad,ent_11dc04fc8061ad5c8c40bcd861b257b3,INVOLVES,200
evt_796326f9fc12c50fa083043c3ccd69b1,ent_214163861ed8ac3fdfdb4674bf5536af,INVOLVES,200
evt_796326f9fc12c50fa083043c3ccd69b1,ent_d36b13410347d500de53637c8b77e430,INVOLVES,200
evt_796326f9fc12c50fa083043c3ccd69b1,ent_312642cda4a86945e21c6ab3175203ec,INVOLVES,200
evt_796326f9fc12c50fa083043c3ccd69b1,ent_9f9becccd1bbc77f14d0e3ffbb99d9e6,INVOLVES,200
evt_796326f9fc12c50fa083043c3ccd69b1,ent_56223953b1be983c383865d5576bb10a,INVOLVES,200
evt_796326f9fc12c50fa083043c3ccd69b1,ent_7fe461592c31b7bf33bf11d21d306ea0,INVOLVES,200
evt_f45984925a22441bd057a934eb868a43,ent_d36b13410347d500de53637c8b77e430,INVOLVES,200
evt_f45984925a22441bd057a934eb868a43,ent_312642cda4a86945e21c6ab3175203ec,INVOLVES,200
evt_f45984925a22441bd057a934eb868a43,ent_9f9becccd1bbc77f14d0e3ffbb99d9e6,INVOLVES,200
evt_f45984925a22441bd057a934eb868a43,ent_56223953b1be983c383865d5576bb10a,INVOLVES,200
evt_f45984925a22441bd057a934eb868a43,ent_7fe461592c31b7bf33bf11d21d306ea0,INVOLVES,200
evt_f0463b5837a95b5132df53d41c811e37,ent_97643c03d57bc5a51f0f1eb5f59247b0,INVOLVES,200
evt_f0463b5837a95b5132df53d41c811e37,ent_227da576e0fee2b41e04ed233a11e238,INVOLVES,200
evt_f0463b5837a95b5132df53d41c811e37,ent_2aebcaaac90c0721e953d36546658e28,INVOLVES,200
evt_e1f474936d74d98c271b5b62d2faf676,ent_97643c03d57bc5a51f0f1eb5f59247b0,INVOLVES,200
evt_e1f474936d74d98c271b5b62d2faf676,ent_227da576e0fee2b41e04ed233a11e238,INVOLVES,200
evt_e1f474936d74d98c271b5b62d2faf676,ent_2aebcaaac90c0721e953d36546658e28,INVOLVES,200
evt_5c86b2f61c4c004b7c7cdb5830e69d0d,ent_925ca3c92d3683f1e0c7c327bbcdb0db,INVOLVES,200
evt_5c86b2f61c4c004b7c7cdb5830e69d0d,ent_b68abaedec86d36bca01549c37104dad,INVOLVES,200
evt_5c86b2f61c4c004b7c7cdb5830e69d0d,ent_06e268914dba853f1fac062656165032,INVOLVES,200
evt_5c86b2f61c4c004b7c7cdb5830e69d0d,ent_aef093590269a1fbdd7a6a8d191d148b,INVOLVES,200
evt_5c86b2f61c4c004b7c7cdb5830e69d0d,ent_939718a00177f4a7a8a8caf8e210b494,INVOLVES,200
evt_5c86b2f61c4c004b7c7cdb5830e69d0d,ent_b90d25f919cc4d4a4f5625e9c5c7d2c8,INVOLVES,200
evt_5c86b2f61c4c004b7c7cdb5830e69d0d,ent_7382169892c499dbdc75318e3b0c7af2,INVOLVES,200
evt_5c86b2f61c4c004b7c7cdb5830e69d0d,ent_249e9167ba5ffbdf59428f6a4919ed9a,INVOLVES,200
evt_5c86b2f61c4c004b7c7cdb5830e69d0d,ent_fe60a6c64f4797bb973018d0f8cf7747,INVOLVES,200
evt_5c86b2f61c4c004b7c7cdb5830e69d0d,ent_b0cf174f6be0d1824ba454ecd526c681,INVOLVES,200
evt_09e040bebf33e33f7b7ec640d7cb4af8,ent_925ca3c92d3683f1e0c7c327bbcdb0db,INVOLVES,200
evt_09e040bebf33e33f7b7ec640d7cb4af8,ent_b68abaedec86d36bca01549c37104dad,INVOLVES,200
evt_09e040bebf33e33f7b7ec640d7cb4af8,ent_06e268914dba853f1fac062656165032,INVOLVES,200
evt_09e040bebf33e33f7b7ec640d7cb4af8,ent_aef093590269a1fbdd7a6a8d191d148b,INVOLVES,200
evt_09e040bebf33e33f7b7ec640d7cb4af8,ent_939718a00177f4a7a8a8caf8e210b494,INVOLVES,200
evt_09e040bebf33e33f7b7ec640d7cb4af8,ent_b90d25f919cc4d4a4f5625e9c5c7d2c8,INVOLVES,200
evt_09e040bebf33e33f7b7ec640d7cb4af8,ent_7382169892c499dbdc75318e3b0c7af2,INVOLVES,200
evt_09e040bebf33e33f7b7ec640d7cb4af8,ent_249e9167ba5ffbdf59428f6a4919ed9a,INVOLVES,200
evt_09e040bebf33e33f7b7ec640d7cb4af8,ent_fe60a6c64f4797bb973018d0f8cf7747,INVOLVES,200
evt_09e040bebf33e33f7b7ec640d7cb4af8,ent_b0cf174f6be0d1824ba454ecd526c681,INVOLVES,200
evt_f5bae8d4a46cda2c47c40a3410463b2f,ent_878597f7f74f20ff66a02c7a77aa5a4c,INVOLVES,200
evt_f5bae8d4a46cda2c47c40a3410463b2f,ent_908086923ee6e6a967598673ca0010d5,INVOLVES,200
evt_f5bae8d4a46cda2c47c40a3410463b2f,ent_b25862cc8d5110b444dc6f111519ea6b,INVOLVES,200
evt_f5bae8d4a46cda2c47c40a3410463b2f,ent_05f2a9d802e0eadc7d4f3075cef990ed,INVOLVES,200
evt_f5bae8d4a46cda2c47c40a3410463b2f,ent_471394ace83d5b4db4fb120c6fec5110,INVOLVES,200
evt_f5bae8d4a46cda2c47c40a3410463b2f,ent_7891311058f850682f1b4503c00a5f02,INVOLVES,200
evt_f5bae8d4a46cda2c47c40a3410463b2f,ent_02349980bba8ce563cdf709f74f96fc1,INVOLVES,200
evt_cdb36507fcd78b788025b448e2870454,ent_878597f7f74f20ff66a02c7a77aa5a4c,INVOLVES,200
evt_cdb36507fcd78b788025b448e2870454,ent_908086923ee6e6a967598673ca0010d5,INVOLVES,200
evt_cdb36507fcd78b788025b448e2870454,ent_b25862cc8d5110b444dc6f111519ea6b,INVOLVES,200
evt_cdb36507fcd78b788025b448e2870454,ent_05f2a9d802e0eadc7d4f3075cef990ed,INVOLVES,200
evt_cdb36507fcd78b788025b448e2870454,ent_471394ace83d5b4db4fb120c6fec5110,INVOLVES,200
evt_cdb36507fcd78b788025b448e2870454,ent_7891311058f850682f1b4503c00a5f02,INVOLVES,200
evt_cdb36507fcd78b788025b448e2870454,ent_02349980bba8ce563cdf709f74f96fc1,INVOLVES,200
evt_90243cf4152bdc432b062579f11851c1,ent_878597f7f74f20ff66a02c7a77aa5a4c,INVOLVES,200
evt_90243cf4152bdc432b062579f11851c1,ent_908086923ee6e6a967598673ca0010d5,INVOLVES,200
evt_90243cf4152bdc432b062579f11851c1,ent_b25862cc8d5110b444dc6f111519ea6b,INVOLVES,200
evt_90243cf4152bdc432b062579f11851c1,ent_05f2a9d802e0eadc7d4f3075cef990ed,INVOLVES,200
evt_90243cf4152bdc432b062579f11851c1,ent_471394ace83d5b4db4fb120c6fec5110,INVOLVES,200
evt_90243cf4152bdc432b062579f11851c1,ent_7891311058f850682f1b4503c00a5f02,INVOLVES,200
evt_90243cf4152bdc432b062579f11851c1,ent_02349980bba8ce563cdf709f74f96fc1,INVOLVES,200
evt_f833317c6f5d292d1e188460ce5359be,ent_e1aa27557fc873c9cd1ef326424a6fef,INVOLVES,200
evt_f833317c6f5d292d1e188460ce5359be,ent_8d3d17b3744d413b7f2d218b9199676d,INVOLVES,200
evt_f833317c6f5d292d1e188460ce5359be,ent_6aa7cbb3eaafb3aac81464a639b86e23,INVOLVES,200
evt_f833317c6f5d292d1e188460ce5359be,ent_3c09221d3466d531fc4791356b36cfb0,INVOLVES,200
evt_f833317c6f5d292d1e188460ce5359be,ent_05f2a9d802e0eadc7d4f3075cef990ed,INVOLVES,200
evt_f833317c6f5d292d1e188460ce5359be,ent_6089f524dbc457558a74a70bdbaf2ee5,INVOLVES,200
evt_21377aebd6554a677ba6cff76be992ef,ent_e1aa27557fc873c9cd1ef326424a6fef,INVOLVES,200
evt_21377aebd6554a677ba6cff76be992ef,ent_8d3d17b3744d413b7f2d218b9199676d,INVOLVES,200
evt_21377aebd6554a677ba6cff76be992ef,ent_6aa7cbb3eaafb3aac81464a639b86e23,INVOLVES,200
evt_21377aebd6554a677ba6cff76be992ef,ent_3c09221d3466d531fc4791356b36cfb0,INVOLVES,200
evt_21377aebd6554a677ba6cff76be992ef,ent_05f2a9d802e0eadc7d4f3075cef990ed,INVOLVES,200
evt_21377aebd6554a677ba6cff76be992ef,ent_6089f524dbc457558a74a70bdbaf2ee5,INVOLVES,200
evt_692700f586cc60542a34022fbf03dfaf,ent_e1aa27557fc873c9cd1ef326424a6fef,INVOLVES,200
evt_692700f586cc60542a34022fbf03dfaf,ent_8d3d17b3744d413b7f2d218b9199676d,INVOLVES,200
evt_692700f586cc60542a34022fbf03dfaf,ent_6aa7cbb3eaafb3aac81464a639b86e23,INVOLVES,200
evt_692700f586cc60542a34022fbf03dfaf,ent_3c09221d3466d531fc4791356b36cfb0,INVOLVES,200
evt_692700f586cc60542a34022fbf03dfaf,ent_05f2a9d802e0eadc7d4f3075cef990ed,INVOLVES,200
evt_692700f586cc60542a34022fbf03dfaf,ent_6089f524dbc457558a74a70bdbaf2ee5,INVOLVES,200
evt_b950e43a1b323199bd190e1381377e8a,ent_6aa7cbb3eaafb3aac81464a639b86e23,INVOLVES,200
evt_b950e43a1b323199bd190e1381377e8a,ent_3c09221d3466d531fc4791356b36cfb0,INVOLVES,200
evt_b950e43a1b323199bd190e1381377e8a,ent_e1aa27557fc873c9cd1ef326424a6fef,INVOLVES,200
evt_b950e43a1b323199bd190e1381377e8a,ent_8d3d17b3744d413b7f2d218b9199676d,INVOLVES,200
evt_b950e43a1b323199bd190e1381377e8a,ent_05f2a9d802e0eadc7d4f3075cef990ed,INVOLVES,200
evt_b950e43a1b323199bd190e1381377e8a,ent_6089f524dbc457558a74a70bdbaf2ee5,INVOLVES,200
evt_d475fb18a304ed71814e2a37e0d3605f,ent_497c30fa30db039779c1448d6bf1ba67,INVOLVES,200
evt_d475fb18a304ed71814e2a37e0d3605f,ent_b7f45ebed8112c419ef68177b9981551,INVOLVES,200
evt_d475fb18a304ed71814e2a37e0d3605f,ent_9f9becccd1bbc77f14d0e3ffbb99d9e6,INVOLVES,200
evt_d475fb18a304ed71814e2a37e0d3605f,ent_efcea41751696d7564207ab9bfeb8fff,INVOLVES,200
evt_d475fb18a304ed71814e2a37e0d3605f,ent_214163861ed8ac3fdfdb4674bf5536af,INVOLVES,200
evt_d475fb18a304ed71814e2a37e0d3605f,ent_022dceeb82c260e3c1e10672e0f27a2e,INVOLVES,200
evt_d475fb18a304ed71814e2a37e0d3605f,ent_3a2918de879bbfb39c7bd80124412985,INVOLVES,200
evt_d475fb18a304ed71814e2a37e0d3605f,ent_73cb9346d4c28ed7183e400772654b27,INVOLVES,200
evt_d475fb18a304ed71814e2a37e0d3605f,ent_7fe461592c31b7bf33bf11d21d306ea0,INVOLVES,200
evt_d475fb18a304ed71814e2a37e0d3605f,ent_d36b13410347d500de53637c8b77e430,INVOLVES,200
evt_d475fb18a304ed71814e2a37e0d3605f,ent_dcd35590b56b56cc1cfa6c0108664bf9,INVOLVES,200
evt_728b86dfec84b90dc9747e1307a5a238,ent_19ba06ca2a6c48d6113d49aaf628739a,INVOLVES,200
evt_728b86dfec84b90dc9747e1307a5a238,ent_63816f71ce77f99432b7ace50a20e02b,INVOLVES,200
evt_728b86dfec84b90dc9747e1307a5a238,ent_527b975f0be69a3416b20d69353ec439,INVOLVES,200
evt_728b86dfec84b90dc9747e1307a5a238,ent_f3f7b0b2b74594383f30b13fc6a26ccf,INVOLVES,200
evt_728b86dfec84b90dc9747e1307a5a238,ent_a387296051853b412c173e894b34ae00,INVOLVES,200
evt_9bd609c3ba0f328e6ac4d38d20f02760,ent_19ba06ca2a6c48d6113d49aaf628739a,INVOLVES,200
evt_9bd609c3ba0f328e6ac4d38d20f02760,ent_63816f71ce77f99432b7ace50a20e02b,INVOLVES,200
evt_9bd609c3ba0f328e6ac4d38d20f02760,ent_527b975f0be69a3416b20d69353ec439,INVOLVES,200
evt_9bd609c3ba0f328e6ac4d38d20f02760,ent_f3f7b0b2b74594383f30b13fc6a26ccf,INVOLVES,200
evt_9bd609c3ba0f328e6ac4d38d20f02760,ent_a387296051853b412c173e894b34ae00,INVOLVES,200
evt_e0966369770e924f1c0f62fc6245d399,ent_19ba06ca2a6c48d6113d49aaf628739a,INVOLVES,200
evt_e0966369770e924f1c0f62fc6245d399,ent_63816f71ce77f99432b7ace50a20e02b,INVOLVES,200
evt_e0966369770e924f1c0f62fc6245d399,ent_527b975f0be69a3416b20d69353ec439,INVOLVES,200
evt_e0966369770e924f1c0f62fc6245d399,ent_f3f7b0b2b74594383f30b13fc6a26ccf,INVOLVES,200
evt_e0966369770e924f1c0f62fc6245d399,ent_a387296051853b412c173e894b34ae00,INVOLVES,200
evt_e0966369770e924f1c0f62fc6245d399,ent_05f2a9d802e0eadc7d4f3075cef990ed,INVOLVES,200
evt_d14f6ba45f314f511f640c0ff46ff2da,ent_19ba06ca2a6c48d6113d49aaf628739a,INVOLVES,200
evt_d14f6ba45f314f511f640c0ff46ff2da,ent_63816f71ce77f99432b7ace50a20e02b,INVOLVES,200
evt_d14f6ba45f314f511f640c0ff46ff2da,ent_527b975f0be69a3416b20d69353ec439,INVOLVES,200
evt_d14f6ba45f314f511f640c0ff46ff2da,ent_f3f7b0b2b74594383f30b13fc6a26ccf,INVOLVES,200
evt_d14f6ba45f314f511f640c0ff46ff2da,ent_a387296051853b412c173e894b34ae00,INVOLVES,200
evt_d14f6ba45f314f511f640c0ff46ff2da,ent_05f2a9d802e0eadc7d4f3075cef990ed,INVOLVES,200
evt_8b4dd9ff30d08560d5094c648d5ed93d,ent_527b975f0be69a3416b20d69353ec439,INVOLVES,200
evt_8b4dd9ff30d08560d5094c648d5ed93d,ent_f3f7b0b2b74594383f30b13fc6a26ccf,INVOLVES,200
evt_8b4dd9ff30d08560d5094c648d5ed93d,ent_19ba06ca2a6c48d6113d49aaf628739a,INVOLVES,200
evt_8b4dd9ff30d08560d5094c648d5ed93d,ent_a387296051853b412c173e894b34ae00,INVOLVES,200
evt_8b4dd9ff30d08560d5094c648d5ed93d,ent_63816f71ce77f99432b7ace50a20e02b,INVOLVES,200
evt_8b4dd9ff30d08560d5094c648d5ed93d,ent_05f2a9d802e0eadc7d4f3075cef990ed,INVOLVES,200
evt_c8515bf4494ee42a73de102f6f71dfc3,ent_527b975f0be69a3416b20d69353ec439,INVOLVES,200
evt_c8515bf4494ee42a73de102f6f71dfc3,ent_f3f7b0b2b74594383f30b13fc6a26ccf,INVOLVES,200
evt_c8515bf4494ee42a73de102f6f71dfc3,ent_19ba06ca2a6c48d6113d49aaf628739a,INVOLVES,200
evt_c8515bf4494ee42a73de102f6f71dfc3,ent_a387296051853b412c173e894b34ae00,INVOLVES,200
evt_c8515bf4494ee42a73de102f6f71dfc3,ent_63816f71ce77f99432b7ace50a20e02b,INVOLVES,200
evt_c8515bf4494ee42a73de102f6f71dfc3,ent_05f2a9d802e0eadc7d4f3075cef990ed,INVOLVES,200
evt_355e65028b166af9f3a0b668ff48f95c,ent_214163861ed8ac3fdfdb4674bf5536af,INVOLVES,200
evt_355e65028b166af9f3a0b668ff48f95c,ent_312642cda4a86945e21c6ab3175203ec,INVOLVES,200
evt_355e65028b166af9f3a0b668ff48f95c,ent_02349980bba8ce563cdf709f74f96fc1,INVOLVES,200
evt_c1aed3bbb071199037635bc4e89b4d22,ent_214163861ed8ac3fdfdb4674bf5536af,INVOLVES,200
evt_c1aed3bbb071199037635bc4e89b4d22,ent_312642cda4a86945e21c6ab3175203ec,INVOLVES,200
evt_c1aed3bbb071199037635bc4e89b4d22,ent_02349980bba8ce563cdf709f74f96fc1,INVOLVES,200
evt_c1aed3bbb071199037635bc4e89b4d22,ent_78c8fbbfd171ea71cf263254c469b6bb,INVOLVES,200
evt_9f7a622ea6284a8ddab58898fd4e8806,ent_78c8fbbfd171ea71cf263254c469b6bb,INVOLVES,200
evt_9f7a622ea6284a8ddab58898fd4e8806,ent_214163861ed8ac3fdfdb4674bf5536af,INVOLVES,200
evt_3bcfded200cd4a8d6f8f4b9dfcd0b718,ent_78c8fbbfd171ea71cf263254c469b6bb,INVOLVES,200
evt_3bcfded200cd4a8d6f8f4b9dfcd0b718,ent_214163861ed8ac3fdfdb4674bf5536af,INVOLVES,200
evt_6207ebfa7a1149ff708867af2e3abfce,ent_02349980bba8ce563cdf709f74f96fc1,INVOLVES,200
evt_6207ebfa7a1149ff708867af2e3abfce,ent_bf42c7585de0c1246587fb69524df7d4,INVOLVES,200
evt_6207ebfa7a1149ff708867af2e3abfce,ent_d36b13410347d500de53637c8b77e430,INVOLVES,200
evt_6207ebfa7a1149ff708867af2e3abfce,ent_d7f1fc376ababbe6cde8c8b809c46f0b,INVOLVES,200
evt_6207ebfa7a1149ff708867af2e3abfce,ent_214163861ed8ac3fdfdb4674bf5536af,INVOLVES,200
evt_6207ebfa7a1149ff708867af2e3abfce,ent_56dfc2020c96ae4f546cf50eb77ee0e7,INVOLVES,200
evt_6207ebfa7a1149ff708867af2e3abfce,ent_05f2a9d802e0eadc7d4f3075cef990ed,INVOLVES,200
evt_6207ebfa7a1149ff708867af2e3abfce,ent_4fa2deebbdd08f8db412355fd5c496b0,INVOLVES,200
evt_9dcb585167027961425f93347e16b5b5,ent_02349980bba8ce563cdf709f74f96fc1,INVOLVES,200
evt_9dcb585167027961425f93347e16b5b5,ent_bf42c7585de0c1246587fb69524df7d4,INVOLVES,200
evt_9dcb585167027961425f93347e16b5b5,ent_d36b13410347d500de53637c8b77e430,INVOLVES,200
evt_9dcb585167027961425f93347e16b5b5,ent_d7f1fc376ababbe6cde8c8b809c46f0b,INVOLVES,200
evt_9dcb585167027961425f93347e16b5b5,ent_214163861ed8ac3fdfdb4674bf5536af,INVOLVES,200
evt_9dcb585167027961425f93347e16b5b5,ent_56dfc2020c96ae4f546cf50eb77ee0e7,INVOLVES,200
evt_9dcb585167027961425f93347e16b5b5,ent_05f2a9d802e0eadc7d4f3075cef990ed,INVOLVES,200
evt_9dcb585167027961425f93347e16b5b5,ent_4fa2deebbdd08f8db412355fd5c496b0,INVOLVES,200
evt_a6072f5106cd844f4f0df653e9f5c946,ent_02349980bba8ce563cdf709f74f96fc1,INVOLVES,200
evt_a6072f5106cd844f4f0df653e9f5c946,ent_bf42c7585de0c1246587fb69524df7d4,INVOLVES,200
evt_a6072f5106cd844f4f0df653e9f5c946,ent_d36b13410347d500de53637c8b77e430,INVOLVES,200
evt_a6072f5106cd844f4f0df653e9f5c946,ent_d7f1fc376ababbe6cde8c8b809c46f0b,INVOLVES,200
evt_a6072f5106cd844f4f0df653e9f5c946,ent_214163861ed8ac3fdfdb4674bf5536af,INVOLVES,200
evt_a6072f5106cd844f4f0df653e9f5c946,ent_56dfc2020c96ae4f546cf50eb77ee0e7,INVOLVES,200
evt_a6072f5106cd844f4f0df653e9f5c946,ent_05f2a9d802e0eadc7d4f3075cef990ed,INVOLVES,200
evt_a6072f5106cd844f4f0df653e9f5c946,ent_4fa2deebbdd08f8db412355fd5c496b0,INVOLVES,200
evt_6cbc710291e804786a1a57575d2716ef,ent_02349980bba8ce563cdf709f74f96fc1,INVOLVES,200
evt_6cbc710291e804786a1a57575d2716ef,ent_bf42c7585de0c1246587fb69524df7d4,INVOLVES,200
evt_6cbc710291e804786a1a57575d2716ef,ent_d36b13410347d500de53637c8b77e430,INVOLVES,200
evt_6cbc710291e804786a1a57575d2716ef,ent_d7f1fc376ababbe6cde8c8b809c46f0b,INVOLVES,200
evt_6cbc710291e804786a1a57575d2716ef,ent_214163861ed8ac3fdfdb4674bf5536af,INVOLVES,200
evt_6cbc710291e804786a1a57575d2716ef,ent_56dfc2020c96ae4f546cf50eb77ee0e7,INVOLVES,200
evt_6cbc710291e804786a1a57575d2716ef,ent_05f2a9d802e0eadc7d4f3075cef990ed,INVOLVES,200
evt_6cbc710291e804786a1a57575d2716ef,ent_4fa2deebbdd08f8db412355fd5c496b0,INVOLVES,200
evt_6cbc710291e804786a1a57575d2716ef,ent_312642cda4a86945e21c6ab3175203ec,INVOLVES,200
evt_6cbc710291e804786a1a57575d2716ef,ent_4051a6d0edadc64386464ea40850b645,INVOLVES,200
evt_6cbc710291e804786a1a57575d2716ef,ent_076173809b5a7e293c5fb60f9019b3f8,INVOLVES,200
evt_6cbc710291e804786a1a57575d2716ef,ent_63b93a62d9110b650e60ea401a342af2,INVOLVES,200
evt_03864db75e445f1459552e33844f7004,ent_d36b13410347d500de53637c8b77e430,INVOLVES,200
evt_03864db75e445f1459552e33844f7004,ent_d7f1fc376ababbe6cde8c8b809c46f0b,INVOLVES,200
evt_03864db75e445f1459552e33844f7004,ent_214163861ed8ac3fdfdb4674bf5536af,INVOLVES,200
evt_03864db75e445f1459552e33844f7004,ent_bf42c7585de0c1246587fb69524df7d4,INVOLVES,200
evt_03864db75e445f1459552e33844f7004,ent_56dfc2020c96ae4f546cf50eb77ee0e7,INVOLVES,200
evt_03864db75e445f1459552e33844f7004,ent_05f2a9d802e0eadc7d4f3075cef990ed,INVOLVES,200
evt_03864db75e445f1459552e33844f7004,ent_4fa2deebbdd08f8db412355fd5c496b0,INVOLVES,200
evt_03864db75e445f1459552e33844f7004,ent_02349980bba8ce563cdf709f74f96fc1,INVOLVES,200
evt_03864db75e445f1459552e33844f7004,ent_312642cda4a86945e21c6ab3175203ec,INVOLVES,200
evt_03864db75e445f1459552e33844f7004,ent_4051a6d0edadc64386464ea40850b645,INVOLVES,200
evt_03864db75e445f1459552e33844f7004,ent_076173809b5a7e293c5fb60f9019b3f8,INVOLVES,200
evt_03864db75e445f1459552e33844f7004,ent_63b93a62d9110b650e60ea401a342af2,INVOLVES,200
evt_03864db75e445f1459552e33844f7004,ent_67ed4dba57d555ce0ec37d39fbdc5690,INVOLVES,200
evt_03864db75e445f1459552e33844f7004,ent_7416136b26f04fe26f14c9bc8ee30d64,INVOLVES,200
evt_204d4af48e4031605f15b2891cf302c3,ent_56dfc2020c96ae4f546cf50eb77ee0e7,INVOLVES,200
evt_204d4af48e4031605f15b2891cf302c3,ent_05f2a9d802e0eadc7d4f3075cef990ed,INVOLVES,200
evt_204d4af48e4031605f15b2891cf302c3,ent_4fa2deebbdd08f8db412355fd5c496b0,INVOLVES,200
evt_204d4af48e4031605f15b2891cf302c3,ent_02349980bba8ce563cdf709f74f96fc1,INVOLVES,200
evt_204d4af48e4031605f15b2891cf302c3,ent_312642cda4a86945e21c6ab3175203ec,INVOLVES,200
evt_204d4af48e4031605f15b2891cf302c3,ent_d7f1fc376ababbe6cde8c8b809c46f0b,INVOLVES,200
evt_204d4af48e4031605f15b2891cf302c3,ent_4051a6d0edadc64386464ea40850b645,INVOLVES,200
evt_204d4af48e4031605f15b2891cf302c3,ent_076173809b5a7e293c5fb60f9019b3f8,INVOLVES,200
evt_204d4af48e4031605f15b2891cf302c3,ent_63b93a62d9110b650e60ea401a342af2,INVOLVES,200
evt_204d4af48e4031605f15b2891cf302c3,ent_67ed4dba57d555ce0ec37d39fbdc5690,INVOLVES,200
evt_204d4af48e4031605f15b2891cf302c3,ent_7416136b26f04fe26f14c9bc8ee30d64,INVOLVES,200
evt_204d4af48e4031605f15b2891cf302c3,ent_4aeeaee6f10ce23abb02678618fb5d19,INVOLVES,200
evt_204d4af48e4031605f15b2891cf302c3,ent_1f566db4d2cd7698cecaf043f73a965b,INVOLVES,200
evt_204d4af48e4031605f15b2891cf302c3,ent_48ea79dff880c7682258bb0a3bae8178,INVOLVES,200
evt_204d4af48e4031605f15b2891cf302c3,ent_748ccf11933568d67d958bd3614f5c6b,INVOLVES,200
evt_99265622a3d64791f36a483464ac5516,ent_312642cda4a86945e21c6ab3175203ec,INVOLVES,200
evt_99265622a3d64791f36a483464ac5516,ent_d7f1fc376ababbe6cde8c8b809c46f0b,INVOLVES,200
evt_99265622a3d64791f36a483464ac5516,ent_4051a6d0edadc64386464ea40850b645,INVOLVES,200
evt_99265622a3d64791f36a483464ac5516,ent_05f2a9d802e0eadc7d4f3075cef990ed,INVOLVES,200
evt_99265622a3d64791f36a483464ac5516,ent_076173809b5a7e293c5fb60f9019b3f8,INVOLVES,200
evt_99265622a3d64791f36a483464ac5516,ent_63b93a62d9110b650e60ea401a342af2,INVOLVES,200
evt_99265622a3d64791f36a483464ac5516,ent_67ed4dba57d555ce0ec37d39fbdc5690,INVOLVES,200
evt_99265622a3d64791f36a483464ac5516,ent_7416136b26f04fe26f14c9bc8ee30d64,INVOLVES,200
evt_99265622a3d64791f36a483464ac5516,ent_02349980bba8ce563cdf709f74f96fc1,INVOLVES,200
evt_99265622a3d64791f36a483464ac5516,ent_4aeeaee6f10ce23abb02678618fb5d19,INVOLVES,200
evt_99265622a3d64791f36a483464ac5516,ent_1f566db4d2cd7698cecaf043f73a965b,INVOLVES,200
evt_99265622a3d64791f36a483464ac5516,ent_48ea79dff880c7682258bb0a3bae8178,INVOLVES,200
evt_99265622a3d64791f36a483464ac5516,ent_748ccf11933568d67d958bd3614f5c6b,INVOLVES,200
evt_d5f18245d51e5940060a53a5811eab3a,ent_d0db905ed8b1d1c64a9dc5dd9640d0a2,INVOLVES,200
evt_d5f18245d51e5940060a53a5811eab3a,ent_56223953b1be983c383865d5576bb10a,INVOLVES,200
evt_d5f18245d51e5940060a53a5811eab3a,ent_226a9421040b7f2d19e6a2ff542e6eac,INVOLVES,200
evt_d5f18245d51e5940060a53a5811eab3a,ent_d36b13410347d500de53637c8b77e430,INVOLVES,200
evt_d5f18245d51e5940060a53a5811eab3a,ent_4036784fa75364e8a1344fffc5177deb,INVOLVES,200
evt_d5f18245d51e5940060a53a5811eab3a,ent_8bc679ebb373b128ccf98bb41b26b0a1,INVOLVES,200
evt_d5f18245d51e5940060a53a5811eab3a,ent_02349980bba8ce563cdf709f74f96fc1,INVOLVES,200
evt_d5f18245d51e5940060a53a5811eab3a,ent_312642cda4a86945e21c6ab3175203ec,INVOLVES,200
evt_d5f18245d51e5940060a53a5811eab3a,ent_e82268efe978706e6e3a961b902f9dbf,INVOLVES,200
evt_e8d672dad3a88a735b20823a43dac169,ent_d0db905ed8b1d1c64a9dc5dd9640d0a2,INVOLVES,200
evt_e8d672dad3a88a735b20823a43dac169,ent_56223953b1be983c383865d5576bb10a,INVOLVES,200
evt_e8d672dad3a88a735b20823a43dac169,ent_226a9421040b7f2d19e6a2ff542e6eac,INVOLVES,200
evt_e8d672dad3a88a735b20823a43dac169,ent_d36b13410347d500de53637c8b77e430,INVOLVES,200
evt_e8d672dad3a88a735b20823a43dac169,ent_4036784fa75364e8a1344fffc5177deb,INVOLVES,200
evt_e8d672dad3a88a735b20823a43dac169,ent_8bc679ebb373b128ccf98bb41b26b0a1,INVOLVES,200
evt_e8d672dad3a88a735b20823a43dac169,ent_02349980bba8ce563cdf709f74f96fc1,INVOLVES,200
evt_e8d672dad3a88a735b20823a43dac169,ent_312642cda4a86945e21c6ab3175203ec,INVOLVES,200
evt_e8d672dad3a88a735b20823a43dac169,ent_e82268efe978706e6e3a961b902f9dbf,INVOLVES,200
evt_e8d672dad3a88a735b20823a43dac169,ent_04f6e22967041b8631b4ae2616fe4270,INVOLVES,200
evt_55fd07c8386f09e98dc101362395c030,ent_d0db905ed8b1d1c64a9dc5dd9640d0a2,INVOLVES,200
evt_55fd07c8386f09e98dc101362395c030,ent_56223953b1be983c383865d5576bb10a,INVOLVES,200
evt_55fd07c8386f09e98dc101362395c030,ent_226a9421040b7f2d19e6a2ff542e6eac,INVOLVES,200
evt_55fd07c8386f09e98dc101362395c030,ent_d36b13410347d500de53637c8b77e430,INVOLVES,200
evt_55fd07c8386f09e98dc101362395c030,ent_4036784fa75364e8a1344fffc5177deb,INVOLVES,200
evt_55fd07c8386f09e98dc101362395c030,ent_8bc679ebb373b128ccf98bb41b26b0a1,INVOLVES,200
evt_55fd07c8386f09e98dc101362395c030,ent_02349980bba8ce563cdf709f74f96fc1,INVOLVES,200
evt_55fd07c8386f09e98dc101362395c030,ent_312642cda4a86945e21c6ab3175203ec,INVOLVES,200
evt_55fd07c8386f09e98dc101362395c030,ent_e82268efe978706e6e3a961b902f9dbf,INVOLVES,200
evt_55fd07c8386f09e98dc101362395c030,ent_04f6e22967041b8631b4ae2616fe4270,INVOLVES,200
evt_5edf5ab9eb3b10de6f3e339bc771dc23,ent_d0db905ed8b1d1c64a9dc5dd9640d0a2,INVOLVES,200
evt_5edf5ab9eb3b10de6f3e339bc771dc23,ent_56223953b1be983c383865d5576bb10a,INVOLVES,200
evt_5edf5ab9eb3b10de6f3e339bc771dc23,ent_226a9421040b7f2d19e6a2ff542e6eac,INVOLVES,200
evt_5edf5ab9eb3b10de6f3e339bc771dc23,ent_d36b13410347d500de53637c8b77e430,INVOLVES,200
evt_5edf5ab9eb3b10de6f3e339bc771dc23,ent_4036784fa75364e8a1344fffc5177deb,INVOLVES,200
evt_5edf5ab9eb3b10de6f3e339bc771dc23,ent_8bc679ebb373b128ccf98bb41b26b0a1,INVOLVES,200
evt_5edf5ab9eb3b10de6f3e339bc771dc23,ent_02349980bba8ce563cdf709f74f96fc1,INVOLVES,200
evt_5edf5ab9eb3b10de6f3e339bc771dc23,ent_312642cda4a86945e21c6ab3175203ec,INVOLVES,200
evt_5edf5ab9eb3b10de6f3e339bc771dc23,ent_e82268efe978706e6e3a961b902f9dbf,INVOLVES,200
evt_5edf5ab9eb3b10de6f3e339bc771dc23,ent_04f6e22967041b8631b4ae2616fe4270,INVOLVES,200
evt_326392b9c8c0a74671a1cb76915349b9,ent_56223953b1be983c383865d5576bb10a,INVOLVES,200
evt_326392b9c8c0a74671a1cb76915349b9,ent_226a9421040b7f2d19e6a2ff542e6eac,INVOLVES,200
evt_326392b9c8c0a74671a1cb76915349b9,ent_d36b13410347d500de53637c8b77e430,INVOLVES,200
evt_326392b9c8c0a74671a1cb76915349b9,ent_4036784fa75364e8a1344fffc5177deb,INVOLVES,200
evt_326392b9c8c0a74671a1cb76915349b9,ent_8bc679ebb373b128ccf98bb41b26b0a1,INVOLVES,200
evt_326392b9c8c0a74671a1cb76915349b9,ent_02349980bba8ce563cdf709f74f96fc1,INVOLVES,200
evt_326392b9c8c0a74671a1cb76915349b9,ent_312642cda4a86945e21c6ab3175203ec,INVOLVES,200
evt_326392b9c8c0a74671a1cb76915349b9,ent_e82268efe978706e6e3a961b902f9dbf,INVOLVES,200
evt_326392b9c8c0a74671a1cb76915349b9,ent_04f6e22967041b8631b4ae2616fe4270,INVOLVES,200
evt_39a6fd46347c36fc76785ddd52198866,ent_312642cda4a86945e21c6ab3175203ec,INVOLVES,200
evt_39a6fd46347c36fc76785ddd52198866,ent_e82268efe978706e6e3a961b902f9dbf,INVOLVES,200
evt_39a6fd46347c36fc76785ddd52198866,ent_04f6e22967041b8631b4ae2616fe4270,INVOLVES,200
evt_39a6fd46347c36fc76785ddd52198866,ent_adafd11128e9f209cb13a62c67f4a2b4,INVOLVES,200
evt_39a6fd46347c36fc76785ddd52198866,ent_226a9421040b7f2d19e6a2ff542e6eac,INVOLVES,200
evt_39a6fd46347c36fc76785ddd52198866,ent_2b735f64bee9d5960493c9204401b105,INVOLVES,200
evt_39a6fd46347c36fc76785ddd52198866,ent_9fa5522fae6c6237198051983e6fbe33,INVOLVES,200
evt_39a6fd46347c36fc76785ddd52198866,ent_56223953b1be983c383865d5576bb10a,INVOLVES,200
evt_d10eafc927d195764f25ce69b08fb082,ent_214163861ed8ac3fdfdb4674bf5536af,INVOLVES,200
evt_d10eafc927d195764f25ce69b08fb082,ent_312642cda4a86945e21c6ab3175203ec,INVOLVES,200
evt_d10eafc927d195764f25ce69b08fb082,ent_4f0548c1b699c374fa247ec80e8c353a,INVOLVES,200
evt_d10eafc927d195764f25ce69b08fb082,ent_227da576e0fee2b41e04ed233a11e238,INVOLVES,200
evt_c24d87619cd73096bc498416229823d7,ent_214163861ed8ac3fdfdb4674bf5536af,INVOLVES,200
evt_c24d87619cd73096bc498416229823d7,ent_312642cda4a86945e21c6ab3175203ec,INVOLVES,200
evt_c24d87619cd73096bc498416229823d7,ent_4f0548c1b699c374fa247ec80e8c353a,INVOLVES,200
evt_c24d87619cd73096bc498416229823d7,ent_227da576e0fee2b41e04ed233a11e238,INVOLVES,200
evt_c24d87619cd73096bc498416229823d7,ent_0bf3e699a86656c433ec26910a66ccaa,INVOLVES,200
evt_c24d87619cd73096bc498416229823d7,ent_44f22d89c8f969f81fa642ac9aa6a9e0,INVOLVES,200
evt_c24d87619cd73096bc498416229823d7,ent_d1f64bc475e40fff8275e5dd925398f6,INVOLVES,200
evt_a4d51f1f7f1ff93f92cac90a40c641c1,ent_214163861ed8ac3fdfdb4674bf5536af,INVOLVES,200
evt_a4d51f1f7f1ff93f92cac90a40c641c1,ent_312642cda4a86945e21c6ab3175203ec,INVOLVES,200
evt_a4d51f1f7f1ff93f92cac90a40c641c1,ent_4f0548c1b699c374fa247ec80e8c353a,INVOLVES,200
evt_a4d51f1f7f1ff93f92cac90a40c641c1,ent_227da576e0fee2b41e04ed233a11e238,INVOLVES,200
evt_a4d51f1f7f1ff93f92cac90a40c641c1,ent_0bf3e699a86656c433ec26910a66ccaa,INVOLVES,200
evt_a4d51f1f7f1ff93f92cac90a40c641c1,ent_44f22d89c8f969f81fa642ac9aa6a9e0,INVOLVES,200
evt_a4d51f1f7f1ff93f92cac90a40c641c1,ent_d1f64bc475e40fff8275e5dd925398f6,INVOLVES,200
evt_6578869d78b1b8f842484b23b4d78592,ent_312642cda4a86945e21c6ab3175203ec,INVOLVES,200
evt_6578869d78b1b8f842484b23b4d78592,ent_4f0548c1b699c374fa247ec80e8c353a,INVOLVES,200
evt_6578869d78b1b8f842484b23b4d78592,ent_214163861ed8ac3fdfdb4674bf5536af,INVOLVES,200
evt_6578869d78b1b8f842484b23b4d78592,ent_227da576e0fee2b41e04ed233a11e238,INVOLVES,200
evt_6578869d78b1b8f842484b23b4d78592,ent_0bf3e699a86656c433ec26910a66ccaa,INVOLVES,200
evt_6578869d78b1b8f842484b23b4d78592,ent_44f22d89c8f969f81fa642ac9aa6a9e0,INVOLVES,200
evt_6578869d78b1b8f842484b23b4d78592,ent_d1f64bc475e40fff8275e5dd925398f6,INVOLVES,200
evt_bf37faba0f10a66ce2b1cb722a9d602c,ent_4f0548c1b699c374fa247ec80e8c353a,INVOLVES,200
evt_bf37faba0f10a66ce2b1cb722a9d602c,ent_214163861ed8ac3fdfdb4674bf5536af,INVOLVES,200
evt_bf37faba0f10a66ce2b1cb722a9d602c,ent_227da576e0fee2b41e04ed233a11e238,INVOLVES,200
evt_bf37faba0f10a66ce2b1cb722a9d602c,ent_312642cda4a86945e21c6ab3175203ec,INVOLVES,200
evt_bf37faba0f10a66ce2b1cb722a9d602c,ent_0bf3e699a86656c433ec26910a66ccaa,INVOLVES,200
evt_bf37faba0f10a66ce2b1cb722a9d602c,ent_44f22d89c8f969f81fa642ac9aa6a9e0,INVOLVES,200
evt_bf37faba0f10a66ce2b1cb722a9d602c,ent_d1f64bc475e40fff8275e5dd925398f6,INVOLVES,200
evt_bf37faba0f10a66ce2b1cb722a9d602c,ent_1f566db4d2cd7698cecaf043f73a965b,INVOLVES,200
evt_f22a698942bc2bdfde88db24f83948be,ent_312642cda4a86945e21c6ab3175203ec,INVOLVES,200
evt_f22a698942bc2bdfde88db24f83948be,ent_0bf3e699a86656c433ec26910a66ccaa,INVOLVES,200
evt_f22a698942bc2bdfde88db24f83948be,ent_44f22d89c8f969f81fa642ac9aa6a9e0,INVOLVES,200
evt_f22a698942bc2bdfde88db24f83948be,ent_d1f64bc475e40fff8275e5dd925398f6,INVOLVES,200
evt_f22a698942bc2bdfde88db24f83948be,ent_1f566db4d2cd7698cecaf043f73a965b,INVOLVES,200
evt_f22a698942bc2bdfde88db24f83948be,ent_48ea79dff880c7682258bb0a3bae8178,INVOLVES,200
evt_f22a698942bc2bdfde88db24f83948be,ent_748ccf11933568d67d958bd3614f5c6b,INVOLVES,200
evt_6d739e2db6335d4454d547c780c96411,ent_312642cda4a86945e21c6ab3175203ec,INVOLVES,200
evt_6d739e2db6335d4454d547c780c96411,ent_0bf3e699a86656c433ec26910a66ccaa,INVOLVES,200
evt_6d739e2db6335d4454d547c780c96411,ent_44f22d89c8f969f81fa642ac9aa6a9e0,INVOLVES,200
evt_6d739e2db6335d4454d547c780c96411,ent_d1f64bc475e40fff8275e5dd925398f6,INVOLVES,200
evt_6d739e2db6335d4454d547c780c96411,ent_1f566db4d2cd7698cecaf043f73a965b,INVOLVES,200
evt_6d739e2db6335d4454d547c780c96411,ent_48ea79dff880c7682258bb0a3bae8178,INVOLVES,200
evt_6d739e2db6335d4454d547c780c96411,ent_748ccf11933568d67d958bd3614f5c6b,INVOLVES,200
evt_5026c26e64bb45c2536367f7795ad1a3,ent_02349980bba8ce563cdf709f74f96fc1,INVOLVES,200
evt_5026c26e64bb45c2536367f7795ad1a3,ent_312642cda4a86945e21c6ab3175203ec,INVOLVES,200
evt_5026c26e64bb45c2536367f7795ad1a3,ent_6aa7cbb3eaafb3aac81464a639b86e23,INVOLVES,200
evt_5026c26e64bb45c2536367f7795ad1a3,ent_323edab1d36d461c0b535b7f4b4951f5,INVOLVES,200
evt_5026c26e64bb45c2536367f7795ad1a3,ent_c71eed919f7e95a99bff36368967d361,INVOLVES,200
evt_5026c26e64bb45c2536367f7795ad1a3,ent_6d3207d702c9dc917a10d34060bb5fb3,INVOLVES,200
evt_5026c26e64bb45c2536367f7795ad1a3,ent_e90ab5a01509143abcd2888563f63002,INVOLVES,200
evt_e489e23c9a2907d170ca3fd3192f9dc5,ent_02349980bba8ce563cdf709f74f96fc1,INVOLVES,200
evt_e489e23c9a2907d170ca3fd3192f9dc5,ent_312642cda4a86945e21c6ab3175203ec,INVOLVES,200
evt_e489e23c9a2907d170ca3fd3192f9dc5,ent_6aa7cbb3eaafb3aac81464a639b86e23,INVOLVES,200
evt_e489e23c9a2907d170ca3fd3192f9dc5,ent_323edab1d36d461c0b535b7f4b4951f5,INVOLVES,200
evt_e489e23c9a2907d170ca3fd3192f9dc5,ent_c71eed919f7e95a99bff36368967d361,INVOLVES,200
evt_e489e23c9a2907d170ca3fd3192f9dc5,ent_6d3207d702c9dc917a10d34060bb5fb3,INVOLVES,200
evt_e489e23c9a2907d170ca3fd3192f9dc5,ent_e90ab5a01509143abcd2888563f63002,INVOLVES,200
evt_1139a0da6ab42d34608aa2f3b4627bbf,ent_323edab1d36d461c0b535b7f4b4951f5,INVOLVES,200
evt_1139a0da6ab42d34608aa2f3b4627bbf,ent_c71eed919f7e95a99bff36368967d361,INVOLVES,200
evt_1139a0da6ab42d34608aa2f3b4627bbf,ent_6d3207d702c9dc917a10d34060bb5fb3,INVOLVES,200
evt_1139a0da6ab42d34608aa2f3b4627bbf,ent_e90ab5a01509143abcd2888563f63002,INVOLVES,200
evt_1139a0da6ab42d34608aa2f3b4627bbf,ent_312642cda4a86945e21c6ab3175203ec,INVOLVES,200
evt_1139a0da6ab42d34608aa2f3b4627bbf,ent_214163861ed8ac3fdfdb4674bf5536af,INVOLVES,200
evt_c02ebaf4c2ed2005d2d7c7c6475ce853,ent_06e268914dba853f1fac062656165032,INVOLVES,200
evt_c02ebaf4c2ed2005d2d7c7c6475ce853,ent_1b7ab7dc755ae953dfefce0ac0004cf7,INVOLVES,200
evt_c02ebaf4c2ed2005d2d7c7c6475ce853,ent_02349980bba8ce563cdf709f74f96fc1,INVOLVES,200
evt_c02ebaf4c2ed2005d2d7c7c6475ce853,ent_226a9421040b7f2d19e6a2ff542e6eac,INVOLVES,200
evt_c02ebaf4c2ed2005d2d7c7c6475ce853,ent_9d8775e1835f8d9f5314fc40d8c007d8,INVOLVES,200
evt_008028fcacea9b7219bfa12a7a3e5f0d,ent_06e268914dba853f1fac062656165032,INVOLVES,200
evt_008028fcacea9b7219bfa12a7a3e5f0d,ent_1b7ab7dc755ae953dfefce0ac0004cf7,INVOLVES,200
evt_008028fcacea9b7219bfa12a7a3e5f0d,ent_02349980bba8ce563cdf709f74f96fc1,INVOLVES,200
evt_008028fcacea9b7219bfa12a7a3e5f0d,ent_226a9421040b7f2d19e6a2ff542e6eac,INVOLVES,200
evt_008028fcacea9b7219bfa12a7a3e5f0d,ent_9d8775e1835f8d9f5314fc40d8c007d8,INVOLVES,200
evt_008028fcacea9b7219bfa12a7a3e5f0d,ent_d36b13410347d500de53637c8b77e430,INVOLVES,200
evt_008028fcacea9b7219bfa12a7a3e5f0d,ent_b0cf174f6be0d1824ba454ecd526c681,INVOLVES,200
evt_1dd19cd99126892e3c536b507cfa9d67,ent_06e268914dba853f1fac062656165032,INVOLVES,200
evt_1dd19cd99126892e3c536b507cfa9d67,ent_1b7ab7dc755ae953dfefce0ac0004cf7,INVOLVES,200
evt_1dd19cd99126892e3c536b507cfa9d67,ent_02349980bba8ce563cdf709f74f96fc1,INVOLVES,200
evt_1dd19cd99126892e3c536b507cfa9d67,ent_226a9421040b7f2d19e6a2ff542e6eac,INVOLVES,200
evt_1dd19cd99126892e3c536b507cfa9d67,ent_9d8775e1835f8d9f5314fc40d8c007d8,INVOLVES,200
evt_1dd19cd99126892e3c536b507cfa9d67,ent_d36b13410347d500de53637c8b77e430,INVOLVES,200
evt_1dd19cd99126892e3c536b507cfa9d67,ent_b0cf174f6be0d1824ba454ecd526c681,INVOLVES,200
evt_1dd19cd99126892e3c536b507cfa9d67,ent_022dceeb82c260e3c1e10672e0f27a2e,INVOLVES,200
evt_94024f85a7f2c6b234a1eb76d624c55d,ent_06e268914dba853f1fac062656165032,INVOLVES,200
evt_94024f85a7f2c6b234a1eb76d624c55d,ent_1b7ab7dc755ae953dfefce0ac0004cf7,INVOLVES,200
evt_94024f85a7f2c6b234a1eb76d624c55d,ent_02349980bba8ce563cdf709f74f96fc1,INVOLVES,200
evt_94024f85a7f2c6b234a1eb76d624c55d,ent_226a9421040b7f2d19e6a2ff542e6eac,INVOLVES,200
evt_94024f85a7f2c6b234a1eb76d624c55d,ent_9d8775e1835f8d9f5314fc40d8c007d8,INVOLVES,200
evt_94024f85a7f2c6b234a1eb76d624c55d,ent_d36b13410347d500de53637c8b77e430,INVOLVES,200
evt_94024f85a7f2c6b234a1eb76d624c55d,ent_b0cf174f6be0d1824ba454ecd526c681,INVOLVES,200
evt_94024f85a7f2c6b234a1eb76d624c55d,ent_022dceeb82c260e3c1e10672e0f27a2e,INVOLVES,200
evt_ca9724a77ca66ffe555b1ba86d81bba4,ent_06e268914dba853f1fac062656165032,INVOLVES,200
evt_ca9724a77ca66ffe555b1ba86d81bba4,ent_1b7ab7dc755ae953dfefce0ac0004cf7,INVOLVES,200
evt_ca9724a77ca66ffe555b1ba86d81bba4,ent_02349980bba8ce563cdf709f74f96fc1,INVOLVES,200
evt_ca9724a77ca66ffe555b1ba86d81bba4,ent_226a9421040b7f2d19e6a2ff542e6eac,INVOLVES,200
evt_ca9724a77ca66ffe555b1ba86d81bba4,ent_9d8775e1835f8d9f5314fc40d8c007d8,INVOLVES,200
evt_ca9724a77ca66ffe555b1ba86d81bba4,ent_d36b13410347d500de53637c8b77e430,INVOLVES,200
evt_ca9724a77ca66ffe555b1ba86d81bba4,ent_b0cf174f6be0d1824ba454ecd526c681,INVOLVES,200
evt_ca9724a77ca66ffe555b1ba86d81bba4,ent_022dceeb82c260e3c1e10672e0f27a2e,INVOLVES,200
evt_c3f6fd4c7f974071491b9e217c9dbd8b,ent_1b7ab7dc755ae953dfefce0ac0004cf7,INVOLVES,200
evt_c3f6fd4c7f974071491b9e217c9dbd8b,ent_02349980bba8ce563cdf709f74f96fc1,INVOLVES,200
evt_c3f6fd4c7f974071491b9e217c9dbd8b,ent_226a9421040b7f2d19e6a2ff542e6eac,INVOLVES,200
evt_c3f6fd4c7f974071491b9e217c9dbd8b,ent_9d8775e1835f8d9f5314fc40d8c007d8,INVOLVES,200
evt_c3f6fd4c7f974071491b9e217c9dbd8b,ent_d36b13410347d500de53637c8b77e430,INVOLVES,200
evt_c3f6fd4c7f974071491b9e217c9dbd8b,ent_b0cf174f6be0d1824ba454ecd526c681,INVOLVES,200
evt_c3f6fd4c7f974071491b9e217c9dbd8b,ent_022dceeb82c260e3c1e10672e0f27a2e,INVOLVES,200
evt_c1852b6824f41104e176f38a34733b5e,ent_bead14595696c2141cfce4f499b3e7ff,INVOLVES,200
evt_c1852b6824f41104e176f38a34733b5e,ent_ebfe6ec0549e9ea9fa33650a5e2e9722,INVOLVES,200
evt_c1852b6824f41104e176f38a34733b5e,ent_5896435641e080a25147ac4cfb248525,INVOLVES,200
evt_c1852b6824f41104e176f38a34733b5e,ent_65422057bda63fed396e0dbf3ffc94b4,INVOLVES,200
evt_c1852b6824f41104e176f38a34733b5e,ent_cbda2711de97aa8de726b46a88e92d39,INVOLVES,200
evt_c1852b6824f41104e176f38a34733b5e,ent_815c8a83f4965a65185dde74b713ed31,INVOLVES,200
evt_c1852b6824f41104e176f38a34733b5e,ent_ad495d310a90946fb54eaa16bdf191f3,INVOLVES,200
evt_c1852b6824f41104e176f38a34733b5e,ent_59eb45453f83ad36a3b64e4d5f06d8b8,INVOLVES,200
evt_6866453901c830b371310da1201089fc,ent_bead14595696c2141cfce4f499b3e7ff,INVOLVES,200
evt_6866453901c830b371310da1201089fc,ent_ebfe6ec0549e9ea9fa33650a5e2e9722,INVOLVES,200
evt_6866453901c830b371310da1201089fc,ent_5896435641e080a25147ac4cfb248525,INVOLVES,200
evt_6866453901c830b371310da1201089fc,ent_65422057bda63fed396e0dbf3ffc94b4,INVOLVES,200
evt_6866453901c830b371310da1201089fc,ent_cbda2711de97aa8de726b46a88e92d39,INVOLVES,200
evt_6866453901c830b371310da1201089fc,ent_815c8a83f4965a65185dde74b713ed31,INVOLVES,200
evt_6866453901c830b371310da1201089fc,ent_ad495d310a90946fb54eaa16bdf191f3,INVOLVES,200
evt_6866453901c830b371310da1201089fc,ent_59eb45453f83ad36a3b64e4d5f06d8b8,INVOLVES,200
evt_d91a994a335f56271bc63d9394d0757c,ent_0dd4d29ba8b11bf042206575fc9241b5,INVOLVES,200
evt_d91a994a335f56271bc63d9394d0757c,ent_0d49a53868b32e2474c88d3bd3f0cf3d,INVOLVES,200
evt_d91a994a335f56271bc63d9394d0757c,ent_d79d62133af396a99b97e50d707927b2,INVOLVES,200
evt_d91a994a335f56271bc63d9394d0757c,ent_d36b13410347d500de53637c8b77e430,INVOLVES,200
evt_d91a994a335f56271bc63d9394d0757c,ent_02349980bba8ce563cdf709f74f96fc1,INVOLVES,200
evt_d91a994a335f56271bc63d9394d0757c,ent_fda659ab053d9c873db2791409dbc39a,INVOLVES,200
evt_d91a994a335f56271bc63d9394d0757c,ent_022dceeb82c260e3c1e10672e0f27a2e,INVOLVES,200
evt_d91a994a335f56271bc63d9394d0757c,ent_60e9b489a129ab3643b3b7970120a3e2,INVOLVES,200
evt_d91a994a335f56271bc63d9394d0757c,ent_51e7f1a67081f20a06fa6196e49bbdb0,INVOLVES,200
evt_d91a994a335f56271bc63d9394d0757c,ent_634d30f1d295382071bc70b8e883717b,INVOLVES,200
evt_d91a994a335f56271bc63d9394d0757c,ent_9bcb30593a2e5744a194398c46822934,INVOLVES,200
evt_d91a994a335f56271bc63d9394d0757c,ent_34d5d4f0e315be47753a215950b0675d,INVOLVES,200
evt_3339e64983b63134bae13c01121915b3,ent_59eb45453f83ad36a3b64e4d5f06d8b8,INVOLVES,200
evt_3339e64983b63134bae13c01121915b3,ent_214163861ed8ac3fdfdb4674bf5536af,INVOLVES,200
evt_3339e64983b63134bae13c01121915b3,ent_4f0548c1b699c374fa247ec80e8c353a,INVOLVES,200
evt_3339e64983b63134bae13c01121915b3,ent_02349980bba8ce563cdf709f74f96fc1,INVOLVES,200
evt_3339e64983b63134bae13c01121915b3,ent_fbd96363ef425ee203022d94254364f5,INVOLVES,200
evt_3339e64983b63134bae13c01121915b3,ent_4c45067c071e509c048a6fb657986593,INVOLVES,200
evt_3339e64983b63134bae13c01121915b3,ent_bd59adf494fdb31d8a71bf3f2343d95d,INVOLVES,200
evt_3339e64983b63134bae13c01121915b3,ent_4fa2deebbdd08f8db412355fd5c496b0,INVOLVES,200
evt_3339e64983b63134bae13c01121915b3,ent_19f155ac62ae94bd2d077974e3b63e78,INVOLVES,200
evt_3339e64983b63134bae13c01121915b3,ent_063c9bc7c795e21aef113d0e31e099f7,INVOLVES,200
evt_1ce888b61a4e8fe8c48c826cf598dc14,ent_214163861ed8ac3fdfdb4674bf5536af,INVOLVES,200
evt_1ce888b61a4e8fe8c48c826cf598dc14,ent_4f0548c1b699c374fa247ec80e8c353a,INVOLVES,200
evt_1ce888b61a4e8fe8c48c826cf598dc14,ent_02349980bba8ce563cdf709f74f96fc1,INVOLVES,200
evt_1ce888b61a4e8fe8c48c826cf598dc14,ent_fbd96363ef425ee203022d94254364f5,INVOLVES,200
evt_1ce888b61a4e8fe8c48c826cf598dc14,ent_4c45067c071e509c048a6fb657986593,INVOLVES,200
evt_1ce888b61a4e8fe8c48c826cf598dc14,ent_bd59adf494fdb31d8a71bf3f2343d95d,INVOLVES,200
evt_1ce888b61a4e8fe8c48c826cf598dc14,ent_4fa2deebbdd08f8db412355fd5c496b0,INVOLVES,200
evt_1ce888b61a4e8fe8c48c826cf598dc14,ent_19f155ac62ae94bd2d077974e3b63e78,INVOLVES,200
evt_1ce888b61a4e8fe8c48c826cf598dc14,ent_063c9bc7c795e21aef113d0e31e099f7,INVOLVES,200
evt_37b7bcb539268bb4a54f68b34f11f564,ent_fbd96363ef425ee203022d94254364f5,INVOLVES,200
evt_37b7bcb539268bb4a54f68b34f11f564,ent_4c45067c071e509c048a6fb657986593,INVOLVES,200
evt_37b7bcb539268bb4a54f68b34f11f564,ent_4f0548c1b699c374fa247ec80e8c353a,INVOLVES,200
evt_37b7bcb539268bb4a54f68b34f11f564,ent_bd59adf494fdb31d8a71bf3f2343d95d,INVOLVES,200
evt_37b7bcb539268bb4a54f68b34f11f564,ent_4fa2deebbdd08f8db412355fd5c496b0,INVOLVES,200
evt_37b7bcb539268bb4a54f68b34f11f564,ent_19f155ac62ae94bd2d077974e3b63e78,INVOLVES,200
evt_37b7bcb539268bb4a54f68b34f11f564,ent_063c9bc7c795e21aef113d0e31e099f7,INVOLVES,200
evt_4b985d75b48001b977c100c0ba632c5e,ent_a67c70a137f737b2a66222e70b761179,INVOLVES,200
evt_4b985d75b48001b977c100c0ba632c5e,ent_312642cda4a86945e21c6ab3175203ec,INVOLVES,200
evt_4b985d75b48001b977c100c0ba632c5e,ent_2a6d3686110703bc69da3220c6ee6b5f,INVOLVES,200
evt_4b985d75b48001b977c100c0ba632c5e,ent_bccc642ac9be25934ad89685473a42c7,INVOLVES,200
evt_4b985d75b48001b977c100c0ba632c5e,ent_a7d6e837655258b94e2878188bcbd28b,INVOLVES,200
evt_4b985d75b48001b977c100c0ba632c5e,ent_6dda48d4a7a13a370d36693daf685205,INVOLVES,200
evt_4b985d75b48001b977c100c0ba632c5e,ent_7fe461592c31b7bf33bf11d21d306ea0,INVOLVES,200
evt_4b985d75b48001b977c100c0ba632c5e,ent_02349980bba8ce563cdf709f74f96fc1,INVOLVES,200
evt_4b985d75b48001b977c100c0ba632c5e,ent_1f566db4d2cd7698cecaf043f73a965b,INVOLVES,200
evt_4b985d75b48001b977c100c0ba632c5e,ent_1500adbe59ed64f4e29b7ed9e4a54fc0,INVOLVES,200
evt_f3386305b4972c910575f51f4e3bb8c0,ent_b413b0f80b8d06ff291ed5a8fcd6db8c,INVOLVES,200
evt_f3386305b4972c910575f51f4e3bb8c0,ent_7fe45cdb8925c0f02461dc3820436884,INVOLVES,200
evt_f3386305b4972c910575f51f4e3bb8c0,ent_d6f5ec28256de3c08f61f9eb51a9afeb,INVOLVES,200
evt_f3386305b4972c910575f51f4e3bb8c0,ent_a67f0af9afbada6a57009265fcc2c281,INVOLVES,200
evt_742fd4e9dcea9f02e1bd9c91e8b19f65,ent_b413b0f80b8d06ff291ed5a8fcd6db8c,INVOLVES,200
evt_742fd4e9dcea9f02e1bd9c91e8b19f65,ent_7fe45cdb8925c0f02461dc3820436884,INVOLVES,200
evt_742fd4e9dcea9f02e1bd9c91e8b19f65,ent_d6f5ec28256de3c08f61f9eb51a9afeb,INVOLVES,200
evt_742fd4e9dcea9f02e1bd9c91e8b19f65,ent_a67f0af9afbada6a57009265fcc2c281,INVOLVES,200
evt_742fd4e9dcea9f02e1bd9c91e8b19f65,ent_022dceeb82c260e3c1e10672e0f27a2e,INVOLVES,200
evt_535c144936383da02e0d60d6fed2b778,ent_b413b0f80b8d06ff291ed5a8fcd6db8c,INVOLVES,200
evt_535c144936383da02e0d60d6fed2b778,ent_7fe45cdb8925c0f02461dc3820436884,INVOLVES,200
evt_535c144936383da02e0d60d6fed2b778,ent_d6f5ec28256de3c08f61f9eb51a9afeb,INVOLVES,200
evt_535c144936383da02e0d60d6fed2b778,ent_a67f0af9afbada6a57009265fcc2c281,INVOLVES,200
evt_535c144936383da02e0d60d6fed2b778,ent_022dceeb82c260e3c1e10672e0f27a2e,INVOLVES,200
evt_535c144936383da02e0d60d6fed2b778,ent_226a9421040b7f2d19e6a2ff542e6eac,INVOLVES,200
evt_2e79ffc598271e3b913cc7465277199c,ent_b413b0f80b8d06ff291ed5a8fcd6db8c,INVOLVES,200
evt_2e79ffc598271e3b913cc7465277199c,ent_7fe45cdb8925c0f02461dc3820436884,INVOLVES,200
evt_2e79ffc598271e3b913cc7465277199c,ent_d6f5ec28256de3c08f61f9eb51a9afeb,INVOLVES,200
evt_2e79ffc598271e3b913cc7465277199c,ent_a67f0af9afbada6a57009265fcc2c281,INVOLVES,200
evt_2e79ffc598271e3b913cc7465277199c,ent_022dceeb82c260e3c1e10672e0f27a2e,INVOLVES,200
evt_2e79ffc598271e3b913cc7465277199c,ent_226a9421040b7f2d19e6a2ff542e6eac,INVOLVES,200
evt_2e79ffc598271e3b913cc7465277199c,ent_6b6a5ab6654528c46ff398246e913d29,INVOLVES,200
evt_3fcb7f44ea3f6881824ce96cfa6d9c0a,ent_b413b0f80b8d06ff291ed5a8fcd6db8c,INVOLVES,200
evt_3fcb7f44ea3f6881824ce96cfa6d9c0a,ent_7fe45cdb8925c0f02461dc3820436884,INVOLVES,200
evt_3fcb7f44ea3f6881824ce96cfa6d9c0a,ent_d6f5ec28256de3c08f61f9eb51a9afeb,INVOLVES,200
evt_3fcb7f44ea3f6881824ce96cfa6d9c0a,ent_a67f0af9afbada6a57009265fcc2c281,INVOLVES,200
evt_3fcb7f44ea3f6881824ce96cfa6d9c0a,ent_022dceeb82c260e3c1e10672e0f27a2e,INVOLVES,200
evt_3fcb7f44ea3f6881824ce96cfa6d9c0a,ent_226a9421040b7f2d19e6a2ff542e6eac,INVOLVES,200
evt_3fcb7f44ea3f6881824ce96cfa6d9c0a,ent_6b6a5ab6654528c46ff398246e913d29,INVOLVES,200
evt_73c8ee4633fbd446a58829d859e2114b,ent_b413b0f80b8d06ff291ed5a8fcd6db8c,INVOLVES,200
evt_73c8ee4633fbd446a58829d859e2114b,ent_7fe45cdb8925c0f02461dc3820436884,INVOLVES,200
evt_73c8ee4633fbd446a58829d859e2114b,ent_d6f5ec28256de3c08f61f9eb51a9afeb,INVOLVES,200
evt_73c8ee4633fbd446a58829d859e2114b,ent_a67f0af9afbada6a57009265fcc2c281,INVOLVES,200
evt_73c8ee4633fbd446a58829d859e2114b,ent_022dceeb82c260e3c1e10672e0f27a2e,INVOLVES,200
evt_73c8ee4633fbd446a58829d859e2114b,ent_226a9421040b7f2d19e6a2ff542e6eac,INVOLVES,200
evt_73c8ee4633fbd446a58829d859e2114b,ent_6b6a5ab6654528c46ff398246e913d29,INVOLVES,200
evt_d41a7d4f0787bea7d8c3eafd404934a6,ent_b413b0f80b8d06ff291ed5a8fcd6db8c,INVOLVES,200
evt_d41a7d4f0787bea7d8c3eafd404934a6,ent_7fe45cdb8925c0f02461dc3820436884,INVOLVES,200
evt_d41a7d4f0787bea7d8c3eafd404934a6,ent_d6f5ec28256de3c08f61f9eb51a9afeb,INVOLVES,200
evt_d41a7d4f0787bea7d8c3eafd404934a6,ent_a67f0af9afbada6a57009265fcc2c281,INVOLVES,200
evt_d41a7d4f0787bea7d8c3eafd404934a6,ent_022dceeb82c260e3c1e10672e0f27a2e,INVOLVES,200
evt_d41a7d4f0787bea7d8c3eafd404934a6,ent_226a9421040b7f2d19e6a2ff542e6eac,INVOLVES,200
evt_d41a7d4f0787bea7d8c3eafd404934a6,ent_6b6a5ab6654528c46ff398246e913d29,INVOLVES,200
evt_3d6bf096886487122582307c6da107fb,ent_7fe45cdb8925c0f02461dc3820436884,INVOLVES,200
evt_3d6bf096886487122582307c6da107fb,ent_d6f5ec28256de3c08f61f9eb51a9afeb,INVOLVES,200
evt_3d6bf096886487122582307c6da107fb,ent_a67f0af9afbada6a57009265fcc2c281,INVOLVES,200
evt_3d6bf096886487122582307c6da107fb,ent_b413b0f80b8d06ff291ed5a8fcd6db8c,INVOLVES,200
evt_3d6bf096886487122582307c6da107fb,ent_022dceeb82c260e3c1e10672e0f27a2e,INVOLVES,200
evt_3d6bf096886487122582307c6da107fb,ent_226a9421040b7f2d19e6a2ff542e6eac,INVOLVES,200
evt_3d6bf096886487122582307c6da107fb,ent_6b6a5ab6654528c46ff398246e913d29,INVOLVES,200
evt_b0e167f61e3b924c7dba9ee71bbb5646,ent_226a9421040b7f2d19e6a2ff542e6eac,INVOLVES,200
evt_b0e167f61e3b924c7dba9ee71bbb5646,ent_939718a00177f4a7a8a8caf8e210b494,INVOLVES,200
evt_b0e167f61e3b924c7dba9ee71bbb5646,ent_b68abaedec86d36bca01549c37104dad,INVOLVES,200
evt_b0e167f61e3b924c7dba9ee71bbb5646,ent_fe60a6c64f4797bb973018d0f8cf7747,INVOLVES,200
evt_b0e167f61e3b924c7dba9ee71bbb5646,ent_b0cf174f6be0d1824ba454ecd526c681,INVOLVES,200
evt_b0e167f61e3b924c7dba9ee71bbb5646,ent_97643c03d57bc5a51f0f1eb5f59247b0,INVOLVES,200
evt_b0e167f61e3b924c7dba9ee71bbb5646,ent_b90d25f919cc4d4a4f5625e9c5c7d2c8,INVOLVES,200
evt_b0e167f61e3b924c7dba9ee71bbb5646,ent_fbd96363ef425ee203022d94254364f5,INVOLVES,200
evt_b0e167f61e3b924c7dba9ee71bbb5646,ent_1d25db1d79dd667ed08ef6666ffbdf46,INVOLVES,200
evt_458881b25e3de24a636a1f137d476212,ent_226a9421040b7f2d19e6a2ff542e6eac,INVOLVES,200
evt_458881b25e3de24a636a1f137d476212,ent_939718a00177f4a7a8a8caf8e210b494,INVOLVES,200
evt_458881b25e3de24a636a1f137d476212,ent_b68abaedec86d36bca01549c37104dad,INVOLVES,200
evt_458881b25e3de24a636a1f137d476212,ent_fe60a6c64f4797bb973018d0f8cf7747,INVOLVES,200
evt_458881b25e3de24a636a1f137d476212,ent_b0cf174f6be0d1824ba454ecd526c681,INVOLVES,200
evt_458881b25e3de24a636a1f137d476212,ent_97643c03d57bc5a51f0f1eb5f59247b0,INVOLVES,200
evt_458881b25e3de24a636a1f137d476212,ent_b90d25f919cc4d4a4f5625e9c5c7d2c8,INVOLVES,200
evt_458881b25e3de24a636a1f137d476212,ent_fbd96363ef425ee203022d94254364f5,INVOLVES,200
evt_458881b25e3de24a636a1f137d476212,ent_1d25db1d79dd667ed08ef6666ffbdf46,INVOLVES,200
evt_16156b0890a130efd80653d76a56d934,ent_59eb45453f83ad36a3b64e4d5f06d8b8,INVOLVES,200
evt_16156b0890a130efd80653d76a56d934,ent_214163861ed8ac3fdfdb4674bf5536af,INVOLVES,200
evt_16156b0890a130efd80653d76a56d934,ent_fd7301e87a6741f087e2b21408d043fc,INVOLVES,200
evt_16156b0890a130efd80653d76a56d934,ent_f9bb5a18a183ea4195a752150e619000,INVOLVES,200
evt_16156b0890a130efd80653d76a56d934,ent_9ba567a1fc156295ad8fb5e0ccdf17de,INVOLVES,200
evt_16156b0890a130efd80653d76a56d934,ent_02349980bba8ce563cdf709f74f96fc1,INVOLVES,200
evt_16156b0890a130efd80653d76a56d934,ent_ba0403674a248430d1eabfbf60bc8a11,INVOLVES,200
evt_16156b0890a130efd80653d76a56d934,ent_a4856edb8a9f711c201c227e64b0d2f7,INVOLVES,200
evt_16156b0890a130efd80653d76a56d934,ent_1cdb9e03d2d4d28bced6bbecffa5e13e,INVOLVES,200
evt_16156b0890a130efd80653d76a56d934,ent_1584c45e6f3c8687a666439eb5e13f14,INVOLVES,200
evt_16156b0890a130efd80653d76a56d934,ent_8d3d17b3744d413b7f2d218b9199676d,INVOLVES,200
evt_ace0c436f05ca5f7a5bda8f179af90a0,ent_9ba567a1fc156295ad8fb5e0ccdf17de,INVOLVES,200
evt_ace0c436f05ca5f7a5bda8f179af90a0,ent_02349980bba8ce563cdf709f74f96fc1,INVOLVES,200
evt_ace0c436f05ca5f7a5bda8f179af90a0,ent_ba0403674a248430d1eabfbf60bc8a11,INVOLVES,200
evt_ace0c436f05ca5f7a5bda8f179af90a0,ent_a4856edb8a9f711c201c227e64b0d2f7,INVOLVES,200
evt_ace0c436f05ca5f7a5bda8f179af90a0,ent_1cdb9e03d2d4d28bced6bbecffa5e13e,INVOLVES,200
evt_ace0c436f05ca5f7a5bda8f179af90a0,ent_1584c45e6f3c8687a666439eb5e13f14,INVOLVES,200
evt_ace0c436f05ca5f7a5bda8f179af90a0,ent_8d3d17b3744d413b7f2d218b9199676d,INVOLVES,200
evt_7f08185b5d36a588c65fe6e78877e752,ent_226a9421040b7f2d19e6a2ff542e6eac,INVOLVES,200
evt_7f08185b5d36a588c65fe6e78877e752,ent_488b2fe6d4aacea9bbd9181d558b951a,INVOLVES,200
evt_7f08185b5d36a588c65fe6e78877e752,ent_02349980bba8ce563cdf709f74f96fc1,INVOLVES,200
evt_7f08185b5d36a588c65fe6e78877e752,ent_fe60a6c64f4797bb973018d0f8cf7747,INVOLVES,200
evt_7f08185b5d36a588c65fe6e78877e752,ent_fbd96363ef425ee203022d94254364f5,INVOLVES,200
evt_8e73ecbbbb9ef3a5f9809db08b9b019e,ent_226a9421040b7f2d19e6a2ff542e6eac,INVOLVES,200
evt_8e73ecbbbb9ef3a5f9809db08b9b019e,ent_b0cf174f6be0d1824ba454ecd526c681,INVOLVES,200
evt_aab2f36226258ba53b24536ccf7b5877,ent_4cab5ca06bcefea9c81bc7968053b01f,INVOLVES,200
evt_aab2f36226258ba53b24536ccf7b5877,ent_aa5737cd0656a95e3c9b3ec2059a5774,INVOLVES,200
evt_aab2f36226258ba53b24536ccf7b5877,ent_69ec4cbb98876f329a8e6508fdaf7fd8,INVOLVES,200
evt_aab2f36226258ba53b24536ccf7b5877,ent_fcec4dfb15d3b1bbca330f390cf0b345,INVOLVES,200
evt_add59d2f7cea228df2ec72f9a67f49da,ent_4cab5ca06bcefea9c81bc7968053b01f,INVOLVES,200
evt_add59d2f7cea228df2ec72f9a67f49da,ent_aa5737cd0656a95e3c9b3ec2059a5774,INVOLVES,200
evt_add59d2f7cea228df2ec72f9a67f49da,ent_69ec4cbb98876f329a8e6508fdaf7fd8,INVOLVES,200
evt_add59d2f7cea228df2ec72f9a67f49da,ent_fcec4dfb15d3b1bbca330f390cf0b345,INVOLVES,200
evt_84f7125edba3f04a8f75dcae4518f1e3,ent_076173809b5a7e293c5fb60f9019b3f8,INVOLVES,200
evt_84f7125edba3f04a8f75dcae4518f1e3,ent_946e3886218719e6de2ab8af55542cf9,INVOLVES,200
evt_84f7125edba3f04a8f75dcae4518f1e3,ent_fcec4dfb15d3b1bbca330f390cf0b345,INVOLVES,200
evt_84f7125edba3f04a8f75dcae4518f1e3,ent_7abae9600e78693e1b6a8ef3eaccddd4,INVOLVES,200
evt_327fa622d14b207a1624acef004f4467,ent_ed5355bfd1934112dea28cde7727fdb8,INVOLVES,200
evt_327fa622d14b207a1624acef004f4467,ent_2550243cf7bace4d51064ab4fc1110ec,INVOLVES,200
evt_327fa622d14b207a1624acef004f4467,ent_8d3d17b3744d413b7f2d218b9199676d,INVOLVES,200
evt_327fa622d14b207a1624acef004f4467,ent_b5d182b1a73839b4488b0948b730e36b,INVOLVES,200
evt_327fa622d14b207a1624acef004f4467,ent_227da576e0fee2b41e04ed233a11e238,INVOLVES,200
evt_327fa622d14b207a1624acef004f4467,ent_fe60a6c64f4797bb973018d0f8cf7747,INVOLVES,200
evt_29e50210c30fd4e6e4d410506263e062,ent_ed5355bfd1934112dea28cde7727fdb8,INVOLVES,200
evt_29e50210c30fd4e6e4d410506263e062,ent_2550243cf7bace4d51064ab4fc1110ec,INVOLVES,200
evt_29e50210c30fd4e6e4d410506263e062,ent_8d3d17b3744d413b7f2d218b9199676d,INVOLVES,200
evt_29e50210c30fd4e6e4d410506263e062,ent_b5d182b1a73839b4488b0948b730e36b,INVOLVES,200
evt_29e50210c30fd4e6e4d410506263e062,ent_227da576e0fee2b41e04ed233a11e238,INVOLVES,200
evt_29e50210c30fd4e6e4d410506263e062,ent_fe60a6c64f4797bb973018d0f8cf7747,INVOLVES,200
evt_29e50210c30fd4e6e4d410506263e062,ent_2b4da846ceb3fb791e7085aff5e20a1b,INVOLVES,200
evt_29e50210c30fd4e6e4d410506263e062,ent_10a36c552005f64908c54d45d5708dbf,INVOLVES,200
evt_97cc4f96d0ece3d70d0e6c83a8dc6671,ent_ed5355bfd1934112dea28cde7727fdb8,INVOLVES,200
evt_97cc4f96d0ece3d70d0e6c83a8dc6671,ent_2550243cf7bace4d51064ab4fc1110ec,INVOLVES,200
evt_97cc4f96d0ece3d70d0e6c83a8dc6671,ent_8d3d17b3744d413b7f2d218b9199676d,INVOLVES,200
evt_97cc4f96d0ece3d70d0e6c83a8dc6671,ent_b5d182b1a73839b4488b0948b730e36b,INVOLVES,200
evt_97cc4f96d0ece3d70d0e6c83a8dc6671,ent_227da576e0fee2b41e04ed233a11e238,INVOLVES,200
evt_97cc4f96d0ece3d70d0e6c83a8dc6671,ent_fe60a6c64f4797bb973018d0f8cf7747,INVOLVES,200
evt_97cc4f96d0ece3d70d0e6c83a8dc6671,ent_2b4da846ceb3fb791e7085aff5e20a1b,INVOLVES,200
evt_97cc4f96d0ece3d70d0e6c83a8dc6671,ent_10a36c552005f64908c54d45d5708dbf,INVOLVES,200
evt_2248cf9a5d3d436daf0e54ca016bfb75,ent_ed5355bfd1934112dea28cde7727fdb8,INVOLVES,200
evt_2248cf9a5d3d436daf0e54ca016bfb75,ent_2550243cf7bace4d51064ab4fc1110ec,INVOLVES,200
evt_2248cf9a5d3d436daf0e54ca016bfb75,ent_8d3d17b3744d413b7f2d218b9199676d,INVOLVES,200
evt_2248cf9a5d3d436daf0e54ca016bfb75,ent_b5d182b1a73839b4488b0948b730e36b,INVOLVES,200
evt_2248cf9a5d3d436daf0e54ca016bfb75,ent_227da576e0fee2b41e04ed233a11e238,INVOLVES,200
evt_2248cf9a5d3d436daf0e54ca016bfb75,ent_fe60a6c64f4797bb973018d0f8cf7747,INVOLVES,200
evt_2248cf9a5d3d436daf0e54ca016bfb75,ent_2b4da846ceb3fb791e7085aff5e20a1b,INVOLVES,200
evt_2248cf9a5d3d436daf0e54ca016bfb75,ent_10a36c552005f64908c54d45d5708dbf,INVOLVES,200
evt_3f07575d15d13cd6a15ea238983fc69e,ent_ed5355bfd1934112dea28cde7727fdb8,INVOLVES,200
evt_3f07575d15d13cd6a15ea238983fc69e,ent_2550243cf7bace4d51064ab4fc1110ec,INVOLVES,200
evt_3f07575d15d13cd6a15ea238983fc69e,ent_8d3d17b3744d413b7f2d218b9199676d,INVOLVES,200
evt_3f07575d15d13cd6a15ea238983fc69e,ent_b5d182b1a73839b4488b0948b730e36b,INVOLVES,200
evt_3f07575d15d13cd6a15ea238983fc69e,ent_227da576e0fee2b41e04ed233a11e238,INVOLVES,200
evt_3f07575d15d13cd6a15ea238983fc69e,ent_fe60a6c64f4797bb973018d0f8cf7747,INVOLVES,200
evt_3f07575d15d13cd6a15ea238983fc69e,ent_2b4da846ceb3fb791e7085aff5e20a1b,INVOLVES,200
evt_3f07575d15d13cd6a15ea238983fc69e,ent_10a36c552005f64908c54d45d5708dbf,INVOLVES,200
evt_d98e657a3f548e5e1c9f781ffe546cab,ent_3a5800fc9c001d908c0ee5aad4b389a0,INVOLVES,200
evt_d98e657a3f548e5e1c9f781ffe546cab,ent_b459a89d6be72fd7ba147d6da5091f84,INVOLVES,200
evt_d98e657a3f548e5e1c9f781ffe546cab,ent_d36b13410347d500de53637c8b77e430,INVOLVES,200
evt_d98e657a3f548e5e1c9f781ffe546cab,ent_634d30f1d295382071bc70b8e883717b,INVOLVES,200
evt_671309d5367ad27fa4718f21d5e7dd50,ent_3a5800fc9c001d908c0ee5aad4b389a0,INVOLVES,200
evt_671309d5367ad27fa4718f21d5e7dd50,ent_b459a89d6be72fd7ba147d6da5091f84,INVOLVES,200
evt_671309d5367ad27fa4718f21d5e7dd50,ent_d36b13410347d500de53637c8b77e430,INVOLVES,200
evt_671309d5367ad27fa4718f21d5e7dd50,ent_634d30f1d295382071bc70b8e883717b,INVOLVES,200
evt_671309d5367ad27fa4718f21d5e7dd50,ent_312642cda4a86945e21c6ab3175203ec,INVOLVES,200
evt_671309d5367ad27fa4718f21d5e7dd50,ent_fcec4dfb15d3b1bbca330f390cf0b345,INVOLVES,200
evt_671309d5367ad27fa4718f21d5e7dd50,ent_44f22d89c8f969f81fa642ac9aa6a9e0,INVOLVES,200
evt_ccd4628e4808057950e2f108096a7e33,ent_3a5800fc9c001d908c0ee5aad4b389a0,INVOLVES,200
evt_ccd4628e4808057950e2f108096a7e33,ent_b459a89d6be72fd7ba147d6da5091f84,INVOLVES,200
evt_ccd4628e4808057950e2f108096a7e33,ent_d36b13410347d500de53637c8b77e430,INVOLVES,200
evt_ccd4628e4808057950e2f108096a7e33,ent_634d30f1d295382071bc70b8e883717b,INVOLVES,200
evt_ccd4628e4808057950e2f108096a7e33,ent_312642cda4a86945e21c6ab3175203ec,INVOLVES,200
evt_ccd4628e4808057950e2f108096a7e33,ent_fcec4dfb15d3b1bbca330f390cf0b345,INVOLVES,200
evt_ccd4628e4808057950e2f108096a7e33,ent_44f22d89c8f969f81fa642ac9aa6a9e0,INVOLVES,200
evt_e2385f4f14fdf55afa43623e430a88a8,ent_3a5800fc9c001d908c0ee5aad4b389a0,INVOLVES,200
evt_e2385f4f14fdf55afa43623e430a88a8,ent_b459a89d6be72fd7ba147d6da5091f84,INVOLVES,200
evt_e2385f4f14fdf55afa43623e430a88a8,ent_d36b13410347d500de53637c8b77e430,INVOLVES,200
evt_e2385f4f14fdf55afa43623e430a88a8,ent_634d30f1d295382071bc70b8e883717b,INVOLVES,200
evt_e2385f4f14fdf55afa43623e430a88a8,ent_312642cda4a86945e21c6ab3175203ec,INVOLVES,200
evt_e2385f4f14fdf55afa43623e430a88a8,ent_fcec4dfb15d3b1bbca330f390cf0b345,INVOLVES,200
evt_e2385f4f14fdf55afa43623e430a88a8,ent_44f22d89c8f969f81fa642ac9aa6a9e0,INVOLVES,200
evt_e2385f4f14fdf55afa43623e430a88a8,ent_02349980bba8ce563cdf709f74f96fc1,INVOLVES,200
evt_e77e0151d3fb31869de6f6bb16682f05,ent_b459a89d6be72fd7ba147d6da5091f84,INVOLVES,200
evt_e77e0151d3fb31869de6f6bb16682f05,ent_d36b13410347d500de53637c8b77e430,INVOLVES,200
evt_e77e0151d3fb31869de6f6bb16682f05,ent_634d30f1d295382071bc70b8e883717b,INVOLVES,200
evt_e77e0151d3fb31869de6f6bb16682f05,ent_312642cda4a86945e21c6ab3175203ec,INVOLVES,200
evt_e77e0151d3fb31869de6f6bb16682f05,ent_fcec4dfb15d3b1bbca330f390cf0b345,INVOLVES,200
evt_e77e0151d3fb31869de6f6bb16682f05,ent_44f22d89c8f969f81fa642ac9aa6a9e0,INVOLVES,200
evt_e77e0151d3fb31869de6f6bb16682f05,ent_02349980bba8ce563cdf709f74f96fc1,INVOLVES,200
evt_e77e0151d3fb31869de6f6bb16682f05,ent_1f566db4d2cd7698cecaf043f73a965b,INVOLVES,200
evt_c65477f5e84bac2a82dcd524dcf4702c,ent_634d30f1d295382071bc70b8e883717b,INVOLVES,200
evt_c65477f5e84bac2a82dcd524dcf4702c,ent_312642cda4a86945e21c6ab3175203ec,INVOLVES,200
evt_c65477f5e84bac2a82dcd524dcf4702c,ent_fcec4dfb15d3b1bbca330f390cf0b345,INVOLVES,200
evt_c65477f5e84bac2a82dcd524dcf4702c,ent_44f22d89c8f969f81fa642ac9aa6a9e0,INVOLVES,200
evt_c65477f5e84bac2a82dcd524dcf4702c,ent_02349980bba8ce563cdf709f74f96fc1,INVOLVES,200
evt_c65477f5e84bac2a82dcd524dcf4702c,ent_1f566db4d2cd7698cecaf043f73a965b,INVOLVES,200
evt_c65477f5e84bac2a82dcd524dcf4702c,ent_48ea79dff880c7682258bb0a3bae8178,INVOLVES,200
evt_c65477f5e84bac2a82dcd524dcf4702c,ent_c417b5c036b8fa2832d4404aa7a91250,INVOLVES,200
evt_d912777c35d3b6231595d1505047f07e,ent_d0c8770ba039a6ae69fe5ae77ecf20bd,INVOLVES,200
evt_d912777c35d3b6231595d1505047f07e,ent_cac9b4ad5d73fd3242936af8512dd787,INVOLVES,200
evt_d912777c35d3b6231595d1505047f07e,ent_da6e770eb80f2ac89443f0417817cb9f,INVOLVES,200
evt_d912777c35d3b6231595d1505047f07e,ent_4fa2deebbdd08f8db412355fd5c496b0,INVOLVES,200
evt_d912777c35d3b6231595d1505047f07e,ent_bab41f4da430bd439eafd667836cbe87,INVOLVES,200
evt_051af1bbbaacb05191b312c6d0b84698,ent_d0c8770ba039a6ae69fe5ae77ecf20bd,INVOLVES,200
evt_051af1bbbaacb05191b312c6d0b84698,ent_cac9b4ad5d73fd3242936af8512dd787,INVOLVES,200
evt_051af1bbbaacb05191b312c6d0b84698,ent_da6e770eb80f2ac89443f0417817cb9f,INVOLVES,200
evt_051af1bbbaacb05191b312c6d0b84698,ent_4fa2deebbdd08f8db412355fd5c496b0,INVOLVES,200
evt_051af1bbbaacb05191b312c6d0b84698,ent_bab41f4da430bd439eafd667836cbe87,INVOLVES,200
evt_b87f199ddddfc06f1fed0b90f2e7e4e4,ent_d0c8770ba039a6ae69fe5ae77ecf20bd,INVOLVES,200
evt_b87f199ddddfc06f1fed0b90f2e7e4e4,ent_cac9b4ad5d73fd3242936af8512dd787,INVOLVES,200
evt_b87f199ddddfc06f1fed0b90f2e7e4e4,ent_da6e770eb80f2ac89443f0417817cb9f,INVOLVES,200
evt_b87f199ddddfc06f1fed0b90f2e7e4e4,ent_4fa2deebbdd08f8db412355fd5c496b0,INVOLVES,200
evt_b87f199ddddfc06f1fed0b90f2e7e4e4,ent_bab41f4da430bd439eafd667836cbe87,INVOLVES,200
evt_d7ceb3949122cc7933630fd427ee1ed5,ent_b0672e2da8d7e2d40c7240bcbcf2a517,INVOLVES,200
evt_d7ceb3949122cc7933630fd427ee1ed5,ent_304ec9b750a539ad8bc6b66a2ec5ef6a,INVOLVES,200
evt_d7ceb3949122cc7933630fd427ee1ed5,ent_471394ace83d5b4db4fb120c6fec5110,INVOLVES,200
evt_d7ceb3949122cc7933630fd427ee1ed5,ent_ea602814d9d4ad2a83d88ce2cfc37117,INVOLVES,200
evt_dbd599019bf8d400b196340992c7dcf8,ent_91e88ee3fd1b4c3ff8ca488e7cc57bd8,INVOLVES,200
evt_dbd599019bf8d400b196340992c7dcf8,ent_076173809b5a7e293c5fb60f9019b3f8,INVOLVES,200
evt_dbd599019bf8d400b196340992c7dcf8,ent_adcf83931919164add0c401b97aea4fe,INVOLVES,200
evt_d9e3cc22345ad542dc9daa4de8b1a89a,ent_91e88ee3fd1b4c3ff8ca488e7cc57bd8,INVOLVES,200
evt_d9e3cc22345ad542dc9daa4de8b1a89a,ent_076173809b5a7e293c5fb60f9019b3f8,INVOLVES,200
evt_d9e3cc22345ad542dc9daa4de8b1a89a,ent_adcf83931919164add0c401b97aea4fe,INVOLVES,200
evt_f73078988a85ca2d1fd897dcdc0e3d13,ent_2a6d3686110703bc69da3220c6ee6b5f,INVOLVES,200
evt_f73078988a85ca2d1fd897dcdc0e3d13,ent_d36b13410347d500de53637c8b77e430,INVOLVES,200
evt_f73078988a85ca2d1fd897dcdc0e3d13,ent_312642cda4a86945e21c6ab3175203ec,INVOLVES,200
evt_f73078988a85ca2d1fd897dcdc0e3d13,ent_6edada8905614474066139c51a6b9a9c,INVOLVES,200
evt_eb722fc871feb46cf0dffdbd14a23170,ent_2a6d3686110703bc69da3220c6ee6b5f,INVOLVES,200
evt_eb722fc871feb46cf0dffdbd14a23170,ent_d36b13410347d500de53637c8b77e430,INVOLVES,200
evt_eb722fc871feb46cf0dffdbd14a23170,ent_312642cda4a86945e21c6ab3175203ec,INVOLVES,200
evt_eb722fc871feb46cf0dffdbd14a23170,ent_6edada8905614474066139c51a6b9a9c,INVOLVES,200
evt_193d9f30f6f3018f02654257be70f91e,ent_5e59ad66759572621fabc25e69be6f72,INVOLVES,200
evt_193d9f30f6f3018f02654257be70f91e,ent_848015af8766cb8f2e66510ab1145bd0,INVOLVES,200
evt_193d9f30f6f3018f02654257be70f91e,ent_214163861ed8ac3fdfdb4674bf5536af,INVOLVES,200
evt_193d9f30f6f3018f02654257be70f91e,ent_d36b13410347d500de53637c8b77e430,INVOLVES,200
evt_e405bd5dd53e853bfed03165860b95ab,ent_5e59ad66759572621fabc25e69be6f72,INVOLVES,200
evt_e405bd5dd53e853bfed03165860b95ab,ent_848015af8766cb8f2e66510ab1145bd0,INVOLVES,200
evt_e405bd5dd53e853bfed03165860b95ab,ent_214163861ed8ac3fdfdb4674bf5536af,INVOLVES,200
evt_e405bd5dd53e853bfed03165860b95ab,ent_d36b13410347d500de53637c8b77e430,INVOLVES,200
evt_e5360996a585918d82ae8fe0898ea4bc,ent_c2b5e8831f2e29bf529045c5c487b023,INVOLVES,200
evt_e5360996a585918d82ae8fe0898ea4bc,ent_10738ed7d12fea1726aa36bb6681b936,INVOLVES,200
evt_4f0c099273b666aa2db7ae6ac1c0376e,ent_c2b5e8831f2e29bf529045c5c487b023,INVOLVES,200
evt_4f0c099273b666aa2db7ae6ac1c0376e,ent_10738ed7d12fea1726aa36bb6681b936,INVOLVES,200
evt_20d6dc73db1333a31d10e1965cc760a1,ent_4d747165c23bcff834e013931d18e59b,INVOLVES,200
evt_20d6dc73db1333a31d10e1965cc760a1,ent_1ba5816bc551d0306ae762b63878e68d,INVOLVES,200
evt_20d6dc73db1333a31d10e1965cc760a1,ent_4364fd8a6e8d9e2e226cec2aa162bc24,INVOLVES,200
evt_20d6dc73db1333a31d10e1965cc760a1,ent_09bdc4111eb145f2cafac7ea883310fd,INVOLVES,200
evt_20d6dc73db1333a31d10e1965cc760a1,ent_c4bb89b860ff9c0e775d8368a85f3b25,INVOLVES,200
evt_53bbb58824563749c02efc4742872349,ent_4d747165c23bcff834e013931d18e59b,INVOLVES,200
evt_53bbb58824563749c02efc4742872349,ent_1ba5816bc551d0306ae762b63878e68d,INVOLVES,200
evt_53bbb58824563749c02efc4742872349,ent_4364fd8a6e8d9e2e226cec2aa162bc24,INVOLVES,200
evt_53bbb58824563749c02efc4742872349,ent_09bdc4111eb145f2cafac7ea883310fd,INVOLVES,200
evt_53bbb58824563749c02efc4742872349,ent_c4bb89b860ff9c0e775d8368a85f3b25,INVOLVES,200
evt_fcbcade28fbb8d4a02d52cd8861ba7bf,ent_4d747165c23bcff834e013931d18e59b,INVOLVES,200
evt_fcbcade28fbb8d4a02d52cd8861ba7bf,ent_1ba5816bc551d0306ae762b63878e68d,INVOLVES,200
evt_fcbcade28fbb8d4a02d52cd8861ba7bf,ent_4364fd8a6e8d9e2e226cec2aa162bc24,INVOLVES,200
evt_fcbcade28fbb8d4a02d52cd8861ba7bf,ent_09bdc4111eb145f2cafac7ea883310fd,INVOLVES,200
evt_fcbcade28fbb8d4a02d52cd8861ba7bf,ent_c4bb89b860ff9c0e775d8368a85f3b25,INVOLVES,200
evt_fabe0778f3b002d3a89d98dbe85eee66,ent_4d747165c23bcff834e013931d18e59b,INVOLVES,200
evt_fabe0778f3b002d3a89d98dbe85eee66,ent_1ba5816bc551d0306ae762b63878e68d,INVOLVES,200
evt_fabe0778f3b002d3a89d98dbe85eee66,ent_4364fd8a6e8d9e2e226cec2aa162bc24,INVOLVES,200
evt_fabe0778f3b002d3a89d98dbe85eee66,ent_09bdc4111eb145f2cafac7ea883310fd,INVOLVES,200
evt_fabe0778f3b002d3a89d98dbe85eee66,ent_c4bb89b860ff9c0e775d8368a85f3b25,INVOLVES,200
evt_0d0c9334f9574b9cb8e065bba60876f1,ent_4d747165c23bcff834e013931d18e59b,INVOLVES,200
evt_0d0c9334f9574b9cb8e065bba60876f1,ent_1ba5816bc551d0306ae762b63878e68d,INVOLVES,200
evt_0d0c9334f9574b9cb8e065bba60876f1,ent_4364fd8a6e8d9e2e226cec2aa162bc24,INVOLVES,200
evt_0d0c9334f9574b9cb8e065bba60876f1,ent_09bdc4111eb145f2cafac7ea883310fd,INVOLVES,200
evt_0d0c9334f9574b9cb8e065bba60876f1,ent_c4bb89b860ff9c0e775d8368a85f3b25,INVOLVES,200
evt_c4fccd999442583345387e1aef714edc,ent_edb82d9e724eb11669a36d3e8d6c8038,INVOLVES,200
evt_c4fccd999442583345387e1aef714edc,ent_4d6db930b7a8fd786022647feccae95d,INVOLVES,200
evt_c4fccd999442583345387e1aef714edc,ent_2b4da846ceb3fb791e7085aff5e20a1b,INVOLVES,200
evt_c4fccd999442583345387e1aef714edc,ent_ed0e7ab099c4bb98567cf5a43ddaba95,INVOLVES,200
evt_c4fccd999442583345387e1aef714edc,ent_fcec4dfb15d3b1bbca330f390cf0b345,INVOLVES,200
evt_226aee70e983ce4beef05d67f008500e,ent_edb82d9e724eb11669a36d3e8d6c8038,INVOLVES,200
evt_226aee70e983ce4beef05d67f008500e,ent_4d6db930b7a8fd786022647feccae95d,INVOLVES,200
evt_226aee70e983ce4beef05d67f008500e,ent_2b4da846ceb3fb791e7085aff5e20a1b,INVOLVES,200
evt_226aee70e983ce4beef05d67f008500e,ent_ed0e7ab099c4bb98567cf5a43ddaba95,INVOLVES,200
evt_226aee70e983ce4beef05d67f008500e,ent_fcec4dfb15d3b1bbca330f390cf0b345,INVOLVES,200
evt_f0ec9c078e7ecf94cd6965d97b376efd,ent_d36b13410347d500de53637c8b77e430,INVOLVES,200
evt_f0ec9c078e7ecf94cd6965d97b376efd,ent_bf42c7585de0c1246587fb69524df7d4,INVOLVES,200
evt_f0ec9c078e7ecf94cd6965d97b376efd,ent_a8deac9d517fc0fd2ad6f05328be9830,INVOLVES,200
evt_f0ec9c078e7ecf94cd6965d97b376efd,ent_7d62fca88aae8064a6ca41aa3c5ac863,INVOLVES,200
evt_f0ec9c078e7ecf94cd6965d97b376efd,ent_4fa2deebbdd08f8db412355fd5c496b0,INVOLVES,200
evt_f0ec9c078e7ecf94cd6965d97b376efd,ent_6d3207d702c9dc917a10d34060bb5fb3,INVOLVES,200
evt_f0ec9c078e7ecf94cd6965d97b376efd,ent_312642cda4a86945e21c6ab3175203ec,INVOLVES,200
evt_f0ec9c078e7ecf94cd6965d97b376efd,ent_02349980bba8ce563cdf709f74f96fc1,INVOLVES,200
evt_ecb22c2324d6d02bb7c0c1bb10c8dc53,ent_d36b13410347d500de53637c8b77e430,INVOLVES,200
evt_ecb22c2324d6d02bb7c0c1bb10c8dc53,ent_bf42c7585de0c1246587fb69524df7d4,INVOLVES,200
evt_ecb22c2324d6d02bb7c0c1bb10c8dc53,ent_a8deac9d517fc0fd2ad6f05328be9830,INVOLVES,200
evt_ecb22c2324d6d02bb7c0c1bb10c8dc53,ent_7d62fca88aae8064a6ca41aa3c5ac863,INVOLVES,200
evt_ecb22c2324d6d02bb7c0c1bb10c8dc53,ent_4fa2deebbdd08f8db412355fd5c496b0,INVOLVES,200
evt_ecb22c2324d6d02bb7c0c1bb10c8dc53,ent_6d3207d702c9dc917a10d34060bb5fb3,INVOLVES,200
evt_ecb22c2324d6d02bb7c0c1bb10c8dc53,ent_312642cda4a86945e21c6ab3175203ec,INVOLVES,200
evt_ecb22c2324d6d02bb7c0c1bb10c8dc53,ent_02349980bba8ce563cdf709f74f96fc1,INVOLVES,200
evt_4c332e74fc2cdde69ff322e6c3c9bc7f,ent_d36b13410347d500de53637c8b77e430,INVOLVES,200
evt_4c332e74fc2cdde69ff322e6c3c9bc7f,ent_bf42c7585de0c1246587fb69524df7d4,INVOLVES,200
evt_4c332e74fc2cdde69ff322e6c3c9bc7f,ent_a8deac9d517fc0fd2ad6f05328be9830,INVOLVES,200
evt_4c332e74fc2cdde69ff322e6c3c9bc7f,ent_7d62fca88aae8064a6ca41aa3c5ac863,INVOLVES,200
evt_4c332e74fc2cdde69ff322e6c3c9bc7f,ent_4fa2deebbdd08f8db412355fd5c496b0,INVOLVES,200
evt_4c332e74fc2cdde69ff322e6c3c9bc7f,ent_6d3207d702c9dc917a10d34060bb5fb3,INVOLVES,200
evt_4c332e74fc2cdde69ff322e6c3c9bc7f,ent_312642cda4a86945e21c6ab3175203ec,INVOLVES,200
evt_4c332e74fc2cdde69ff322e6c3c9bc7f,ent_02349980bba8ce563cdf709f74f96fc1,INVOLVES,200
evt_07eb7bbf084f383edf091a0f34d684ea,ent_d36b13410347d500de53637c8b77e430,INVOLVES,200
evt_07eb7bbf084f383edf091a0f34d684ea,ent_44f22d89c8f969f81fa642ac9aa6a9e0,INVOLVES,200
evt_07eb7bbf084f383edf091a0f34d684ea,ent_214163861ed8ac3fdfdb4674bf5536af,INVOLVES,200
evt_07eb7bbf084f383edf091a0f34d684ea,ent_7832ceccd76debb063018d9adceac982,INVOLVES,200
evt_07eb7bbf084f383edf091a0f34d684ea,ent_58ae9922be13216f5869d8fb37e8306a,INVOLVES,200
evt_07eb7bbf084f383edf091a0f34d684ea,ent_312642cda4a86945e21c6ab3175203ec,INVOLVES,200
evt_07eb7bbf084f383edf091a0f34d684ea,ent_022dceeb82c260e3c1e10672e0f27a2e,INVOLVES,200
evt_07eb7bbf084f383edf091a0f34d684ea,ent_c0015b00e038c555ee78fbfa65756d1a,INVOLVES,200
evt_6d23680b0abb890bd17640fc0439c514,ent_d36b13410347d500de53637c8b77e430,INVOLVES,200
evt_6d23680b0abb890bd17640fc0439c514,ent_44f22d89c8f969f81fa642ac9aa6a9e0,INVOLVES,200
evt_6d23680b0abb890bd17640fc0439c514,ent_214163861ed8ac3fdfdb4674bf5536af,INVOLVES,200
evt_6d23680b0abb890bd17640fc0439c514,ent_7832ceccd76debb063018d9adceac982,INVOLVES,200
evt_6d23680b0abb890bd17640fc0439c514,ent_58ae9922be13216f5869d8fb37e8306a,INVOLVES,200
evt_6d23680b0abb890bd17640fc0439c514,ent_312642cda4a86945e21c6ab3175203ec,INVOLVES,200
evt_6d23680b0abb890bd17640fc0439c514,ent_022dceeb82c260e3c1e10672e0f27a2e,INVOLVES,200
evt_6d23680b0abb890bd17640fc0439c514,ent_c0015b00e038c555ee78fbfa65756d1a,INVOLVES,200
evt_c088069539f125bbe42cd660b00a335f,ent_3d756d26be9bb6cc5343ebcef63d202e,INVOLVES,200
evt_c088069539f125bbe42cd660b00a335f,ent_b765119c57ba3422d87f78f5f2da338b,INVOLVES,200
evt_c088069539f125bbe42cd660b00a335f,ent_0d6cc0799f872846e8b036e0d6c2fe7f,INVOLVES,200
evt_c088069539f125bbe42cd660b00a335f,ent_5d603652353ec0e16fd4866a173a5f3c,INVOLVES,200
evt_c088069539f125bbe42cd660b00a335f,ent_cbd2c6df401c1bde9b135f053e48273d,INVOLVES,200
evt_c088069539f125bbe42cd660b00a335f,ent_fe13b985c6ee171752736a9a49f555e4,INVOLVES,200
evt_ceeada03704f95b7b047eb5f1342f671,ent_4d747165c23bcff834e013931d18e59b,INVOLVES,200
evt_ceeada03704f95b7b047eb5f1342f671,ent_1ba5816bc551d0306ae762b63878e68d,INVOLVES,200
evt_ceeada03704f95b7b047eb5f1342f671,ent_4364fd8a6e8d9e2e226cec2aa162bc24,INVOLVES,200
evt_ceeada03704f95b7b047eb5f1342f671,ent_0a60b72830397b4ac2dc8da4bc6acc93,INVOLVES,200
evt_c470162fe8fb23f77eeb185b1fefd0f4,ent_4d747165c23bcff834e013931d18e59b,INVOLVES,200
evt_c470162fe8fb23f77eeb185b1fefd0f4,ent_1ba5816bc551d0306ae762b63878e68d,INVOLVES,200
evt_c470162fe8fb23f77eeb185b1fefd0f4,ent_4364fd8a6e8d9e2e226cec2aa162bc24,INVOLVES,200
evt_c470162fe8fb23f77eeb185b1fefd0f4,ent_0a60b72830397b4ac2dc8da4bc6acc93,INVOLVES,200
evt_dc6646ebf0547a5b46db7a7b3a8ede31,ent_4d747165c23bcff834e013931d18e59b,INVOLVES,200
evt_dc6646ebf0547a5b46db7a7b3a8ede31,ent_1ba5816bc551d0306ae762b63878e68d,INVOLVES,200
evt_dc6646ebf0547a5b46db7a7b3a8ede31,ent_4364fd8a6e8d9e2e226cec2aa162bc24,INVOLVES,200
evt_dc6646ebf0547a5b46db7a7b3a8ede31,ent_0a60b72830397b4ac2dc8da4bc6acc93,INVOLVES,200
evt_a131d3df1580ae8a90d3d449acd61ec7,ent_4d747165c23bcff834e013931d18e59b,INVOLVES,200
evt_a131d3df1580ae8a90d3d449acd61ec7,ent_1ba5816bc551d0306ae762b63878e68d,INVOLVES,200
evt_a131d3df1580ae8a90d3d449acd61ec7,ent_4364fd8a6e8d9e2e226cec2aa162bc24,INVOLVES,200
evt_a131d3df1580ae8a90d3d449acd61ec7,ent_0a60b72830397b4ac2dc8da4bc6acc93,INVOLVES,200
evt_4c1ef793f9c1e1dd34a5697df8cbe503,ent_4d747165c23bcff834e013931d18e59b,INVOLVES,200
evt_4c1ef793f9c1e1dd34a5697df8cbe503,ent_1ba5816bc551d0306ae762b63878e68d,INVOLVES,200
evt_4c1ef793f9c1e1dd34a5697df8cbe503,ent_4364fd8a6e8d9e2e226cec2aa162bc24,INVOLVES,200
evt_4c1ef793f9c1e1dd34a5697df8cbe503,ent_0a60b72830397b4ac2dc8da4bc6acc93,INVOLVES,200
evt_388626e661fc9df589f479bf4649a39d,ent_908623f289adf30c0f6c8ffe83471818,INVOLVES,200
evt_388626e661fc9df589f479bf4649a39d,ent_878597f7f74f20ff66a02c7a77aa5a4c,INVOLVES,200
evt_388626e661fc9df589f479bf4649a39d,ent_02e2900c7bc2c839b4390279476a3fce,INVOLVES,200
evt_4ad5897f50d06b4ab23101abae92d934,ent_908623f289adf30c0f6c8ffe83471818,INVOLVES,200
evt_4ad5897f50d06b4ab23101abae92d934,ent_878597f7f74f20ff66a02c7a77aa5a4c,INVOLVES,200
evt_4ad5897f50d06b4ab23101abae92d934,ent_02e2900c7bc2c839b4390279476a3fce,INVOLVES,200
evt_4fe3becb372519a5d66d88c9d78e7e25,ent_908623f289adf30c0f6c8ffe83471818,INVOLVES,200
evt_4fe3becb372519a5d66d88c9d78e7e25,ent_878597f7f74f20ff66a02c7a77aa5a4c,INVOLVES,200
evt_4fe3becb372519a5d66d88c9d78e7e25,ent_02e2900c7bc2c839b4390279476a3fce,INVOLVES,200
evt_761601b4aa7c5d11277dceb6ee0de76a,ent_2a6d3686110703bc69da3220c6ee6b5f,INVOLVES,200
evt_761601b4aa7c5d11277dceb6ee0de76a,ent_5e59ad66759572621fabc25e69be6f72,INVOLVES,200
evt_761601b4aa7c5d11277dceb6ee0de76a,ent_06476b735ac260b9eff5423b7d5c97e9,INVOLVES,200
evt_5f000bf31bc4fb969f480d073a38ea7f,ent_f79b6cad1b7ebf91b5c673db2f8855d0,INVOLVES,200
evt_5f000bf31bc4fb969f480d073a38ea7f,ent_ea9d523588d7e60d26dc6c38693de98b,INVOLVES,200
evt_5f000bf31bc4fb969f480d073a38ea7f,ent_d7f1fc376ababbe6cde8c8b809c46f0b,INVOLVES,200
evt_5f000bf31bc4fb969f480d073a38ea7f,ent_d36b13410347d500de53637c8b77e430,INVOLVES,200
evt_5f000bf31bc4fb969f480d073a38ea7f,ent_02349980bba8ce563cdf709f74f96fc1,INVOLVES,200
evt_2cee569df9f5196a45101bfb12894bb1,ent_fe60a6c64f4797bb973018d0f8cf7747,INVOLVES,200
evt_2cee569df9f5196a45101bfb12894bb1,ent_3d756d26be9bb6cc5343ebcef63d202e,INVOLVES,200
evt_2cee569df9f5196a45101bfb12894bb1,ent_b765119c57ba3422d87f78f5f2da338b,INVOLVES,200
evt_2cee569df9f5196a45101bfb12894bb1,ent_022dceeb82c260e3c1e10672e0f27a2e,INVOLVES,200
evt_f9535b6e404ef77b9a40441d1e51a275,ent_fe60a6c64f4797bb973018d0f8cf7747,INVOLVES,200
evt_f9535b6e404ef77b9a40441d1e51a275,ent_3d756d26be9bb6cc5343ebcef63d202e,INVOLVES,200
evt_f9535b6e404ef77b9a40441d1e51a275,ent_b765119c57ba3422d87f78f5f2da338b,INVOLVES,200
evt_f9535b6e404ef77b9a40441d1e51a275,ent_022dceeb82c260e3c1e10672e0f27a2e,INVOLVES,200
evt_3b679c9927ead85a84195875fa99f594,ent_8fea612c254dac31de096b5bf2c1d2be,INVOLVES,200
evt_3b679c9927ead85a84195875fa99f594,ent_d36b13410347d500de53637c8b77e430,INVOLVES,200
evt_3b679c9927ead85a84195875fa99f594,ent_edc3ef846ebc2c369164a55b359c7a6f,INVOLVES,200
evt_3b679c9927ead85a84195875fa99f594,ent_214163861ed8ac3fdfdb4674bf5536af,INVOLVES,200
evt_3b679c9927ead85a84195875fa99f594,ent_29c5a3a85665d45755d9c9e8a9c3f356,INVOLVES,200
evt_1d6b288b5c5412fdf2b81495082dfa70,ent_8fea612c254dac31de096b5bf2c1d2be,INVOLVES,200
evt_1d6b288b5c5412fdf2b81495082dfa70,ent_d36b13410347d500de53637c8b77e430,INVOLVES,200
evt_1d6b288b5c5412fdf2b81495082dfa70,ent_edc3ef846ebc2c369164a55b359c7a6f,INVOLVES,200
evt_1d6b288b5c5412fdf2b81495082dfa70,ent_214163861ed8ac3fdfdb4674bf5536af,INVOLVES,200
evt_1d6b288b5c5412fdf2b81495082dfa70,ent_29c5a3a85665d45755d9c9e8a9c3f356,INVOLVES,200
evt_a432174f7c5ad889cfc004602e9fa539,ent_7d62fca88aae8064a6ca41aa3c5ac863,INVOLVES,200
evt_a432174f7c5ad889cfc004602e9fa539,ent_b459a89d6be72fd7ba147d6da5091f84,INVOLVES,200
evt_a432174f7c5ad889cfc004602e9fa539,ent_c2754ff991f2d2ad86b0248053370f54,INVOLVES,200
evt_a432174f7c5ad889cfc004602e9fa539,ent_ba78776772d7362012b17294d1a5ec8c,INVOLVES,200
evt_a432174f7c5ad889cfc004602e9fa539,ent_4fa2deebbdd08f8db412355fd5c496b0,INVOLVES,200
evt_6506b655a93ab356cbc15411f0667779,ent_02349980bba8ce563cdf709f74f96fc1,INVOLVES,200
evt_6506b655a93ab356cbc15411f0667779,ent_56223953b1be983c383865d5576bb10a,INVOLVES,200
evt_6506b655a93ab356cbc15411f0667779,ent_4fa2deebbdd08f8db412355fd5c496b0,INVOLVES,200
evt_77d03430401a674423692753a02aa507,ent_06e268914dba853f1fac062656165032,INVOLVES,200
evt_77d03430401a674423692753a02aa507,ent_88ffa272d2a13bb85cbf25e67b2b02e1,INVOLVES,200
evt_9627a534d8f86e8109cf1eb861693698,ent_06e268914dba853f1fac062656165032,INVOLVES,200
evt_9627a534d8f86e8109cf1eb861693698,ent_88ffa272d2a13bb85cbf25e67b2b02e1,INVOLVES,200
evt_a5103fd6b85b475dc3638816d00bd59b,ent_51926bcf6d06b08dd083aee78fac4b81,INVOLVES,200
evt_a5103fd6b85b475dc3638816d00bd59b,ent_312642cda4a86945e21c6ab3175203ec,INVOLVES,200
evt_a5103fd6b85b475dc3638816d00bd59b,ent_58ae9922be13216f5869d8fb37e8306a,INVOLVES,200
evt_a5103fd6b85b475dc3638816d00bd59b,ent_022dceeb82c260e3c1e10672e0f27a2e,INVOLVES,200
evt_a5103fd6b85b475dc3638816d00bd59b,ent_c0015b00e038c555ee78fbfa65756d1a,INVOLVES,200
evt_0dea0fdec04f0c02c2d347fcec0aa033,ent_51926bcf6d06b08dd083aee78fac4b81,INVOLVES,200
evt_0dea0fdec04f0c02c2d347fcec0aa033,ent_312642cda4a86945e21c6ab3175203ec,INVOLVES,200
evt_0dea0fdec04f0c02c2d347fcec0aa033,ent_58ae9922be13216f5869d8fb37e8306a,INVOLVES,200
evt_0dea0fdec04f0c02c2d347fcec0aa033,ent_022dceeb82c260e3c1e10672e0f27a2e,INVOLVES,200
evt_0dea0fdec04f0c02c2d347fcec0aa033,ent_c0015b00e038c555ee78fbfa65756d1a,INVOLVES,200
evt_e1a1ea03401fb771153b082a001fdf13,ent_aa5737cd0656a95e3c9b3ec2059a5774,INVOLVES,200
evt_e1a1ea03401fb771153b082a001fdf13,ent_eede178232a362cad9ed21cf2a73bf79,INVOLVES,200
evt_e1a1ea03401fb771153b082a001fdf13,ent_69d2400364801dc7dbe0b9b77e4683e5,INVOLVES,200
evt_e1a1ea03401fb771153b082a001fdf13,ent_939718a00177f4a7a8a8caf8e210b494,INVOLVES,200
evt_63125c24d5a985b96d65c40300fde599,ent_aa5737cd0656a95e3c9b3ec2059a5774,INVOLVES,200
evt_63125c24d5a985b96d65c40300fde599,ent_eede178232a362cad9ed21cf2a73bf79,INVOLVES,200
evt_63125c24d5a985b96d65c40300fde599,ent_69d2400364801dc7dbe0b9b77e4683e5,INVOLVES,200
evt_63125c24d5a985b96d65c40300fde599,ent_939718a00177f4a7a8a8caf8e210b494,INVOLVES,200
evt_873f85a6b21ae78d9ecc1770db8b7fe6,ent_63b93a62d9110b650e60ea401a342af2,INVOLVES,200
evt_873f85a6b21ae78d9ecc1770db8b7fe6,ent_1eac808d407e82cd81176f64d2912e6d,INVOLVES,200
evt_873f85a6b21ae78d9ecc1770db8b7fe6,ent_a23de424f78c101f3b157464d8e6a9c4,INVOLVES,200
evt_68a053bd99b109dc7c844de4e7201ec6,ent_63b93a62d9110b650e60ea401a342af2,INVOLVES,200
evt_68a053bd99b109dc7c844de4e7201ec6,ent_1eac808d407e82cd81176f64d2912e6d,INVOLVES,200
evt_68a053bd99b109dc7c844de4e7201ec6,ent_a23de424f78c101f3b157464d8e6a9c4,INVOLVES,200
evt_ae315fb33e8abbcad6707d70b517b85e,ent_63b93a62d9110b650e60ea401a342af2,INVOLVES,200
evt_ae315fb33e8abbcad6707d70b517b85e,ent_1eac808d407e82cd81176f64d2912e6d,INVOLVES,200
evt_ae315fb33e8abbcad6707d70b517b85e,ent_a23de424f78c101f3b157464d8e6a9c4,INVOLVES,200
evt_1e2e0241f447ae81787704c27de8a601,ent_63b93a62d9110b650e60ea401a342af2,INVOLVES,200
evt_1e2e0241f447ae81787704c27de8a601,ent_1eac808d407e82cd81176f64d2912e6d,INVOLVES,200
evt_1e2e0241f447ae81787704c27de8a601,ent_a23de424f78c101f3b157464d8e6a9c4,INVOLVES,200
evt_22eb8c91ad1227f19ca7923384ecd276,ent_3a6dec86c9c6ed3adb122f77f5969a74,INVOLVES,200
evt_22eb8c91ad1227f19ca7923384ecd276,ent_97b49ddcf197687597eead2f3b8ae62b,INVOLVES,200
evt_22eb8c91ad1227f19ca7923384ecd276,ent_836706b10c06a40d06b343ad5b65ce04,INVOLVES,200
evt_50062ff759ce06f25e6d444d0258939a,ent_3a6dec86c9c6ed3adb122f77f5969a74,INVOLVES,200
evt_50062ff759ce06f25e6d444d0258939a,ent_97b49ddcf197687597eead2f3b8ae62b,INVOLVES,200
evt_50062ff759ce06f25e6d444d0258939a,ent_836706b10c06a40d06b343ad5b65ce04,INVOLVES,200
evt_20d12df79b01ebead9d2df757dbbad65,ent_3a6dec86c9c6ed3adb122f77f5969a74,INVOLVES,200
evt_20d12df79b01ebead9d2df757dbbad65,ent_97b49ddcf197687597eead2f3b8ae62b,INVOLVES,200
evt_20d12df79b01ebead9d2df757dbbad65,ent_836706b10c06a40d06b343ad5b65ce04,INVOLVES,200
evt_a4dca59b85a273bd580249b431beb3ce,ent_b413b0f80b8d06ff291ed5a8fcd6db8c,INVOLVES,200
evt_a4dca59b85a273bd580249b431beb3ce,ent_d36b13410347d500de53637c8b77e430,INVOLVES,200
evt_a4dca59b85a273bd580249b431beb3ce,ent_7fe461592c31b7bf33bf11d21d306ea0,INVOLVES,200
evt_a4dca59b85a273bd580249b431beb3ce,ent_e90ab5a01509143abcd2888563f63002,INVOLVES,200
evt_922f6a8c23bf07e6c4912654240565f0,ent_b413b0f80b8d06ff291ed5a8fcd6db8c,INVOLVES,200
evt_922f6a8c23bf07e6c4912654240565f0,ent_d36b13410347d500de53637c8b77e430,INVOLVES,200
evt_922f6a8c23bf07e6c4912654240565f0,ent_7fe461592c31b7bf33bf11d21d306ea0,INVOLVES,200
evt_922f6a8c23bf07e6c4912654240565f0,ent_e90ab5a01509143abcd2888563f63002,INVOLVES,200
evt_426fa4078b8a1df29ac81e36b6106d4f,ent_b413b0f80b8d06ff291ed5a8fcd6db8c,INVOLVES,200
evt_426fa4078b8a1df29ac81e36b6106d4f,ent_d36b13410347d500de53637c8b77e430,INVOLVES,200
evt_426fa4078b8a1df29ac81e36b6106d4f,ent_7fe461592c31b7bf33bf11d21d306ea0,INVOLVES,200
evt_426fa4078b8a1df29ac81e36b6106d4f,ent_e90ab5a01509143abcd2888563f63002,INVOLVES,200
evt_00dbe69b27b59916ae3f225a4572ce5f,ent_076173809b5a7e293c5fb60f9019b3f8,INVOLVES,200
evt_00dbe69b27b59916ae3f225a4572ce5f,ent_734ec75b049b5acf1df1e7452c713848,INVOLVES,200
evt_00dbe69b27b59916ae3f225a4572ce5f,ent_91e88ee3fd1b4c3ff8ca488e7cc57bd8,INVOLVES,200
evt_00dbe69b27b59916ae3f225a4572ce5f,ent_6874ce187ce7bbf3104ea4742dd4471a,INVOLVES,200
evt_00dbe69b27b59916ae3f225a4572ce5f,ent_c163a684e1a9e9e2b88dba216dea28d9,INVOLVES,200
evt_00dbe69b27b59916ae3f225a4572ce5f,ent_bc44c838d56a032aad08418f4afea879,INVOLVES,200
evt_9b8f3a34b0c6fad00fa686265b2e4f80,ent_41c0e16d79ff281bcaf10d1d9c96b819,INVOLVES,200
evt_9b8f3a34b0c6fad00fa686265b2e4f80,ent_0d49a53868b32e2474c88d3bd3f0cf3d,INVOLVES,200
evt_9b8f3a34b0c6fad00fa686265b2e4f80,ent_efcea41751696d7564207ab9bfeb8fff,INVOLVES,200
