src,dst,rel
art_1996e9723c56591942ff0752610f9971,ent_f75bc82a0a57e945194ee2d726847441,MENTIONS
art_1996e9723c56591942ff0752610f9971,ent_678340b2b94c337f0bb78181275b3238,MENTIONS
art_8a261327d9e9db7771d3c0b8db992b6f,ent_6bac619c34abd5bb1471edf26af3d67d,MENTIONS
art_8a261327d9e9db7771d3c0b8db992b6f,ent_f89111fb49da60a126451b200dfeb345,MENTIONS
art_8a261327d9e9db7771d3c0b8db992b6f,ent_73cb9346d4c28ed7183e400772654b27,MENTIONS
art_8a261327d9e9db7771d3c0b8db992b6f,ent_efcea41751696d7564207ab9bfeb8fff,MENTIONS
art_8a261327d9e9db7771d3c0b8db992b6f,ent_3772935531ff312176855fb68364ea90,MENTIONS
art_8a261327d9e9db7771d3c0b8db992b6f,ent_b1351ae93e2c57cce168ef036f440b49,MENTIONS
art_a04ec10c7789f053484f8eb0d8b597cd,ent_d36b13410347d500de53637c8b77e430,MENTIONS
art_a04ec10c7789f053484f8eb0d8b597cd,ent_bebb4a7c03b3c260f0af200e85396cdb,MENTIONS
art_a04ec10c7789f053484f8eb0d8b597cd,ent_939718a00177f4a7a8a8caf8e210b494,MENTIONS
art_a04ec10c7789f053484f8eb0d8b597cd,ent_02349980bba8ce563cdf709f74f96fc1,MENTIONS
art_a04ec10c7789f053484f8eb0d8b597cd,ent_312642cda4a86945e21c6ab3175203ec,MENTIONS
art_89bb21a62d8edd6405d5055351ba481e,ent_ef745e3d8a50bb8513fb76f49f80b808,MENTIONS
art_89bb21a62d8edd6405d5055351ba481e,ent_634d30f1d295382071bc70b8e883717b,MENTIONS
art_89bb21a62d8edd6405d5055351ba481e,ent_e7fa5bd660d6c130581e4d90d47ff4ba,MENTIONS
art_89bb21a62d8edd6405d5055351ba481e,ent_ae171307a190eef54157a27c0d5a76a2,MENTIONS
art_01f3f6402ec1018ab647e9b61083afc8,ent_12091da1e0384dde78dc00e8d4348209,MENTIONS
art_01f3f6402ec1018ab647e9b61083afc8,ent_6537a12c54c52be873427ef578b0e85f,MENTIONS
art_01f3f6402ec1018ab647e9b61083afc8,ent_85c12c700ccdc8bb7a6ef7137832b3d9,MENTIONS
art_01f3f6402ec1018ab647e9b61083afc8,ent_f3e8d35483387d3daf36ad089d741fb7,MENTIONS
art_01f3f6402ec1018ab647e9b61083afc8,ent_41c0e16d79ff281bcaf10d1d9c96b819,MENTIONS
art_01f3f6402ec1018ab647e9b61083afc8,ent_4770898cc7fb5246c710c5d353fda89e,MENTIONS
art_e53f8ea4683258fc1664abbe30f52a31,ent_527c1fb81b2145cf5a0ad2fcf0637cdb,MENTIONS
art_e53f8ea4683258fc1664abbe30f52a31,ent_c6f916eb5454c340c2cd29d599cba695,MENTIONS
art_e53f8ea4683258fc1664abbe30f52a31,ent_07740e605e5c20d91cfb47078edf12e0,MENTIONS
art_e53f8ea4683258fc1664abbe30f52a31,ent_1690b441205a9ec69574163792a7324b,MENTIONS
art_6bc361f87dacb8ac91ce5b15b1269095,ent_2c7d43272eeb3267f4d37b92b3b1c6d0,MENTIONS
art_6bc361f87dacb8ac91ce5b15b1269095,ent_fbab5007f5f1af7b1d87b74997eafaf4,MENTIONS
art_6bc361f87dacb8ac91ce5b15b1269095,ent_634d30f1d295382071bc70b8e883717b,MENTIONS
art_0b168eeb4d76465aae24a44fd8355fc6,ent_d1f64bc475e40fff8275e5dd925398f6,MENTIONS
art_bbf3b7728650ef3fceeab64a4494331f,ent_9da0ab3c4dd6c335b87a5f170d0d805b,MENTIONS
art_bbf3b7728650ef3fceeab64a4494331f,ent_efcea41751696d7564207ab9bfeb8fff,MENTIONS
art_bbf3b7728650ef3fceeab64a4494331f,ent_4c6b5f2dca39ff9c95afa864cfd82005,MENTIONS
art_bbf3b7728650ef3fceeab64a4494331f,ent_8d9e307cdb0c304cae2b1f9b1e6fcc63,MENTIONS
art_b63f8cc13efe24de59b0136da6db3cd3,ent_b306682ed5031302c99ed42cfadefb54,MENTIONS
art_b63f8cc13efe24de59b0136da6db3cd3,ent_1ab86e662db6c3f0e3436c652b54c962,MENTIONS
art_b63f8cc13efe24de59b0136da6db3cd3,ent_36bcd8bfa11bbedb111964d8fcb0874b,MENTIONS
art_b63f8cc13efe24de59b0136da6db3cd3,ent_09654ed4944a7289f941860ba8c5748f,MENTIONS
art_b63f8cc13efe24de59b0136da6db3cd3,ent_f0e8c2e872fd411db643229305088666,MENTIONS
art_b63f8cc13efe24de59b0136da6db3cd3,ent_5a7e16494888a8bebc43bff713c3086d,MENTIONS
art_adb25e269d597f8a93d84041f7d6f7e2,ent_b266a3fc83b9ac0e8add4aa0393cbdd7,MENTIONS
art_adb25e269d597f8a93d84041f7d6f7e2,ent_a6964d34244b0c371d8daae23166c026,MENTIONS
art_adb25e269d597f8a93d84041f7d6f7e2,ent_7cdfe2efced81fb87017a9c0ff04a609,MENTIONS
art_adb25e269d597f8a93d84041f7d6f7e2,ent_4db8c3fb675dddfc0643b5622cb9478b,MENTIONS
art_adb25e269d597f8a93d84041f7d6f7e2,ent_e7fa5bd660d6c130581e4d90d47ff4ba,MENTIONS
art_5e13cd1d6c81fb190d71c70070c0ba28,ent_27f4871c74647e2a30471f777255c565,MENTIONS
art_5e13cd1d6c81fb190d71c70070c0ba28,ent_226a9421040b7f2d19e6a2ff542e6eac,MENTIONS
art_fe152e0e3e1e29251d862de61c449448,ent_939718a00177f4a7a8a8caf8e210b494,MENTIONS
art_fe152e0e3e1e29251d862de61c449448,ent_e7fa5bd660d6c130581e4d90d47ff4ba,MENTIONS
art_56bb473e7d00c4d0fe6927398e99529c,ent_9f6d2e55e9123c33ef0b34017ebff498,MENTIONS
art_56bb473e7d00c4d0fe6927398e99529c,ent_5c16be9e157855c334eca58121082e56,MENTIONS
art_3f65439e0573035ab2e47bfce383d91e,ent_45df412cbb6c78d74a3f9a512214bca2,MENTIONS
art_3f65439e0573035ab2e47bfce383d91e,ent_97b49ddcf197687597eead2f3b8ae62b,MENTIONS
art_ca1b6fc3546444759ec0ceb6cc386adc,ent_d36b13410347d500de53637c8b77e430,MENTIONS
art_ca1b6fc3546444759ec0ceb6cc386adc,ent_bebb4a7c03b3c260f0af200e85396cdb,MENTIONS
art_ca1b6fc3546444759ec0ceb6cc386adc,ent_aab2051e760de4c6bab7612178b3896c,MENTIONS
art_ca1b6fc3546444759ec0ceb6cc386adc,ent_adafd11128e9f209cb13a62c67f4a2b4,MENTIONS
art_ca1b6fc3546444759ec0ceb6cc386adc,ent_01beab074bd0e20ed0e0e2ceea1262de,MENTIONS
art_ca1b6fc3546444759ec0ceb6cc386adc,ent_21a74440e152a2e5176e6ca1e157a6f0,MENTIONS
art_ca1b6fc3546444759ec0ceb6cc386adc,ent_e7a828ee1b2585e904836ef786941210,MENTIONS
art_21da475a1de53276849acee7f5cb5455,ent_20c727e9686e65ccf14fee2431bb0cd7,MENTIONS
art_e56432f802e91bd92d4a7efd20481025,ent_cc5d8997e49c25fa14b8cb6e9412ce8b,MENTIONS
art_e56432f802e91bd92d4a7efd20481025,ent_397db103ecd7fc3d1bcd7a507fa3be8e,MENTIONS
art_34d6fb7e9fefcaf5161fe3b92bf443f6,ent_0ea47929d79b1658323a9d6b41a8bf0c,MENTIONS
art_34d6fb7e9fefcaf5161fe3b92bf443f6,ent_6874ca5ab147289c219b829309436f86,MENTIONS
art_34d6fb7e9fefcaf5161fe3b92bf443f6,ent_5a7e16494888a8bebc43bff713c3086d,MENTIONS
art_34d6fb7e9fefcaf5161fe3b92bf443f6,ent_f20011e5270666592304898988523261,MENTIONS
art_34d6fb7e9fefcaf5161fe3b92bf443f6,ent_9d7c7c1e54e0d5ebd992c04fc74f96e1,MENTIONS
art_5c5446e50afa4a454dcbb83f0a8fb980,ent_45df412cbb6c78d74a3f9a512214bca2,MENTIONS
art_5c5446e50afa4a454dcbb83f0a8fb980,ent_634d30f1d295382071bc70b8e883717b,MENTIONS
art_4d376b89061a477c8408b1e094899c65,ent_9da0ab3c4dd6c335b87a5f170d0d805b,MENTIONS
art_52397c7cd6f97ac54ee30807429155f4,ent_0eba5b8b045d8b9914ebbe91f4f34ae3,MENTIONS
art_52397c7cd6f97ac54ee30807429155f4,ent_4006a08d8848df30eff200c81bfe11cb,MENTIONS
art_971ad9cd6f7e866e76fc3d72769d317c,ent_6bac619c34abd5bb1471edf26af3d67d,MENTIONS
art_971ad9cd6f7e866e76fc3d72769d317c,ent_f89111fb49da60a126451b200dfeb345,MENTIONS
art_971ad9cd6f7e866e76fc3d72769d317c,ent_d7db48fe1b79342bbd0966af77650d26,MENTIONS
art_3236adc33869f25dc8a21b9394d9c392,ent_593365e932d6a6e62f51b8454d8323ee,MENTIONS
art_3236adc33869f25dc8a21b9394d9c392,ent_1f566db4d2cd7698cecaf043f73a965b,MENTIONS
art_3236adc33869f25dc8a21b9394d9c392,ent_e8babe20da61bee486034f58730cd5cf,MENTIONS
art_8bf2be61467e039c72ddffce563e2464,ent_f286c1468498adc9bb28e0a13f606c1b,MENTIONS
art_8bf2be61467e039c72ddffce563e2464,ent_a6964d34244b0c371d8daae23166c026,MENTIONS
art_8bf2be61467e039c72ddffce563e2464,ent_4db8c3fb675dddfc0643b5622cb9478b,MENTIONS
art_8bf2be61467e039c72ddffce563e2464,ent_686283728d7c6df9659092d0a8ef3e2e,MENTIONS
art_91a343d9d7ba09b028ab21c3eb31f940,ent_02349980bba8ce563cdf709f74f96fc1,MENTIONS
art_91a343d9d7ba09b028ab21c3eb31f940,ent_2a6d3686110703bc69da3220c6ee6b5f,MENTIONS
art_91a343d9d7ba09b028ab21c3eb31f940,ent_d36b13410347d500de53637c8b77e430,MENTIONS
art_91a343d9d7ba09b028ab21c3eb31f940,ent_312642cda4a86945e21c6ab3175203ec,MENTIONS
art_96f13b258569da4579f832ff0fea52f7,ent_03e0b5f65dcdfb93ec510b486d464535,MENTIONS
art_6a30723211dc2a9a9aba36e32bfe41b4,ent_067dd708e9f3a1e804a5043bfb360ffd,MENTIONS
art_6a30723211dc2a9a9aba36e32bfe41b4,ent_c9a23559f05ddb7ab319f2815e6a07de,MENTIONS
art_6a30723211dc2a9a9aba36e32bfe41b4,ent_73cb9346d4c28ed7183e400772654b27,MENTIONS
art_6a30723211dc2a9a9aba36e32bfe41b4,ent_1080d97578c806e59ca12c207675d7d3,MENTIONS
art_6a30723211dc2a9a9aba36e32bfe41b4,ent_885e71ec4269ded6d46fbd24e688b07a,MENTIONS
art_6a30723211dc2a9a9aba36e32bfe41b4,ent_a216ba0f4dc603f24c5bf7241a5d4789,MENTIONS
art_6a30723211dc2a9a9aba36e32bfe41b4,ent_3fd881eb661b39eee97d72c48205ec52,MENTIONS
art_5760f39db58d0326ee3a6628292cc2b4,ent_f75bc82a0a57e945194ee2d726847441,MENTIONS
art_5760f39db58d0326ee3a6628292cc2b4,ent_2cc0df075243b2350278774792d6bc5c,MENTIONS
art_5760f39db58d0326ee3a6628292cc2b4,ent_ecd816431364b9cdd9704e5b80d08b79,MENTIONS
art_581803feb76234f102716d79cd7851ca,ent_ef745e3d8a50bb8513fb76f49f80b808,MENTIONS
art_581803feb76234f102716d79cd7851ca,ent_e7fa5bd660d6c130581e4d90d47ff4ba,MENTIONS
art_2162787bfa47402941f1bd60b9a64bb1,ent_357c1d764cf77f22b80c914423ec2feb,MENTIONS
art_2162787bfa47402941f1bd60b9a64bb1,ent_45df412cbb6c78d74a3f9a512214bca2,MENTIONS
art_2162787bfa47402941f1bd60b9a64bb1,ent_686400eb24c5a018ea8bdc38cd957845,MENTIONS
art_f641c425ead655fbc7ca1fcb2417d68d,ent_a535d980f80d61f5d1e5e6f860b38584,MENTIONS
art_f641c425ead655fbc7ca1fcb2417d68d,ent_a1743a08dbee4078d8b1d79deef41784,MENTIONS
art_920b17c7d741ea43f518ee32dbd0b4c6,ent_2a6d3686110703bc69da3220c6ee6b5f,MENTIONS
art_920b17c7d741ea43f518ee32dbd0b4c6,ent_76c35daee46cc0ed8cfe200d8aad1bca,MENTIONS
art_920b17c7d741ea43f518ee32dbd0b4c6,ent_4362bd22c86a0ccebc82f01d976f801f,MENTIONS
art_920b17c7d741ea43f518ee32dbd0b4c6,ent_78b22cc11c37fa048e32e96d4309c2d1,MENTIONS
art_920b17c7d741ea43f518ee32dbd0b4c6,ent_38e596fd72f47022d0650ab91b01947e,MENTIONS
art_1d4e43a5a961de83240789535b7313e1,ent_73d6202f6c4750ab2944a52e0029001f,MENTIONS
art_1d4e43a5a961de83240789535b7313e1,ent_1a07dcadfee370e92af9567abca1a8a0,MENTIONS
art_1d4e43a5a961de83240789535b7313e1,ent_33ee5e1c0684a10b78a3af6b773783dd,MENTIONS
art_1d4e43a5a961de83240789535b7313e1,ent_c118ae18d72d42c5cfd789fb812774a4,MENTIONS
art_1d4e43a5a961de83240789535b7313e1,ent_22442010dd4f29ff1fb507d237d74bb0,MENTIONS
art_1d4e43a5a961de83240789535b7313e1,ent_d0db23206ac5bff854ae7078a121a7b5,MENTIONS
art_1d4e43a5a961de83240789535b7313e1,ent_f0229c38249c534d853cf67c7fea6dfb,MENTIONS
art_1d4e43a5a961de83240789535b7313e1,ent_bfea9069060fdf1dafb18bbb9a6dd444,MENTIONS
art_f3000694519003d7ebf5b62d467cf710,ent_012e40c97031dd463faca35fb4146d95,MENTIONS
art_f3000694519003d7ebf5b62d467cf710,ent_e39b3a846a7ea3d3e546c2ac6ac1b02f,MENTIONS
art_ac7776e641458668ddbcb6df67f70c3b,ent_a6964d34244b0c371d8daae23166c026,MENTIONS
art_ac7776e641458668ddbcb6df67f70c3b,ent_c781a6bea3fd93f7de9b6d9565d9d7b2,MENTIONS
art_ac7776e641458668ddbcb6df67f70c3b,ent_511fe70cd9ac7055f6809c196ed618cd,MENTIONS
art_ac7776e641458668ddbcb6df67f70c3b,ent_f5c9cc6ad745793c101597daad3e236f,MENTIONS
art_21a8c6c0ad0c4e3eb834d81bd546a1a0,ent_988ba295a74c150324ac31ed5be8e779,MENTIONS
art_8b33893f1a782b30e943788403090d32,ent_6bac619c34abd5bb1471edf26af3d67d,MENTIONS
art_8b33893f1a782b30e943788403090d32,ent_bd5539b5fc07501012655bbc7548e693,MENTIONS
art_115d0758eec3392575c0495b56085205,ent_23d3614ed5bfe855f2010155883d10c6,MENTIONS
art_115d0758eec3392575c0495b56085205,ent_4c02d2c6a72756a7cd465743ac410df1,MENTIONS
art_115d0758eec3392575c0495b56085205,ent_1095fe47466ac57ca95a6d745922763b,MENTIONS
art_65dfd5a2d69b47118097d99fc3acbf3d,ent_9c5180b58b0250f16edafb953369295c,MENTIONS
art_65dfd5a2d69b47118097d99fc3acbf3d,ent_5f1b0eb1b3df6c98f64967e6984dc30a,MENTIONS
art_20ddd2628857e6ec0b0539b1951118ef,ent_fe60a6c64f4797bb973018d0f8cf7747,MENTIONS
art_20ddd2628857e6ec0b0539b1951118ef,ent_2b4da846ceb3fb791e7085aff5e20a1b,MENTIONS
art_f253927e18dfc8c9df41370d35e1436c,ent_f75bc82a0a57e945194ee2d726847441,MENTIONS
art_f253927e18dfc8c9df41370d35e1436c,ent_6e2366489e8514e8d738802bff1233d0,MENTIONS
art_3d1c5bc82f8c7bbef88cde615648bc58,ent_fa6b7e098b39467905c1602715dc29b8,MENTIONS
art_3d1c5bc82f8c7bbef88cde615648bc58,ent_1bcbc94013f4aa492461fd6baf36b4c0,MENTIONS
art_3d1c5bc82f8c7bbef88cde615648bc58,ent_9c5fc5a3dab937c6463b6844e13b29c8,MENTIONS
art_3d1c5bc82f8c7bbef88cde615648bc58,ent_d28eb1b401cc5380ae8c0feea9decd89,MENTIONS
art_3d1c5bc82f8c7bbef88cde615648bc58,ent_0585370dfc155ad02f40b8c59efe394e,MENTIONS
art_3d1c5bc82f8c7bbef88cde615648bc58,ent_9c5180b58b0250f16edafb953369295c,MENTIONS
art_3d1c5bc82f8c7bbef88cde615648bc58,ent_b510f484d651be7556bf1591a742ba85,MENTIONS
art_5fa925f4408972f5a36e6442eb17c855,ent_1bcbc94013f4aa492461fd6baf36b4c0,MENTIONS
art_5fa925f4408972f5a36e6442eb17c855,ent_9c5fc5a3dab937c6463b6844e13b29c8,MENTIONS
art_5fa925f4408972f5a36e6442eb17c855,ent_968a241771bd22de0cafe1eeb6bf3404,MENTIONS
art_5fa925f4408972f5a36e6442eb17c855,ent_1080d97578c806e59ca12c207675d7d3,MENTIONS
art_5fa925f4408972f5a36e6442eb17c855,ent_33ff7625a4c8f68a292fb2a82ae05ea3,MENTIONS
art_80b1e43890403b6b29036bbd21a634cb,ent_2f7c0036c8f4b44babf501dea8922d44,MENTIONS
art_80b1e43890403b6b29036bbd21a634cb,ent_1709ce8f0b4aa7f83f9c75e7b03f9fc2,MENTIONS
art_80b1e43890403b6b29036bbd21a634cb,ent_7cdfe2efced81fb87017a9c0ff04a609,MENTIONS
art_2657e955ec0bf2b17db269aa8dc9b5b8,ent_988ba295a74c150324ac31ed5be8e779,MENTIONS
art_2657e955ec0bf2b17db269aa8dc9b5b8,ent_0d49a53868b32e2474c88d3bd3f0cf3d,MENTIONS
art_2657e955ec0bf2b17db269aa8dc9b5b8,ent_2df5bb6a3749e645f9886db5f8501721,MENTIONS
art_fa8ca6c9b7808eb36a05490a1c4c2ed3,ent_90552f63f16d762371479ede3209bb26,MENTIONS
art_fa8ca6c9b7808eb36a05490a1c4c2ed3,ent_baff6962111020b045d9ddb67e887c2b,MENTIONS
art_fa8ca6c9b7808eb36a05490a1c4c2ed3,ent_41c0e16d79ff281bcaf10d1d9c96b819,MENTIONS
art_fa8ca6c9b7808eb36a05490a1c4c2ed3,ent_6ecaaa3f972a46fabb8ceaf38ddf12e0,MENTIONS
art_fa8ca6c9b7808eb36a05490a1c4c2ed3,ent_2c122962206e1e3300deb9fef9fad7a6,MENTIONS
art_ae39758cda3a315027d5176d285cb21b,ent_f20011e5270666592304898988523261,MENTIONS
art_ae39758cda3a315027d5176d285cb21b,ent_d36b13410347d500de53637c8b77e430,MENTIONS
art_ae39758cda3a315027d5176d285cb21b,ent_d7f1fc376ababbe6cde8c8b809c46f0b,MENTIONS
art_ae39758cda3a315027d5176d285cb21b,ent_4fa2deebbdd08f8db412355fd5c496b0,MENTIONS
art_ae39758cda3a315027d5176d285cb21b,ent_09654ed4944a7289f941860ba8c5748f,MENTIONS
art_66bdda79b4cb42e09b863ac8ef7abd26,ent_88434828f9d4f2a51a17ff5d2a51694f,MENTIONS
art_66bdda79b4cb42e09b863ac8ef7abd26,ent_4b8066502b77fe25289b1df699e254f3,MENTIONS
art_66bdda79b4cb42e09b863ac8ef7abd26,ent_014d49baa49fc95bc1869b372671e540,MENTIONS
art_66bdda79b4cb42e09b863ac8ef7abd26,ent_7ca9ff6cdaa1907aac91382e151827ce,MENTIONS
art_66bdda79b4cb42e09b863ac8ef7abd26,ent_7780517ae37fcd784c94334522823c69,MENTIONS
art_539c0bfac603c89b53fe5c0741654ed6,ent_e7fa5bd660d6c130581e4d90d47ff4ba,MENTIONS
art_539c0bfac603c89b53fe5c0741654ed6,ent_21c003acfb75ace8e632ace76db02be8,MENTIONS
art_539c0bfac603c89b53fe5c0741654ed6,ent_104006f9612abcb98e20bc0bd42a1b69,MENTIONS
art_539c0bfac603c89b53fe5c0741654ed6,ent_bf2eb1b5439441d00d8f571c48181df1,MENTIONS
art_c7004cde11306806361fff0883ebe2e3,ent_10c468645a46402ffd935235dd3b818d,MENTIONS
art_9741698c9b0181433456d52a57e40e7b,ent_488b2fe6d4aacea9bbd9181d558b951a,MENTIONS
art_9741698c9b0181433456d52a57e40e7b,ent_6bac619c34abd5bb1471edf26af3d67d,MENTIONS
art_4a603e14d75e5ae042fa9efcbe06d650,ent_fe60a6c64f4797bb973018d0f8cf7747,MENTIONS
art_4a603e14d75e5ae042fa9efcbe06d650,ent_c2e946e41f6870e632ef8076177f81dd,MENTIONS
art_4a603e14d75e5ae042fa9efcbe06d650,ent_226a9421040b7f2d19e6a2ff542e6eac,MENTIONS
art_4a603e14d75e5ae042fa9efcbe06d650,ent_9fd44817f439872a04cbee0d69188d0a,MENTIONS
art_b340048ada90aa34eb2a7d4e0e53cff6,ent_2a6d3686110703bc69da3220c6ee6b5f,MENTIONS
art_048931dbfa962852855f6016670a2c3d,ent_946e3886218719e6de2ab8af55542cf9,MENTIONS
art_048931dbfa962852855f6016670a2c3d,ent_d36b13410347d500de53637c8b77e430,MENTIONS
art_048931dbfa962852855f6016670a2c3d,ent_5f6b9cbe141c8a4d12dbecf708f57f9b,MENTIONS
art_048931dbfa962852855f6016670a2c3d,ent_076173809b5a7e293c5fb60f9019b3f8,MENTIONS
art_048931dbfa962852855f6016670a2c3d,ent_b413b0f80b8d06ff291ed5a8fcd6db8c,MENTIONS
art_048931dbfa962852855f6016670a2c3d,ent_c265885aac534bbddf2cdefc9f32db6d,MENTIONS
art_048931dbfa962852855f6016670a2c3d,ent_4fa2deebbdd08f8db412355fd5c496b0,MENTIONS
art_6f3b1751466206767def5eea68cb5133,ent_43ac25fcae15754e0e4ef2e91f237cbb,MENTIONS
art_6f3b1751466206767def5eea68cb5133,ent_ba78776772d7362012b17294d1a5ec8c,MENTIONS
art_12cae2bc601e2164563cfacb68c34a3b,ent_36bcd8bfa11bbedb111964d8fcb0874b,MENTIONS
art_12cae2bc601e2164563cfacb68c34a3b,ent_09654ed4944a7289f941860ba8c5748f,MENTIONS
art_12cae2bc601e2164563cfacb68c34a3b,ent_2a7a13969978e708956494075234236e,MENTIONS
art_12cae2bc601e2164563cfacb68c34a3b,ent_d3287234ec7afab4afa2ebc922ce25a6,MENTIONS
art_9beaedac18de9b4cf2e1bbe9cc833acc,ent_ec1d62427a5c4d326c7112638762486f,MENTIONS
art_9beaedac18de9b4cf2e1bbe9cc833acc,ent_0f0e3e95abc282d2ed85fce6da9f4f51,MENTIONS
art_0d9d96298e6e51e19d74dedd490880aa,ent_2c7d43272eeb3267f4d37b92b3b1c6d0,MENTIONS
art_0d9d96298e6e51e19d74dedd490880aa,ent_2b4da846ceb3fb791e7085aff5e20a1b,MENTIONS
art_0d9d96298e6e51e19d74dedd490880aa,ent_309d2284b9e724c2d01809154dca5236,MENTIONS
art_a4c8cc4d51dd4a4d4bbdaeb83d0ed801,ent_7fe461592c31b7bf33bf11d21d306ea0,MENTIONS
art_a4c8cc4d51dd4a4d4bbdaeb83d0ed801,ent_708898409cc0bad5ddb1f4d19a1575e5,MENTIONS
art_a4c8cc4d51dd4a4d4bbdaeb83d0ed801,ent_d36b13410347d500de53637c8b77e430,MENTIONS
art_a4c8cc4d51dd4a4d4bbdaeb83d0ed801,ent_f20011e5270666592304898988523261,MENTIONS
art_a4c8cc4d51dd4a4d4bbdaeb83d0ed801,ent_5a7e16494888a8bebc43bff713c3086d,MENTIONS
art_a4c8cc4d51dd4a4d4bbdaeb83d0ed801,ent_09654ed4944a7289f941860ba8c5748f,MENTIONS
art_a4c8cc4d51dd4a4d4bbdaeb83d0ed801,ent_2b4da846ceb3fb791e7085aff5e20a1b,MENTIONS
art_fe9d7fed9347811682d5d1163495ed3d,ent_bf2eb1b5439441d00d8f571c48181df1,MENTIONS
art_fe9d7fed9347811682d5d1163495ed3d,ent_3b7264cde549c9f4967d8ce89b1e17ac,MENTIONS
art_fe9d7fed9347811682d5d1163495ed3d,ent_198c978991662cd919fa63d39779302a,MENTIONS
art_fe9d7fed9347811682d5d1163495ed3d,ent_84aa932cf7734447d39e6f9297a0c60d,MENTIONS
art_fe9d7fed9347811682d5d1163495ed3d,ent_249e9167ba5ffbdf59428f6a4919ed9a,MENTIONS
art_5b5a3a7897b6ab70e40847464d191a96,ent_92d5fc1fb24de5b5a04bedfd74d4f006,MENTIONS
art_5b5a3a7897b6ab70e40847464d191a96,ent_306fdbfc8350ae0b3bc07bb32f0a20d1,MENTIONS
art_5b5a3a7897b6ab70e40847464d191a96,ent_ca3c8b6e354fdbb0361b943821a4e4a0,MENTIONS
art_7680707ec705c2b92db8b6cf85ba5aa0,ent_76850048389ddfd70babba7ab967dbc3,MENTIONS
art_7680707ec705c2b92db8b6cf85ba5aa0,ent_a2d80888093a77b6c4b30f4310c4d0be,MENTIONS
art_eeb97d7f649f301edfe265f28349d714,ent_ea92710301e332e3c7e5bfd2d1e9029f,MENTIONS
art_eeb97d7f649f301edfe265f28349d714,ent_a1ded50603e438ab54bcd8cd938780be,MENTIONS
art_eeb97d7f649f301edfe265f28349d714,ent_5fe8dd1f24def050284d30a0f5da527b,MENTIONS
art_2771e62022717cd00f2971ec9f51d051,ent_2a6d3686110703bc69da3220c6ee6b5f,MENTIONS
art_2771e62022717cd00f2971ec9f51d051,ent_d63408c961ddd31172bfdf38890945e6,MENTIONS
art_2771e62022717cd00f2971ec9f51d051,ent_720f10e1f3e4dfaa6838a88d9839c5c9,MENTIONS
art_89ea4b4631766b1c38c4866df23d7c15,ent_5e59ad66759572621fabc25e69be6f72,MENTIONS
art_89ea4b4631766b1c38c4866df23d7c15,ent_720f10e1f3e4dfaa6838a88d9839c5c9,MENTIONS
art_89ea4b4631766b1c38c4866df23d7c15,ent_d63408c961ddd31172bfdf38890945e6,MENTIONS
art_89ea4b4631766b1c38c4866df23d7c15,ent_2a6d3686110703bc69da3220c6ee6b5f,MENTIONS
art_438ca1a6d717bead4811feb12528296b,ent_d97e5866236224dbcfad6196e0054ec9,MENTIONS
art_438ca1a6d717bead4811feb12528296b,ent_b10925b974cddf3d2c2b9bb51ace0409,MENTIONS
art_a2ff748c72fa7e27b95d24a3270aa16f,ent_1bcabc92f137d6ecb5223a0a932771d9,MENTIONS
art_a2ff748c72fa7e27b95d24a3270aa16f,ent_ec5aad8d9d7c8225f1e3a5f90fb05e7f,MENTIONS
art_a2ff748c72fa7e27b95d24a3270aa16f,ent_d3d036b9b44fa303138a4e93998cb790,MENTIONS
art_a2ff748c72fa7e27b95d24a3270aa16f,ent_4f231a4a78d68d3c4ed01af9f8d13372,MENTIONS
art_448aeb8cbebfe737a98d1fed93fa0f7b,ent_d34be15038026150b530734efa480784,MENTIONS
art_448aeb8cbebfe737a98d1fed93fa0f7b,ent_06e268914dba853f1fac062656165032,MENTIONS
art_448aeb8cbebfe737a98d1fed93fa0f7b,ent_4cdfaee25b7803aed75668c8e0d2a811,MENTIONS
art_448aeb8cbebfe737a98d1fed93fa0f7b,ent_7fe461592c31b7bf33bf11d21d306ea0,MENTIONS
art_448aeb8cbebfe737a98d1fed93fa0f7b,ent_d36b13410347d500de53637c8b77e430,MENTIONS
art_448aeb8cbebfe737a98d1fed93fa0f7b,ent_9f9becccd1bbc77f14d0e3ffbb99d9e6,MENTIONS
art_448aeb8cbebfe737a98d1fed93fa0f7b,ent_fe60a6c64f4797bb973018d0f8cf7747,MENTIONS
art_0c73861bbe5f3d4da76ca3a7e7349471,ent_dc84f4796d9f498d2add2216c9a2fda6,MENTIONS
art_0c73861bbe5f3d4da76ca3a7e7349471,ent_36bcd8bfa11bbedb111964d8fcb0874b,MENTIONS
art_b537b2fd8323f70c4d067b1bec5dbacb,ent_a05179e2f9327e07330c68798403b0a6,MENTIONS
art_b537b2fd8323f70c4d067b1bec5dbacb,ent_1f36fa81505b94a4b94f66508b9e4c95,MENTIONS
art_b537b2fd8323f70c4d067b1bec5dbacb,ent_2c7d43272eeb3267f4d37b92b3b1c6d0,MENTIONS
art_b537b2fd8323f70c4d067b1bec5dbacb,ent_0b3550e59242b3b46ee8381d29d8715a,MENTIONS
art_b537b2fd8323f70c4d067b1bec5dbacb,ent_0585370dfc155ad02f40b8c59efe394e,MENTIONS
art_9067a161cfd03e60c3c6964155fb9d95,ent_b803f1e45b908b8ef160a186eadabbfc,MENTIONS
art_9067a161cfd03e60c3c6964155fb9d95,ent_686283728d7c6df9659092d0a8ef3e2e,MENTIONS
art_9067a161cfd03e60c3c6964155fb9d95,ent_d4b37a1aa616fe5ab640e4743af4b2be,MENTIONS
art_9067a161cfd03e60c3c6964155fb9d95,ent_d663325fc53a289aef4665cdbf58503f,MENTIONS
art_e3b21b7ca617de00a5b0df8d3d260a4c,ent_f20011e5270666592304898988523261,MENTIONS
art_e3b21b7ca617de00a5b0df8d3d260a4c,ent_d070c6aca0bc8101a6172ac643228e86,MENTIONS
art_e3b21b7ca617de00a5b0df8d3d260a4c,ent_e0c7589b4f0ec8df1d06d752b19c03d8,MENTIONS
art_e3b21b7ca617de00a5b0df8d3d260a4c,ent_0585370dfc155ad02f40b8c59efe394e,MENTIONS
art_9ad2b6f673e118b6849d27fbb3a379f0,ent_e03492f9873fa7450160bf2fa862c253,MENTIONS
art_9ad2b6f673e118b6849d27fbb3a379f0,ent_2a6d3686110703bc69da3220c6ee6b5f,MENTIONS
art_9ad2b6f673e118b6849d27fbb3a379f0,ent_5a7e16494888a8bebc43bff713c3086d,MENTIONS
art_9ad2b6f673e118b6849d27fbb3a379f0,ent_f20011e5270666592304898988523261,MENTIONS
art_aa4fd6f2eff08d26be67233c2ecdc27f,ent_70e160020f2b75937e88da39e8048bc3,MENTIONS
art_aa4fd6f2eff08d26be67233c2ecdc27f,ent_20979b5c66747ce5af84d5d1987ca250,MENTIONS
art_aa4fd6f2eff08d26be67233c2ecdc27f,ent_6439bcaca569a6f253de60f40e6971d9,MENTIONS
art_ddabc9278abc43a60f8671af2e29a8ab,ent_79cff15198ed083a99a1e3cec631c06b,MENTIONS
art_ddabc9278abc43a60f8671af2e29a8ab,ent_0585370dfc155ad02f40b8c59efe394e,MENTIONS
art_2a877da3117d04edbd9ac13e35c62b79,ent_f29d25cbea749f089a283889f70ffeab,MENTIONS
art_2a877da3117d04edbd9ac13e35c62b79,ent_c174282eece7282b9de5e01acc97662c,MENTIONS
art_2a877da3117d04edbd9ac13e35c62b79,ent_98abf754c274d1331db88d9efefeceba,MENTIONS
art_2a877da3117d04edbd9ac13e35c62b79,ent_91e9051e776f3ac2939e40639d13fa76,MENTIONS
art_f630e12e5c4ac278dc59c7518ae66950,ent_bd03c6404b0a4e3bf3f555d1c32f31fb,MENTIONS
art_f630e12e5c4ac278dc59c7518ae66950,ent_bb09d402ca5579e1a46ddbf784c8b435,MENTIONS
art_f630e12e5c4ac278dc59c7518ae66950,ent_227da576e0fee2b41e04ed233a11e238,MENTIONS
art_15bea803b5ac106fda485c7d4e66eeb5,ent_f3a2d836a3204d6961075eae313dd403,MENTIONS
art_15bea803b5ac106fda485c7d4e66eeb5,ent_cf960b86e99dd02825cfab64fe778fdb,MENTIONS
art_15bea803b5ac106fda485c7d4e66eeb5,ent_5a7e16494888a8bebc43bff713c3086d,MENTIONS
art_7b88dd7af910e6712151174819ffb631,ent_1bcabc92f137d6ecb5223a0a932771d9,MENTIONS
art_7b88dd7af910e6712151174819ffb631,ent_4f231a4a78d68d3c4ed01af9f8d13372,MENTIONS
art_7b88dd7af910e6712151174819ffb631,ent_d3d036b9b44fa303138a4e93998cb790,MENTIONS
art_33e68bc6438498c5d744c47d24359765,ent_bf2eb1b5439441d00d8f571c48181df1,MENTIONS
art_33e68bc6438498c5d744c47d24359765,ent_634d30f1d295382071bc70b8e883717b,MENTIONS
art_0f840f881bfe7f8357c1e0a662967464,ent_4f01f2cfa613244444ca0d9643df90e2,MENTIONS
art_0f840f881bfe7f8357c1e0a662967464,ent_1db672c840c21079f9a1eabfcebfd446,MENTIONS
art_0f840f881bfe7f8357c1e0a662967464,ent_b3c5e4dc349819b7d639f507752d2635,MENTIONS
art_0f840f881bfe7f8357c1e0a662967464,ent_db49657001d3a859a08eec0dd4475722,MENTIONS
art_0f840f881bfe7f8357c1e0a662967464,ent_183bd64c6fc43113b151a26ffb0dca15,MENTIONS
art_0f840f881bfe7f8357c1e0a662967464,ent_ff04915a68118ad677fcd60e16b92652,MENTIONS
art_0f840f881bfe7f8357c1e0a662967464,ent_d58c395a266eabe93f070f93ce9b3395,MENTIONS
art_e697a92741ee9eaaef84881a996eaa95,ent_7394186616d0bfcd350c6980c6a819dd,MENTIONS
art_e697a92741ee9eaaef84881a996eaa95,ent_db49657001d3a859a08eec0dd4475722,MENTIONS
art_e697a92741ee9eaaef84881a996eaa95,ent_35dc9f7c36aaf576519c2d1d36786065,MENTIONS
art_e697a92741ee9eaaef84881a996eaa95,ent_4a5dbec6890aac450d8140cae9f752bd,MENTIONS
art_e697a92741ee9eaaef84881a996eaa95,ent_31ab5308fedaeb26e96f5f61ac8bf7c6,MENTIONS
art_3ffec3159e2ba4fb4460e62ac4012b0d,ent_be6a78b833b4e629a827184c6b276e7d,MENTIONS
art_3ffec3159e2ba4fb4460e62ac4012b0d,ent_2a6d3686110703bc69da3220c6ee6b5f,MENTIONS
art_3ffec3159e2ba4fb4460e62ac4012b0d,ent_f20011e5270666592304898988523261,MENTIONS
art_3ffec3159e2ba4fb4460e62ac4012b0d,ent_708898409cc0bad5ddb1f4d19a1575e5,MENTIONS
art_ef9e6b76e1bad508d1d00dfa1ba51e15,ent_f75bc82a0a57e945194ee2d726847441,MENTIONS
art_ef9e6b76e1bad508d1d00dfa1ba51e15,ent_2f7c0036c8f4b44babf501dea8922d44,MENTIONS
art_87fc007d8392effefab1c32919e563a6,ent_783c508954614fa61cb6f7833e5e323e,MENTIONS
art_87fc007d8392effefab1c32919e563a6,ent_1bcabc92f137d6ecb5223a0a932771d9,MENTIONS
art_87fc007d8392effefab1c32919e563a6,ent_0585370dfc155ad02f40b8c59efe394e,MENTIONS
art_87fc007d8392effefab1c32919e563a6,ent_4f231a4a78d68d3c4ed01af9f8d13372,MENTIONS
art_298687906012df0f38386d1a56b09416,ent_1bcabc92f137d6ecb5223a0a932771d9,MENTIONS
art_298687906012df0f38386d1a56b09416,ent_ef4b875fcb525ee983b952618278843a,MENTIONS
art_efdbe327cc79ea1e0954d140c85b2d38,ent_88434828f9d4f2a51a17ff5d2a51694f,MENTIONS
art_efdbe327cc79ea1e0954d140c85b2d38,ent_4b8066502b77fe25289b1df699e254f3,MENTIONS
art_efdbe327cc79ea1e0954d140c85b2d38,ent_014d49baa49fc95bc1869b372671e540,MENTIONS
art_efdbe327cc79ea1e0954d140c85b2d38,ent_a872e6f73a7f2a252a6e76798c7243ff,MENTIONS
art_efdbe327cc79ea1e0954d140c85b2d38,ent_397db103ecd7fc3d1bcd7a507fa3be8e,MENTIONS
art_28d64b2083309fa9a4d585b695d2be2e,ent_d34be15038026150b530734efa480784,MENTIONS
art_28d64b2083309fa9a4d585b695d2be2e,ent_a21177594e19105c20a4b2482654d846,MENTIONS
art_28d64b2083309fa9a4d585b695d2be2e,ent_02349980bba8ce563cdf709f74f96fc1,MENTIONS
art_28d64b2083309fa9a4d585b695d2be2e,ent_d764c0de620e508329f257293fe72da3,MENTIONS
art_28d64b2083309fa9a4d585b695d2be2e,ent_b129512e70899a48c0376c8969ed7194,MENTIONS
art_d71e917ef6f4620aa695102fa29e9b72,ent_afb8f81b08556c7a5718b6b43e5b32f2,MENTIONS
art_d71e917ef6f4620aa695102fa29e9b72,ent_abd7b5a8065d15ac2413b5f15ed0a90e,MENTIONS
art_d71e917ef6f4620aa695102fa29e9b72,ent_850e9f6aeda534529b22894881badc00,MENTIONS
art_efe5eb2c7e03c6bc7067d75af30d3073,ent_808157279012c2f1195a495a92831683,MENTIONS
art_efe5eb2c7e03c6bc7067d75af30d3073,ent_edc641d55be346730d71096cbd7722bc,MENTIONS
art_efe5eb2c7e03c6bc7067d75af30d3073,ent_b836e8e394abb4fd3f1c2a993093dd86,MENTIONS
art_efe5eb2c7e03c6bc7067d75af30d3073,ent_214163861ed8ac3fdfdb4674bf5536af,MENTIONS
art_1ebf26d92c2db8c9a3ba457a3fa4b94a,ent_808157279012c2f1195a495a92831683,MENTIONS
art_1ebf26d92c2db8c9a3ba457a3fa4b94a,ent_312642cda4a86945e21c6ab3175203ec,MENTIONS
art_1ebf26d92c2db8c9a3ba457a3fa4b94a,ent_a8990bb9a7b4741ef1663b36a48306e3,MENTIONS
art_1ebf26d92c2db8c9a3ba457a3fa4b94a,ent_d7f1fc376ababbe6cde8c8b809c46f0b,MENTIONS
art_1ebf26d92c2db8c9a3ba457a3fa4b94a,ent_7fe461592c31b7bf33bf11d21d306ea0,MENTIONS
art_1ebf26d92c2db8c9a3ba457a3fa4b94a,ent_02349980bba8ce563cdf709f74f96fc1,MENTIONS
art_8414696de48d18661fe70826ae22fd8d,ent_808157279012c2f1195a495a92831683,MENTIONS
art_8414696de48d18661fe70826ae22fd8d,ent_e1aa27557fc873c9cd1ef326424a6fef,MENTIONS
art_8414696de48d18661fe70826ae22fd8d,ent_4f0548c1b699c374fa247ec80e8c353a,MENTIONS
art_8414696de48d18661fe70826ae22fd8d,ent_dc4fbb000fd99a86fa27b8fcae2ed36b,MENTIONS
art_8414696de48d18661fe70826ae22fd8d,ent_02349980bba8ce563cdf709f74f96fc1,MENTIONS
art_8414696de48d18661fe70826ae22fd8d,ent_d36b13410347d500de53637c8b77e430,MENTIONS
art_3a27a65f6825977171b5f8133dcf2f2f,ent_02349980bba8ce563cdf709f74f96fc1,MENTIONS
art_3a27a65f6825977171b5f8133dcf2f2f,ent_495afcb676206fea707516bc464d8f6e,MENTIONS
art_3a27a65f6825977171b5f8133dcf2f2f,ent_d36b13410347d500de53637c8b77e430,MENTIONS
art_e5a63f9d5cf98d2b9174d492c6da6bc4,ent_7fe461592c31b7bf33bf11d21d306ea0,MENTIONS
art_e5a63f9d5cf98d2b9174d492c6da6bc4,ent_02349980bba8ce563cdf709f74f96fc1,MENTIONS
art_e5a63f9d5cf98d2b9174d492c6da6bc4,ent_312642cda4a86945e21c6ab3175203ec,MENTIONS
art_e31b24303e11e8864bc5cf9843a8e249,ent_67b20daaaf5ebb134b5bb925a3087408,MENTIONS
art_e31b24303e11e8864bc5cf9843a8e249,ent_312642cda4a86945e21c6ab3175203ec,MENTIONS
art_88e7d8a6515eeba3f1ed58883b836092,ent_35197dd517ba63bb2e8d8115493f5734,MENTIONS
art_88e7d8a6515eeba3f1ed58883b836092,ent_bebb4a7c03b3c260f0af200e85396cdb,MENTIONS
art_88e7d8a6515eeba3f1ed58883b836092,ent_97b552b2ca274ca3202ac659589c4d95,MENTIONS
art_88e7d8a6515eeba3f1ed58883b836092,ent_6d3207d702c9dc917a10d34060bb5fb3,MENTIONS
art_88e7d8a6515eeba3f1ed58883b836092,ent_312642cda4a86945e21c6ab3175203ec,MENTIONS
art_c3ecc3681d660e3821d1d850af7b7eaa,ent_1e70f727ebf787a6b06917e9ea542122,MENTIONS
art_c3ecc3681d660e3821d1d850af7b7eaa,ent_cc065d8015090a1a4ef0faf6927f3448,MENTIONS
art_c3ecc3681d660e3821d1d850af7b7eaa,ent_8cf07136f7d0a0c82662cc0aa0b5823e,MENTIONS
art_c3ecc3681d660e3821d1d850af7b7eaa,ent_d36b13410347d500de53637c8b77e430,MENTIONS
art_c3ecc3681d660e3821d1d850af7b7eaa,ent_02349980bba8ce563cdf709f74f96fc1,MENTIONS
art_c3ecc3681d660e3821d1d850af7b7eaa,ent_b3b20599a70888ef2e38dcad26fab908,MENTIONS
art_c3ecc3681d660e3821d1d850af7b7eaa,ent_44ec517f177124e713bca71dd8ced4f3,MENTIONS
art_467619fd06d98f92a22fba3e67a4225c,ent_d36b13410347d500de53637c8b77e430,MENTIONS
art_467619fd06d98f92a22fba3e67a4225c,ent_5fcee9fbba91ab1761c896c59a27c5cb,MENTIONS
art_467619fd06d98f92a22fba3e67a4225c,ent_0328f0b1ed9009a7e6814f75113f4e13,MENTIONS
art_467619fd06d98f92a22fba3e67a4225c,ent_6f6b3935104e17056b1d0903c5288278,MENTIONS
art_6b160ab14190782a28620c4f9d438569,ent_35197dd517ba63bb2e8d8115493f5734,MENTIONS
art_6b160ab14190782a28620c4f9d438569,ent_bebb4a7c03b3c260f0af200e85396cdb,MENTIONS
art_6b160ab14190782a28620c4f9d438569,ent_0585370dfc155ad02f40b8c59efe394e,MENTIONS
art_6b160ab14190782a28620c4f9d438569,ent_d36b13410347d500de53637c8b77e430,MENTIONS
art_6b160ab14190782a28620c4f9d438569,ent_312642cda4a86945e21c6ab3175203ec,MENTIONS
art_a5ca3976c55a74d0352a1e7754162074,ent_0d05c98717c49eebbf5911089efc09d8,MENTIONS
art_a5ca3976c55a74d0352a1e7754162074,ent_150d9f9af1c44703d06893f8767778b2,MENTIONS
art_a5ca3976c55a74d0352a1e7754162074,ent_bf3ef92103734904aa14ed7c8c9f2939,MENTIONS
art_d21c3b8c97a5a050613f96921b9c926c,ent_db49657001d3a859a08eec0dd4475722,MENTIONS
art_1f63a610748b7535601be4dc5bd79960,ent_0585370dfc155ad02f40b8c59efe394e,MENTIONS
art_1f63a610748b7535601be4dc5bd79960,ent_214163861ed8ac3fdfdb4674bf5536af,MENTIONS
art_1f63a610748b7535601be4dc5bd79960,ent_cbaf6b1d2faa2de51754af095b127c36,MENTIONS
art_a9d75a5b6577c48d95c705eaacedac2b,ent_f594a7b1c9fe8deb8e2a178cd0da5cce,MENTIONS
art_a9d75a5b6577c48d95c705eaacedac2b,ent_cadb7fdae82e2bb43dea530c7a20b072,MENTIONS
art_a9d75a5b6577c48d95c705eaacedac2b,ent_02349980bba8ce563cdf709f74f96fc1,MENTIONS
art_a9d75a5b6577c48d95c705eaacedac2b,ent_d36b13410347d500de53637c8b77e430,MENTIONS
art_a9d75a5b6577c48d95c705eaacedac2b,ent_b836e8e394abb4fd3f1c2a993093dd86,MENTIONS
art_a9d75a5b6577c48d95c705eaacedac2b,ent_0585370dfc155ad02f40b8c59efe394e,MENTIONS
art_a9d75a5b6577c48d95c705eaacedac2b,ent_0c4c607d19f8f91d86a20d6f852e572e,MENTIONS
art_a9d75a5b6577c48d95c705eaacedac2b,ent_6d3207d702c9dc917a10d34060bb5fb3,MENTIONS
art_c9968c2cb285f29b4d51ad2ec6b262ac,ent_b836e8e394abb4fd3f1c2a993093dd86,MENTIONS
art_c9968c2cb285f29b4d51ad2ec6b262ac,ent_e45750164c2bd2174976cad8bc0ee001,MENTIONS
art_e17d38f3b55c022a4619c4c2d463aad9,ent_bab41f4da430bd439eafd667836cbe87,MENTIONS
art_e17d38f3b55c022a4619c4c2d463aad9,ent_5d6979b66661c26e635b6ed8a925a321,MENTIONS
art_98c9d2234e4e96d5a17c0292dc44be10,ent_02349980bba8ce563cdf709f74f96fc1,MENTIONS
art_98c9d2234e4e96d5a17c0292dc44be10,ent_312642cda4a86945e21c6ab3175203ec,MENTIONS
art_98c9d2234e4e96d5a17c0292dc44be10,ent_0441a19372f5ba407f59805d42e6bd15,MENTIONS
art_6851b1fb5d52e58286ad3d97a08d3777,ent_d36b13410347d500de53637c8b77e430,MENTIONS
art_6851b1fb5d52e58286ad3d97a08d3777,ent_7fe461592c31b7bf33bf11d21d306ea0,MENTIONS
art_6851b1fb5d52e58286ad3d97a08d3777,ent_f661430093dc344ffc8b8cdb2492ca14,MENTIONS
art_744e78bb4cbeff7076ca47cfb9b499d8,ent_808157279012c2f1195a495a92831683,MENTIONS
art_744e78bb4cbeff7076ca47cfb9b499d8,ent_312642cda4a86945e21c6ab3175203ec,MENTIONS
art_744e78bb4cbeff7076ca47cfb9b499d8,ent_214163861ed8ac3fdfdb4674bf5536af,MENTIONS
art_cd9aa34dc00dfa59b51c3957fcfc0399,ent_808157279012c2f1195a495a92831683,MENTIONS
art_cd9aa34dc00dfa59b51c3957fcfc0399,ent_e1aa27557fc873c9cd1ef326424a6fef,MENTIONS
art_cd9aa34dc00dfa59b51c3957fcfc0399,ent_0e005ed5a666659e584c6d2ea24d9624,MENTIONS
art_cd9aa34dc00dfa59b51c3957fcfc0399,ent_4db8c3fb675dddfc0643b5622cb9478b,MENTIONS
art_cd9aa34dc00dfa59b51c3957fcfc0399,ent_948f1b4894e10cea4773783fa5d4d551,MENTIONS
art_cd9aa34dc00dfa59b51c3957fcfc0399,ent_4fa2deebbdd08f8db412355fd5c496b0,MENTIONS
art_d900e99cc64f6f42b7b17493b7429a7c,ent_02349980bba8ce563cdf709f74f96fc1,MENTIONS
art_d900e99cc64f6f42b7b17493b7429a7c,ent_56223953b1be983c383865d5576bb10a,MENTIONS
art_d900e99cc64f6f42b7b17493b7429a7c,ent_495afcb676206fea707516bc464d8f6e,MENTIONS
art_d900e99cc64f6f42b7b17493b7429a7c,ent_f8da3cb4898c9429b49aedefae801a30,MENTIONS
art_d900e99cc64f6f42b7b17493b7429a7c,ent_0585370dfc155ad02f40b8c59efe394e,MENTIONS
art_fa0f287a6bf3ec6025fba978a25bee2e,ent_02349980bba8ce563cdf709f74f96fc1,MENTIONS
art_fa0f287a6bf3ec6025fba978a25bee2e,ent_46b86d950df5abe7210291ce639ce2a3,MENTIONS
art_fa0f287a6bf3ec6025fba978a25bee2e,ent_b82afb690cc79e8d6ddf4f691251c28c,MENTIONS
art_fa0f287a6bf3ec6025fba978a25bee2e,ent_29c5a3a85665d45755d9c9e8a9c3f356,MENTIONS
art_fa0f287a6bf3ec6025fba978a25bee2e,ent_0585370dfc155ad02f40b8c59efe394e,MENTIONS
art_fa0f287a6bf3ec6025fba978a25bee2e,ent_8ad135368e7282cb536205605e33dcb1,MENTIONS
art_416cc2b0b048e69fa38da429019dd6b7,ent_808157279012c2f1195a495a92831683,MENTIONS
art_416cc2b0b048e69fa38da429019dd6b7,ent_b836e8e394abb4fd3f1c2a993093dd86,MENTIONS
art_416cc2b0b048e69fa38da429019dd6b7,ent_91e88ee3fd1b4c3ff8ca488e7cc57bd8,MENTIONS
art_416cc2b0b048e69fa38da429019dd6b7,ent_0585370dfc155ad02f40b8c59efe394e,MENTIONS
art_416cc2b0b048e69fa38da429019dd6b7,ent_7000ea18316680eee81d1bba8ca1bdb5,MENTIONS
art_416cc2b0b048e69fa38da429019dd6b7,ent_73fdee9a5dae370a7d065b9c5fa8e45c,MENTIONS
art_416cc2b0b048e69fa38da429019dd6b7,ent_02349980bba8ce563cdf709f74f96fc1,MENTIONS
art_1d53a961aafaf48cf3dcf01cad459703,ent_808157279012c2f1195a495a92831683,MENTIONS
art_1d53a961aafaf48cf3dcf01cad459703,ent_d36b13410347d500de53637c8b77e430,MENTIONS
art_1d53a961aafaf48cf3dcf01cad459703,ent_076173809b5a7e293c5fb60f9019b3f8,MENTIONS
art_44ee672319158f3e155f1067a5faac69,ent_02349980bba8ce563cdf709f74f96fc1,MENTIONS
art_44ee672319158f3e155f1067a5faac69,ent_78d97fc81d52dc0451117de58f5dcaf6,MENTIONS
art_44ee672319158f3e155f1067a5faac69,ent_5c2361b4050e741fd85ee8d4db482d58,MENTIONS
art_d8daba45c56581b29c1ba949ea0e6d4a,ent_808157279012c2f1195a495a92831683,MENTIONS
art_d8daba45c56581b29c1ba949ea0e6d4a,ent_7638583a9bb77b091c5c16ae54abcac5,MENTIONS
art_d8daba45c56581b29c1ba949ea0e6d4a,ent_22cc8a3893e4e69b982a0920d4fc71f7,MENTIONS
art_d8daba45c56581b29c1ba949ea0e6d4a,ent_02349980bba8ce563cdf709f74f96fc1,MENTIONS
art_d8daba45c56581b29c1ba949ea0e6d4a,ent_c09a5a11312a5220ac9fa6746f95fc86,MENTIONS
art_d8daba45c56581b29c1ba949ea0e6d4a,ent_939718a00177f4a7a8a8caf8e210b494,MENTIONS
art_00af919c7828fd5d99cba2604add1fdb,ent_02349980bba8ce563cdf709f74f96fc1,MENTIONS
art_00af919c7828fd5d99cba2604add1fdb,ent_97b552b2ca274ca3202ac659589c4d95,MENTIONS
art_00af919c7828fd5d99cba2604add1fdb,ent_312642cda4a86945e21c6ab3175203ec,MENTIONS
art_9092d6a54bd82d0d1ee3377146a36f03,ent_0d05c98717c49eebbf5911089efc09d8,MENTIONS
art_9092d6a54bd82d0d1ee3377146a36f03,ent_9cf0283b7c0c4ebf5c0685760450e9b4,MENTIONS
art_9092d6a54bd82d0d1ee3377146a36f03,ent_34ac696cc2e1a8bf21878c18f48a6fe8,MENTIONS
art_9092d6a54bd82d0d1ee3377146a36f03,ent_312642cda4a86945e21c6ab3175203ec,MENTIONS
art_9092d6a54bd82d0d1ee3377146a36f03,ent_992db32fc431f20fb81b23a70e70a9f9,MENTIONS
art_9092d6a54bd82d0d1ee3377146a36f03,ent_d36b13410347d500de53637c8b77e430,MENTIONS
art_48f96cffa8399db39f65d3178c04827b,ent_e1aa27557fc873c9cd1ef326424a6fef,MENTIONS
art_48f96cffa8399db39f65d3178c04827b,ent_02349980bba8ce563cdf709f74f96fc1,MENTIONS
art_48f96cffa8399db39f65d3178c04827b,ent_b264b5b7fb119b737bbdf31b39a196b1,MENTIONS
art_0c158e7ce717836b919fa665689cb76a,ent_b5be48ffc1d5371be34d07c9cbe4a78d,MENTIONS
art_0c158e7ce717836b919fa665689cb76a,ent_5c16be9e157855c334eca58121082e56,MENTIONS
art_0c158e7ce717836b919fa665689cb76a,ent_1de6f1940c2959c625817f4191122828,MENTIONS
art_0c158e7ce717836b919fa665689cb76a,ent_65320cdb9121e8c925f84ac6693b9d82,MENTIONS
art_0c158e7ce717836b919fa665689cb76a,ent_27a5f14335fde23e0a79a7b99465319f,MENTIONS
art_78183ca154daa28438fed9ad59efb251,ent_0f3eabf59e6551ac7515879972456619,MENTIONS
art_78183ca154daa28438fed9ad59efb251,ent_634d30f1d295382071bc70b8e883717b,MENTIONS
art_78183ca154daa28438fed9ad59efb251,ent_e1aa27557fc873c9cd1ef326424a6fef,MENTIONS
art_78183ca154daa28438fed9ad59efb251,ent_7cdfe2efced81fb87017a9c0ff04a609,MENTIONS
art_e41c475281dee16c0a63828da988cad2,ent_9da0ab3c4dd6c335b87a5f170d0d805b,MENTIONS
art_e41c475281dee16c0a63828da988cad2,ent_1fb9b1e1a6dbe7a85e449502643ca2cc,MENTIONS
art_e41c475281dee16c0a63828da988cad2,ent_cd86a69dfb2e38e677bee9ffb5682f5f,MENTIONS
art_7bc05f3f0ff0acf9ccddda147092b8f2,ent_64e9a462374960b98548a2f8e4719013,MENTIONS
art_7bc05f3f0ff0acf9ccddda147092b8f2,ent_2a6d3686110703bc69da3220c6ee6b5f,MENTIONS
art_7bc05f3f0ff0acf9ccddda147092b8f2,ent_efcea41751696d7564207ab9bfeb8fff,MENTIONS
art_7bc05f3f0ff0acf9ccddda147092b8f2,ent_9b26993ccd3d395bec18762508bf6cbf,MENTIONS
art_7bc05f3f0ff0acf9ccddda147092b8f2,ent_e7fa5bd660d6c130581e4d90d47ff4ba,MENTIONS
art_140497fcacc051b353cfc769b91568aa,ent_a84d0a6b16d67f3d2b7d237b96607d9e,MENTIONS
art_140497fcacc051b353cfc769b91568aa,ent_686283728d7c6df9659092d0a8ef3e2e,MENTIONS
art_140497fcacc051b353cfc769b91568aa,ent_3b3c040d8fcee6f9de1b71e695ba5d6d,MENTIONS
art_140497fcacc051b353cfc769b91568aa,ent_f0eab2a343d7289e14a06209f628b54d,MENTIONS
art_80c1c25136cb73a491aae187d9dd8c86,ent_3c114e97f5b10e5c9b62ed85b579eff8,MENTIONS
art_80c1c25136cb73a491aae187d9dd8c86,ent_6697ee5cd4fa703fcae694fdeae1a3d6,MENTIONS
art_80c1c25136cb73a491aae187d9dd8c86,ent_d36b13410347d500de53637c8b77e430,MENTIONS
art_80c1c25136cb73a491aae187d9dd8c86,ent_02349980bba8ce563cdf709f74f96fc1,MENTIONS
art_83023685451a41a9b494ce9530b74869,ent_b0c0e143aec9df1482e4e30cfed922b1,MENTIONS
art_54e7fa3d4234e7688486b2579fb98811,ent_5c16be9e157855c334eca58121082e56,MENTIONS
art_54e7fa3d4234e7688486b2579fb98811,ent_db49657001d3a859a08eec0dd4475722,MENTIONS
art_6a8fec8d06a54f4a15d4d0c785561edc,ent_02349980bba8ce563cdf709f74f96fc1,MENTIONS
art_6a8fec8d06a54f4a15d4d0c785561edc,ent_5c3a40a9439c22e06a5cc507e865ee89,MENTIONS
art_6a8fec8d06a54f4a15d4d0c785561edc,ent_73fdee9a5dae370a7d065b9c5fa8e45c,MENTIONS
art_6a8fec8d06a54f4a15d4d0c785561edc,ent_06476b735ac260b9eff5423b7d5c97e9,MENTIONS
art_6a8fec8d06a54f4a15d4d0c785561edc,ent_214163861ed8ac3fdfdb4674bf5536af,MENTIONS
art_6a8fec8d06a54f4a15d4d0c785561edc,ent_15117eedbb2cbe05ab10332a3bdf11e1,MENTIONS
art_ece9076a3349449defc23f7fd236b1c7,ent_c5d96cf33651f4945fe566f93ff59f34,MENTIONS
art_ece9076a3349449defc23f7fd236b1c7,ent_312642cda4a86945e21c6ab3175203ec,MENTIONS
art_ece9076a3349449defc23f7fd236b1c7,ent_d36b13410347d500de53637c8b77e430,MENTIONS
art_f8f69578a0053c611d18f0f17b3e4b45,ent_02349980bba8ce563cdf709f74f96fc1,MENTIONS
art_f8f69578a0053c611d18f0f17b3e4b45,ent_8642fb8edc040d6b588b1ea9430baa2e,MENTIONS
art_f8f69578a0053c611d18f0f17b3e4b45,ent_3747efe9f3abcda3db1817e27be87641,MENTIONS
art_f8f69578a0053c611d18f0f17b3e4b45,ent_d36b13410347d500de53637c8b77e430,MENTIONS
art_aa7dd60f009b2f20b3153cf971c93780,ent_0d05c98717c49eebbf5911089efc09d8,MENTIONS
art_aa7dd60f009b2f20b3153cf971c93780,ent_214163861ed8ac3fdfdb4674bf5536af,MENTIONS
art_aa7dd60f009b2f20b3153cf971c93780,ent_4ee1e2408806fc076ff7d67ba11c813f,MENTIONS
art_aa7dd60f009b2f20b3153cf971c93780,ent_1f3f6fd04e779ae57fe1a9cd2ed86a8e,MENTIONS
art_e46c44fe64eff77c475f0e5f02f6a690,ent_3141e408ba8ece0f612c8a68bce0b956,MENTIONS
art_e46c44fe64eff77c475f0e5f02f6a690,ent_e9735fe6ea78bacbc4526169abdf5fe4,MENTIONS
art_e46c44fe64eff77c475f0e5f02f6a690,ent_5c16be9e157855c334eca58121082e56,MENTIONS
art_e21b371e1cb4f042a03b16f7bf47600c,ent_35197dd517ba63bb2e8d8115493f5734,MENTIONS
art_e21b371e1cb4f042a03b16f7bf47600c,ent_dd71b557d69bdcc6574c43b80b8fd846,MENTIONS
art_e21b371e1cb4f042a03b16f7bf47600c,ent_edc641d55be346730d71096cbd7722bc,MENTIONS
art_e21b371e1cb4f042a03b16f7bf47600c,ent_6d3207d702c9dc917a10d34060bb5fb3,MENTIONS
art_e21b371e1cb4f042a03b16f7bf47600c,ent_214163861ed8ac3fdfdb4674bf5536af,MENTIONS
art_c3d41757f31c94e0405cfb8a1c18e5ea,ent_9a51b96f5f4ff619d32ba37da673077d,MENTIONS
art_c3d41757f31c94e0405cfb8a1c18e5ea,ent_b82afb690cc79e8d6ddf4f691251c28c,MENTIONS
art_c3d41757f31c94e0405cfb8a1c18e5ea,ent_44d2a855d77e20a7fc26acbac8ef3ecb,MENTIONS
art_bef288c916d38ccc5923769f223aba8b,ent_808157279012c2f1195a495a92831683,MENTIONS
art_bef288c916d38ccc5923769f223aba8b,ent_0fc893a4bdb64119cfea33a0e50ba5bf,MENTIONS
art_bef288c916d38ccc5923769f223aba8b,ent_56223953b1be983c383865d5576bb10a,MENTIONS
art_bef288c916d38ccc5923769f223aba8b,ent_02349980bba8ce563cdf709f74f96fc1,MENTIONS
art_bef288c916d38ccc5923769f223aba8b,ent_312642cda4a86945e21c6ab3175203ec,MENTIONS
art_9773966fe015267270dedc9842a01108,ent_87e61069f01613b17b3c3024bb10a81f,MENTIONS
art_9773966fe015267270dedc9842a01108,ent_93caca94df2681ed47f94d12305ede14,MENTIONS
art_f38831e4060308677290554a335a66e8,ent_7b6eeed1b0a77389f361a19cc1032b5b,MENTIONS
art_f38831e4060308677290554a335a66e8,ent_d58c395a266eabe93f070f93ce9b3395,MENTIONS
art_f38831e4060308677290554a335a66e8,ent_634d30f1d295382071bc70b8e883717b,MENTIONS
art_f38831e4060308677290554a335a66e8,ent_16b2af82b86a0e6ea6f3e8c34720eef2,MENTIONS
art_f38831e4060308677290554a335a66e8,ent_a90ba77992f71b4a55963c9dcdcb92db,MENTIONS
art_f38831e4060308677290554a335a66e8,ent_16220d23a389bd352e7b3e57f28356e1,MENTIONS
art_c251a41c13338b04ffe67048554c272c,ent_0d05c98717c49eebbf5911089efc09d8,MENTIONS
art_c251a41c13338b04ffe67048554c272c,ent_b264b5b7fb119b737bbdf31b39a196b1,MENTIONS
art_c251a41c13338b04ffe67048554c272c,ent_73fdee9a5dae370a7d065b9c5fa8e45c,MENTIONS
art_88f4c0f2873fad240158f9ea547efea8,ent_808157279012c2f1195a495a92831683,MENTIONS
art_88f4c0f2873fad240158f9ea547efea8,ent_312642cda4a86945e21c6ab3175203ec,MENTIONS
art_88f4c0f2873fad240158f9ea547efea8,ent_5d603652353ec0e16fd4866a173a5f3c,MENTIONS
art_88f4c0f2873fad240158f9ea547efea8,ent_02349980bba8ce563cdf709f74f96fc1,MENTIONS
art_88f4c0f2873fad240158f9ea547efea8,ent_d36b13410347d500de53637c8b77e430,MENTIONS
art_a6ed9b6cc4eb29e5b9ac83722dba8f4e,ent_5227edeb6fecc69bd399133872ff2557,MENTIONS
art_a6ed9b6cc4eb29e5b9ac83722dba8f4e,ent_2a6d3686110703bc69da3220c6ee6b5f,MENTIONS
art_a6ed9b6cc4eb29e5b9ac83722dba8f4e,ent_02349980bba8ce563cdf709f74f96fc1,MENTIONS
art_a6ed9b6cc4eb29e5b9ac83722dba8f4e,ent_2b4da846ceb3fb791e7085aff5e20a1b,MENTIONS
art_631642d1de5fcbe446c9f62a288be5b6,ent_0d05c98717c49eebbf5911089efc09d8,MENTIONS
art_631642d1de5fcbe446c9f62a288be5b6,ent_214163861ed8ac3fdfdb4674bf5536af,MENTIONS
art_631642d1de5fcbe446c9f62a288be5b6,ent_d36b13410347d500de53637c8b77e430,MENTIONS
art_47bef252becc9ac3f39fe06306523cab,ent_2b02a45ac50746f8b5b138f08a59f12f,MENTIONS
art_47bef252becc9ac3f39fe06306523cab,ent_50abc1b230bad02b775842340e5d91b3,MENTIONS
art_47bef252becc9ac3f39fe06306523cab,ent_d27b256871361e8225910c0558f6bade,MENTIONS
art_47bef252becc9ac3f39fe06306523cab,ent_312642cda4a86945e21c6ab3175203ec,MENTIONS
art_580e4bac13673d62eebaf67f261ed843,ent_02349980bba8ce563cdf709f74f96fc1,MENTIONS
art_580e4bac13673d62eebaf67f261ed843,ent_56223953b1be983c383865d5576bb10a,MENTIONS
art_580e4bac13673d62eebaf67f261ed843,ent_cefc92e9daddefb49a9c90fc7f92fc2d,MENTIONS
art_580e4bac13673d62eebaf67f261ed843,ent_312642cda4a86945e21c6ab3175203ec,MENTIONS
art_580e4bac13673d62eebaf67f261ed843,ent_b836e8e394abb4fd3f1c2a993093dd86,MENTIONS
art_fbdbffcd759fa35db79061a75ad34645,ent_feaec64e1edce4691882643d1d938231,MENTIONS
art_fbdbffcd759fa35db79061a75ad34645,ent_6aa7cbb3eaafb3aac81464a639b86e23,MENTIONS
art_fbdbffcd759fa35db79061a75ad34645,ent_4f976df6095d3a8032d3c176b8f2f1de,MENTIONS
art_fbdbffcd759fa35db79061a75ad34645,ent_3e66247131124c27a0f6074d01ee8803,MENTIONS
art_fbdbffcd759fa35db79061a75ad34645,ent_2a6d3686110703bc69da3220c6ee6b5f,MENTIONS
art_84c2ef60e3df4668ba287c2a1bbe9093,ent_aab4a4652aaba2f0e2d6dc8705730961,MENTIONS
art_84c2ef60e3df4668ba287c2a1bbe9093,ent_0eecfd1e8eb0d1e1c39c767906095157,MENTIONS
art_84c2ef60e3df4668ba287c2a1bbe9093,ent_214163861ed8ac3fdfdb4674bf5536af,MENTIONS
art_84c2ef60e3df4668ba287c2a1bbe9093,ent_312642cda4a86945e21c6ab3175203ec,MENTIONS
art_e9362e0cea7411ab6917223980fe9a11,ent_2dc4fe559308d860145003feb2da00ee,MENTIONS
art_e9362e0cea7411ab6917223980fe9a11,ent_7faeb8724bf2e62c80d9b12e786b68cc,MENTIONS
art_e9362e0cea7411ab6917223980fe9a11,ent_8148bc4699c028fc82761f740db074fc,MENTIONS
art_a49cdcd542bc9919475817c7c7eb71f9,ent_7782a2173e0c9c966e99b49c83158050,MENTIONS
art_a49cdcd542bc9919475817c7c7eb71f9,ent_b786549babb631f4668037147ed6d369,MENTIONS
art_a49cdcd542bc9919475817c7c7eb71f9,ent_634d30f1d295382071bc70b8e883717b,MENTIONS
art_30cfcf2fe494b535661d826f465718c8,ent_6bac619c34abd5bb1471edf26af3d67d,MENTIONS
art_87a834621a20cd93b913f377e7c696e0,ent_5db817d511c0d0e1babe7eccfc017ba4,MENTIONS
art_87a834621a20cd93b913f377e7c696e0,ent_054ee639c6787cbf892c72a54645359a,MENTIONS
art_87a834621a20cd93b913f377e7c696e0,ent_0585370dfc155ad02f40b8c59efe394e,MENTIONS
art_87a834621a20cd93b913f377e7c696e0,ent_4889545b2509762e0b75d4ce9355ea4a,MENTIONS
art_f2e5bf4f835d91be6b411b894701b3e2,ent_808157279012c2f1195a495a92831683,MENTIONS
art_f2e5bf4f835d91be6b411b894701b3e2,ent_02349980bba8ce563cdf709f74f96fc1,MENTIONS
art_f2e5bf4f835d91be6b411b894701b3e2,ent_6d3207d702c9dc917a10d34060bb5fb3,MENTIONS
art_f2e5bf4f835d91be6b411b894701b3e2,ent_312642cda4a86945e21c6ab3175203ec,MENTIONS
art_5a551dba24f0ce83e825533042a9dd22,ent_0d05c98717c49eebbf5911089efc09d8,MENTIONS
art_5a551dba24f0ce83e825533042a9dd22,ent_6d3207d702c9dc917a10d34060bb5fb3,MENTIONS
art_5a551dba24f0ce83e825533042a9dd22,ent_312642cda4a86945e21c6ab3175203ec,MENTIONS
art_95911fce2336ab37be787a1cb903ea8d,ent_d36b13410347d500de53637c8b77e430,MENTIONS
art_ef0fe2954d168b790a3af803f9566054,ent_1ee460de4f41d4037064d353d5525d74,MENTIONS
art_ef0fe2954d168b790a3af803f9566054,ent_69127354cb7e3b2cc6f4c7944beaca85,MENTIONS
art_ca7713c78a770f3d34b5d692d69f930e,ent_db49657001d3a859a08eec0dd4475722,MENTIONS
art_ca7713c78a770f3d34b5d692d69f930e,ent_b836e8e394abb4fd3f1c2a993093dd86,MENTIONS
art_ca7713c78a770f3d34b5d692d69f930e,ent_40551156477a7e3d5d2a03b6ff420747,MENTIONS
art_ca7713c78a770f3d34b5d692d69f930e,ent_02349980bba8ce563cdf709f74f96fc1,MENTIONS
art_ca7713c78a770f3d34b5d692d69f930e,ent_5c16be9e157855c334eca58121082e56,MENTIONS
art_dbaa0f6027178e3be4213349a60f6f4e,ent_d36b13410347d500de53637c8b77e430,MENTIONS
art_dbaa0f6027178e3be4213349a60f6f4e,ent_02349980bba8ce563cdf709f74f96fc1,MENTIONS
art_dbaa0f6027178e3be4213349a60f6f4e,ent_2a6d3686110703bc69da3220c6ee6b5f,MENTIONS
art_dbaa0f6027178e3be4213349a60f6f4e,ent_0e442a297bf88260c3d7dd49b9019ff8,MENTIONS
art_dbaa0f6027178e3be4213349a60f6f4e,ent_312642cda4a86945e21c6ab3175203ec,MENTIONS
art_a202c1614adbb2d07c11a9f478fbefe5,ent_35197dd517ba63bb2e8d8115493f5734,MENTIONS
art_a202c1614adbb2d07c11a9f478fbefe5,ent_26405e5b5f407600fc833f90e7b7d3b2,MENTIONS
art_a202c1614adbb2d07c11a9f478fbefe5,ent_d36b13410347d500de53637c8b77e430,MENTIONS
art_a202c1614adbb2d07c11a9f478fbefe5,ent_0585370dfc155ad02f40b8c59efe394e,MENTIONS
art_a3dedef55e85547090ed3f38b19d33e5,ent_d36b13410347d500de53637c8b77e430,MENTIONS
art_a3dedef55e85547090ed3f38b19d33e5,ent_5ad1d4a78af8b979eede7d9f26adc113,MENTIONS
art_a3dedef55e85547090ed3f38b19d33e5,ent_b836e8e394abb4fd3f1c2a993093dd86,MENTIONS
art_bb2c9a7848c04b60e6234b109cdb3e95,ent_808157279012c2f1195a495a92831683,MENTIONS
art_bb2c9a7848c04b60e6234b109cdb3e95,ent_74b9dbd3e85c06a4dfd976c149401fcf,MENTIONS
art_bb2c9a7848c04b60e6234b109cdb3e95,ent_445b4f885cda0bc3952a9db9626e1ffc,MENTIONS
art_6d64f9bebc3c7d39cc68ef50d3c651d9,ent_35197dd517ba63bb2e8d8115493f5734,MENTIONS
art_6d64f9bebc3c7d39cc68ef50d3c651d9,ent_ffdd0d1f899175ab934fa9cc84a06274,MENTIONS
art_6d64f9bebc3c7d39cc68ef50d3c651d9,ent_ac5bcd3e9a6c71f66633123da6ed9e8c,MENTIONS
art_6d64f9bebc3c7d39cc68ef50d3c651d9,ent_104dad666ede32d7210816cf0e93d572,MENTIONS
art_6d64f9bebc3c7d39cc68ef50d3c651d9,ent_baff6962111020b045d9ddb67e887c2b,MENTIONS
art_6d64f9bebc3c7d39cc68ef50d3c651d9,ent_7f3f291d91d7fe424433bdfc9aef676f,MENTIONS
art_6d64f9bebc3c7d39cc68ef50d3c651d9,ent_13188e16128eaf82ced92edf66906b35,MENTIONS
art_6d64f9bebc3c7d39cc68ef50d3c651d9,ent_214163861ed8ac3fdfdb4674bf5536af,MENTIONS
art_6d64f9bebc3c7d39cc68ef50d3c651d9,ent_2caadd008f5c6c2a3582b9460a673183,MENTIONS
art_35793d875564fb86afe3925c702a78fb,ent_2b4da846ceb3fb791e7085aff5e20a1b,MENTIONS
art_35793d875564fb86afe3925c702a78fb,ent_cbb7233444c26f085142516527baf6b5,MENTIONS
art_35793d875564fb86afe3925c702a78fb,ent_fe60a6c64f4797bb973018d0f8cf7747,MENTIONS
art_e048f159e3e9d1ea2bfdc4fb015b21d6,ent_4c02d2c6a72756a7cd465743ac410df1,MENTIONS
art_457315a6796ef0572fd41ee2ba06708e,ent_808157279012c2f1195a495a92831683,MENTIONS
art_457315a6796ef0572fd41ee2ba06708e,ent_97b552b2ca274ca3202ac659589c4d95,MENTIONS
art_457315a6796ef0572fd41ee2ba06708e,ent_0585370dfc155ad02f40b8c59efe394e,MENTIONS
art_457315a6796ef0572fd41ee2ba06708e,ent_388b7264a2415e2980009bc72f2721dd,MENTIONS
art_96e864e1b394ba12b87c4a31e24330c2,ent_d36b13410347d500de53637c8b77e430,MENTIONS
art_96e864e1b394ba12b87c4a31e24330c2,ent_02349980bba8ce563cdf709f74f96fc1,MENTIONS
art_96e864e1b394ba12b87c4a31e24330c2,ent_2b4da846ceb3fb791e7085aff5e20a1b,MENTIONS
art_a400e4f729ef40152a56509c45f74943,ent_0d05c98717c49eebbf5911089efc09d8,MENTIONS
art_a400e4f729ef40152a56509c45f74943,ent_ca1f9b7bc50e2730549c202ea871f0a1,MENTIONS
art_a400e4f729ef40152a56509c45f74943,ent_b03a6f3bd564ab188b74742ad43dc1e3,MENTIONS
art_a400e4f729ef40152a56509c45f74943,ent_18be05d20c5a6ec51cf69f614eef5053,MENTIONS
art_a400e4f729ef40152a56509c45f74943,ent_ac31c182d3d5e1534fac2ce2efea922c,MENTIONS
art_c024f352a6f3c7e50546bc5410bc04bf,ent_808157279012c2f1195a495a92831683,MENTIONS
art_c024f352a6f3c7e50546bc5410bc04bf,ent_4fa2deebbdd08f8db412355fd5c496b0,MENTIONS
art_c024f352a6f3c7e50546bc5410bc04bf,ent_02349980bba8ce563cdf709f74f96fc1,MENTIONS
art_15c041cf2579c1d51508d2c462359682,ent_5e59ad66759572621fabc25e69be6f72,MENTIONS
art_15c041cf2579c1d51508d2c462359682,ent_2a6d3686110703bc69da3220c6ee6b5f,MENTIONS
art_15c041cf2579c1d51508d2c462359682,ent_bccc642ac9be25934ad89685473a42c7,MENTIONS
art_15c041cf2579c1d51508d2c462359682,ent_91e88ee3fd1b4c3ff8ca488e7cc57bd8,MENTIONS
art_15c041cf2579c1d51508d2c462359682,ent_02349980bba8ce563cdf709f74f96fc1,MENTIONS
art_b58915a4d0737766252e695ffcddf585,ent_495afcb676206fea707516bc464d8f6e,MENTIONS
art_b58915a4d0737766252e695ffcddf585,ent_214163861ed8ac3fdfdb4674bf5536af,MENTIONS
art_b58915a4d0737766252e695ffcddf585,ent_312642cda4a86945e21c6ab3175203ec,MENTIONS
art_3baf952864e9c27f1b42877f721b90b1,ent_6d3207d702c9dc917a10d34060bb5fb3,MENTIONS
art_3baf952864e9c27f1b42877f721b90b1,ent_97b552b2ca274ca3202ac659589c4d95,MENTIONS
art_3baf952864e9c27f1b42877f721b90b1,ent_0e9ff9e44e77e1243083aa8503d702d0,MENTIONS
art_3103e1809a0aa16ffbfea539dee45b14,ent_0d05c98717c49eebbf5911089efc09d8,MENTIONS
art_3103e1809a0aa16ffbfea539dee45b14,ent_8f36532f87ec1cf0451fcd7c8e10914a,MENTIONS
art_3103e1809a0aa16ffbfea539dee45b14,ent_7fe461592c31b7bf33bf11d21d306ea0,MENTIONS
art_3103e1809a0aa16ffbfea539dee45b14,ent_190c046888a56a33b076d56d67fafcbc,MENTIONS
art_3103e1809a0aa16ffbfea539dee45b14,ent_d0c8770ba039a6ae69fe5ae77ecf20bd,MENTIONS
art_e854e31a790fb09bbf4248819523f0e4,ent_b413b0f80b8d06ff291ed5a8fcd6db8c,MENTIONS
art_e854e31a790fb09bbf4248819523f0e4,ent_2a6d3686110703bc69da3220c6ee6b5f,MENTIONS
art_e854e31a790fb09bbf4248819523f0e4,ent_d36b13410347d500de53637c8b77e430,MENTIONS
art_e854e31a790fb09bbf4248819523f0e4,ent_312642cda4a86945e21c6ab3175203ec,MENTIONS
art_90bca63e741d8063e13b57285ab06213,ent_9da0ab3c4dd6c335b87a5f170d0d805b,MENTIONS
art_90bca63e741d8063e13b57285ab06213,ent_3945b45ae848b00d31affd64a69c7e54,MENTIONS
art_90bca63e741d8063e13b57285ab06213,ent_aa38dd1e2d388be2d90e7904202ff7ef,MENTIONS
art_90bca63e741d8063e13b57285ab06213,ent_8c356b0378606bdf89d7e70e96bc4a88,MENTIONS
art_2d9ae71d9249e9fd6ddbb54b071a1b11,ent_dae0e046fd73d794f0f353e2fbb6632a,MENTIONS
art_2d9ae71d9249e9fd6ddbb54b071a1b11,ent_21c003acfb75ace8e632ace76db02be8,MENTIONS
art_2a62c7731fba00311fa80878a99d5c53,ent_64e9a462374960b98548a2f8e4719013,MENTIONS
art_2a62c7731fba00311fa80878a99d5c53,ent_2a6d3686110703bc69da3220c6ee6b5f,MENTIONS
art_2a62c7731fba00311fa80878a99d5c53,ent_5d603652353ec0e16fd4866a173a5f3c,MENTIONS
art_3dc2e7ed36a9adf871abbe3db6393528,ent_0af2a34a354c0b8103174e118d9b045a,MENTIONS
art_3dc2e7ed36a9adf871abbe3db6393528,ent_514f4f1d959bf16d304be5184ccc57e8,MENTIONS
art_3dc2e7ed36a9adf871abbe3db6393528,ent_d36b13410347d500de53637c8b77e430,MENTIONS
art_3dc2e7ed36a9adf871abbe3db6393528,ent_02349980bba8ce563cdf709f74f96fc1,MENTIONS
art_3dc2e7ed36a9adf871abbe3db6393528,ent_2a6d3686110703bc69da3220c6ee6b5f,MENTIONS
art_3dc2e7ed36a9adf871abbe3db6393528,ent_adafd11128e9f209cb13a62c67f4a2b4,MENTIONS
art_1a0463d208116dc492e085f2902b7b73,ent_02349980bba8ce563cdf709f74f96fc1,MENTIONS
art_1a0463d208116dc492e085f2902b7b73,ent_430cc24cb3bad151778ebd265d10633d,MENTIONS
art_1a0463d208116dc492e085f2902b7b73,ent_4a23f903c8225b335af1e13a7e805cfb,MENTIONS
art_9defb3742efdeffb97bce037cc6174b8,ent_0e92f188c7548ec8412c2a2e45dbc542,MENTIONS
art_9defb3742efdeffb97bce037cc6174b8,ent_55a2601f42147cdcd170e73adcd304a1,MENTIONS
art_9defb3742efdeffb97bce037cc6174b8,ent_40aff8b4cfae7e0e7a7a168446bfeb96,MENTIONS
art_9defb3742efdeffb97bce037cc6174b8,ent_0585370dfc155ad02f40b8c59efe394e,MENTIONS
art_2dd75a65794b25d98bc36ebcf685f051,ent_0d05c98717c49eebbf5911089efc09d8,MENTIONS
art_2dd75a65794b25d98bc36ebcf685f051,ent_f45cacf155917aab3e6cbb4fd2c77dba,MENTIONS
art_2dd75a65794b25d98bc36ebcf685f051,ent_6895a393760b462e740afe99f5548b32,MENTIONS
art_2dd75a65794b25d98bc36ebcf685f051,ent_42c5ff80c7eaff3d518913fb94b3c60f,MENTIONS
art_2dd75a65794b25d98bc36ebcf685f051,ent_6d3207d702c9dc917a10d34060bb5fb3,MENTIONS
art_2dd75a65794b25d98bc36ebcf685f051,ent_f6ea2183a403a88ab115f6b93990f7bd,MENTIONS
art_7efc11d0777a080f0989addd8b7e1ccc,ent_0d05c98717c49eebbf5911089efc09d8,MENTIONS
art_7efc11d0777a080f0989addd8b7e1ccc,ent_d36b13410347d500de53637c8b77e430,MENTIONS
art_7efc11d0777a080f0989addd8b7e1ccc,ent_d1f64bc475e40fff8275e5dd925398f6,MENTIONS
art_7efc11d0777a080f0989addd8b7e1ccc,ent_a6d47c86e228ba474132e61e29633496,MENTIONS
art_278c6690d22b7deb58dca81e5cb15534,ent_0d05c98717c49eebbf5911089efc09d8,MENTIONS
art_278c6690d22b7deb58dca81e5cb15534,ent_9c5fc5a3dab937c6463b6844e13b29c8,MENTIONS
art_278c6690d22b7deb58dca81e5cb15534,ent_214163861ed8ac3fdfdb4674bf5536af,MENTIONS
art_278c6690d22b7deb58dca81e5cb15534,ent_312642cda4a86945e21c6ab3175203ec,MENTIONS
art_c4baeca44131f0e7d1d1cb2924fef6a0,ent_62883580716fc9ee591126229608df90,MENTIONS
art_c4baeca44131f0e7d1d1cb2924fef6a0,ent_7f522b087417b468ec0e8a4fcdf6bbf7,MENTIONS
art_c4baeca44131f0e7d1d1cb2924fef6a0,ent_3de12d38c02d4fbab0a862d3c0672624,MENTIONS
art_486dc0f69ce3d00857fdd6bb7e37e834,ent_0d05c98717c49eebbf5911089efc09d8,MENTIONS
art_486dc0f69ce3d00857fdd6bb7e37e834,ent_02349980bba8ce563cdf709f74f96fc1,MENTIONS
art_486dc0f69ce3d00857fdd6bb7e37e834,ent_618ac55e55cfc3359f09f44bd6bd804c,MENTIONS
art_486dc0f69ce3d00857fdd6bb7e37e834,ent_8e1d6d3e327ff04c5c5edefd76c07dae,MENTIONS
art_486dc0f69ce3d00857fdd6bb7e37e834,ent_be21423ddc915cba1e6384a76533fae8,MENTIONS
art_fd2dd4a2b5490a105cf0a85858f8ddae,ent_91e88ee3fd1b4c3ff8ca488e7cc57bd8,MENTIONS
art_fd2dd4a2b5490a105cf0a85858f8ddae,ent_45028679d671d607ecc0d8ad080edb59,MENTIONS
art_fd2dd4a2b5490a105cf0a85858f8ddae,ent_02349980bba8ce563cdf709f74f96fc1,MENTIONS
art_39371e1042aa4bf9bd52631954963d25,ent_bebb4a7c03b3c260f0af200e85396cdb,MENTIONS
art_39371e1042aa4bf9bd52631954963d25,ent_3b1dc74fae051fc93815e34f07f24509,MENTIONS
art_39371e1042aa4bf9bd52631954963d25,ent_97b552b2ca274ca3202ac659589c4d95,MENTIONS
art_39371e1042aa4bf9bd52631954963d25,ent_6d3207d702c9dc917a10d34060bb5fb3,MENTIONS
art_39371e1042aa4bf9bd52631954963d25,ent_0585370dfc155ad02f40b8c59efe394e,MENTIONS
art_39371e1042aa4bf9bd52631954963d25,ent_0c4c607d19f8f91d86a20d6f852e572e,MENTIONS
art_39371e1042aa4bf9bd52631954963d25,ent_214163861ed8ac3fdfdb4674bf5536af,MENTIONS
art_39371e1042aa4bf9bd52631954963d25,ent_56223953b1be983c383865d5576bb10a,MENTIONS
art_2ee6c66d80c62e82550b90b9e1316857,ent_0d05c98717c49eebbf5911089efc09d8,MENTIONS
art_2ee6c66d80c62e82550b90b9e1316857,ent_b82afb690cc79e8d6ddf4f691251c28c,MENTIONS
art_2ee6c66d80c62e82550b90b9e1316857,ent_9177f363c3c0880583caf5b017729dbe,MENTIONS
art_2ee6c66d80c62e82550b90b9e1316857,ent_a83fc2fe572ce8acbbf941d991ed004b,MENTIONS
art_2ee6c66d80c62e82550b90b9e1316857,ent_1a8c7d1d1030b77c428f865bade3ed24,MENTIONS
art_2ee6c66d80c62e82550b90b9e1316857,ent_d22b878b3bd626cfada28c3f77e76364,MENTIONS
art_2ee6c66d80c62e82550b90b9e1316857,ent_0585370dfc155ad02f40b8c59efe394e,MENTIONS
art_2ee6c66d80c62e82550b90b9e1316857,ent_f177751ce4ebf9f604e15355576b5941,MENTIONS
art_0a701bf8340b875500c0627f4bbb8718,ent_969e6eb7c58695d2118504e7ab932da1,MENTIONS
art_0a701bf8340b875500c0627f4bbb8718,ent_210d7965b48bf1b9f652408106ecf27c,MENTIONS
art_0a701bf8340b875500c0627f4bbb8718,ent_566b1ca910a7368c250ad1d9b9314ed4,MENTIONS
art_2ec1fb0089ea8621e9c19a17a587d59c,ent_7cdfe2efced81fb87017a9c0ff04a609,MENTIONS
art_110c150310258a09e4f674a75104591a,ent_0d05c98717c49eebbf5911089efc09d8,MENTIONS
art_110c150310258a09e4f674a75104591a,ent_6d3207d702c9dc917a10d34060bb5fb3,MENTIONS
art_110c150310258a09e4f674a75104591a,ent_0585370dfc155ad02f40b8c59efe394e,MENTIONS
art_110c150310258a09e4f674a75104591a,ent_312642cda4a86945e21c6ab3175203ec,MENTIONS
art_01b98a6c3a463c09408e29836980e8be,ent_808157279012c2f1195a495a92831683,MENTIONS
art_01b98a6c3a463c09408e29836980e8be,ent_d36b13410347d500de53637c8b77e430,MENTIONS
art_01b98a6c3a463c09408e29836980e8be,ent_02349980bba8ce563cdf709f74f96fc1,MENTIONS
art_01b98a6c3a463c09408e29836980e8be,ent_214163861ed8ac3fdfdb4674bf5536af,MENTIONS
art_01b98a6c3a463c09408e29836980e8be,ent_a43633bbbb0186f01ee4fc0c14c7cb3e,MENTIONS
art_01b98a6c3a463c09408e29836980e8be,ent_312642cda4a86945e21c6ab3175203ec,MENTIONS
art_3c6e30e2354a5a38b3c8a7f7743b1d4f,ent_0d05c98717c49eebbf5911089efc09d8,MENTIONS
art_3c6e30e2354a5a38b3c8a7f7743b1d4f,ent_312642cda4a86945e21c6ab3175203ec,MENTIONS
art_3c6e30e2354a5a38b3c8a7f7743b1d4f,ent_9e0bc8133d18fbd309c98f053f59e0de,MENTIONS
art_3c6e30e2354a5a38b3c8a7f7743b1d4f,ent_d891e677ae53518c27667faba359575e,MENTIONS
art_3c6e30e2354a5a38b3c8a7f7743b1d4f,ent_02349980bba8ce563cdf709f74f96fc1,MENTIONS
art_2f079916bbd741acca6bbfc3d9d723b8,ent_cfc28f5138e0fe3774ec9aa62803c241,MENTIONS
art_2f079916bbd741acca6bbfc3d9d723b8,ent_0fe7045112ef628f34db8ab99d2570ed,MENTIONS
art_2f079916bbd741acca6bbfc3d9d723b8,ent_26297fd1facf5a89beacfd6a41b3468d,MENTIONS
art_2f079916bbd741acca6bbfc3d9d723b8,ent_db584d84f61a4c9b6f2b42fb27611d3d,MENTIONS
art_1e43024290f06afca57c717cd4a5bb10,ent_0fc893a4bdb64119cfea33a0e50ba5bf,MENTIONS
art_1e43024290f06afca57c717cd4a5bb10,ent_2a6d3686110703bc69da3220c6ee6b5f,MENTIONS
art_1e43024290f06afca57c717cd4a5bb10,ent_d304bf9408741bc9dec6992b200cdbbc,MENTIONS
art_1e43024290f06afca57c717cd4a5bb10,ent_e4710dff256d2098774859f70d355d4e,MENTIONS
art_ea5ad3e76e85a6dca52a25c5476bdda2,ent_0d05c98717c49eebbf5911089efc09d8,MENTIONS
art_ea5ad3e76e85a6dca52a25c5476bdda2,ent_d36b13410347d500de53637c8b77e430,MENTIONS
art_ea5ad3e76e85a6dca52a25c5476bdda2,ent_495afcb676206fea707516bc464d8f6e,MENTIONS
art_ea5ad3e76e85a6dca52a25c5476bdda2,ent_02349980bba8ce563cdf709f74f96fc1,MENTIONS
art_ea5ad3e76e85a6dca52a25c5476bdda2,ent_b5df48dedac871f51461ee13980ebed9,MENTIONS
art_16285df2e36b762284c2b517079bb348,ent_162bc48c6d580e01d9d40d80bfa7e089,MENTIONS
art_16285df2e36b762284c2b517079bb348,ent_3e77b03b51e7ea7f146c632c47c664b8,MENTIONS
art_16285df2e36b762284c2b517079bb348,ent_0b415551e66730803637368433b581b2,MENTIONS
art_16285df2e36b762284c2b517079bb348,ent_64ec49191a46613f4d5c39d03f5bf602,MENTIONS
art_16285df2e36b762284c2b517079bb348,ent_aaba32d72805f7b3f7710a26713a548c,MENTIONS
art_16285df2e36b762284c2b517079bb348,ent_e8d1752d93f8c857d53fb26590a9e21c,MENTIONS
art_15d22f1c81b289da40dfcde83390c236,ent_9d7c7c1e54e0d5ebd992c04fc74f96e1,MENTIONS
art_15d22f1c81b289da40dfcde83390c236,ent_bdd63aa985b2c40d211b19b74bb56bef,MENTIONS
art_3bb432952bf9de944f589bb944ca3ff3,ent_0d05c98717c49eebbf5911089efc09d8,MENTIONS
art_3bb432952bf9de944f589bb944ca3ff3,ent_312642cda4a86945e21c6ab3175203ec,MENTIONS
art_3bb432952bf9de944f589bb944ca3ff3,ent_d7f1fc376ababbe6cde8c8b809c46f0b,MENTIONS
art_3bb432952bf9de944f589bb944ca3ff3,ent_939718a00177f4a7a8a8caf8e210b494,MENTIONS
art_3bb432952bf9de944f589bb944ca3ff3,ent_d36b13410347d500de53637c8b77e430,MENTIONS
art_3bb432952bf9de944f589bb944ca3ff3,ent_350525d315014f9045eadbeaeaf331ed,MENTIONS
art_3bb432952bf9de944f589bb944ca3ff3,ent_611cf5e35a7b4e26a2d5b6bbf9654ade,MENTIONS
art_1cb8363d4cc733e69724d81b71b87491,ent_fe60a6c64f4797bb973018d0f8cf7747,MENTIONS
art_1cb8363d4cc733e69724d81b71b87491,ent_7d0e5ff1f117535e573510496d8aecb9,MENTIONS
art_1cb8363d4cc733e69724d81b71b87491,ent_312642cda4a86945e21c6ab3175203ec,MENTIONS
art_1cb8363d4cc733e69724d81b71b87491,ent_01dab32fa4baf9268f4455bc721eddb1,MENTIONS
art_1cb8363d4cc733e69724d81b71b87491,ent_d36b13410347d500de53637c8b77e430,MENTIONS
art_4031cba283135e9d65ebfb3a12e43665,ent_db584d84f61a4c9b6f2b42fb27611d3d,MENTIONS
art_4031cba283135e9d65ebfb3a12e43665,ent_67f40588315a37a9eedf651fc2797d1e,MENTIONS
art_4031cba283135e9d65ebfb3a12e43665,ent_2b4da846ceb3fb791e7085aff5e20a1b,MENTIONS
art_4031cba283135e9d65ebfb3a12e43665,ent_a4735be5e3d539690bfae21dd03c3e10,MENTIONS
art_4031cba283135e9d65ebfb3a12e43665,ent_83c8c777f23ae40a6952a5084169c285,MENTIONS
art_3276df286617cb0774373a5377e2d8be,ent_60d0537ce357de282aeb13d8e63648fa,MENTIONS
art_3276df286617cb0774373a5377e2d8be,ent_f83a8ce5f7e6d1c1034515a6044ee361,MENTIONS
art_3276df286617cb0774373a5377e2d8be,ent_2c151570b8f912995e90daa75779e80c,MENTIONS
art_3276df286617cb0774373a5377e2d8be,ent_e678dbbe10271ad55dcd6496c0b3b8b7,MENTIONS
art_3276df286617cb0774373a5377e2d8be,ent_2dc4fe559308d860145003feb2da00ee,MENTIONS
art_606efbba68ae6f4fd3dbc5a40436e730,ent_2eba41b24a4f72387f21a5c5c64d556f,MENTIONS
art_606efbba68ae6f4fd3dbc5a40436e730,ent_93714424b5f2a038e1a3bdd38b0142ae,MENTIONS
art_606efbba68ae6f4fd3dbc5a40436e730,ent_b7994d121b7f6d5e11a4452e87477675,MENTIONS
art_606efbba68ae6f4fd3dbc5a40436e730,ent_bf80892f3d6b4f9fb4431512d0d93f45,MENTIONS
art_606efbba68ae6f4fd3dbc5a40436e730,ent_52014bd69c774ba1644eef21a8636c0b,MENTIONS
art_db202ca383567038bac0ec5465c07298,ent_c5903bf3426d2211e0f24b6ed9f2e3ed,MENTIONS
art_db202ca383567038bac0ec5465c07298,ent_f20011e5270666592304898988523261,MENTIONS
art_233d5ebbf1c7c33a17dd73b6975fa866,ent_475b1447dee3d8a013d39e6e82cafff3,MENTIONS
art_233d5ebbf1c7c33a17dd73b6975fa866,ent_5c16be9e157855c334eca58121082e56,MENTIONS
art_6dbf38a3f75d3e95e6dca19d0e08558f,ent_02349980bba8ce563cdf709f74f96fc1,MENTIONS
art_6dbf38a3f75d3e95e6dca19d0e08558f,ent_0585370dfc155ad02f40b8c59efe394e,MENTIONS
art_6dbf38a3f75d3e95e6dca19d0e08558f,ent_5c179f47d77b4e99d5f078caa78a56ec,MENTIONS
art_6dbf38a3f75d3e95e6dca19d0e08558f,ent_30a47d6b70c242df0725425cca661f3f,MENTIONS
art_4477af1fe7fb1b7fcebb8f0a3d3c9766,ent_050ddfa2e0a1224a68cf914592046ba5,MENTIONS
art_4477af1fe7fb1b7fcebb8f0a3d3c9766,ent_1ee239bfda67705bd371c7b73569c056,MENTIONS
art_4477af1fe7fb1b7fcebb8f0a3d3c9766,ent_e1aa27557fc873c9cd1ef326424a6fef,MENTIONS
art_4477af1fe7fb1b7fcebb8f0a3d3c9766,ent_934bc1e0d4dda2c40adfa3266e38ea84,MENTIONS
art_4d82d3c7cc75f60778a538abf92f81ed,ent_bf2eb1b5439441d00d8f571c48181df1,MENTIONS
art_4d82d3c7cc75f60778a538abf92f81ed,ent_3b7264cde549c9f4967d8ce89b1e17ac,MENTIONS
art_4d82d3c7cc75f60778a538abf92f81ed,ent_c71f76bbd2eced946d1a7be09af22880,MENTIONS
art_4d82d3c7cc75f60778a538abf92f81ed,ent_249e9167ba5ffbdf59428f6a4919ed9a,MENTIONS
art_d3cf3e2cc714ca5668ec2e5606e2cc26,ent_939718a00177f4a7a8a8caf8e210b494,MENTIONS
art_d3cf3e2cc714ca5668ec2e5606e2cc26,ent_f35a412efc34d2502e3cd6d1e89c5fc9,MENTIONS
art_3729e924038648f033efbb5cff16fb78,ent_adafd11128e9f209cb13a62c67f4a2b4,MENTIONS
art_3729e924038648f033efbb5cff16fb78,ent_a67f0af9afbada6a57009265fcc2c281,MENTIONS
art_3729e924038648f033efbb5cff16fb78,ent_bae2045f679c7812c6fc5dc31bd0d245,MENTIONS
art_47a7a2b178d72644e360069c4bcfdcab,ent_57defc709d1dc6581650bb835a4874a7,MENTIONS
art_47a7a2b178d72644e360069c4bcfdcab,ent_b83acb65b7169112e62d8cd8c7f3322e,MENTIONS
art_ee707fa7120da15781175c353aab2257,ent_312642cda4a86945e21c6ab3175203ec,MENTIONS
art_ee707fa7120da15781175c353aab2257,ent_7fe461592c31b7bf33bf11d21d306ea0,MENTIONS
art_ee707fa7120da15781175c353aab2257,ent_02349980bba8ce563cdf709f74f96fc1,MENTIONS
art_ee707fa7120da15781175c353aab2257,ent_22eaab286beed3d991d41a042d36e72a,MENTIONS
art_21a77fc251fd5648334c40f474ddb6f1,ent_edc641d55be346730d71096cbd7722bc,MENTIONS
art_21a77fc251fd5648334c40f474ddb6f1,ent_97f811749030c36c4eaeead5400f9265,MENTIONS
art_21a77fc251fd5648334c40f474ddb6f1,ent_e47ed1305f8be56046707a286dd83115,MENTIONS
art_21a77fc251fd5648334c40f474ddb6f1,ent_02349980bba8ce563cdf709f74f96fc1,MENTIONS
art_cff7f7b9ec54a2273b86338350fe30fe,ent_0d05c98717c49eebbf5911089efc09d8,MENTIONS
art_cff7f7b9ec54a2273b86338350fe30fe,ent_6cf340ecac1b13ca99026dbe978c344d,MENTIONS
art_cff7f7b9ec54a2273b86338350fe30fe,ent_d36b13410347d500de53637c8b77e430,MENTIONS
art_cff7f7b9ec54a2273b86338350fe30fe,ent_140877a817849a65a6b7e52bbc8a603f,MENTIONS
art_cff7f7b9ec54a2273b86338350fe30fe,ent_02349980bba8ce563cdf709f74f96fc1,MENTIONS
art_af9086383bc68317f76113500ad6b5d7,ent_214163861ed8ac3fdfdb4674bf5536af,MENTIONS
art_af9086383bc68317f76113500ad6b5d7,ent_6d3207d702c9dc917a10d34060bb5fb3,MENTIONS
art_af2c9dd27c3622d984b300e39f8dfa57,ent_2a6d3686110703bc69da3220c6ee6b5f,MENTIONS
art_af2c9dd27c3622d984b300e39f8dfa57,ent_312642cda4a86945e21c6ab3175203ec,MENTIONS
art_af2c9dd27c3622d984b300e39f8dfa57,ent_101e3979f7ed5e30600c396dd020465e,MENTIONS
art_af2c9dd27c3622d984b300e39f8dfa57,ent_988ba295a74c150324ac31ed5be8e779,MENTIONS
art_af2c9dd27c3622d984b300e39f8dfa57,ent_14f36effeb3a588d4187bdad4453c1d8,MENTIONS
art_70d5a54991d2e2a02d58ce6dab5138b8,ent_fe60a6c64f4797bb973018d0f8cf7747,MENTIONS
art_70d5a54991d2e2a02d58ce6dab5138b8,ent_06e268914dba853f1fac062656165032,MENTIONS
art_70d5a54991d2e2a02d58ce6dab5138b8,ent_c84c10fb15eec4b7a8b020ffe5e0c00c,MENTIONS
art_70d5a54991d2e2a02d58ce6dab5138b8,ent_b0cf174f6be0d1824ba454ecd526c681,MENTIONS
art_70d5a54991d2e2a02d58ce6dab5138b8,ent_2b4da846ceb3fb791e7085aff5e20a1b,MENTIONS
art_5b34f6300f32d918242be7b8a868f4c8,ent_226a9421040b7f2d19e6a2ff542e6eac,MENTIONS
art_5b34f6300f32d918242be7b8a868f4c8,ent_06e268914dba853f1fac062656165032,MENTIONS
art_5b34f6300f32d918242be7b8a868f4c8,ent_b0cf174f6be0d1824ba454ecd526c681,MENTIONS
art_5b34f6300f32d918242be7b8a868f4c8,ent_08479ce7c775a2000ef402307da43913,MENTIONS
art_24de26549012217c964f50d9d9b8193f,ent_02349980bba8ce563cdf709f74f96fc1,MENTIONS
art_24de26549012217c964f50d9d9b8193f,ent_312642cda4a86945e21c6ab3175203ec,MENTIONS
art_24de26549012217c964f50d9d9b8193f,ent_43999d75bafd0196c7fdaab206cdba49,MENTIONS
art_63efa938ea1ebc368b14681521d3e949,ent_78df6abf50d15fcf821c6675efb7a79d,MENTIONS
art_63efa938ea1ebc368b14681521d3e949,ent_aef9a1f628034d73baff77b6902c78dd,MENTIONS
art_63efa938ea1ebc368b14681521d3e949,ent_6f0b95d58310f140015bf3eafba3c90d,MENTIONS
art_63efa938ea1ebc368b14681521d3e949,ent_62cbf7bc112b8178eb777c78afba7f58,MENTIONS
art_c51559c2954a9b7d3387166519b2c9d8,ent_3772935531ff312176855fb68364ea90,MENTIONS
art_c51559c2954a9b7d3387166519b2c9d8,ent_02349980bba8ce563cdf709f74f96fc1,MENTIONS
art_c51559c2954a9b7d3387166519b2c9d8,ent_f638c36e42536551aa4233ad61a53ab8,MENTIONS
art_c51559c2954a9b7d3387166519b2c9d8,ent_cd73e1d7389a4d732e2697591cd8c142,MENTIONS
art_c51559c2954a9b7d3387166519b2c9d8,ent_6d3207d702c9dc917a10d34060bb5fb3,MENTIONS
art_e7aa23be8e3c4130beee5686cb9b4739,ent_864f0aa9ff2fe8ceab7df616d6ffcd79,MENTIONS
art_e7aa23be8e3c4130beee5686cb9b4739,ent_97b49ddcf197687597eead2f3b8ae62b,MENTIONS
art_e7aa23be8e3c4130beee5686cb9b4739,ent_ae04e3b9d65ca7f137ad1d000c4a01df,MENTIONS
art_e7aa23be8e3c4130beee5686cb9b4739,ent_7b8aad23d93a5b9df348454829ecd603,MENTIONS
art_af03c7d601fd2ec9ca84b9294425fa96,ent_e683a86d47c118b26bb069498669762e,MENTIONS
art_af03c7d601fd2ec9ca84b9294425fa96,ent_315e85367a6c149d1bef0f357088382c,MENTIONS
art_af03c7d601fd2ec9ca84b9294425fa96,ent_4455134e5a1a5838bb1b76520a086ca1,MENTIONS
art_b9f8971a9474668c188ea2ebf4e31686,ent_7cdfe2efced81fb87017a9c0ff04a609,MENTIONS
art_b9f8971a9474668c188ea2ebf4e31686,ent_8480cdb29aec645d6a83afed094c4ad4,MENTIONS
art_b9f8971a9474668c188ea2ebf4e31686,ent_13e7f8e53e2e487ca93136e90c868ffc,MENTIONS
art_b9f8971a9474668c188ea2ebf4e31686,ent_6212811e5ad53106d47fb02e6de68bcb,MENTIONS
art_733869446d2268806889568e7dcff8b9,ent_78ce2bc3e691677caf09b76195cabc36,MENTIONS
art_733869446d2268806889568e7dcff8b9,ent_a5513e6334e6005a56d85a14a944b21e,MENTIONS
art_733869446d2268806889568e7dcff8b9,ent_79f68c15efb8c32a570cd14c39de692b,MENTIONS
art_180c2fefa541af798f149a24f3a7cac9,ent_c8f6756562cd9ffc821c66ec497a61ef,MENTIONS
art_180c2fefa541af798f149a24f3a7cac9,ent_fec68e057f7abd74cda1958a499f796c,MENTIONS
art_180c2fefa541af798f149a24f3a7cac9,ent_22442010dd4f29ff1fb507d237d74bb0,MENTIONS
art_180c2fefa541af798f149a24f3a7cac9,ent_698209953088b28bdd7c7ced7d5fd040,MENTIONS
art_180c2fefa541af798f149a24f3a7cac9,ent_4f278825d419ca2670d1aed16230e78a,MENTIONS
art_180c2fefa541af798f149a24f3a7cac9,ent_4a3510fa51bc6bbf260663c8a5980037,MENTIONS
art_2d462fef531ee0574f566fe0cf6262f1,ent_daf8031d9891cfcf2cb09074078a21b8,MENTIONS
art_2d462fef531ee0574f566fe0cf6262f1,ent_9fbcd12e1ab007e06d3777e87b255973,MENTIONS
art_2d462fef531ee0574f566fe0cf6262f1,ent_99ec01a622d9ac443c0f732a8cad3fa9,MENTIONS
art_2d462fef531ee0574f566fe0cf6262f1,ent_83ec90a6bdbb1958f1784d4f445dc53f,MENTIONS
art_3e1159112e431a28c32f412fa6720101,ent_445b4f885cda0bc3952a9db9626e1ffc,MENTIONS
art_3e1159112e431a28c32f412fa6720101,ent_d36b13410347d500de53637c8b77e430,MENTIONS
art_3e1159112e431a28c32f412fa6720101,ent_0d49a53868b32e2474c88d3bd3f0cf3d,MENTIONS
art_3e1159112e431a28c32f412fa6720101,ent_7fe461592c31b7bf33bf11d21d306ea0,MENTIONS
art_3e1159112e431a28c32f412fa6720101,ent_02349980bba8ce563cdf709f74f96fc1,MENTIONS
art_7143429003f324bdd480992d3ae28479,ent_02349980bba8ce563cdf709f74f96fc1,MENTIONS
art_7143429003f324bdd480992d3ae28479,ent_0d49a53868b32e2474c88d3bd3f0cf3d,MENTIONS
art_7143429003f324bdd480992d3ae28479,ent_d7f1fc376ababbe6cde8c8b809c46f0b,MENTIONS
art_7143429003f324bdd480992d3ae28479,ent_7382169892c499dbdc75318e3b0c7af2,MENTIONS
art_10171b6c8c310e082889390ec223f5f9,ent_7cdfe2efced81fb87017a9c0ff04a609,MENTIONS
art_10171b6c8c310e082889390ec223f5f9,ent_cde36f1b285a9aa2177f925aef0703ff,MENTIONS
art_254eb3094b357ced7480676d081675fe,ent_f5ccf94fc48dd86a9621a9eeeba7ba52,MENTIONS
art_254eb3094b357ced7480676d081675fe,ent_fef3fef1e525d701d96278949716d19c,MENTIONS
art_254eb3094b357ced7480676d081675fe,ent_bfa0398b185c89b401da9247d11ae707,MENTIONS
art_9e8bcb2260f2b21685f347491565c1e4,ent_d2fe9c7e6463307745000da716e2631a,MENTIONS
art_9e8bcb2260f2b21685f347491565c1e4,ent_b91826e120405748d84d092f6c17437a,MENTIONS
art_79fc6878c94efac84049c3e4e05d754e,ent_1438d2982f9d364ba1a84a24bbe12186,MENTIONS
art_79fc6878c94efac84049c3e4e05d754e,ent_312642cda4a86945e21c6ab3175203ec,MENTIONS
art_79fc6878c94efac84049c3e4e05d754e,ent_d4e0dffc6786efe2fb697c90cec604d2,MENTIONS
art_79fc6878c94efac84049c3e4e05d754e,ent_0585370dfc155ad02f40b8c59efe394e,MENTIONS
art_da1510095848f16beb6fefd1211f0fa3,ent_0d05c98717c49eebbf5911089efc09d8,MENTIONS
art_da1510095848f16beb6fefd1211f0fa3,ent_9c5fc5a3dab937c6463b6844e13b29c8,MENTIONS
art_da1510095848f16beb6fefd1211f0fa3,ent_b82afb690cc79e8d6ddf4f691251c28c,MENTIONS
art_da1510095848f16beb6fefd1211f0fa3,ent_36c05eb1351b2e4d0ecabadcee9fcd87,MENTIONS
art_da1510095848f16beb6fefd1211f0fa3,ent_63b93a62d9110b650e60ea401a342af2,MENTIONS
art_e170e8d98540695038c42e0b735395bd,ent_08479ce7c775a2000ef402307da43913,MENTIONS
art_e170e8d98540695038c42e0b735395bd,ent_fe60a6c64f4797bb973018d0f8cf7747,MENTIONS
art_e170e8d98540695038c42e0b735395bd,ent_06e268914dba853f1fac062656165032,MENTIONS
art_e170e8d98540695038c42e0b735395bd,ent_ed6df89eb19d85729a3b12dbf9c60bdb,MENTIONS
art_4c8edcb7b6c78336b4c9e9720b39850b,ent_31d611ca6bb11860bc1bf6c1659e3954,MENTIONS
art_4c8edcb7b6c78336b4c9e9720b39850b,ent_939718a00177f4a7a8a8caf8e210b494,MENTIONS
art_4c8edcb7b6c78336b4c9e9720b39850b,ent_ad73c908dd8a849f7887f9c627a764df,MENTIONS
art_4c8edcb7b6c78336b4c9e9720b39850b,ent_1d5e662d4db118b49394f26b5aefe2e2,MENTIONS
art_24300a99f0361c591b5918fbf9cc84cd,ent_0d05c98717c49eebbf5911089efc09d8,MENTIONS
art_24300a99f0361c591b5918fbf9cc84cd,ent_214163861ed8ac3fdfdb4674bf5536af,MENTIONS
art_24300a99f0361c591b5918fbf9cc84cd,ent_0b88b26d4323d52fbb8d7b0575652470,MENTIONS
art_98ef4665b1e77cdd84a679cf251ffcf7,ent_fe60a6c64f4797bb973018d0f8cf7747,MENTIONS
art_98ef4665b1e77cdd84a679cf251ffcf7,ent_06e268914dba853f1fac062656165032,MENTIONS
art_98ef4665b1e77cdd84a679cf251ffcf7,ent_226a9421040b7f2d19e6a2ff542e6eac,MENTIONS
art_98ef4665b1e77cdd84a679cf251ffcf7,ent_b0cf174f6be0d1824ba454ecd526c681,MENTIONS
art_b49785b54371a158a1c66aad5b9aa723,ent_0d05c98717c49eebbf5911089efc09d8,MENTIONS
art_b49785b54371a158a1c66aad5b9aa723,ent_efbcb8d9663a60052c5399bc6c11de24,MENTIONS
art_b49785b54371a158a1c66aad5b9aa723,ent_edc641d55be346730d71096cbd7722bc,MENTIONS
art_b49785b54371a158a1c66aad5b9aa723,ent_6d3207d702c9dc917a10d34060bb5fb3,MENTIONS
art_b49785b54371a158a1c66aad5b9aa723,ent_330fb7acbe2bb3b21a2434d633d48dcf,MENTIONS
art_b49785b54371a158a1c66aad5b9aa723,ent_02349980bba8ce563cdf709f74f96fc1,MENTIONS
art_b49785b54371a158a1c66aad5b9aa723,ent_56dfc2020c96ae4f546cf50eb77ee0e7,MENTIONS
art_76cbe51774d316eb644eb93f39674053,ent_5e59ad66759572621fabc25e69be6f72,MENTIONS
art_76cbe51774d316eb644eb93f39674053,ent_d36b13410347d500de53637c8b77e430,MENTIONS
art_76cbe51774d316eb644eb93f39674053,ent_02349980bba8ce563cdf709f74f96fc1,MENTIONS
art_76cbe51774d316eb644eb93f39674053,ent_2a6d3686110703bc69da3220c6ee6b5f,MENTIONS
art_76cbe51774d316eb644eb93f39674053,ent_bccc642ac9be25934ad89685473a42c7,MENTIONS
art_76cbe51774d316eb644eb93f39674053,ent_9f9becccd1bbc77f14d0e3ffbb99d9e6,MENTIONS
art_02a9dcb3aef3d3072710b59a49a6fc38,ent_02349980bba8ce563cdf709f74f96fc1,MENTIONS
art_02a9dcb3aef3d3072710b59a49a6fc38,ent_495afcb676206fea707516bc464d8f6e,MENTIONS
art_02a9dcb3aef3d3072710b59a49a6fc38,ent_d36b13410347d500de53637c8b77e430,MENTIONS
art_02a9dcb3aef3d3072710b59a49a6fc38,ent_d51ca197176be873178bbd73035e7d4f,MENTIONS
art_d2f8ab34530470c512340fbb8f668127,ent_02349980bba8ce563cdf709f74f96fc1,MENTIONS
art_d2f8ab34530470c512340fbb8f668127,ent_7fe461592c31b7bf33bf11d21d306ea0,MENTIONS
art_d2f8ab34530470c512340fbb8f668127,ent_430b4247856e13089064f09f96af75d7,MENTIONS
art_d2f8ab34530470c512340fbb8f668127,ent_b87835cbe2f03e9c9da8dcb07ac09800,MENTIONS
art_d2f8ab34530470c512340fbb8f668127,ent_214163861ed8ac3fdfdb4674bf5536af,MENTIONS
art_4d6b765deb8f442614a070030f368819,ent_0d05c98717c49eebbf5911089efc09d8,MENTIONS
art_4d6b765deb8f442614a070030f368819,ent_fdab6f999d44612e40b3f9a2c91231cc,MENTIONS
art_9127c387ea90a4ac87a291fd07a1a156,ent_dfc6fdaec1f6f3f368aa857089418965,MENTIONS
art_9127c387ea90a4ac87a291fd07a1a156,ent_c7ab9752078a566c05df754372fdb17f,MENTIONS
art_9127c387ea90a4ac87a291fd07a1a156,ent_8059e9119ed2fde675a56ef09e6b7149,MENTIONS
art_9127c387ea90a4ac87a291fd07a1a156,ent_028e2bc54d85431e7b69b00f0883e031,MENTIONS
art_9127c387ea90a4ac87a291fd07a1a156,ent_d36660c1ed25a81671f43aff53fdf74b,MENTIONS
art_3093ecb918008ec51a7b4853c99f2fbd,ent_da1e9bb07d45a750f011aabd2e8b7e8c,MENTIONS
art_3093ecb918008ec51a7b4853c99f2fbd,ent_fae967752e92fd34a03d7291a4a27770,MENTIONS
art_3093ecb918008ec51a7b4853c99f2fbd,ent_7774e94fe350ab7eb68d7e2f6003a528,MENTIONS
art_5d8d664b5b57e8d5292994ad20bfe0ee,ent_7fe461592c31b7bf33bf11d21d306ea0,MENTIONS
art_5d8d664b5b57e8d5292994ad20bfe0ee,ent_02349980bba8ce563cdf709f74f96fc1,MENTIONS
art_5d8d664b5b57e8d5292994ad20bfe0ee,ent_d36b13410347d500de53637c8b77e430,MENTIONS
art_3ac7263dbc77248cd8ae990f28cfdb93,ent_4a916631dfaaace317419a636c7ff898,MENTIONS
art_3ac7263dbc77248cd8ae990f28cfdb93,ent_deb5833c55c93154676c029db42341c0,MENTIONS
art_3244de4dbdcb48e7fda288dcce34fa9b,ent_ebaf8eb6bd501001de90b0f5dd2a6a0b,MENTIONS
art_3244de4dbdcb48e7fda288dcce34fa9b,ent_e2154b8da50063c73cc00fcf1840e4fc,MENTIONS
art_3244de4dbdcb48e7fda288dcce34fa9b,ent_50b7879219ae6aef48f9c6f43aacc798,MENTIONS
art_ac37f914de16ee92e4ef15a715cbce8c,ent_2a6d3686110703bc69da3220c6ee6b5f,MENTIONS
art_ac37f914de16ee92e4ef15a715cbce8c,ent_9da0ab3c4dd6c335b87a5f170d0d805b,MENTIONS
art_ac37f914de16ee92e4ef15a715cbce8c,ent_9a37d4f2cd9e76baa810898009d10dab,MENTIONS
art_ac37f914de16ee92e4ef15a715cbce8c,ent_d0f344a8b0595bc2d63894fd9debf813,MENTIONS
art_ac37f914de16ee92e4ef15a715cbce8c,ent_c7ab9752078a566c05df754372fdb17f,MENTIONS
art_e5291fd55a761920c8440051b3db6ea0,ent_7cdfe2efced81fb87017a9c0ff04a609,MENTIONS
art_e5291fd55a761920c8440051b3db6ea0,ent_3aaabd93ff50fb600bb929be1437bb77,MENTIONS
art_dfa74ff45615b932cb221fa695ecbc23,ent_56223953b1be983c383865d5576bb10a,MENTIONS
art_dfa74ff45615b932cb221fa695ecbc23,ent_02349980bba8ce563cdf709f74f96fc1,MENTIONS
art_dfa74ff45615b932cb221fa695ecbc23,ent_d36b13410347d500de53637c8b77e430,MENTIONS
art_dfa74ff45615b932cb221fa695ecbc23,ent_312642cda4a86945e21c6ab3175203ec,MENTIONS
art_a45264d631131950ba3db004027d9310,ent_3a2918de879bbfb39c7bd80124412985,MENTIONS
art_a45264d631131950ba3db004027d9310,ent_02349980bba8ce563cdf709f74f96fc1,MENTIONS
art_a45264d631131950ba3db004027d9310,ent_214163861ed8ac3fdfdb4674bf5536af,MENTIONS
art_a45264d631131950ba3db004027d9310,ent_d36b13410347d500de53637c8b77e430,MENTIONS
art_6ec526181ed05cc2d4fb076b1d891df0,ent_3772935531ff312176855fb68364ea90,MENTIONS
art_6ec526181ed05cc2d4fb076b1d891df0,ent_155b53374088487a4a98f468e852842c,MENTIONS
art_abcb748f3e743dac5d42d79cd410a5cd,ent_265d101d872fca16a1e5ea7297830776,MENTIONS
art_abcb748f3e743dac5d42d79cd410a5cd,ent_2969d2ae1e12b62ed9fa414d4e1df610,MENTIONS
art_abcb748f3e743dac5d42d79cd410a5cd,ent_5c16be9e157855c334eca58121082e56,MENTIONS
art_4a3328e08def88f7dbf9986ebaa2e2ad,ent_45df412cbb6c78d74a3f9a512214bca2,MENTIONS
art_4a3328e08def88f7dbf9986ebaa2e2ad,ent_686400eb24c5a018ea8bdc38cd957845,MENTIONS
art_842fb033f72a79f49942b99f3f0d6bfd,ent_f8db6920fb7d3d3aa61303ecb51cec76,MENTIONS
art_842fb033f72a79f49942b99f3f0d6bfd,ent_82155097cf7cbd5bbc2119f0216212b9,MENTIONS
art_842fb033f72a79f49942b99f3f0d6bfd,ent_d36b13410347d500de53637c8b77e430,MENTIONS
art_842fb033f72a79f49942b99f3f0d6bfd,ent_45a285c356c26a0b9690e5c92a05dd29,MENTIONS
art_842fb033f72a79f49942b99f3f0d6bfd,ent_dbf4c7518abbc30e934296c749d4d232,MENTIONS
art_cf3a685cdd745f6edbf7f802580f6b9b,ent_73cb9346d4c28ed7183e400772654b27,MENTIONS
art_cf3a685cdd745f6edbf7f802580f6b9b,ent_7fe461592c31b7bf33bf11d21d306ea0,MENTIONS
art_cf3a685cdd745f6edbf7f802580f6b9b,ent_25865e5a1f3817b7acd05a04d9c87477,MENTIONS
art_cf3a685cdd745f6edbf7f802580f6b9b,ent_c6da28f9f980eecb145ff7dbcd6c2bd1,MENTIONS
art_e880d86137e025b99d7fef560f15d805,ent_edc641d55be346730d71096cbd7722bc,MENTIONS
art_e880d86137e025b99d7fef560f15d805,ent_d36b13410347d500de53637c8b77e430,MENTIONS
art_e880d86137e025b99d7fef560f15d805,ent_02349980bba8ce563cdf709f74f96fc1,MENTIONS
art_e880d86137e025b99d7fef560f15d805,ent_d3e94405b8db23dffd857912ebd3930d,MENTIONS
art_e880d86137e025b99d7fef560f15d805,ent_0322961c35e5f9e978432be9d234daef,MENTIONS
art_b39fb9ef7e0777143096d2500bc0e5a1,ent_02349980bba8ce563cdf709f74f96fc1,MENTIONS
art_b39fb9ef7e0777143096d2500bc0e5a1,ent_edc641d55be346730d71096cbd7722bc,MENTIONS
art_b39fb9ef7e0777143096d2500bc0e5a1,ent_0585370dfc155ad02f40b8c59efe394e,MENTIONS
art_b39fb9ef7e0777143096d2500bc0e5a1,ent_312642cda4a86945e21c6ab3175203ec,MENTIONS
art_b39fb9ef7e0777143096d2500bc0e5a1,ent_bab41f4da430bd439eafd667836cbe87,MENTIONS
art_23241500bdc7a2c4c6887c8cd018640f,ent_312642cda4a86945e21c6ab3175203ec,MENTIONS
art_23241500bdc7a2c4c6887c8cd018640f,ent_153a16a249a677f7baed38824cf0d40c,MENTIONS
art_23241500bdc7a2c4c6887c8cd018640f,ent_02349980bba8ce563cdf709f74f96fc1,MENTIONS
art_23241500bdc7a2c4c6887c8cd018640f,ent_d36b13410347d500de53637c8b77e430,MENTIONS
art_0510392a0e98f3cfce6fbe754c46727c,ent_d8dc5786d83418cab2ceb2f2ab96cee4,MENTIONS
art_0510392a0e98f3cfce6fbe754c46727c,ent_720f10e1f3e4dfaa6838a88d9839c5c9,MENTIONS
art_0510392a0e98f3cfce6fbe754c46727c,ent_3178e8dc843daec23f911de728088b61,MENTIONS
art_0510392a0e98f3cfce6fbe754c46727c,ent_2a6d3686110703bc69da3220c6ee6b5f,MENTIONS
art_9fcc52adb780a7fc15b78ede03c2ebed,ent_0d05c98717c49eebbf5911089efc09d8,MENTIONS
art_9fcc52adb780a7fc15b78ede03c2ebed,ent_36c05eb1351b2e4d0ecabadcee9fcd87,MENTIONS
art_9fcc52adb780a7fc15b78ede03c2ebed,ent_73cb9346d4c28ed7183e400772654b27,MENTIONS
art_748bfa0e3545548f10c87b044f3355ff,ent_aaee21c2c14412ffd1f400658f00c468,MENTIONS
art_748bfa0e3545548f10c87b044f3355ff,ent_2a6d3686110703bc69da3220c6ee6b5f,MENTIONS
art_748bfa0e3545548f10c87b044f3355ff,ent_008fcda9bee185cf0e1d4d528946f441,MENTIONS
art_748bfa0e3545548f10c87b044f3355ff,ent_bf51a738868c21fb58ebd1d78628a1d9,MENTIONS
art_41a55bd8ef63b818a143d9e11306a5ed,ent_73cb9346d4c28ed7183e400772654b27,MENTIONS
art_41a55bd8ef63b818a143d9e11306a5ed,ent_06882eb11ec0726feda157046549a58a,MENTIONS
art_41a55bd8ef63b818a143d9e11306a5ed,ent_939718a00177f4a7a8a8caf8e210b494,MENTIONS
art_41a55bd8ef63b818a143d9e11306a5ed,ent_7dd3e27366094dd4ecba1465f0bfff16,MENTIONS
art_4efddefbbec5ab717b00b58d75e70f24,ent_076173809b5a7e293c5fb60f9019b3f8,MENTIONS
art_4efddefbbec5ab717b00b58d75e70f24,ent_4a7326b8518d941af311136d4f120464,MENTIONS
art_60919cf109a822cd1df0fbce427b76c9,ent_864f0aa9ff2fe8ceab7df616d6ffcd79,MENTIONS
art_60919cf109a822cd1df0fbce427b76c9,ent_97b49ddcf197687597eead2f3b8ae62b,MENTIONS
art_60919cf109a822cd1df0fbce427b76c9,ent_ae04e3b9d65ca7f137ad1d000c4a01df,MENTIONS
art_70daad3040e0176bfbd8240151be9f8d,ent_4e22d665c127e09f69bf3f7f96743f25,MENTIONS
art_70daad3040e0176bfbd8240151be9f8d,ent_ab39ee8c8af45a087fedfa090aecc2b8,MENTIONS
art_70daad3040e0176bfbd8240151be9f8d,ent_73cb9346d4c28ed7183e400772654b27,MENTIONS
art_70daad3040e0176bfbd8240151be9f8d,ent_b786549babb631f4668037147ed6d369,MENTIONS
art_fc7981f2fe797a2dac18fb63b6f7040c,ent_b9260d152ca6e1d61c38807f9a452f3c,MENTIONS
art_fc7981f2fe797a2dac18fb63b6f7040c,ent_20979b5c66747ce5af84d5d1987ca250,MENTIONS
art_fc7981f2fe797a2dac18fb63b6f7040c,ent_0fc893a4bdb64119cfea33a0e50ba5bf,MENTIONS
art_fc7981f2fe797a2dac18fb63b6f7040c,ent_23b96c7e5e9e6b4092d982b2b746eff7,MENTIONS
art_fc7981f2fe797a2dac18fb63b6f7040c,ent_94e1fe11a29fdfb948e15befae8e9c1a,MENTIONS
art_1a7876ab5aa2615926e4fe0090b5048f,ent_1e3fa3aff44ecc76db645b264040b28c,MENTIONS
art_1a7876ab5aa2615926e4fe0090b5048f,ent_b99fddad365f147cd355255cd78d88e1,MENTIONS
art_1a7876ab5aa2615926e4fe0090b5048f,ent_1eb663a75fad3923f0d71e53a4db299f,MENTIONS
art_1a7876ab5aa2615926e4fe0090b5048f,ent_db49657001d3a859a08eec0dd4475722,MENTIONS
art_bb617d251ee44b6ddf34a8934df70782,ent_61d0b6025291d3f4e57c4c8f5a5a24a8,MENTIONS
art_21f8ab397095e385a43142028d6ad60d,ent_5c16be9e157855c334eca58121082e56,MENTIONS
art_45877da13e953bc6ee55046d71db64d7,ent_183bd64c6fc43113b151a26ffb0dca15,MENTIONS
art_45877da13e953bc6ee55046d71db64d7,ent_02349980bba8ce563cdf709f74f96fc1,MENTIONS
art_45877da13e953bc6ee55046d71db64d7,ent_a4c080428e5fcca9c829a8c6b148a6a8,MENTIONS
art_45877da13e953bc6ee55046d71db64d7,ent_b10925b974cddf3d2c2b9bb51ace0409,MENTIONS
art_0ce645460e54519df596b608cd95d1cb,ent_edc641d55be346730d71096cbd7722bc,MENTIONS
art_0ce645460e54519df596b608cd95d1cb,ent_312642cda4a86945e21c6ab3175203ec,MENTIONS
art_0ce645460e54519df596b608cd95d1cb,ent_02349980bba8ce563cdf709f74f96fc1,MENTIONS
art_95e362a6c5213878542edcbfc0c7cafe,ent_02349980bba8ce563cdf709f74f96fc1,MENTIONS
art_fc75e225731df2f453d47260af6ad3cf,ent_d36b13410347d500de53637c8b77e430,MENTIONS
art_fc75e225731df2f453d47260af6ad3cf,ent_495afcb676206fea707516bc464d8f6e,MENTIONS
art_fc75e225731df2f453d47260af6ad3cf,ent_18dae9844c87e65830b434a8e696489f,MENTIONS
art_5d80b72e770e250804b141bb6d1ee60f,ent_0585370dfc155ad02f40b8c59efe394e,MENTIONS
art_5d80b72e770e250804b141bb6d1ee60f,ent_e40b0db17869b0e10ae7bb83d1466c83,MENTIONS
art_5d80b72e770e250804b141bb6d1ee60f,ent_6d3207d702c9dc917a10d34060bb5fb3,MENTIONS
art_5d80b72e770e250804b141bb6d1ee60f,ent_e9653a8c19240c61b4731ca7fc22bc9b,MENTIONS
art_489a1976806092e93e3c97829e71ae4e,ent_d432c6bbd7cef1b6d6697470c3cb47e2,MENTIONS
art_489a1976806092e93e3c97829e71ae4e,ent_452d4603c69c10351af6d307305f1e9c,MENTIONS
art_489a1976806092e93e3c97829e71ae4e,ent_8db63090de65ba48b4f3c76aae2643b7,MENTIONS
art_84dece001c701f1dc468f8030804fd2c,ent_6a22304f2f3b4d315ce31891df110b84,MENTIONS
art_84dece001c701f1dc468f8030804fd2c,ent_d36b13410347d500de53637c8b77e430,MENTIONS
art_84dece001c701f1dc468f8030804fd2c,ent_52c0c35c9211feb7e1d4dd4e7c9e14e1,MENTIONS
art_84dece001c701f1dc468f8030804fd2c,ent_02349980bba8ce563cdf709f74f96fc1,MENTIONS
art_ac80655ab83da9550571b4052d22cdd7,ent_b811f6fbcc433c5df4a77aad66b80c60,MENTIONS
art_ac80655ab83da9550571b4052d22cdd7,ent_fb51700804a4d7c5e8ae6814fade1f63,MENTIONS
art_ac80655ab83da9550571b4052d22cdd7,ent_fdab6f999d44612e40b3f9a2c91231cc,MENTIONS
art_ac80655ab83da9550571b4052d22cdd7,ent_ca1f9b7bc50e2730549c202ea871f0a1,MENTIONS
art_a92e7c13832b3346769524699708cec5,ent_84d541e36fb9cbdef6d6c6a9262cb2e3,MENTIONS
art_a92e7c13832b3346769524699708cec5,ent_634d30f1d295382071bc70b8e883717b,MENTIONS
art_a92e7c13832b3346769524699708cec5,ent_82b9c759777fe021c14258393cc1d935,MENTIONS
art_a92e7c13832b3346769524699708cec5,ent_2a6d3686110703bc69da3220c6ee6b5f,MENTIONS
art_a92e7c13832b3346769524699708cec5,ent_5e59ad66759572621fabc25e69be6f72,MENTIONS
art_3476c14d539d62d6de069eb6664adbe2,ent_864f0aa9ff2fe8ceab7df616d6ffcd79,MENTIONS
art_3476c14d539d62d6de069eb6664adbe2,ent_3a6dec86c9c6ed3adb122f77f5969a74,MENTIONS
art_3476c14d539d62d6de069eb6664adbe2,ent_c9d65b0c96cb21177b3c9c8b43a1b074,MENTIONS
art_3476c14d539d62d6de069eb6664adbe2,ent_4c134dc96743c65d035da4de3fff433d,MENTIONS
art_48ef257695f1635cec2422e6f7713193,ent_226a9421040b7f2d19e6a2ff542e6eac,MENTIONS
art_48ef257695f1635cec2422e6f7713193,ent_8fc8ab3ad07935fed647c37bcbba5fdd,MENTIONS
art_48ef257695f1635cec2422e6f7713193,ent_02349980bba8ce563cdf709f74f96fc1,MENTIONS
art_0963c7b93bb48d6d6ca3d6b8a3ab67ff,ent_02349980bba8ce563cdf709f74f96fc1,MENTIONS
art_0963c7b93bb48d6d6ca3d6b8a3ab67ff,ent_44f22d89c8f969f81fa642ac9aa6a9e0,MENTIONS
art_0963c7b93bb48d6d6ca3d6b8a3ab67ff,ent_d36b13410347d500de53637c8b77e430,MENTIONS
art_0963c7b93bb48d6d6ca3d6b8a3ab67ff,ent_adafd11128e9f209cb13a62c67f4a2b4,MENTIONS
art_21cce41dc4d5e7f94479df8ed83e289b,ent_5e59ad66759572621fabc25e69be6f72,MENTIONS
art_21cce41dc4d5e7f94479df8ed83e289b,ent_2a6d3686110703bc69da3220c6ee6b5f,MENTIONS
art_025d7b7d411471469e0f2f934bea0b3c,ent_3616f2d2158a75379c290d51cfa45b63,MENTIONS
art_025d7b7d411471469e0f2f934bea0b3c,ent_10c2a6e08763a277e39f87f0a6023ec6,MENTIONS
art_025d7b7d411471469e0f2f934bea0b3c,ent_2a427c2b9354cd82da9494324f84c1de,MENTIONS
art_025d7b7d411471469e0f2f934bea0b3c,ent_9d79e7c47126b0974649e38d86ab5d9e,MENTIONS
art_60f5801ba5bba532eb810a8c22f8d799,ent_da1e9bb07d45a750f011aabd2e8b7e8c,MENTIONS
art_60f5801ba5bba532eb810a8c22f8d799,ent_0947685db8b0cd4efea1e6aaa858f156,MENTIONS
art_60f5801ba5bba532eb810a8c22f8d799,ent_73cb9346d4c28ed7183e400772654b27,MENTIONS
art_60f5801ba5bba532eb810a8c22f8d799,ent_1b79de66b2a4d01aa2c850a117159b0e,MENTIONS
art_685c9d558526195339fec560695b87c3,ent_7cdfe2efced81fb87017a9c0ff04a609,MENTIONS
art_685c9d558526195339fec560695b87c3,ent_ba3ed7986b9aebf3ddb24e71aae8c7b7,MENTIONS
art_685c9d558526195339fec560695b87c3,ent_62afa23efc4094dca8b3091b1bc6e85b,MENTIONS
art_d7c5d366cf9806c5e761d97bc84e70fc,ent_1bcabc92f137d6ecb5223a0a932771d9,MENTIONS
art_d7c5d366cf9806c5e761d97bc84e70fc,ent_322ac4220d40a0f6de0bacf830826f49,MENTIONS
art_d7c5d366cf9806c5e761d97bc84e70fc,ent_939718a00177f4a7a8a8caf8e210b494,MENTIONS
art_d7c5d366cf9806c5e761d97bc84e70fc,ent_2a6d3686110703bc69da3220c6ee6b5f,MENTIONS
art_d7c5d366cf9806c5e761d97bc84e70fc,ent_7cdfe2efced81fb87017a9c0ff04a609,MENTIONS
art_d7c5d366cf9806c5e761d97bc84e70fc,ent_678340b2b94c337f0bb78181275b3238,MENTIONS
art_d7c5d366cf9806c5e761d97bc84e70fc,ent_5a7e16494888a8bebc43bff713c3086d,MENTIONS
art_09e7bdfacc2aeb89850851c19e9ef48b,ent_3e66247131124c27a0f6074d01ee8803,MENTIONS
art_09e7bdfacc2aeb89850851c19e9ef48b,ent_b9260d152ca6e1d61c38807f9a452f3c,MENTIONS
art_ae8a0ec11f9aa65c4c443284d87ac664,ent_0d05c98717c49eebbf5911089efc09d8,MENTIONS
art_ae8a0ec11f9aa65c4c443284d87ac664,ent_312642cda4a86945e21c6ab3175203ec,MENTIONS
art_0fe331c22b3bc66aa8aeeaf653e075fc,ent_45df412cbb6c78d74a3f9a512214bca2,MENTIONS
art_fe8e6d4ec3107f31660becfe0dfe25e5,ent_b7c256bc44311202925b30ad3dfdeda7,MENTIONS
art_fe8e6d4ec3107f31660becfe0dfe25e5,ent_1b7fd4cb35ca2fcdd6e8c7f254e02aa8,MENTIONS
art_fe8e6d4ec3107f31660becfe0dfe25e5,ent_d2a0adcf5a2844d5acc434f56b18557f,MENTIONS
art_fe8e6d4ec3107f31660becfe0dfe25e5,ent_5c16be9e157855c334eca58121082e56,MENTIONS
art_fe8e6d4ec3107f31660becfe0dfe25e5,ent_a592b4817707e00f5d2fc900c15f5228,MENTIONS
art_0299383f4cc49f1a31c692e9738cf06d,ent_9da0ab3c4dd6c335b87a5f170d0d805b,MENTIONS
art_72fe2444737e89aaab638cdffaa72c41,ent_0d05c98717c49eebbf5911089efc09d8,MENTIONS
art_9731b482ccae543e687b69658e56bf9d,ent_f44212854ad632799b08f02f1ef064c4,MENTIONS
art_9731b482ccae543e687b69658e56bf9d,ent_9db23f9e5bac1e80427120103d95c99f,MENTIONS
art_758c4d89cd16d38ce148661518b476c0,ent_98dcd17780a85d501cffab7a55a6e3f2,MENTIONS
art_758c4d89cd16d38ce148661518b476c0,ent_5c16be9e157855c334eca58121082e56,MENTIONS
art_d082cb72076de83697aaa3fa3b07a44a,ent_0d05c98717c49eebbf5911089efc09d8,MENTIONS
art_d082cb72076de83697aaa3fa3b07a44a,ent_73cb9346d4c28ed7183e400772654b27,MENTIONS
art_d082cb72076de83697aaa3fa3b07a44a,ent_312642cda4a86945e21c6ab3175203ec,MENTIONS
art_d082cb72076de83697aaa3fa3b07a44a,ent_9b239eae568274bb6701253ec440d2ca,MENTIONS
art_d082cb72076de83697aaa3fa3b07a44a,ent_214163861ed8ac3fdfdb4674bf5536af,MENTIONS
art_d082cb72076de83697aaa3fa3b07a44a,ent_d36b13410347d500de53637c8b77e430,MENTIONS
art_35d5337d3ad3230ca93840b5d3ed0673,ent_7cdfe2efced81fb87017a9c0ff04a609,MENTIONS
art_35d5337d3ad3230ca93840b5d3ed0673,ent_0585370dfc155ad02f40b8c59efe394e,MENTIONS
art_35d5337d3ad3230ca93840b5d3ed0673,ent_8480cdb29aec645d6a83afed094c4ad4,MENTIONS
art_35d5337d3ad3230ca93840b5d3ed0673,ent_e46a3e31eb0d81c60608c2a5b5369154,MENTIONS
art_35d5337d3ad3230ca93840b5d3ed0673,ent_fcec4dfb15d3b1bbca330f390cf0b345,MENTIONS
art_7eacba2528275251766d6c45bb7a9318,ent_bf0897b60f603482e11ce06d342330f9,MENTIONS
art_7eacba2528275251766d6c45bb7a9318,ent_b92dd2b1e045368a33e9ca095a0efb8e,MENTIONS
art_7eacba2528275251766d6c45bb7a9318,ent_f1fdfb69f2ee6566f882966f857153ea,MENTIONS
art_904f52a7179daa39a47d84554d388a54,ent_291a38b44ce7aac922862eb4926fda4d,MENTIONS
art_904f52a7179daa39a47d84554d388a54,ent_1b79de66b2a4d01aa2c850a117159b0e,MENTIONS
art_904f52a7179daa39a47d84554d388a54,ent_fae967752e92fd34a03d7291a4a27770,MENTIONS
art_91ebd8ed30c3e0cd167d7ec462ea0b72,ent_cc565cc9e67f11394c6bfa2c10ded8d9,MENTIONS
art_7e667213ec5be44484ccb486e0f4e4ad,ent_bea0c574d525f10b8a7aaf0dbb7edbc2,MENTIONS
art_7e667213ec5be44484ccb486e0f4e4ad,ent_2a6d3686110703bc69da3220c6ee6b5f,MENTIONS
art_7e667213ec5be44484ccb486e0f4e4ad,ent_9209f0f7e6aeb8b69bab77812bbd6fdf,MENTIONS
art_1a768d1841484b246eecfc4f08a9ec6e,ent_2064e4d9130c33a835356b2f4048a144,MENTIONS
art_1a768d1841484b246eecfc4f08a9ec6e,ent_02349980bba8ce563cdf709f74f96fc1,MENTIONS
art_1a768d1841484b246eecfc4f08a9ec6e,ent_c7f01a5faf8065ce054f501063a3b26c,MENTIONS
art_1a768d1841484b246eecfc4f08a9ec6e,ent_214163861ed8ac3fdfdb4674bf5536af,MENTIONS
art_88ff1cb34cdb137039fbda2692e8afdb,ent_1a74d15d3d33f0050936c655d4ce2200,MENTIONS
art_88ff1cb34cdb137039fbda2692e8afdb,ent_edc641d55be346730d71096cbd7722bc,MENTIONS
art_88ff1cb34cdb137039fbda2692e8afdb,ent_214163861ed8ac3fdfdb4674bf5536af,MENTIONS
art_88ff1cb34cdb137039fbda2692e8afdb,ent_312642cda4a86945e21c6ab3175203ec,MENTIONS
art_c7c9385ee8cb9347b9b3a6f65b050a60,ent_a37a4c452668fe4c7069d929dcfe155c,MENTIONS
art_c7c9385ee8cb9347b9b3a6f65b050a60,ent_d97e5866236224dbcfad6196e0054ec9,MENTIONS
art_c17a8af6e749e4329ff024f74df35668,ent_0d05c98717c49eebbf5911089efc09d8,MENTIONS
art_c17a8af6e749e4329ff024f74df35668,ent_312642cda4a86945e21c6ab3175203ec,MENTIONS
art_c17a8af6e749e4329ff024f74df35668,ent_e49d5c73f7adbc410e5a4df31a862abb,MENTIONS
art_c17a8af6e749e4329ff024f74df35668,ent_7fe461592c31b7bf33bf11d21d306ea0,MENTIONS
art_c17a8af6e749e4329ff024f74df35668,ent_1e81f1ff2acf8ca28f440f4b7d04d0dd,MENTIONS
art_c17a8af6e749e4329ff024f74df35668,ent_b03a6f3bd564ab188b74742ad43dc1e3,MENTIONS
art_87f73b123f1db9df29c970e345b32cee,ent_78a96bb60fce6931d910d8b05b4b5229,MENTIONS
art_87f73b123f1db9df29c970e345b32cee,ent_2a6d3686110703bc69da3220c6ee6b5f,MENTIONS
art_87f73b123f1db9df29c970e345b32cee,ent_6bac619c34abd5bb1471edf26af3d67d,MENTIONS
art_87f73b123f1db9df29c970e345b32cee,ent_856b9688ff8268ba978464e095f35f21,MENTIONS
art_e0aea1bc73d6e0276dcecd4ee1230c1a,ent_ad9a7a2dba4c9b7c586cabba310522eb,MENTIONS
art_e0aea1bc73d6e0276dcecd4ee1230c1a,ent_e433a0ae69c329034bcae5ca06d07bbe,MENTIONS
art_e0aea1bc73d6e0276dcecd4ee1230c1a,ent_2b4da846ceb3fb791e7085aff5e20a1b,MENTIONS
art_ce16a763bda4cb0dc296f3906fc8e02f,ent_cf7ba29d93a72d5a7f571c07f0c1f97f,MENTIONS
art_ce16a763bda4cb0dc296f3906fc8e02f,ent_226a9421040b7f2d19e6a2ff542e6eac,MENTIONS
art_ce16a763bda4cb0dc296f3906fc8e02f,ent_fcec4dfb15d3b1bbca330f390cf0b345,MENTIONS
art_ce16a763bda4cb0dc296f3906fc8e02f,ent_05cde10086f8cf0373573fe48e24e170,MENTIONS
art_179f2b8ee15cbe5c683037761ff30e79,ent_226a9421040b7f2d19e6a2ff542e6eac,MENTIONS
art_179f2b8ee15cbe5c683037761ff30e79,ent_5d2320fbc8e77064bfabdb72f2a6cada,MENTIONS
art_179f2b8ee15cbe5c683037761ff30e79,ent_0ed65acc6bf739200bcf4427330216d0,MENTIONS
art_bf077e625831c4138ea2f64c80858327,ent_295428b849f26bd2c30108670c1d4e43,MENTIONS
art_bf077e625831c4138ea2f64c80858327,ent_7cdfe2efced81fb87017a9c0ff04a609,MENTIONS
art_bf077e625831c4138ea2f64c80858327,ent_8480cdb29aec645d6a83afed094c4ad4,MENTIONS
art_bf077e625831c4138ea2f64c80858327,ent_692c78ba8c871ee57cf295425a7bac83,MENTIONS
art_6828a348a2afdaefc1365e087301b996,ent_638d344b80b5ff90e19946c1d56c201e,MENTIONS
art_6828a348a2afdaefc1365e087301b996,ent_f20011e5270666592304898988523261,MENTIONS
art_6828a348a2afdaefc1365e087301b996,ent_716df08c515f2714d16ec2ac109371be,MENTIONS
art_6828a348a2afdaefc1365e087301b996,ent_0ec3b668ce44e764f906dd04f26f048f,MENTIONS
art_25dc592b0097af8f2204131492fa0687,ent_b7d83eed2f7b0c775623610ac5069b17,MENTIONS
art_25dc592b0097af8f2204131492fa0687,ent_45df412cbb6c78d74a3f9a512214bca2,MENTIONS
art_25dc592b0097af8f2204131492fa0687,ent_e1ad2f39c3573afed2f17c2667cf55e4,MENTIONS
art_53ada0480b9d985177fa4aee0161dd44,ent_520879b12184eff55794745908a761c2,MENTIONS
art_53ada0480b9d985177fa4aee0161dd44,ent_6138422e0c7d08baf7245c98cab94a92,MENTIONS
art_53ada0480b9d985177fa4aee0161dd44,ent_39c6f156f4f131c62376791809be2c74,MENTIONS
art_53ada0480b9d985177fa4aee0161dd44,ent_2a6d3686110703bc69da3220c6ee6b5f,MENTIONS
art_53ada0480b9d985177fa4aee0161dd44,ent_59f26fd53a72db715894b5ef4c30c6f8,MENTIONS
art_53ada0480b9d985177fa4aee0161dd44,ent_8d9b21c3ab0a42c1174172648147b824,MENTIONS
art_53ada0480b9d985177fa4aee0161dd44,ent_634d30f1d295382071bc70b8e883717b,MENTIONS
art_89bfb2dd689d52c0ce9f4e775b287349,ent_cd328ac8eada9af6a292984594dba2c9,MENTIONS
art_89bfb2dd689d52c0ce9f4e775b287349,ent_3e66247131124c27a0f6074d01ee8803,MENTIONS
art_89bfb2dd689d52c0ce9f4e775b287349,ent_3900ad3c25a6d477c78287ed917519cb,MENTIONS
art_89bfb2dd689d52c0ce9f4e775b287349,ent_e1aa27557fc873c9cd1ef326424a6fef,MENTIONS
art_89bfb2dd689d52c0ce9f4e775b287349,ent_ba78776772d7362012b17294d1a5ec8c,MENTIONS
art_89bfb2dd689d52c0ce9f4e775b287349,ent_b9260d152ca6e1d61c38807f9a452f3c,MENTIONS
art_1b0836687caefa007792a6b9ea1b22db,ent_2001f0e66b7b810ebc2624f8a79a45e4,MENTIONS
art_1b0836687caefa007792a6b9ea1b22db,ent_db49657001d3a859a08eec0dd4475722,MENTIONS
art_1b0836687caefa007792a6b9ea1b22db,ent_6df0730d78dc1e8b4499997d17c7f8e6,MENTIONS
art_1b0836687caefa007792a6b9ea1b22db,ent_a8deac9d517fc0fd2ad6f05328be9830,MENTIONS
art_1b0836687caefa007792a6b9ea1b22db,ent_278ea3da10b14c355aa4285eb3564626,MENTIONS
art_78184201f3295d4eeaa4391e5f52d08f,ent_183bd64c6fc43113b151a26ffb0dca15,MENTIONS
art_78184201f3295d4eeaa4391e5f52d08f,ent_14699376b3cfd3c52cdfdc6c5ad3b2de,MENTIONS
art_78184201f3295d4eeaa4391e5f52d08f,ent_f6552110d57f67ddb3a47ac4f47599fe,MENTIONS
art_78184201f3295d4eeaa4391e5f52d08f,ent_620804aa1024cf2f07a98c1a559199b1,MENTIONS
art_225e4d554993c3b710dcea69c1b16b56,ent_02349980bba8ce563cdf709f74f96fc1,MENTIONS
art_225e4d554993c3b710dcea69c1b16b56,ent_2a6d3686110703bc69da3220c6ee6b5f,MENTIONS
art_225e4d554993c3b710dcea69c1b16b56,ent_6881b07bf8632c8f4d4788773f16a30f,MENTIONS
art_225e4d554993c3b710dcea69c1b16b56,ent_d36b13410347d500de53637c8b77e430,MENTIONS
art_0a2af4a61d0d9020f8c30150784d3f89,ent_21c003acfb75ace8e632ace76db02be8,MENTIONS
art_0a2af4a61d0d9020f8c30150784d3f89,ent_9a159e67c410e35524638533d8e84782,MENTIONS
art_0a2af4a61d0d9020f8c30150784d3f89,ent_afeb42466cf007c00275e362a1198cb1,MENTIONS
art_0a2af4a61d0d9020f8c30150784d3f89,ent_a889f5fc1a26c3ac0ecec14a724bf2f6,MENTIONS
art_7bedb4b365fed3fe6488f916bb8ed645,ent_2001f0e66b7b810ebc2624f8a79a45e4,MENTIONS
art_7bedb4b365fed3fe6488f916bb8ed645,ent_db49657001d3a859a08eec0dd4475722,MENTIONS
art_7bedb4b365fed3fe6488f916bb8ed645,ent_78d97fc81d52dc0451117de58f5dcaf6,MENTIONS
art_2998ee3c1f2b44fe3f762148d193c06c,ent_02349980bba8ce563cdf709f74f96fc1,MENTIONS
art_2998ee3c1f2b44fe3f762148d193c06c,ent_6d3207d702c9dc917a10d34060bb5fb3,MENTIONS
art_2998ee3c1f2b44fe3f762148d193c06c,ent_3a2918de879bbfb39c7bd80124412985,MENTIONS
art_aec0637044c2729e59b9238c3da3878e,ent_edb82d9e724eb11669a36d3e8d6c8038,MENTIONS
art_aec0637044c2729e59b9238c3da3878e,ent_183bd64c6fc43113b151a26ffb0dca15,MENTIONS
art_aec0637044c2729e59b9238c3da3878e,ent_a535d980f80d61f5d1e5e6f860b38584,MENTIONS
art_aec0637044c2729e59b9238c3da3878e,ent_4ad0b0891cba24cb598e3e47a48e8070,MENTIONS
art_aec0637044c2729e59b9238c3da3878e,ent_678340b2b94c337f0bb78181275b3238,MENTIONS
art_7d74cd514ecdea73b7470c9610c3d0e6,ent_ed9825b71ab17b34dbfd21273cf6e34b,MENTIONS
art_7d74cd514ecdea73b7470c9610c3d0e6,ent_5c16be9e157855c334eca58121082e56,MENTIONS
art_7d74cd514ecdea73b7470c9610c3d0e6,ent_bb2c230a43c9a9d200d6868a106dcc18,MENTIONS
art_cb68bba4c91c2e9efda088dbecd5042f,ent_690071852aa4dabcbb67c7b7ec0c60f5,MENTIONS
art_2332cd17974700fee4a6838daf12e468,ent_ab8589379061c52ffe09212f4f8eda6b,MENTIONS
art_2332cd17974700fee4a6838daf12e468,ent_0623056192b50389f0afacc59c78de9e,MENTIONS
art_8705b4d7d4f6ae1f4f325dee98e0b4b6,ent_02349980bba8ce563cdf709f74f96fc1,MENTIONS
art_8705b4d7d4f6ae1f4f325dee98e0b4b6,ent_edc641d55be346730d71096cbd7722bc,MENTIONS
art_8705b4d7d4f6ae1f4f325dee98e0b4b6,ent_b82afb690cc79e8d6ddf4f691251c28c,MENTIONS
art_3c47055783b331ae402ad7e15df83ea0,ent_0d05c98717c49eebbf5911089efc09d8,MENTIONS
art_3c47055783b331ae402ad7e15df83ea0,ent_0585370dfc155ad02f40b8c59efe394e,MENTIONS
art_3c47055783b331ae402ad7e15df83ea0,ent_312642cda4a86945e21c6ab3175203ec,MENTIONS
art_3c47055783b331ae402ad7e15df83ea0,ent_939718a00177f4a7a8a8caf8e210b494,MENTIONS
art_3c47055783b331ae402ad7e15df83ea0,ent_41804855ced37872ecf25fefb39adfa9,MENTIONS
art_e084316bc8eb105982fd5c584da42b0c,ent_cd328ac8eada9af6a292984594dba2c9,MENTIONS
art_e084316bc8eb105982fd5c584da42b0c,ent_3e66247131124c27a0f6074d01ee8803,MENTIONS
art_e084316bc8eb105982fd5c584da42b0c,ent_3900ad3c25a6d477c78287ed917519cb,MENTIONS
art_e084316bc8eb105982fd5c584da42b0c,ent_8bb4538ce06736290dd4142ce9392c11,MENTIONS
art_e084316bc8eb105982fd5c584da42b0c,ent_1690b441205a9ec69574163792a7324b,MENTIONS
art_e084316bc8eb105982fd5c584da42b0c,ent_153548a9b3e931806f33fa3e8c87ea3d,MENTIONS
art_e084316bc8eb105982fd5c584da42b0c,ent_3108eb6d18c65e70d584aa66e1528379,MENTIONS
art_7ef00f0d659114d2d21c670e01448c04,ent_05cde10086f8cf0373573fe48e24e170,MENTIONS
art_7ef00f0d659114d2d21c670e01448c04,ent_499166735ad8bf9b19b73411e0466e7b,MENTIONS
art_7ef00f0d659114d2d21c670e01448c04,ent_1c46cd525ebf94348a38fd30cdaa37e4,MENTIONS
art_7ef00f0d659114d2d21c670e01448c04,ent_e683a86d47c118b26bb069498669762e,MENTIONS
art_75cd4fc4fa46b8b64410c432e04021ea,ent_3de653d55d776ea6e38148b7d10e39c0,MENTIONS
art_75cd4fc4fa46b8b64410c432e04021ea,ent_05cde10086f8cf0373573fe48e24e170,MENTIONS
art_75cd4fc4fa46b8b64410c432e04021ea,ent_fe60a6c64f4797bb973018d0f8cf7747,MENTIONS
art_75cd4fc4fa46b8b64410c432e04021ea,ent_8d3d17b3744d413b7f2d218b9199676d,MENTIONS
art_0a67d71c427cf4ad8af00f323a64740a,ent_0d05c98717c49eebbf5911089efc09d8,MENTIONS
art_0a67d71c427cf4ad8af00f323a64740a,ent_2a6d3686110703bc69da3220c6ee6b5f,MENTIONS
art_0a67d71c427cf4ad8af00f323a64740a,ent_c6da28f9f980eecb145ff7dbcd6c2bd1,MENTIONS
art_0a67d71c427cf4ad8af00f323a64740a,ent_392ea77ef5723b7d409b12c8a9810d5d,MENTIONS
art_0a67d71c427cf4ad8af00f323a64740a,ent_e90ab5a01509143abcd2888563f63002,MENTIONS
art_cd3804bd31011db0e6065dfe204972a5,ent_1bcabc92f137d6ecb5223a0a932771d9,MENTIONS
art_cd3804bd31011db0e6065dfe204972a5,ent_2b4da846ceb3fb791e7085aff5e20a1b,MENTIONS
art_da3400bc8720c8d922df4e9d466fa874,ent_1d8619a0f114f1380f0ec18621ccea96,MENTIONS
art_da3400bc8720c8d922df4e9d466fa874,ent_f403202b8bb2f14deadc629bad6b3aff,MENTIONS
art_da3400bc8720c8d922df4e9d466fa874,ent_90e458fd61d46d1fdc140234e06d44f4,MENTIONS
art_da3400bc8720c8d922df4e9d466fa874,ent_7ba3ee3f4f1d007657b723ee285daedf,MENTIONS
art_b9e3d433ec6329a127a58aaaabdff772,ent_6bac619c34abd5bb1471edf26af3d67d,MENTIONS
art_b9e3d433ec6329a127a58aaaabdff772,ent_36030635e3ecfc9d94c27ee853e9890e,MENTIONS
art_b4dda25d9c458fb8484f21d8564b9742,ent_bffa0fa1dc249b4c23b910ba561c721f,MENTIONS
art_b4dda25d9c458fb8484f21d8564b9742,ent_943636b941dc2a7ad3e03d1b8abca511,MENTIONS
art_b4dda25d9c458fb8484f21d8564b9742,ent_14699376b3cfd3c52cdfdc6c5ad3b2de,MENTIONS
art_b4dda25d9c458fb8484f21d8564b9742,ent_0eba5b8b045d8b9914ebbe91f4f34ae3,MENTIONS
art_b4dda25d9c458fb8484f21d8564b9742,ent_2d096219500285ee8d314e4cfc9df54a,MENTIONS
art_62fdc92ba31e2b957c9ae12fa9d5e8f5,ent_686283728d7c6df9659092d0a8ef3e2e,MENTIONS
art_62fdc92ba31e2b957c9ae12fa9d5e8f5,ent_209a2c82f3e9cb5a6285c934cc25c282,MENTIONS
art_62fdc92ba31e2b957c9ae12fa9d5e8f5,ent_0d49a53868b32e2474c88d3bd3f0cf3d,MENTIONS
art_62fdc92ba31e2b957c9ae12fa9d5e8f5,ent_77e79e4f9434edd84992dfa7c2264986,MENTIONS
art_542fb0c0535e66fa391b91b27ccd3790,ent_638d344b80b5ff90e19946c1d56c201e,MENTIONS
art_542fb0c0535e66fa391b91b27ccd3790,ent_72faa439b5a81ecac1710c53430dd142,MENTIONS
art_eda34b8f8afcb8bf57a8a563daf9a381,ent_63b93a62d9110b650e60ea401a342af2,MENTIONS
art_eda34b8f8afcb8bf57a8a563daf9a381,ent_b413b0f80b8d06ff291ed5a8fcd6db8c,MENTIONS
art_eda34b8f8afcb8bf57a8a563daf9a381,ent_331296d9a0c2d788d89a9902179d8712,MENTIONS
art_eda34b8f8afcb8bf57a8a563daf9a381,ent_d36b13410347d500de53637c8b77e430,MENTIONS
art_eda34b8f8afcb8bf57a8a563daf9a381,ent_02349980bba8ce563cdf709f74f96fc1,MENTIONS
art_df27011e57433253d344cbecf8e0352b,ent_6bac619c34abd5bb1471edf26af3d67d,MENTIONS
art_df27011e57433253d344cbecf8e0352b,ent_bf80892f3d6b4f9fb4431512d0d93f45,MENTIONS
art_df27011e57433253d344cbecf8e0352b,ent_28028fc0f52145a3c21814aa1fc0a81e,MENTIONS
art_8541ae5c0feff6740a545b89c0b1dfca,ent_e065789721452322e899c635cff72f53,MENTIONS
art_8541ae5c0feff6740a545b89c0b1dfca,ent_a5b3427f5e8b3883d13eeaedbda4bc2f,MENTIONS
art_8541ae5c0feff6740a545b89c0b1dfca,ent_0ae18fb924d695c4014fbd1b03535ef3,MENTIONS
art_8541ae5c0feff6740a545b89c0b1dfca,ent_9601099c2337304b764acce233c56fae,MENTIONS
art_8541ae5c0feff6740a545b89c0b1dfca,ent_fb9a174187b8bee0618e419361a3e5e9,MENTIONS
art_352127e00589fae9e7fb5a359f662c68,ent_6aa7cbb3eaafb3aac81464a639b86e23,MENTIONS
art_352127e00589fae9e7fb5a359f662c68,ent_20979b5c66747ce5af84d5d1987ca250,MENTIONS
art_be899ecb886b12da730bb188621cb9dc,ent_0eba5b8b045d8b9914ebbe91f4f34ae3,MENTIONS
art_be899ecb886b12da730bb188621cb9dc,ent_b1c642b4d4ee2d1e65e77a016b6782b7,MENTIONS
art_4387cb73f8204db176a7fe66df6bf2fd,ent_d070c6aca0bc8101a6172ac643228e86,MENTIONS
art_4387cb73f8204db176a7fe66df6bf2fd,ent_3f8d31a710d647fdb65b5881a0c2c9c8,MENTIONS
art_72e76ae637eeba74c0a26109572864b5,ent_0d05c98717c49eebbf5911089efc09d8,MENTIONS
art_72e76ae637eeba74c0a26109572864b5,ent_9c5fc5a3dab937c6463b6844e13b29c8,MENTIONS
art_72e76ae637eeba74c0a26109572864b5,ent_4f0548c1b699c374fa247ec80e8c353a,MENTIONS
art_72e76ae637eeba74c0a26109572864b5,ent_0585370dfc155ad02f40b8c59efe394e,MENTIONS
art_72e76ae637eeba74c0a26109572864b5,ent_312642cda4a86945e21c6ab3175203ec,MENTIONS
art_ad28d4c4bf7faac8f47fd200c9e28272,ent_ed08459e474f1553ec0c17aafbc5832e,MENTIONS
art_ad28d4c4bf7faac8f47fd200c9e28272,ent_598e458b13d1d1e1cb10736d9ecda9d6,MENTIONS
art_ad28d4c4bf7faac8f47fd200c9e28272,ent_49d577e8afb4f1b255d41f657dab1a6e,MENTIONS
art_46d697e70011c2646021b445df39d890,ent_7a397849c461b214ab2c3520e9c659ff,MENTIONS
art_46d697e70011c2646021b445df39d890,ent_3ea5d0a8da7d1eb75ed7c17ee6b00969,MENTIONS
art_46d697e70011c2646021b445df39d890,ent_baead6e31c3d482daf5553aa36635073,MENTIONS
art_46d697e70011c2646021b445df39d890,ent_b12da6f7762cc0ccc160b84b5d4845c5,MENTIONS
art_46d697e70011c2646021b445df39d890,ent_13e8081dd8a5f9efcb8e79d4334fb69d,MENTIONS
art_86a54e379e7c3099499fbefa8c7205ac,ent_2a6d3686110703bc69da3220c6ee6b5f,MENTIONS
art_86a54e379e7c3099499fbefa8c7205ac,ent_61d0b6025291d3f4e57c4c8f5a5a24a8,MENTIONS
art_86a54e379e7c3099499fbefa8c7205ac,ent_665a3ef0712244aa786b256332723213,MENTIONS
art_556cf534cc09542482071b0527b1c543,ent_d36b13410347d500de53637c8b77e430,MENTIONS
art_556cf534cc09542482071b0527b1c543,ent_f499d2750bb25c459879ef36b7ca1ae1,MENTIONS
art_556cf534cc09542482071b0527b1c543,ent_c7dbd1f9e731fcc7004a2e3a3ca3a3c1,MENTIONS
art_556cf534cc09542482071b0527b1c543,ent_3a2918de879bbfb39c7bd80124412985,MENTIONS
art_556cf534cc09542482071b0527b1c543,ent_312642cda4a86945e21c6ab3175203ec,MENTIONS
art_1c529c4674730c10cbfa827e2a65dc0d,ent_312642cda4a86945e21c6ab3175203ec,MENTIONS
art_1c529c4674730c10cbfa827e2a65dc0d,ent_b413b0f80b8d06ff291ed5a8fcd6db8c,MENTIONS
art_1c529c4674730c10cbfa827e2a65dc0d,ent_97c0baf0167ec035aef378b7a4a636d7,MENTIONS
art_8379c2c3a8d99c8824e26943ed7093e0,ent_0d05c98717c49eebbf5911089efc09d8,MENTIONS
art_8379c2c3a8d99c8824e26943ed7093e0,ent_f2469d62bb245073a0040c733b6f1784,MENTIONS
art_8379c2c3a8d99c8824e26943ed7093e0,ent_312642cda4a86945e21c6ab3175203ec,MENTIONS
art_8379c2c3a8d99c8824e26943ed7093e0,ent_214163861ed8ac3fdfdb4674bf5536af,MENTIONS
art_be4b33e30cae54089e258d54f75294c7,ent_5c16be9e157855c334eca58121082e56,MENTIONS
art_be4b33e30cae54089e258d54f75294c7,ent_2b4da846ceb3fb791e7085aff5e20a1b,MENTIONS
art_be4b33e30cae54089e258d54f75294c7,ent_3a237176a56237e8205f42483b5ceb23,MENTIONS
art_5a4ebb5dc5bcbbf16ef421b1cede72a0,ent_72f2308efca36beaa95890e757313d7f,MENTIONS
art_5a4ebb5dc5bcbbf16ef421b1cede72a0,ent_a23de424f78c101f3b157464d8e6a9c4,MENTIONS
art_5a4ebb5dc5bcbbf16ef421b1cede72a0,ent_20c727e9686e65ccf14fee2431bb0cd7,MENTIONS
art_5a4ebb5dc5bcbbf16ef421b1cede72a0,ent_249e9167ba5ffbdf59428f6a4919ed9a,MENTIONS
art_5a4ebb5dc5bcbbf16ef421b1cede72a0,ent_70875d2c0082c02d4bb62aaa96a7cda8,MENTIONS
art_97182c4f0ae53882c9b0c452169cdc42,ent_2001f0e66b7b810ebc2624f8a79a45e4,MENTIONS
art_97182c4f0ae53882c9b0c452169cdc42,ent_db49657001d3a859a08eec0dd4475722,MENTIONS
art_97182c4f0ae53882c9b0c452169cdc42,ent_4e61ebaa922d8e316bcd007752756ab6,MENTIONS
art_97182c4f0ae53882c9b0c452169cdc42,ent_eb95e1bf1a336f3caa1a0520645cade5,MENTIONS
art_97182c4f0ae53882c9b0c452169cdc42,ent_05f2a9d802e0eadc7d4f3075cef990ed,MENTIONS
art_24d134225e5a77de21b23c5068c97579,ent_e1c4c440c09dbad978eb2843684bac75,MENTIONS
art_24d134225e5a77de21b23c5068c97579,ent_a6babeb65bf2d28d8cd1a5eb1945eb53,MENTIONS
art_24d134225e5a77de21b23c5068c97579,ent_cb5ceee40a3bf26987886ae8a5d3a83b,MENTIONS
art_24d134225e5a77de21b23c5068c97579,ent_57d980e4d6ce81b07f921368c737d125,MENTIONS
art_0a265d7540d1798070e22a14e345966a,ent_638d344b80b5ff90e19946c1d56c201e,MENTIONS
art_0a265d7540d1798070e22a14e345966a,ent_164046a5aab6dd6bf793a0c573679eb9,MENTIONS
art_0a265d7540d1798070e22a14e345966a,ent_2a38a6aa6cfe1412fdf7070c7727bb54,MENTIONS
art_df592cb916cba0f6a63b3bb531953b81,ent_3de653d55d776ea6e38148b7d10e39c0,MENTIONS
art_df592cb916cba0f6a63b3bb531953b81,ent_cf7ba29d93a72d5a7f571c07f0c1f97f,MENTIONS
art_e6825c86882569055f89d4ed1c2cbe83,ent_6a22304f2f3b4d315ce31891df110b84,MENTIONS
art_e6825c86882569055f89d4ed1c2cbe83,ent_9c5fc5a3dab937c6463b6844e13b29c8,MENTIONS
art_e6825c86882569055f89d4ed1c2cbe83,ent_bd601127da5f20bbe569cdefc69e98e3,MENTIONS
art_e6825c86882569055f89d4ed1c2cbe83,ent_ca24cd0ece19108c22c67b06d81c026e,MENTIONS
art_e6825c86882569055f89d4ed1c2cbe83,ent_a29a4e7f49602a177f7e0f2f738d6a47,MENTIONS
art_e6825c86882569055f89d4ed1c2cbe83,ent_6d3207d702c9dc917a10d34060bb5fb3,MENTIONS
art_e6825c86882569055f89d4ed1c2cbe83,ent_d36b13410347d500de53637c8b77e430,MENTIONS
art_e6825c86882569055f89d4ed1c2cbe83,ent_d0f8de160fc0c017d61c94b859de9cc8,MENTIONS
art_774a1d6ffdd194d9d91ebc60c1797a69,ent_0d05c98717c49eebbf5911089efc09d8,MENTIONS
art_774a1d6ffdd194d9d91ebc60c1797a69,ent_ce20e0a54675f6d5ade1ee0da63144d9,MENTIONS
art_774a1d6ffdd194d9d91ebc60c1797a69,ent_7fe461592c31b7bf33bf11d21d306ea0,MENTIONS
art_c9ab86ad7cbf71f068028675c71e5bb1,ent_02349980bba8ce563cdf709f74f96fc1,MENTIONS
art_c9ab86ad7cbf71f068028675c71e5bb1,ent_d1f64bc475e40fff8275e5dd925398f6,MENTIONS
art_c9ab86ad7cbf71f068028675c71e5bb1,ent_312642cda4a86945e21c6ab3175203ec,MENTIONS
art_c9ab86ad7cbf71f068028675c71e5bb1,ent_44f22d89c8f969f81fa642ac9aa6a9e0,MENTIONS
art_1d7da484a174eaaafb262e2a5153744b,ent_081ab5587c9bfea84ea9c78e9442a41e,MENTIONS
art_1d7da484a174eaaafb262e2a5153744b,ent_225d1ab6c188dc8f8cae8cb8e07be581,MENTIONS
art_1d7da484a174eaaafb262e2a5153744b,ent_943636b941dc2a7ad3e03d1b8abca511,MENTIONS
art_1d7da484a174eaaafb262e2a5153744b,ent_36030635e3ecfc9d94c27ee853e9890e,MENTIONS
art_1d7da484a174eaaafb262e2a5153744b,ent_6bac619c34abd5bb1471edf26af3d67d,MENTIONS
art_5c0b2b8c2953faff22161706a8167760,ent_72bee79e80390a3429c8f3547542a4f3,MENTIONS
art_5c0b2b8c2953faff22161706a8167760,ent_92fac42844165d10d7997368d174d44c,MENTIONS
art_5c0b2b8c2953faff22161706a8167760,ent_6bac619c34abd5bb1471edf26af3d67d,MENTIONS
art_60938eaa328051f3a26245510a5c0960,ent_fd5b34ab948481a155109d5b6e6b891f,MENTIONS
art_60938eaa328051f3a26245510a5c0960,ent_3178e8dc843daec23f911de728088b61,MENTIONS
art_60938eaa328051f3a26245510a5c0960,ent_d63408c961ddd31172bfdf38890945e6,MENTIONS
art_60938eaa328051f3a26245510a5c0960,ent_bfc0b127104950b9987361295fed3c58,MENTIONS
art_60938eaa328051f3a26245510a5c0960,ent_2a6d3686110703bc69da3220c6ee6b5f,MENTIONS
art_a0f0ae8acc8edede95ec9e2d380660f2,ent_2a6d3686110703bc69da3220c6ee6b5f,MENTIONS
art_a0f0ae8acc8edede95ec9e2d380660f2,ent_e1aa27557fc873c9cd1ef326424a6fef,MENTIONS
art_a0f0ae8acc8edede95ec9e2d380660f2,ent_6c581a9be9229e3c92935f0e6164efdc,MENTIONS
art_d22a649dcac19b716034d8315f04772e,ent_39903678141b2469f54812b20a41141a,MENTIONS
art_d22a649dcac19b716034d8315f04772e,ent_240bc24081d1ddee492f61af738cb180,MENTIONS
art_d22a649dcac19b716034d8315f04772e,ent_183bd64c6fc43113b151a26ffb0dca15,MENTIONS
art_1e07646e4017d6e93ba04eb23045783d,ent_b413b0f80b8d06ff291ed5a8fcd6db8c,MENTIONS
art_e7343dccc5e67a8bc51c784243cd1674,ent_233c55bf40d2da4c16f504b2c86c8c69,MENTIONS
art_e7343dccc5e67a8bc51c784243cd1674,ent_04d52ee417b46ebd3102434a3a3cffe3,MENTIONS
art_d4e159d2b9bad20af804f10eb3b18771,ent_b413b0f80b8d06ff291ed5a8fcd6db8c,MENTIONS
art_d4e159d2b9bad20af804f10eb3b18771,ent_be3ba5413c2f8163188362795de499a7,MENTIONS
art_334cc223b7ab04a821bb1fb43da81804,ent_f74c95579e5b3dacbe65e58ca95dd199,MENTIONS
art_334cc223b7ab04a821bb1fb43da81804,ent_7b1c16f3e65c26f99ac1e5ddac60051b,MENTIONS
art_334cc223b7ab04a821bb1fb43da81804,ent_d8c4c9e46b9ae0ad1ebcd805fec30f5a,MENTIONS
art_334cc223b7ab04a821bb1fb43da81804,ent_ba8016364189655ce1430c7a754f4158,MENTIONS
art_334cc223b7ab04a821bb1fb43da81804,ent_d319f825ca8c0ad9ffc808265358f720,MENTIONS
art_334cc223b7ab04a821bb1fb43da81804,ent_2d4199e01f6a4ea58281aec457c8cd65,MENTIONS
art_334cc223b7ab04a821bb1fb43da81804,ent_b49d49a600a0f297d05ef519465645f1,MENTIONS
art_f810eeaf31633a953bfabd1c06442627,ent_abec4bc8602dc9e9c9accd3e32cbe230,MENTIONS
art_f810eeaf31633a953bfabd1c06442627,ent_d36b13410347d500de53637c8b77e430,MENTIONS
art_f810eeaf31633a953bfabd1c06442627,ent_6d3207d702c9dc917a10d34060bb5fb3,MENTIONS
art_f810eeaf31633a953bfabd1c06442627,ent_11a95db333e680fb0fb1326f32b34284,MENTIONS
art_355995e4284123d36774f4e39d8f1c0a,ent_0d05c98717c49eebbf5911089efc09d8,MENTIONS
art_355995e4284123d36774f4e39d8f1c0a,ent_02349980bba8ce563cdf709f74f96fc1,MENTIONS
art_355995e4284123d36774f4e39d8f1c0a,ent_3772935531ff312176855fb68364ea90,MENTIONS
art_355995e4284123d36774f4e39d8f1c0a,ent_b836e8e394abb4fd3f1c2a993093dd86,MENTIONS
art_355995e4284123d36774f4e39d8f1c0a,ent_312642cda4a86945e21c6ab3175203ec,MENTIONS
art_80c719e074886143a1c4811b72f7c1d8,ent_f4b353430673bf6991b1066ffcaed865,MENTIONS
art_80c719e074886143a1c4811b72f7c1d8,ent_fbea4f6bf2668ffde97648f40e25d256,MENTIONS
art_80c719e074886143a1c4811b72f7c1d8,ent_bb09d402ca5579e1a46ddbf784c8b435,MENTIONS
art_2e07ae935cd08dc395cd136a3b40823f,ent_4ef5a235683d80b84470146fc92e1a75,MENTIONS
art_2e07ae935cd08dc395cd136a3b40823f,ent_ce92664632a2a8ec1da6f819058d561d,MENTIONS
art_2e07ae935cd08dc395cd136a3b40823f,ent_45788fae43150c1f32759b5daddf7998,MENTIONS
art_6d9badf9c98e86cf95df15a5979a6a36,ent_35197dd517ba63bb2e8d8115493f5734,MENTIONS
art_6d9badf9c98e86cf95df15a5979a6a36,ent_02349980bba8ce563cdf709f74f96fc1,MENTIONS
art_6d9badf9c98e86cf95df15a5979a6a36,ent_214163861ed8ac3fdfdb4674bf5536af,MENTIONS
art_0c4ad9e2fd6c6380805fc0590a48c636,ent_08bda3afdf886239c16124a379e4375f,MENTIONS
art_0c4ad9e2fd6c6380805fc0590a48c636,ent_78d97fc81d52dc0451117de58f5dcaf6,MENTIONS
art_0c4ad9e2fd6c6380805fc0590a48c636,ent_db49657001d3a859a08eec0dd4475722,MENTIONS
art_0c4ad9e2fd6c6380805fc0590a48c636,ent_7982d664d6f15e662b2497e193ff2551,MENTIONS
art_0c4ad9e2fd6c6380805fc0590a48c636,ent_f3e8d35483387d3daf36ad089d741fb7,MENTIONS
art_0c4ad9e2fd6c6380805fc0590a48c636,ent_c771db0baefc7aff9a7e35b80dbc6262,MENTIONS
art_4633e11bdfa550e56effa4f4adc32a75,ent_6aa7cbb3eaafb3aac81464a639b86e23,MENTIONS
art_d0e958135d3eed97f0e58800323415f4,ent_7cdfe2efced81fb87017a9c0ff04a609,MENTIONS
art_0ce0a9a069632283e459be8717e00985,ent_02349980bba8ce563cdf709f74f96fc1,MENTIONS
art_0ce0a9a069632283e459be8717e00985,ent_f499d2750bb25c459879ef36b7ca1ae1,MENTIONS
art_0ce0a9a069632283e459be8717e00985,ent_27d1eee546ce5df437c80627025cc799,MENTIONS
art_0ce0a9a069632283e459be8717e00985,ent_edc641d55be346730d71096cbd7722bc,MENTIONS
art_0ce0a9a069632283e459be8717e00985,ent_214163861ed8ac3fdfdb4674bf5536af,MENTIONS
art_39d7272ef64f89a17176410a35411a6f,ent_e45aca878c6a10573981a204a3fb3a4c,MENTIONS
art_ab7ff4465e76076c2c8a349a81d93603,ent_841e920c94e4eccb9d70a175bcc0f16b,MENTIONS
art_ab7ff4465e76076c2c8a349a81d93603,ent_fd052f124437e736a94d07750158b30b,MENTIONS
art_c6d6b8b3229bfbbaadd312ea18e2dfde,ent_a3da4b5d2ca2a7783fe41f1f70365b01,MENTIONS
art_c6d6b8b3229bfbbaadd312ea18e2dfde,ent_0ae18fb924d695c4014fbd1b03535ef3,MENTIONS
art_c6d6b8b3229bfbbaadd312ea18e2dfde,ent_831571e1bcc3c67dfae72630d86445d4,MENTIONS
art_13a853e4a6f7b0dfd3005cba2b7f1b38,ent_bf80892f3d6b4f9fb4431512d0d93f45,MENTIONS
art_13a853e4a6f7b0dfd3005cba2b7f1b38,ent_2a6d3686110703bc69da3220c6ee6b5f,MENTIONS
art_2662f230aee4ac8d7620ce07c63e3d29,ent_b413b0f80b8d06ff291ed5a8fcd6db8c,MENTIONS
art_2662f230aee4ac8d7620ce07c63e3d29,ent_02349980bba8ce563cdf709f74f96fc1,MENTIONS
art_2662f230aee4ac8d7620ce07c63e3d29,ent_97650725f8e68a444540c0fc3e67c0cb,MENTIONS
art_2662f230aee4ac8d7620ce07c63e3d29,ent_edc641d55be346730d71096cbd7722bc,MENTIONS
art_66c7deb5428eda9793064c310be29c41,ent_2c7d43272eeb3267f4d37b92b3b1c6d0,MENTIONS
art_66c7deb5428eda9793064c310be29c41,ent_9dca8020e45f6ac7eb00b5a9cbb60435,MENTIONS
art_66c7deb5428eda9793064c310be29c41,ent_21c21ea069d8f6a574bbfac7121bca99,MENTIONS
art_66c7deb5428eda9793064c310be29c41,ent_73cb9346d4c28ed7183e400772654b27,MENTIONS
art_66c7deb5428eda9793064c310be29c41,ent_1a7f9c1b19b6b2ac7650bff7edef6871,MENTIONS
art_82bb60cc0d0ca9245b3c3b2856c3cefb,ent_39903678141b2469f54812b20a41141a,MENTIONS
art_82bb60cc0d0ca9245b3c3b2856c3cefb,ent_ced46722064c064cc0904ef3b343cd19,MENTIONS
art_82bb60cc0d0ca9245b3c3b2856c3cefb,ent_183bd64c6fc43113b151a26ffb0dca15,MENTIONS
art_82bb60cc0d0ca9245b3c3b2856c3cefb,ent_b10925b974cddf3d2c2b9bb51ace0409,MENTIONS
art_82bb60cc0d0ca9245b3c3b2856c3cefb,ent_fc2999320d79931e2f8aaf675f9f2c79,MENTIONS
art_17e0fae00a1fe6ede69507943ba161d4,ent_1e006ca68f1558e8f4cae2ffff11e8c8,MENTIONS
art_17e0fae00a1fe6ede69507943ba161d4,ent_d36b13410347d500de53637c8b77e430,MENTIONS
art_24b5e4ee1f2636e7b73d4f0a540869a2,ent_97d58d48dcc2f822a1805a869f24dfd9,MENTIONS
art_24b5e4ee1f2636e7b73d4f0a540869a2,ent_1498043a9063a6e70e3999f031935a00,MENTIONS
art_24b5e4ee1f2636e7b73d4f0a540869a2,ent_6bf57cbf156c62a5a592f3f83c2da7ce,MENTIONS
art_24b5e4ee1f2636e7b73d4f0a540869a2,ent_918f44c263961ee0e5f6f37da333ab4f,MENTIONS
art_24b5e4ee1f2636e7b73d4f0a540869a2,ent_489d310bf60156f84df7f5de2db3980b,MENTIONS
art_fbbac4d3437198a8d29feb3793768707,ent_3639de20c508a39a2852c770ceaadf97,MENTIONS
art_fbbac4d3437198a8d29feb3793768707,ent_9f80f885ab8d1fcc6314c814395168d5,MENTIONS
art_fbbac4d3437198a8d29feb3793768707,ent_5e33e95fc90227de9dbc12b25e5588aa,MENTIONS
art_fbbac4d3437198a8d29feb3793768707,ent_a6c6817d91c9699e1b94be63ae116b24,MENTIONS
art_fbbac4d3437198a8d29feb3793768707,ent_5970227211ebdaddd03b27a9dd9539fc,MENTIONS
art_d56a38f5e600a3d886117eb6c8dd8579,ent_8bdc81617f78825fb484ba9dd44d87cc,MENTIONS
art_d56a38f5e600a3d886117eb6c8dd8579,ent_7dd0be0c9e8204144f5fcf803572b8d5,MENTIONS
art_d56a38f5e600a3d886117eb6c8dd8579,ent_939718a00177f4a7a8a8caf8e210b494,MENTIONS
art_262ba33c144cfd16d0b1e8dedc0e854f,ent_9cd87f84d4bbd6897fe3fab1ccf8b268,MENTIONS
art_262ba33c144cfd16d0b1e8dedc0e854f,ent_ec5aad8d9d7c8225f1e3a5f90fb05e7f,MENTIONS
art_262ba33c144cfd16d0b1e8dedc0e854f,ent_1bcabc92f137d6ecb5223a0a932771d9,MENTIONS
art_df0bb5a75e00260b6f7ccc3d7c08f32c,ent_8b481b156306ef5fa89f184689ca08b0,MENTIONS
art_df0bb5a75e00260b6f7ccc3d7c08f32c,ent_d1f2384c4ab749c7bfd827ac0f64b222,MENTIONS
art_df0bb5a75e00260b6f7ccc3d7c08f32c,ent_1910cf6bd0549d06a4abd480b4086c54,MENTIONS
art_24bcadf694959d6425ad060a4d5797be,ent_4b089891c9c34c1fc6eb05344172bbef,MENTIONS
art_24bcadf694959d6425ad060a4d5797be,ent_2a6d3686110703bc69da3220c6ee6b5f,MENTIONS
art_347c0e27f5951fbe709ac3a094f89484,ent_20c727e9686e65ccf14fee2431bb0cd7,MENTIONS
art_347c0e27f5951fbe709ac3a094f89484,ent_648885e2d3dd7fff9a294850ee6b5ae3,MENTIONS
art_347c0e27f5951fbe709ac3a094f89484,ent_ae301d869cbe37acb145ed3385d8220d,MENTIONS
art_347c0e27f5951fbe709ac3a094f89484,ent_2b4da846ceb3fb791e7085aff5e20a1b,MENTIONS
art_347c0e27f5951fbe709ac3a094f89484,ent_c70700b5155ac7d7f30e22a9574bfdc8,MENTIONS
art_2639286514280fa84f5b0388eacdaf0c,ent_aa14c60fae4441d84e9d497640b8c6d0,MENTIONS
art_2639286514280fa84f5b0388eacdaf0c,ent_fbee099bce5e62b9a1789a2e700c860d,MENTIONS
art_2639286514280fa84f5b0388eacdaf0c,ent_f8c450cb11720fe620376ad3941a4af8,MENTIONS
art_2639286514280fa84f5b0388eacdaf0c,ent_4cbf091b669705c7179a4d66eb0f4b91,MENTIONS
art_b693d6a059f2bf49e85ee9e87bd3c7cf,ent_cb4b96df3c43711c8c0c79405cfa1cd0,MENTIONS
art_b693d6a059f2bf49e85ee9e87bd3c7cf,ent_5c4785964e9b2241c158c2f1be80e364,MENTIONS
art_b693d6a059f2bf49e85ee9e87bd3c7cf,ent_f20011e5270666592304898988523261,MENTIONS
art_b693d6a059f2bf49e85ee9e87bd3c7cf,ent_634d30f1d295382071bc70b8e883717b,MENTIONS
art_b09fd8fb9157f6a7db45e54504e72167,ent_bf2eb1b5439441d00d8f571c48181df1,MENTIONS
art_b09fd8fb9157f6a7db45e54504e72167,ent_3b7264cde549c9f4967d8ce89b1e17ac,MENTIONS
art_b09fd8fb9157f6a7db45e54504e72167,ent_4d80d71bce9bb86aa13be2fde17ef2eb,MENTIONS
art_b09fd8fb9157f6a7db45e54504e72167,ent_249e9167ba5ffbdf59428f6a4919ed9a,MENTIONS
art_3908625a390f9d68d8407aa316b23101,ent_16c08aba940c52ba4ba1739c62edf300,MENTIONS
art_3908625a390f9d68d8407aa316b23101,ent_17ae4f3871d7297d660a43e541cc487a,MENTIONS
art_3908625a390f9d68d8407aa316b23101,ent_022dceeb82c260e3c1e10672e0f27a2e,MENTIONS
art_024e27b3bc9d87f3bb8af21b15fd0a93,ent_2a6d3686110703bc69da3220c6ee6b5f,MENTIONS
art_024e27b3bc9d87f3bb8af21b15fd0a93,ent_d397fb1b7ada659d6a9900e2c09cce26,MENTIONS
art_024e27b3bc9d87f3bb8af21b15fd0a93,ent_961ba6ec85f8f9aa149e6be0cc8e3fa3,MENTIONS
art_dbd124115aa210ed8498e192fc02f178,ent_0f3338272f7bd71165c353fdd1081f0f,MENTIONS
art_dbd124115aa210ed8498e192fc02f178,ent_5c16be9e157855c334eca58121082e56,MENTIONS
art_f06e9b9a2d2e1b7a451545a29e09e87e,ent_98d867e95cc6cb66e0ed4addf34d69a4,MENTIONS
art_f06e9b9a2d2e1b7a451545a29e09e87e,ent_d36b13410347d500de53637c8b77e430,MENTIONS
art_f06e9b9a2d2e1b7a451545a29e09e87e,ent_b413b0f80b8d06ff291ed5a8fcd6db8c,MENTIONS
art_5a0b0f94a66b9cf057ab01d0ea62e692,ent_79eb4cfab93282a1ee4a571ce0dad254,MENTIONS
art_3c5f8f09c76fb321c67e6f22effcc1e2,ent_2c41dcc9d77e27519e96d14394fcaabe,MENTIONS
art_3c5f8f09c76fb321c67e6f22effcc1e2,ent_2db66eb4277c76c53e6a8c8e8731f4f5,MENTIONS
art_3c5f8f09c76fb321c67e6f22effcc1e2,ent_7db7b055ce0bcd6e20f05275992f86a2,MENTIONS
art_3c5f8f09c76fb321c67e6f22effcc1e2,ent_ab39ee8c8af45a087fedfa090aecc2b8,MENTIONS
art_def5df6bdf5f24ba896207fad1faf5e8,ent_06882eb11ec0726feda157046549a58a,MENTIONS
art_def5df6bdf5f24ba896207fad1faf5e8,ent_adafd11128e9f209cb13a62c67f4a2b4,MENTIONS
art_def5df6bdf5f24ba896207fad1faf5e8,ent_939718a00177f4a7a8a8caf8e210b494,MENTIONS
art_def5df6bdf5f24ba896207fad1faf5e8,ent_20979b5c66747ce5af84d5d1987ca250,MENTIONS
art_62f580fd2de0eec6fc599669bc789f0f,ent_d3a7947d7d03737253b21de056832459,MENTIONS
art_62f580fd2de0eec6fc599669bc789f0f,ent_634d30f1d295382071bc70b8e883717b,MENTIONS
art_62f580fd2de0eec6fc599669bc789f0f,ent_7cdfe2efced81fb87017a9c0ff04a609,MENTIONS
art_62f580fd2de0eec6fc599669bc789f0f,ent_b91826e120405748d84d092f6c17437a,MENTIONS
art_88bfd06b4abc18a7e30c22928886bf99,ent_b37f2d3fc23d25cb65d1ce468bb9c74a,MENTIONS
art_88bfd06b4abc18a7e30c22928886bf99,ent_02349980bba8ce563cdf709f74f96fc1,MENTIONS
art_88bfd06b4abc18a7e30c22928886bf99,ent_5c16be9e157855c334eca58121082e56,MENTIONS
art_88bfd06b4abc18a7e30c22928886bf99,ent_d36b13410347d500de53637c8b77e430,MENTIONS
art_88bfd06b4abc18a7e30c22928886bf99,ent_f20011e5270666592304898988523261,MENTIONS
art_88bfd06b4abc18a7e30c22928886bf99,ent_183bd64c6fc43113b151a26ffb0dca15,MENTIONS
art_88bfd06b4abc18a7e30c22928886bf99,ent_21c003acfb75ace8e632ace76db02be8,MENTIONS
art_74363440d102114f08b1ea558e569bda,ent_214163861ed8ac3fdfdb4674bf5536af,MENTIONS
art_74363440d102114f08b1ea558e569bda,ent_56223953b1be983c383865d5576bb10a,MENTIONS
art_ff1b2a2d4c80529214619e73bfd9bd8c,ent_9a9c51fc646a2e62fedfc1494bdb2aa5,MENTIONS
art_ff1b2a2d4c80529214619e73bfd9bd8c,ent_d180bc14cb1a6d314a0cf0d7cc1c48fd,MENTIONS
art_e7cc3c43a9211cb4e379d71cab39d739,ent_341a4bbe0842950f175d7b4b6fac393d,MENTIONS
art_e7cc3c43a9211cb4e379d71cab39d739,ent_2a6d3686110703bc69da3220c6ee6b5f,MENTIONS
art_21e0c3fd11369eb6c52ea1e54dcbc0db,ent_0d05c98717c49eebbf5911089efc09d8,MENTIONS
art_21e0c3fd11369eb6c52ea1e54dcbc0db,ent_c374a8c6536a123460a1965d6e87438a,MENTIONS
art_21e0c3fd11369eb6c52ea1e54dcbc0db,ent_445b4f885cda0bc3952a9db9626e1ffc,MENTIONS
art_db178c31b00811eab983acc7ea9e0aaa,ent_2c7d43272eeb3267f4d37b92b3b1c6d0,MENTIONS
art_db178c31b00811eab983acc7ea9e0aaa,ent_309d2284b9e724c2d01809154dca5236,MENTIONS
art_db178c31b00811eab983acc7ea9e0aaa,ent_6c776d1485108a740356d0d2635cc087,MENTIONS
art_4b6d766cf649d37adcb3f6a754ba49a2,ent_cc5551250ad523539729c5a8ad6b9849,MENTIONS
art_4b6d766cf649d37adcb3f6a754ba49a2,ent_0585370dfc155ad02f40b8c59efe394e,MENTIONS
art_4b6d766cf649d37adcb3f6a754ba49a2,ent_ee09f18ac0e2ef48fe9f98443e6f3336,MENTIONS
art_69a385f1cfaaf97effc5d020cc97416e,ent_cbbc5c30fc68caa2e5b53af3761813ce,MENTIONS
art_69a385f1cfaaf97effc5d020cc97416e,ent_d64020de0a5ccddb56d1077047866e28,MENTIONS
art_69a385f1cfaaf97effc5d020cc97416e,ent_c7ab9752078a566c05df754372fdb17f,MENTIONS
art_69a385f1cfaaf97effc5d020cc97416e,ent_2a6d3686110703bc69da3220c6ee6b5f,MENTIONS
art_79b246eb89f206b3f382671f31b361b1,ent_0d05c98717c49eebbf5911089efc09d8,MENTIONS
art_79b246eb89f206b3f382671f31b361b1,ent_02349980bba8ce563cdf709f74f96fc1,MENTIONS
art_79b246eb89f206b3f382671f31b361b1,ent_d36b13410347d500de53637c8b77e430,MENTIONS
art_79b246eb89f206b3f382671f31b361b1,ent_27d1eee546ce5df437c80627025cc799,MENTIONS
art_2c550b7a2829f25f872bb8942d9e35af,ent_20979b5c66747ce5af84d5d1987ca250,MENTIONS
art_2c550b7a2829f25f872bb8942d9e35af,ent_c2369a8eb688beb2cdaf0d3409c3baa0,MENTIONS
art_2c550b7a2829f25f872bb8942d9e35af,ent_e45aca878c6a10573981a204a3fb3a4c,MENTIONS
art_d10f2260019d0e38edd9466d5ba4a132,ent_0d49a53868b32e2474c88d3bd3f0cf3d,MENTIONS
art_d10f2260019d0e38edd9466d5ba4a132,ent_9fb614bc23473fbacac680d8384e0f6f,MENTIONS
art_b176a46907e79c45cb087d0404dcccfe,ent_ad73c908dd8a849f7887f9c627a764df,MENTIONS
art_b176a46907e79c45cb087d0404dcccfe,ent_07aa5693fa42bfa710b201a331b04463,MENTIONS
art_dcbb183600ccc5c1410e89f751291b6f,ent_14699376b3cfd3c52cdfdc6c5ad3b2de,MENTIONS
art_dcbb183600ccc5c1410e89f751291b6f,ent_cebf71bd66b7e9e935c19d2d05a15d12,MENTIONS
art_dcbb183600ccc5c1410e89f751291b6f,ent_45df412cbb6c78d74a3f9a512214bca2,MENTIONS
art_dcbb183600ccc5c1410e89f751291b6f,ent_12dcd1318e9c384ae0f58dc82ea7989f,MENTIONS
art_11ff32f054793ab3c8a6ced9f9ea34c9,ent_2a6d3686110703bc69da3220c6ee6b5f,MENTIONS
art_11ff32f054793ab3c8a6ced9f9ea34c9,ent_a58690eeb0a52138c4352355557c2bf2,MENTIONS
art_11ff32f054793ab3c8a6ced9f9ea34c9,ent_0585370dfc155ad02f40b8c59efe394e,MENTIONS
art_e36b3c8b751665f1d582b3955a334e53,ent_3103efd01998995d69a5446161553309,MENTIONS
art_e36b3c8b751665f1d582b3955a334e53,ent_6aa7cbb3eaafb3aac81464a639b86e23,MENTIONS
art_e36b3c8b751665f1d582b3955a334e53,ent_0fc893a4bdb64119cfea33a0e50ba5bf,MENTIONS
art_979a484e3bf7e40d556ead9d320001ae,ent_5a68de931a14510eb57a1965fff310ce,MENTIONS
art_979a484e3bf7e40d556ead9d320001ae,ent_2c41dcc9d77e27519e96d14394fcaabe,MENTIONS
art_979a484e3bf7e40d556ead9d320001ae,ent_8bb4538ce06736290dd4142ce9392c11,MENTIONS
art_979a484e3bf7e40d556ead9d320001ae,ent_ab39ee8c8af45a087fedfa090aecc2b8,MENTIONS
art_979a484e3bf7e40d556ead9d320001ae,ent_2d7675b27e54e0d0c5f426bb8d606439,MENTIONS
art_979a484e3bf7e40d556ead9d320001ae,ent_4656fcf18d57154512fe2e49e6f06d7f,MENTIONS
art_979a484e3bf7e40d556ead9d320001ae,ent_e7fa5bd660d6c130581e4d90d47ff4ba,MENTIONS
art_a0c0ec5ce0845bac183c1f7c8e303088,ent_d36b13410347d500de53637c8b77e430,MENTIONS
art_a0c0ec5ce0845bac183c1f7c8e303088,ent_02349980bba8ce563cdf709f74f96fc1,MENTIONS
art_a0c0ec5ce0845bac183c1f7c8e303088,ent_312642cda4a86945e21c6ab3175203ec,MENTIONS
art_a0c0ec5ce0845bac183c1f7c8e303088,ent_e729e9ea2265f99a0e3c6f575e1d24fe,MENTIONS
art_a0c0ec5ce0845bac183c1f7c8e303088,ent_dc4fbb000fd99a86fa27b8fcae2ed36b,MENTIONS
art_a0c0ec5ce0845bac183c1f7c8e303088,ent_214163861ed8ac3fdfdb4674bf5536af,MENTIONS
art_d644bf5ba03e9a11666c07a713d35691,ent_5217f2f4c53a6f24756258675e7fa99d,MENTIONS
art_d644bf5ba03e9a11666c07a713d35691,ent_634d30f1d295382071bc70b8e883717b,MENTIONS
art_d644bf5ba03e9a11666c07a713d35691,ent_87e0edc3f309f4416ccc6105406e5ab4,MENTIONS
art_fdffc12c513ad22a8d99ffedf461a6f8,ent_6bac619c34abd5bb1471edf26af3d67d,MENTIONS
art_fdffc12c513ad22a8d99ffedf461a6f8,ent_88bbfaee746fe2519bc23ebfbdcc966d,MENTIONS
art_1a6e107886208de86cbb89135a50bfbd,ent_c863a559615baf7f7d059c9e46e26372,MENTIONS
art_1a6e107886208de86cbb89135a50bfbd,ent_bbc2726fbb44e55996aa1799fcfb7c7a,MENTIONS
art_1a6e107886208de86cbb89135a50bfbd,ent_3616f2d2158a75379c290d51cfa45b63,MENTIONS
art_377b178b7ad145e56052aed148802e87,ent_c7ab9752078a566c05df754372fdb17f,MENTIONS
art_377b178b7ad145e56052aed148802e87,ent_bf80892f3d6b4f9fb4431512d0d93f45,MENTIONS
art_a0854c3198617e34f4ef9cddc4fa11fc,ent_00c3abc5a35d772dcaa15062cfc1ec58,MENTIONS
art_a0854c3198617e34f4ef9cddc4fa11fc,ent_6e3390c1666ea04cd936b2b64010f4b8,MENTIONS
art_a0854c3198617e34f4ef9cddc4fa11fc,ent_976f12224f73c0a65379e7ca0197580b,MENTIONS
art_eb4153ad98cbe9add3289b3a5f7705e0,ent_02349980bba8ce563cdf709f74f96fc1,MENTIONS
art_ea9797103cb1a24b2bacdb66d8315519,ent_468df94af35bb965a2ebf2f4020889f5,MENTIONS
art_ea9797103cb1a24b2bacdb66d8315519,ent_6b69c2720b9a658f1af76a8df7c73c62,MENTIONS
art_ea9797103cb1a24b2bacdb66d8315519,ent_db49657001d3a859a08eec0dd4475722,MENTIONS
art_31ad698c650595e8fe194e8d5f50e6e7,ent_5a7c4cb64732647919ba27dcb64eed43,MENTIONS
art_31ad698c650595e8fe194e8d5f50e6e7,ent_fe60a6c64f4797bb973018d0f8cf7747,MENTIONS
art_31ad698c650595e8fe194e8d5f50e6e7,ent_698ebf46a5b8e0eee677f7118f0c8447,MENTIONS
art_40c58ea978d5672b7fe3be0695867397,ent_2a6d3686110703bc69da3220c6ee6b5f,MENTIONS
art_40c58ea978d5672b7fe3be0695867397,ent_d3a2f1c67520a7b37cb5653e93fe281f,MENTIONS
art_40c58ea978d5672b7fe3be0695867397,ent_917662b2a51c7810b73efe299b522ddd,MENTIONS
art_40c58ea978d5672b7fe3be0695867397,ent_a98b9366ff28e17f7d3d95b3073a665e,MENTIONS
art_295294e275e7a30a3b298f2f56972c1e,ent_45df412cbb6c78d74a3f9a512214bca2,MENTIONS
art_295294e275e7a30a3b298f2f56972c1e,ent_02349980bba8ce563cdf709f74f96fc1,MENTIONS
art_339eea23cd05b23bee4b9bb08c1c6449,ent_6bac619c34abd5bb1471edf26af3d67d,MENTIONS
art_339eea23cd05b23bee4b9bb08c1c6449,ent_f0388e0a065cab3f4e7eaeb58ac06ca0,MENTIONS
art_cae51b47c9c0e01211bf1e7fcb6234fc,ent_35197dd517ba63bb2e8d8115493f5734,MENTIONS
art_cae51b47c9c0e01211bf1e7fcb6234fc,ent_bebb4a7c03b3c260f0af200e85396cdb,MENTIONS
art_cae51b47c9c0e01211bf1e7fcb6234fc,ent_d36b13410347d500de53637c8b77e430,MENTIONS
art_cae51b47c9c0e01211bf1e7fcb6234fc,ent_02349980bba8ce563cdf709f74f96fc1,MENTIONS
art_cae51b47c9c0e01211bf1e7fcb6234fc,ent_0585370dfc155ad02f40b8c59efe394e,MENTIONS
art_ebf7bf2ad4d3c941c984ec85a9b0f296,ent_5ea6410ca9b2f84cc87603650dd6815a,MENTIONS
art_ebf7bf2ad4d3c941c984ec85a9b0f296,ent_a5b3427f5e8b3883d13eeaedbda4bc2f,MENTIONS
art_ebf7bf2ad4d3c941c984ec85a9b0f296,ent_1381e637b5d18b8c4bb10bb729f8e9bd,MENTIONS
art_d082b8e0b1e74cab0ee358f446c0947f,ent_cb64d29bcd11f21bccd7b8cabc307705,MENTIONS
art_85799a8778145402da9beff0363b3613,ent_733266f2f6fa16d86847930532129ed9,MENTIONS
art_85799a8778145402da9beff0363b3613,ent_5d4cb034e6ea07a73f473cd61f7010d8,MENTIONS
art_d928031b6a3b576294a58457b48e527a,ent_403d2fd0b4710487f72a877b66c903eb,MENTIONS
art_9d4f1807fb53cb98e56367dff44cd4bb,ent_98dcd17780a85d501cffab7a55a6e3f2,MENTIONS
art_9d4f1807fb53cb98e56367dff44cd4bb,ent_5c16be9e157855c334eca58121082e56,MENTIONS
art_9d4f1807fb53cb98e56367dff44cd4bb,ent_78d97fc81d52dc0451117de58f5dcaf6,MENTIONS
art_3e8d81477594a01dac63f252186b1bfa,ent_ace41eab9cef2fa203923d55ba226db6,MENTIONS
art_3e8d81477594a01dac63f252186b1bfa,ent_1fc39189300c4115a75d976123790dd3,MENTIONS
art_dc615b44c5d58d16b8fe035f1aff01f5,ent_8183e786e03fd65d011c446b96581f9b,MENTIONS
art_dc615b44c5d58d16b8fe035f1aff01f5,ent_a9fa45022b75b99aaa1627e493a560ea,MENTIONS
art_dc615b44c5d58d16b8fe035f1aff01f5,ent_2b4da846ceb3fb791e7085aff5e20a1b,MENTIONS
art_dc615b44c5d58d16b8fe035f1aff01f5,ent_74651fb930d60529ef37d2888741fc59,MENTIONS
art_ec6f908dc6df2f8a9f2b33697dde3ac8,ent_02349980bba8ce563cdf709f74f96fc1,MENTIONS
art_ec6f908dc6df2f8a9f2b33697dde3ac8,ent_35197dd517ba63bb2e8d8115493f5734,MENTIONS
art_ec6f908dc6df2f8a9f2b33697dde3ac8,ent_076173809b5a7e293c5fb60f9019b3f8,MENTIONS
art_ec6f908dc6df2f8a9f2b33697dde3ac8,ent_d36b13410347d500de53637c8b77e430,MENTIONS
art_ec6f908dc6df2f8a9f2b33697dde3ac8,ent_4dbf0feddc249735733a7d3080a45cf5,MENTIONS
art_ec6f908dc6df2f8a9f2b33697dde3ac8,ent_fa3a2c359cc0b29126dd8a0339438e7b,MENTIONS
art_ec6f908dc6df2f8a9f2b33697dde3ac8,ent_32634d04a7997c7c094b1c44bbb989b9,MENTIONS
art_b184c7b6eecdb2fe1407700569933592,ent_45f1426e73a02fcbf00617f565f3f111,MENTIONS
art_b184c7b6eecdb2fe1407700569933592,ent_5c16be9e157855c334eca58121082e56,MENTIONS
art_b184c7b6eecdb2fe1407700569933592,ent_f20011e5270666592304898988523261,MENTIONS
art_b184c7b6eecdb2fe1407700569933592,ent_81b96bb03100a1cb673e49bda6f51e08,MENTIONS
art_b184c7b6eecdb2fe1407700569933592,ent_d1f64bc475e40fff8275e5dd925398f6,MENTIONS
art_b184c7b6eecdb2fe1407700569933592,ent_848b7bc7bc38526487a8609ff0f06195,MENTIONS
art_b184c7b6eecdb2fe1407700569933592,ent_9d3b0ad307414cbf5c3fb8aa737eb587,MENTIONS
art_5e1b557b446a11e758ee140d430a2633,ent_0d05c98717c49eebbf5911089efc09d8,MENTIONS
art_5e1b557b446a11e758ee140d430a2633,ent_312642cda4a86945e21c6ab3175203ec,MENTIONS
art_5e1b557b446a11e758ee140d430a2633,ent_6b6a5ab6654528c46ff398246e913d29,MENTIONS
art_775de087613663b031ae3af8a1062d60,ent_6bac619c34abd5bb1471edf26af3d67d,MENTIONS
art_775de087613663b031ae3af8a1062d60,ent_9fd8caf40ffffd42db90f07da38ac169,MENTIONS
art_7389a84705d2dfb3fb97022078bb3d7c,ent_96509e2b40c2fc474a556eeae35129c5,MENTIONS
art_7389a84705d2dfb3fb97022078bb3d7c,ent_6aa7cbb3eaafb3aac81464a639b86e23,MENTIONS
art_7389a84705d2dfb3fb97022078bb3d7c,ent_34144c86cd649626078f9fd99393dc96,MENTIONS
art_7389a84705d2dfb3fb97022078bb3d7c,ent_022dceeb82c260e3c1e10672e0f27a2e,MENTIONS
art_9dac2d5f06728b03120ac949d70c86fe,ent_9d7c7c1e54e0d5ebd992c04fc74f96e1,MENTIONS
art_9dac2d5f06728b03120ac949d70c86fe,ent_2b4da846ceb3fb791e7085aff5e20a1b,MENTIONS
art_9dac2d5f06728b03120ac949d70c86fe,ent_a58690eeb0a52138c4352355557c2bf2,MENTIONS
art_a83d43793ad06e926c94d26be39f104a,ent_5e59ad66759572621fabc25e69be6f72,MENTIONS
art_a83d43793ad06e926c94d26be39f104a,ent_92fac42844165d10d7997368d174d44c,MENTIONS
art_a83d43793ad06e926c94d26be39f104a,ent_bccc642ac9be25934ad89685473a42c7,MENTIONS
art_0672c35cd93a10a0526459e11917c59b,ent_0d05c98717c49eebbf5911089efc09d8,MENTIONS
art_0672c35cd93a10a0526459e11917c59b,ent_e9658bd765f0e3c10143c8221a0e7d65,MENTIONS
art_0672c35cd93a10a0526459e11917c59b,ent_214163861ed8ac3fdfdb4674bf5536af,MENTIONS
art_0672c35cd93a10a0526459e11917c59b,ent_312642cda4a86945e21c6ab3175203ec,MENTIONS
art_0672c35cd93a10a0526459e11917c59b,ent_247c608947e272a45d28bc026e801e0b,MENTIONS
art_06f4c1459be0cc5f076dd2925d257056,ent_2a6d3686110703bc69da3220c6ee6b5f,MENTIONS
art_06f4c1459be0cc5f076dd2925d257056,ent_2b4da846ceb3fb791e7085aff5e20a1b,MENTIONS
art_06f4c1459be0cc5f076dd2925d257056,ent_2dac38103c4b08536efd27329fffe335,MENTIONS
art_c91b0858c72292848a7a170f4fd5bc24,ent_97b49ddcf197687597eead2f3b8ae62b,MENTIONS
art_c91b0858c72292848a7a170f4fd5bc24,ent_864f0aa9ff2fe8ceab7df616d6ffcd79,MENTIONS
art_ceef66deb2f6a2f2a04e31d442559002,ent_32b7f790be8397fe862cc54fab4b7b2a,MENTIONS
art_ceef66deb2f6a2f2a04e31d442559002,ent_f45c1e911584087551213d885ac3c217,MENTIONS
art_5889568ea6b2db2bee2383ef767205ca,ent_58f19d8481e87ed65bc8f1cb6436a6de,MENTIONS
art_5889568ea6b2db2bee2383ef767205ca,ent_2c1826f363e2d95afe017eeafe28a358,MENTIONS
art_5889568ea6b2db2bee2383ef767205ca,ent_430cc24cb3bad151778ebd265d10633d,MENTIONS
art_64b6242d2c09b49dac372980f87a657d,ent_9fd8caf40ffffd42db90f07da38ac169,MENTIONS
art_64b6242d2c09b49dac372980f87a657d,ent_2a6d3686110703bc69da3220c6ee6b5f,MENTIONS
art_73a3f47726297e74d4ecc518eed3b9ce,ent_220195205142837bbe16603d7ac1743b,MENTIONS
art_73a3f47726297e74d4ecc518eed3b9ce,ent_94e1fe11a29fdfb948e15befae8e9c1a,MENTIONS
art_73a3f47726297e74d4ecc518eed3b9ce,ent_a4c4839ba68638e88a1223610e846e72,MENTIONS
art_73a3f47726297e74d4ecc518eed3b9ce,ent_335dddb1516225a6f92bfa87f91f1f2f,MENTIONS
art_6252b9c78ad500b28de2cf6f07c22110,ent_9b2d1fd620d474c010e922e9fcf5fde9,MENTIONS
art_6252b9c78ad500b28de2cf6f07c22110,ent_84aa932cf7734447d39e6f9297a0c60d,MENTIONS
art_6252b9c78ad500b28de2cf6f07c22110,ent_2ce46037514f7c7ea0532131f50d0681,MENTIONS
art_6252b9c78ad500b28de2cf6f07c22110,ent_815c8a83f4965a65185dde74b713ed31,MENTIONS
art_8c874db47b4b7bb83e6bdfa9a80df2a1,ent_249e3ada8db1e28710a44d64c84fc51f,MENTIONS
art_8c874db47b4b7bb83e6bdfa9a80df2a1,ent_312642cda4a86945e21c6ab3175203ec,MENTIONS
art_8c874db47b4b7bb83e6bdfa9a80df2a1,ent_0e666104662e1f4729320d29d599ca28,MENTIONS
art_4bf49c0416630efa3cf47e082884076f,ent_2a6d3686110703bc69da3220c6ee6b5f,MENTIONS
art_6560c253383686419db5305a8f17eb9b,ent_b9bed674ebe9bb6beeb99f5972ac4bab,MENTIONS
art_6560c253383686419db5305a8f17eb9b,ent_5c16be9e157855c334eca58121082e56,MENTIONS
art_6560c253383686419db5305a8f17eb9b,ent_2acac8349bc8f7865be00b6b20e4ba8e,MENTIONS
art_374ab7791b2fe463efc6b27c03ec1c4a,ent_9d7c7c1e54e0d5ebd992c04fc74f96e1,MENTIONS
art_374ab7791b2fe463efc6b27c03ec1c4a,ent_cb888aebd3ef34ade2ef48875b7e7ca3,MENTIONS
art_374ab7791b2fe463efc6b27c03ec1c4a,ent_0585370dfc155ad02f40b8c59efe394e,MENTIONS
art_6d4b13cd012149af6073c0a83a26925a,ent_421d7b3c767add0cdd24d9349e9ada0c,MENTIONS
art_6d4b13cd012149af6073c0a83a26925a,ent_e68706c65b1e0195915e9ff27604022d,MENTIONS
art_9981b33d2df2b052e661a64f6aa715b3,ent_3c1ef18fe45da632b8ea7f10df09df8f,MENTIONS
art_9981b33d2df2b052e661a64f6aa715b3,ent_214163861ed8ac3fdfdb4674bf5536af,MENTIONS
art_9981b33d2df2b052e661a64f6aa715b3,ent_200f3cf243ed02dc51eada7b1d15afdd,MENTIONS
art_9981b33d2df2b052e661a64f6aa715b3,ent_2c7d43272eeb3267f4d37b92b3b1c6d0,MENTIONS
art_9981b33d2df2b052e661a64f6aa715b3,ent_f5e36b29147e73fa2f19805768760f76,MENTIONS
art_ef0e5befae6c8d55cfeaf839047242e1,ent_c94f1cffd38851844fa578ddd102e3ea,MENTIONS
art_ef0e5befae6c8d55cfeaf839047242e1,ent_73cb9346d4c28ed7183e400772654b27,MENTIONS
art_ef0e5befae6c8d55cfeaf839047242e1,ent_c09a5a11312a5220ac9fa6746f95fc86,MENTIONS
art_ef0e5befae6c8d55cfeaf839047242e1,ent_1bcabc92f137d6ecb5223a0a932771d9,MENTIONS
art_ef0e5befae6c8d55cfeaf839047242e1,ent_2a6d3686110703bc69da3220c6ee6b5f,MENTIONS
art_4fc3009a946dbaed6c28a02ad641b6a1,ent_706533bd87e787e5152a76813608e097,MENTIONS
art_4fc3009a946dbaed6c28a02ad641b6a1,ent_8d148056dbbfba86d7f8b05a508c1c32,MENTIONS
art_5a171203ce48fe240b1057314d2b86cd,ent_c81783772087c9c309846b3bfa7e59bd,MENTIONS
art_5a171203ce48fe240b1057314d2b86cd,ent_e1aa27557fc873c9cd1ef326424a6fef,MENTIONS
art_5a171203ce48fe240b1057314d2b86cd,ent_3ca24826bd080550eb0a1fb1c4eb7f2d,MENTIONS
art_a0048f56e856ac9378a753f2fc81ef92,ent_0d05c98717c49eebbf5911089efc09d8,MENTIONS
art_a0048f56e856ac9378a753f2fc81ef92,ent_312642cda4a86945e21c6ab3175203ec,MENTIONS
art_a0048f56e856ac9378a753f2fc81ef92,ent_e86c2e713f0173c6fd952d228068645d,MENTIONS
art_a0048f56e856ac9378a753f2fc81ef92,ent_2e5a941da974c9f46f7906051250953c,MENTIONS
art_a0048f56e856ac9378a753f2fc81ef92,ent_c38a4158aeb270e9784957c1a9db3179,MENTIONS
art_58623f4edcdd3dcda51897d55393c68f,ent_9d7c7c1e54e0d5ebd992c04fc74f96e1,MENTIONS
art_58623f4edcdd3dcda51897d55393c68f,ent_46b86d950df5abe7210291ce639ce2a3,MENTIONS
art_58623f4edcdd3dcda51897d55393c68f,ent_9c6f98f7a0a71acca0d2aea76aee6e23,MENTIONS
art_f7bb069e8f9bd014d47d3d03c2172a39,ent_0d05c98717c49eebbf5911089efc09d8,MENTIONS
art_f7bb069e8f9bd014d47d3d03c2172a39,ent_9c5fc5a3dab937c6463b6844e13b29c8,MENTIONS
art_f7bb069e8f9bd014d47d3d03c2172a39,ent_634d30f1d295382071bc70b8e883717b,MENTIONS
art_f7bb069e8f9bd014d47d3d03c2172a39,ent_ee1d472451aa66ef01befce92470f1f2,MENTIONS
art_f7bb069e8f9bd014d47d3d03c2172a39,ent_214163861ed8ac3fdfdb4674bf5536af,MENTIONS
art_f7bb069e8f9bd014d47d3d03c2172a39,ent_63b93a62d9110b650e60ea401a342af2,MENTIONS
art_d64ff841d4f1b92bed5ab25adc68d0ed,ent_8b21a197b4de0f3161dfb0c7322bcb64,MENTIONS
art_d64ff841d4f1b92bed5ab25adc68d0ed,ent_db49657001d3a859a08eec0dd4475722,MENTIONS
art_d64ff841d4f1b92bed5ab25adc68d0ed,ent_e1aa27557fc873c9cd1ef326424a6fef,MENTIONS
art_d64ff841d4f1b92bed5ab25adc68d0ed,ent_763de7676ef5eff136b1eec29e755f0f,MENTIONS
art_ae8e0004da26ce2332fad525f8b51ceb,ent_9d7c7c1e54e0d5ebd992c04fc74f96e1,MENTIONS
art_ae8e0004da26ce2332fad525f8b51ceb,ent_e1aa27557fc873c9cd1ef326424a6fef,MENTIONS
art_ae8e0004da26ce2332fad525f8b51ceb,ent_b964d3484c4782cf979e982acea538d9,MENTIONS
art_c372b055332eab59433c79ca5d5e0a90,ent_9d7c7c1e54e0d5ebd992c04fc74f96e1,MENTIONS
art_c372b055332eab59433c79ca5d5e0a90,ent_efcea41751696d7564207ab9bfeb8fff,MENTIONS
art_ac6b4c358cf09c9fb9784b7b46bdcfaa,ent_62d1989dfa3cee9fc877b62526e90467,MENTIONS
art_ac6b4c358cf09c9fb9784b7b46bdcfaa,ent_949fd10135ec120869f7061c1bb45275,MENTIONS
art_ac6b4c358cf09c9fb9784b7b46bdcfaa,ent_b249543da9a9cc0f3aa4f702c67fb98f,MENTIONS
art_db11ef7a24421ec303bde7dab9456958,ent_02349980bba8ce563cdf709f74f96fc1,MENTIONS
art_db11ef7a24421ec303bde7dab9456958,ent_2a6d3686110703bc69da3220c6ee6b5f,MENTIONS
art_db11ef7a24421ec303bde7dab9456958,ent_41ad1a6153867dcd2a224d12db09353b,MENTIONS
art_db11ef7a24421ec303bde7dab9456958,ent_d08705096242666df1a1dd813e3e6f96,MENTIONS
art_db11ef7a24421ec303bde7dab9456958,ent_e45750164c2bd2174976cad8bc0ee001,MENTIONS
art_e6c592e02ee1c330ef860a061a159956,ent_c0f55ce1b238ee8ab8c9a9d0edfe6a01,MENTIONS
art_e6c592e02ee1c330ef860a061a159956,ent_686283728d7c6df9659092d0a8ef3e2e,MENTIONS
art_e40c30f6235f743fb16aab1cbfb8d1fb,ent_aae4f743ee8aef0778f4cb20ca6f8a79,MENTIONS
art_e40c30f6235f743fb16aab1cbfb8d1fb,ent_6ca7a45744461625d1973f2ef87f4f08,MENTIONS
art_e40c30f6235f743fb16aab1cbfb8d1fb,ent_8ecbf28c3225a26eb9aee9d7e3637f13,MENTIONS
art_25cadeeccac343c3ef3c29c1fdbc2444,ent_e77bfe09df87dcf81193f1fc0f36b482,MENTIONS
art_25cadeeccac343c3ef3c29c1fdbc2444,ent_14699376b3cfd3c52cdfdc6c5ad3b2de,MENTIONS
art_061853d5535c729749157207768e2411,ent_02349980bba8ce563cdf709f74f96fc1,MENTIONS
art_061853d5535c729749157207768e2411,ent_9da0ab3c4dd6c335b87a5f170d0d805b,MENTIONS
art_061853d5535c729749157207768e2411,ent_2a6d3686110703bc69da3220c6ee6b5f,MENTIONS
art_061853d5535c729749157207768e2411,ent_d36b13410347d500de53637c8b77e430,MENTIONS
art_67535bd7c40c6e35892ed76ea0f8b70a,ent_36030635e3ecfc9d94c27ee853e9890e,MENTIONS
art_e81a91603f4593f36a3eb93c8d804f7d,ent_0739edb73730228319be70c5cbb1e17d,MENTIONS
art_e81a91603f4593f36a3eb93c8d804f7d,ent_b786549babb631f4668037147ed6d369,MENTIONS
art_e81a91603f4593f36a3eb93c8d804f7d,ent_0d49a53868b32e2474c88d3bd3f0cf3d,MENTIONS
art_23bf3282c629370ca406bfb13d671e08,ent_42fff9d11c7a3726668cb9bbf0936e47,MENTIONS
art_23bf3282c629370ca406bfb13d671e08,ent_8609b1088fec889c0568cce0745326aa,MENTIONS
art_23bf3282c629370ca406bfb13d671e08,ent_c0325a5515a30625a4face7d91b8c5d6,MENTIONS
art_23bf3282c629370ca406bfb13d671e08,ent_972f177e4975a72e5a529ea9956827ed,MENTIONS
art_23bf3282c629370ca406bfb13d671e08,ent_a4856edb8a9f711c201c227e64b0d2f7,MENTIONS
art_e42c8042f0aaa8560946a0edc7e679c5,ent_fff397cc3e2bc45d31d86c85c0ddef6e,MENTIONS
art_e42c8042f0aaa8560946a0edc7e679c5,ent_872d803c870c8d46959a903e643fd6c5,MENTIONS
art_e42c8042f0aaa8560946a0edc7e679c5,ent_09aed37dfb1fcbe677544a94f544fa89,MENTIONS
art_e42c8042f0aaa8560946a0edc7e679c5,ent_c7ab9752078a566c05df754372fdb17f,MENTIONS
art_e42c8042f0aaa8560946a0edc7e679c5,ent_1e6322f3a11d8704e7957b8730cf2acd,MENTIONS
art_e358fba997f61a7294fab6913e3e19e9,ent_c70dd95f9fc441a24ca471046968bb15,MENTIONS
art_e358fba997f61a7294fab6913e3e19e9,ent_05cde10086f8cf0373573fe48e24e170,MENTIONS
art_e358fba997f61a7294fab6913e3e19e9,ent_fe60a6c64f4797bb973018d0f8cf7747,MENTIONS
art_e358fba997f61a7294fab6913e3e19e9,ent_55522c074277c08c6c40b56a1b07f3ba,MENTIONS
art_e358fba997f61a7294fab6913e3e19e9,ent_8d3d17b3744d413b7f2d218b9199676d,MENTIONS
art_9ada4c2609eb5152eb420ac104cdae54,ent_02349980bba8ce563cdf709f74f96fc1,MENTIONS
art_9ada4c2609eb5152eb420ac104cdae54,ent_312642cda4a86945e21c6ab3175203ec,MENTIONS
art_9ada4c2609eb5152eb420ac104cdae54,ent_56223953b1be983c383865d5576bb10a,MENTIONS
art_4d1cbecbd95bd1d5e541c3485219b0e5,ent_8cf90424e0860609382331c2fdcfcc52,MENTIONS
art_4d1cbecbd95bd1d5e541c3485219b0e5,ent_2e062c410d9c8a07ae9778affdebf6d4,MENTIONS
art_4d1cbecbd95bd1d5e541c3485219b0e5,ent_2a4e4c0dd41124ea49a470f328a5b656,MENTIONS
art_4d1cbecbd95bd1d5e541c3485219b0e5,ent_0efaabee9a2d7bd3caebb1c40fab6983,MENTIONS
art_4d1cbecbd95bd1d5e541c3485219b0e5,ent_a3e5fa1a98619a07ace30bd04fb90e80,MENTIONS
art_4d1cbecbd95bd1d5e541c3485219b0e5,ent_a359d7bf2f315254e22a70974bf5fb98,MENTIONS
art_4d1cbecbd95bd1d5e541c3485219b0e5,ent_0eb63cbf37b38eee2b8bd64ec7c9e782,MENTIONS
art_c7e72b0ac7eaed6bc4e84f21fd097c1b,ent_3b392a30355d48183ff62aa70a26ac27,MENTIONS
art_c7e72b0ac7eaed6bc4e84f21fd097c1b,ent_686283728d7c6df9659092d0a8ef3e2e,MENTIONS
art_c7e72b0ac7eaed6bc4e84f21fd097c1b,ent_427124eb4c6f6d0af91847a4cea4abcc,MENTIONS
art_c7e72b0ac7eaed6bc4e84f21fd097c1b,ent_7cdfe2efced81fb87017a9c0ff04a609,MENTIONS
art_ccb72464729021fdb29261a6c3fbb6e6,ent_6f5c08f0332873cb9f5193ecb9f4117d,MENTIONS
art_ccb72464729021fdb29261a6c3fbb6e6,ent_5c16be9e157855c334eca58121082e56,MENTIONS
art_ccb72464729021fdb29261a6c3fbb6e6,ent_08cd39661d1e317f59a72df30e2f2dc0,MENTIONS
art_ccb72464729021fdb29261a6c3fbb6e6,ent_78df6abf50d15fcf821c6675efb7a79d,MENTIONS
art_5465ae56acc7f7cb91acb2c9f9026837,ent_000822c88b687488bd9f4fffd8cd4d95,MENTIONS
art_5465ae56acc7f7cb91acb2c9f9026837,ent_2eba41b24a4f72387f21a5c5c64d556f,MENTIONS
art_5465ae56acc7f7cb91acb2c9f9026837,ent_94b365117a545b9a326bf84eb11fbc44,MENTIONS
art_8d2aacccc4ee029b6f26ddf06b0c6aa2,ent_9d7c7c1e54e0d5ebd992c04fc74f96e1,MENTIONS
art_8d2aacccc4ee029b6f26ddf06b0c6aa2,ent_1f566db4d2cd7698cecaf043f73a965b,MENTIONS
art_8d2aacccc4ee029b6f26ddf06b0c6aa2,ent_82d68d4ed2c29016a2d058ea9d5214e1,MENTIONS
art_27caf8aa11d79261591e5e8b7bef5a83,ent_02349980bba8ce563cdf709f74f96fc1,MENTIONS
art_27caf8aa11d79261591e5e8b7bef5a83,ent_d1786eb20db6991c48b6082f7366d81b,MENTIONS
art_27caf8aa11d79261591e5e8b7bef5a83,ent_97b8870c6db7f5b247fe1efdf0d6f5ac,MENTIONS
art_9da4ef4dd45af516885881cb488c4a0f,ent_8198a664810ae9d2a6589d536234a82d,MENTIONS
art_9da4ef4dd45af516885881cb488c4a0f,ent_8242faccd408abe9b3e11312dbce158e,MENTIONS
art_3becb85154f1375155473f6aff33192c,ent_02349980bba8ce563cdf709f74f96fc1,MENTIONS
art_3becb85154f1375155473f6aff33192c,ent_b4cb339855c60b8a96a06a9cd24b808e,MENTIONS
art_3becb85154f1375155473f6aff33192c,ent_a55ffd738d2a98b7bc27fc3002ef3abc,MENTIONS
art_8c5f998874ea2e8149128f1073ec847e,ent_9d7c7c1e54e0d5ebd992c04fc74f96e1,MENTIONS
art_8c5f998874ea2e8149128f1073ec847e,ent_0585370dfc155ad02f40b8c59efe394e,MENTIONS
art_8c5f998874ea2e8149128f1073ec847e,ent_d2d5daf2ac72c43bed3a4239b6376c7a,MENTIONS
art_8c5f998874ea2e8149128f1073ec847e,ent_9c6f98f7a0a71acca0d2aea76aee6e23,MENTIONS
art_33952e83dc72fcda0738b062ebcdd328,ent_9d7c7c1e54e0d5ebd992c04fc74f96e1,MENTIONS
art_33952e83dc72fcda0738b062ebcdd328,ent_9c6f98f7a0a71acca0d2aea76aee6e23,MENTIONS
art_33952e83dc72fcda0738b062ebcdd328,ent_82d68d4ed2c29016a2d058ea9d5214e1,MENTIONS
art_0e1305c1b04ca39dc0c3d2be73d5c95f,ent_7cdfe2efced81fb87017a9c0ff04a609,MENTIONS
art_27eef2c98291a742bb537794ef97b7c9,ent_20979b5c66747ce5af84d5d1987ca250,MENTIONS
art_27eef2c98291a742bb537794ef97b7c9,ent_4593c89c39e00fca49c0a31806c0bea6,MENTIONS
art_27eef2c98291a742bb537794ef97b7c9,ent_757a5c1c320520d3b615a37bc7e8ca97,MENTIONS
art_27eef2c98291a742bb537794ef97b7c9,ent_7181ea02956dab63291ec30c99e09f39,MENTIONS
art_6fc02b7113691b3ea3a170422cb6b7dd,ent_0d05c98717c49eebbf5911089efc09d8,MENTIONS
art_6fc02b7113691b3ea3a170422cb6b7dd,ent_efcea41751696d7564207ab9bfeb8fff,MENTIONS
art_6fc02b7113691b3ea3a170422cb6b7dd,ent_02349980bba8ce563cdf709f74f96fc1,MENTIONS
art_6fc02b7113691b3ea3a170422cb6b7dd,ent_214163861ed8ac3fdfdb4674bf5536af,MENTIONS
art_6fc02b7113691b3ea3a170422cb6b7dd,ent_d36b13410347d500de53637c8b77e430,MENTIONS
art_86b2b8731f424ec48c76dc8765d58baf,ent_06476b735ac260b9eff5423b7d5c97e9,MENTIONS
art_86b2b8731f424ec48c76dc8765d58baf,ent_2a6d3686110703bc69da3220c6ee6b5f,MENTIONS
art_86b2b8731f424ec48c76dc8765d58baf,ent_f20011e5270666592304898988523261,MENTIONS
art_86b2b8731f424ec48c76dc8765d58baf,ent_09654ed4944a7289f941860ba8c5748f,MENTIONS
art_5b676ddd29b8c2a19e5883a17b870f6c,ent_2a6d3686110703bc69da3220c6ee6b5f,MENTIONS
art_5b676ddd29b8c2a19e5883a17b870f6c,ent_1d8580dc6acc3f3dabf5526535c4ec74,MENTIONS
art_5b676ddd29b8c2a19e5883a17b870f6c,ent_33c7ffd752d8d492a21cfd8e7530438b,MENTIONS
art_5b676ddd29b8c2a19e5883a17b870f6c,ent_f81face6f78222a44267c29b8b74f92c,MENTIONS
art_da500a8559dff569fee3146973f1f723,ent_93d76a9b0c5711c5b678593fb842948b,MENTIONS
art_da500a8559dff569fee3146973f1f723,ent_0f634e389549cc85668ac380ca152232,MENTIONS
art_da500a8559dff569fee3146973f1f723,ent_45df412cbb6c78d74a3f9a512214bca2,MENTIONS
art_da500a8559dff569fee3146973f1f723,ent_17877625c055d924bfa29a3bd5d5f588,MENTIONS
art_da500a8559dff569fee3146973f1f723,ent_b777c5bc327d8d7ccadd35b0192b1d8a,MENTIONS
art_001acd5d8aa3e661f6762cc657e50ff8,ent_b91826e120405748d84d092f6c17437a,MENTIONS
art_001acd5d8aa3e661f6762cc657e50ff8,ent_69ec4cbb98876f329a8e6508fdaf7fd8,MENTIONS
art_001acd5d8aa3e661f6762cc657e50ff8,ent_4cab5ca06bcefea9c81bc7968053b01f,MENTIONS
art_001acd5d8aa3e661f6762cc657e50ff8,ent_bbf0579997e0e8af2bd69d26c024d2c4,MENTIONS
art_b1569fed1fd4cc835362804168a65ce5,ent_498b4d82422a0bd9322b7c49e8ed7fbd,MENTIONS
art_b1569fed1fd4cc835362804168a65ce5,ent_164046a5aab6dd6bf793a0c573679eb9,MENTIONS
art_b1569fed1fd4cc835362804168a65ce5,ent_f20011e5270666592304898988523261,MENTIONS
art_b1569fed1fd4cc835362804168a65ce5,ent_d07796656a4141b20f065cd5de1d6b65,MENTIONS
art_b1569fed1fd4cc835362804168a65ce5,ent_ba29de760ed704cbe63e993aa12c0f33,MENTIONS
art_885e1e411c123772b341e62a0ffb61bb,ent_226a9421040b7f2d19e6a2ff542e6eac,MENTIONS
art_885e1e411c123772b341e62a0ffb61bb,ent_0e697025258616751ddf3ee86e1444b8,MENTIONS
art_885e1e411c123772b341e62a0ffb61bb,ent_9a2a3de39a3a6043842e12565813f080,MENTIONS
art_885e1e411c123772b341e62a0ffb61bb,ent_8d3d17b3744d413b7f2d218b9199676d,MENTIONS
art_885e1e411c123772b341e62a0ffb61bb,ent_0bf651b68c9d907e39b4a5e1f8e6b95f,MENTIONS
art_ee587786bba067c07e7380a4dca62d06,ent_c2f26eaf30aad4d2511d7334a03ce3e7,MENTIONS
art_ee587786bba067c07e7380a4dca62d06,ent_15ceceeecdd14244d979201973e13a86,MENTIONS
art_ee587786bba067c07e7380a4dca62d06,ent_81156ca39b21b8cd4fcd90d0aa3384f2,MENTIONS
art_d982d16ab292d4dd873cd3eb7660be22,ent_1073d715f616956b92ae22f6d48bc427,MENTIONS
art_d982d16ab292d4dd873cd3eb7660be22,ent_14699376b3cfd3c52cdfdc6c5ad3b2de,MENTIONS
art_d982d16ab292d4dd873cd3eb7660be22,ent_8a28b07c35dd0a5e2500f0798b39412f,MENTIONS
art_275ed6c97ba82563db563a3b876620c8,ent_1bb9abdca60ca1b28ee869ddf7da4e10,MENTIONS
art_275ed6c97ba82563db563a3b876620c8,ent_fb521437cfc9842da5dec06cf7e657d3,MENTIONS
art_275ed6c97ba82563db563a3b876620c8,ent_73fdee9a5dae370a7d065b9c5fa8e45c,MENTIONS
art_275ed6c97ba82563db563a3b876620c8,ent_f9a78824bd4149b754acffa764b4c564,MENTIONS
art_275ed6c97ba82563db563a3b876620c8,ent_ae01053901e3265b3e76e5cfa81709f8,MENTIONS
art_5f0a4c711e83e60488b5c11c4d13739e,ent_5e59ad66759572621fabc25e69be6f72,MENTIONS
art_5f0a4c711e83e60488b5c11c4d13739e,ent_2f729a91a5a8d01650c9afa8b0721bd3,MENTIONS
art_5f0a4c711e83e60488b5c11c4d13739e,ent_2a6d3686110703bc69da3220c6ee6b5f,MENTIONS
art_5f0a4c711e83e60488b5c11c4d13739e,ent_5d603652353ec0e16fd4866a173a5f3c,MENTIONS
art_38e57a36b3ac6e8af94b7eb11eaa67e8,ent_17ba4cfeeb7ba8057ade9eed96e57d1c,MENTIONS
art_38e57a36b3ac6e8af94b7eb11eaa67e8,ent_0d49a53868b32e2474c88d3bd3f0cf3d,MENTIONS
art_38e57a36b3ac6e8af94b7eb11eaa67e8,ent_a886b9b803bc170f98d6468b485ffcb2,MENTIONS
art_ff9fe1a417807bb96986edc21f0859bb,ent_fae37def2c07a66a2388cd79ac67fa41,MENTIONS
art_ff9fe1a417807bb96986edc21f0859bb,ent_5c16be9e157855c334eca58121082e56,MENTIONS
art_ff9fe1a417807bb96986edc21f0859bb,ent_78df6abf50d15fcf821c6675efb7a79d,MENTIONS
art_ff9fe1a417807bb96986edc21f0859bb,ent_52ef0352a8d4a62358ae040144f98af2,MENTIONS
art_ff9fe1a417807bb96986edc21f0859bb,ent_6874ca5ab147289c219b829309436f86,MENTIONS
art_981a772e1efd4d28d7ba706d1b1c5094,ent_2a6d3686110703bc69da3220c6ee6b5f,MENTIONS
art_981a772e1efd4d28d7ba706d1b1c5094,ent_f20011e5270666592304898988523261,MENTIONS
art_981a772e1efd4d28d7ba706d1b1c5094,ent_cc5d8997e49c25fa14b8cb6e9412ce8b,MENTIONS
art_981a772e1efd4d28d7ba706d1b1c5094,ent_734ec75b049b5acf1df1e7452c713848,MENTIONS
art_85acc5dd87e0da42956358ceac2a001a,ent_920ef287a647038554151c6b68c08163,MENTIONS
art_85acc5dd87e0da42956358ceac2a001a,ent_cdde71b6b2d3a293bb8a64043458882f,MENTIONS
art_85acc5dd87e0da42956358ceac2a001a,ent_52268de3373853e177cf639e06ee4002,MENTIONS
art_85acc5dd87e0da42956358ceac2a001a,ent_6760417d49af99b067b5f1fa1c44660b,MENTIONS
art_c606dbf818acc5b42b3af5a9aaaf2920,ent_dc7115f84be9fe68eb132ddad7d36216,MENTIONS
art_c606dbf818acc5b42b3af5a9aaaf2920,ent_78cd26cd92547b1221f49d6a810cea94,MENTIONS
art_c606dbf818acc5b42b3af5a9aaaf2920,ent_6ca7a45744461625d1973f2ef87f4f08,MENTIONS
art_c606dbf818acc5b42b3af5a9aaaf2920,ent_9a85cb1e318bc576784e1eaa04e5a1e3,MENTIONS
art_c606dbf818acc5b42b3af5a9aaaf2920,ent_73cb9346d4c28ed7183e400772654b27,MENTIONS
art_c606dbf818acc5b42b3af5a9aaaf2920,ent_2b4da846ceb3fb791e7085aff5e20a1b,MENTIONS
art_c606dbf818acc5b42b3af5a9aaaf2920,ent_8d148056dbbfba86d7f8b05a508c1c32,MENTIONS
art_c606dbf818acc5b42b3af5a9aaaf2920,ent_2c7d43272eeb3267f4d37b92b3b1c6d0,MENTIONS
art_c606dbf818acc5b42b3af5a9aaaf2920,ent_3cb4b078cc8956d072cc5ce39687e9bd,MENTIONS
art_c606dbf818acc5b42b3af5a9aaaf2920,ent_0c586f6f2e32fb11c4464190f54bf334,MENTIONS
art_2628f272af3a453f191aeaee80d43647,ent_58f3247d14059658b7316da98569ab34,MENTIONS
art_2628f272af3a453f191aeaee80d43647,ent_7028b4fcc1b2c114967a75d96185982b,MENTIONS
art_2628f272af3a453f191aeaee80d43647,ent_e6f1eb65e64de3630b964a015896189e,MENTIONS
art_2628f272af3a453f191aeaee80d43647,ent_81792f5ca8435b9e55045b7fdc1b961d,MENTIONS
art_2628f272af3a453f191aeaee80d43647,ent_c2f26eaf30aad4d2511d7334a03ce3e7,MENTIONS
art_054f7a65cd7edd0016ddf06cc8f03e01,ent_7cdfe2efced81fb87017a9c0ff04a609,MENTIONS
art_054f7a65cd7edd0016ddf06cc8f03e01,ent_cb5446ec42ce5d0014238d02d185ab64,MENTIONS
art_e10510798c109b07325d85c7661e0460,ent_06476b735ac260b9eff5423b7d5c97e9,MENTIONS
art_e10510798c109b07325d85c7661e0460,ent_5e59ad66759572621fabc25e69be6f72,MENTIONS
art_e10510798c109b07325d85c7661e0460,ent_f20011e5270666592304898988523261,MENTIONS
art_e10510798c109b07325d85c7661e0460,ent_4f895dfdfe1f099d46ae641dba882094,MENTIONS
art_adbe00aa6decbbd577dcb941626c3325,ent_0d05c98717c49eebbf5911089efc09d8,MENTIONS
art_adbe00aa6decbbd577dcb941626c3325,ent_02349980bba8ce563cdf709f74f96fc1,MENTIONS
art_adbe00aa6decbbd577dcb941626c3325,ent_0eecfd1e8eb0d1e1c39c767906095157,MENTIONS
art_adbe00aa6decbbd577dcb941626c3325,ent_312642cda4a86945e21c6ab3175203ec,MENTIONS
art_379f9253f62c224b7edfde16303e2d4b,ent_ad9a7a2dba4c9b7c586cabba310522eb,MENTIONS
art_379f9253f62c224b7edfde16303e2d4b,ent_2a883e9e3b06845fa2fda28144d1cfc4,MENTIONS
art_379f9253f62c224b7edfde16303e2d4b,ent_d8161c0e4143b5786e79b372ecdbc33b,MENTIONS
art_88aeec5acd916a2df94f52095aed7991,ent_2eba41b24a4f72387f21a5c5c64d556f,MENTIONS
art_88aeec5acd916a2df94f52095aed7991,ent_6906826e14a4588a9461d75ae5190ab4,MENTIONS
art_88aeec5acd916a2df94f52095aed7991,ent_8db22b10e63cc699a5940f4981b84d3e,MENTIONS
art_ff242ec05560033c65bf29f863040caa,ent_475b1447dee3d8a013d39e6e82cafff3,MENTIONS
art_ff242ec05560033c65bf29f863040caa,ent_5c16be9e157855c334eca58121082e56,MENTIONS
art_ff242ec05560033c65bf29f863040caa,ent_6c223e79b46ee6aca0c1d34fa16d8f25,MENTIONS
art_ff242ec05560033c65bf29f863040caa,ent_270e088860374aee31af8f076a3cda20,MENTIONS
art_ff242ec05560033c65bf29f863040caa,ent_7486dba1a703978de4b87df545672752,MENTIONS
art_4c4fd57f96030992a9436a20e84d9e8b,ent_5b04261b9a3cefd8580c6e1a5f2b2359,MENTIONS
art_4c4fd57f96030992a9436a20e84d9e8b,ent_adafd11128e9f209cb13a62c67f4a2b4,MENTIONS
art_4c4fd57f96030992a9436a20e84d9e8b,ent_f2055786166881e29c21c9b9f894396b,MENTIONS
art_4c4fd57f96030992a9436a20e84d9e8b,ent_6bac619c34abd5bb1471edf26af3d67d,MENTIONS
art_4c4fd57f96030992a9436a20e84d9e8b,ent_1f1bbbfe17b4f26a9e03b9a2f112d4ac,MENTIONS
art_4c4fd57f96030992a9436a20e84d9e8b,ent_2a6d3686110703bc69da3220c6ee6b5f,MENTIONS
art_4c4fd57f96030992a9436a20e84d9e8b,ent_97cdc9caa2d846242268f15f10a76a5e,MENTIONS
art_d1dd6e2698a09b642d07ec6d098cfead,ent_dba8d2b9ea47b7d33d52d6ff15573e61,MENTIONS
art_d1dd6e2698a09b642d07ec6d098cfead,ent_5c16be9e157855c334eca58121082e56,MENTIONS
art_d1dd6e2698a09b642d07ec6d098cfead,ent_78d97fc81d52dc0451117de58f5dcaf6,MENTIONS
art_d1dd6e2698a09b642d07ec6d098cfead,ent_249e9167ba5ffbdf59428f6a4919ed9a,MENTIONS
art_d1dd6e2698a09b642d07ec6d098cfead,ent_e41150cee8252f7ab73eb0cbb424c244,MENTIONS
art_25f1da11acfaa90edb14c07d876b95e5,ent_c9325cfdf84f7ea0f7c472be12fd116a,MENTIONS
art_25f1da11acfaa90edb14c07d876b95e5,ent_dbfd57c6bb2ec063a55d56c66e86bb8f,MENTIONS
art_25f1da11acfaa90edb14c07d876b95e5,ent_73cb9346d4c28ed7183e400772654b27,MENTIONS
art_25f1da11acfaa90edb14c07d876b95e5,ent_5a7e16494888a8bebc43bff713c3086d,MENTIONS
art_9645ed57efaf585dd936f349018dec72,ent_fc7d374ff09445ff20b4b373edeef86c,MENTIONS
art_9645ed57efaf585dd936f349018dec72,ent_cd86a69dfb2e38e677bee9ffb5682f5f,MENTIONS
art_870e934ea230f174bd33214ec96f4121,ent_2a6d3686110703bc69da3220c6ee6b5f,MENTIONS
art_870e934ea230f174bd33214ec96f4121,ent_5e59ad66759572621fabc25e69be6f72,MENTIONS
art_870e934ea230f174bd33214ec96f4121,ent_92fac42844165d10d7997368d174d44c,MENTIONS
art_870e934ea230f174bd33214ec96f4121,ent_2b4da846ceb3fb791e7085aff5e20a1b,MENTIONS
art_870e934ea230f174bd33214ec96f4121,ent_9f922e365887920d774f90821a4d0a16,MENTIONS
art_83cf8bb80cb1cf40c54bbad4deb18972,ent_3616f2d2158a75379c290d51cfa45b63,MENTIONS
art_83cf8bb80cb1cf40c54bbad4deb18972,ent_376d68d04368f8e02a91ee5f08533196,MENTIONS
art_83cf8bb80cb1cf40c54bbad4deb18972,ent_ca671c970dabf71680492f37c52341ea,MENTIONS
art_fc0dc14b05f2ad54190cbb220a2f2a30,ent_a0ddc79ef8acea1782b3c3cc1c8dd7a0,MENTIONS
art_fc0dc14b05f2ad54190cbb220a2f2a30,ent_02349980bba8ce563cdf709f74f96fc1,MENTIONS
art_fc0dc14b05f2ad54190cbb220a2f2a30,ent_43be8bdb6fb5140546446a1069469118,MENTIONS
art_fc0dc14b05f2ad54190cbb220a2f2a30,ent_4b5313613f54246bd963340ba986b7ce,MENTIONS
art_fc0dc14b05f2ad54190cbb220a2f2a30,ent_617f48d5dfc510516afb982de7e3b7a6,MENTIONS
art_9cf5fbd400add7cdc150b150b93f9dff,ent_4593c89c39e00fca49c0a31806c0bea6,MENTIONS
art_9cf5fbd400add7cdc150b150b93f9dff,ent_db5a9c62676a3e672eb935973e7963b1,MENTIONS
art_9cf5fbd400add7cdc150b150b93f9dff,ent_91fde4e45c82d6742bcc2ad1a3ec7a5f,MENTIONS
art_03dafa4d37d04753a160127c0e1a6a58,ent_2a6d3686110703bc69da3220c6ee6b5f,MENTIONS
art_c94681055c6f9c7a1aeec36adc71545e,ent_2eba41b24a4f72387f21a5c5c64d556f,MENTIONS
art_c94681055c6f9c7a1aeec36adc71545e,ent_0acd2124ad69851e7df8cf7bf44eadee,MENTIONS
art_d2a8adce0c2cd848cf61cd077948a25b,ent_9274c1d73f3bf795d3ee719b79667282,MENTIONS
art_d2a8adce0c2cd848cf61cd077948a25b,ent_6aa7cbb3eaafb3aac81464a639b86e23,MENTIONS
art_d2a8adce0c2cd848cf61cd077948a25b,ent_7ff644bb92919a398597201e5d850abb,MENTIONS
art_d3a84ba2096b5d4cea33ee7b38bae68b,ent_02349980bba8ce563cdf709f74f96fc1,MENTIONS
art_d3a84ba2096b5d4cea33ee7b38bae68b,ent_312642cda4a86945e21c6ab3175203ec,MENTIONS
art_d3a84ba2096b5d4cea33ee7b38bae68b,ent_f543037423cfd641f0235935577e0b4e,MENTIONS
art_d3a84ba2096b5d4cea33ee7b38bae68b,ent_5e1c306758433974396e4a603175ac22,MENTIONS
art_ac8deea43f9a26951490a4ff21709595,ent_579ea4b90bd3f2a53adf0cf747beb458,MENTIONS
art_ac8deea43f9a26951490a4ff21709595,ent_a5b3427f5e8b3883d13eeaedbda4bc2f,MENTIONS
art_ac8deea43f9a26951490a4ff21709595,ent_0ae18fb924d695c4014fbd1b03535ef3,MENTIONS
art_4c862fe4309b241965ada719f77a192e,ent_0eba5b8b045d8b9914ebbe91f4f34ae3,MENTIONS
art_5954bde22db20fdbd64bee28d3f8934a,ent_638d344b80b5ff90e19946c1d56c201e,MENTIONS
art_5954bde22db20fdbd64bee28d3f8934a,ent_6b68c9e686f32bf9d1d21c93b102a0c4,MENTIONS
art_5954bde22db20fdbd64bee28d3f8934a,ent_7cc89791ea672f7c7c312921af3777f3,MENTIONS
art_8dee6b5a67eb2f3b90c17a0e37a3586f,ent_67ed4dba57d555ce0ec37d39fbdc5690,MENTIONS
art_8dee6b5a67eb2f3b90c17a0e37a3586f,ent_634d30f1d295382071bc70b8e883717b,MENTIONS
art_89c6f883efc2cf958f0fd2fabd8c8015,ent_b2e6a5212f3219677ec3bd4da54ca90a,MENTIONS
art_89c6f883efc2cf958f0fd2fabd8c8015,ent_14699376b3cfd3c52cdfdc6c5ad3b2de,MENTIONS
art_89c6f883efc2cf958f0fd2fabd8c8015,ent_889c4f970984bec668511d2394e0d54e,MENTIONS
art_89c6f883efc2cf958f0fd2fabd8c8015,ent_1aed3ca93b402c0c5056f0a3abf821df,MENTIONS
art_89c6f883efc2cf958f0fd2fabd8c8015,ent_3980a9ce14f17eb78ca8bcebc628b67d,MENTIONS
art_651758f3f74082b13ee454dd14b1d23f,ent_d1038e461d8e9dba3754cbf975eb84df,MENTIONS
art_651758f3f74082b13ee454dd14b1d23f,ent_d2d29e5d086d3413e98e75356c80fa1e,MENTIONS
art_651758f3f74082b13ee454dd14b1d23f,ent_2b4da846ceb3fb791e7085aff5e20a1b,MENTIONS
art_7ed260c1aa56e59a2a2f18daa5752005,ent_8480cdb29aec645d6a83afed094c4ad4,MENTIONS
art_7ed260c1aa56e59a2a2f18daa5752005,ent_7cdfe2efced81fb87017a9c0ff04a609,MENTIONS
art_b064b34295385671facf376820f9b953,ent_3a18d8c85870aeaa8abde9f8103063f9,MENTIONS
art_b064b34295385671facf376820f9b953,ent_84dbd73c27d3e1d8d4ff39f89f947a08,MENTIONS
art_0701a92799ae7e891e841c69bb24ac27,ent_d36b13410347d500de53637c8b77e430,MENTIONS
art_0701a92799ae7e891e841c69bb24ac27,ent_9da0ab3c4dd6c335b87a5f170d0d805b,MENTIONS
art_0701a92799ae7e891e841c69bb24ac27,ent_9f9becccd1bbc77f14d0e3ffbb99d9e6,MENTIONS
art_0701a92799ae7e891e841c69bb24ac27,ent_803260225fa43e5dab54ddf9c2daae84,MENTIONS
art_0701a92799ae7e891e841c69bb24ac27,ent_3a198f25ac030c2947264e30b843c775,MENTIONS
art_bce8eb3cd7e8d9060d34ef0d6fbdd247,ent_33291675b7c978e619744fa7a53978d2,MENTIONS
art_bce8eb3cd7e8d9060d34ef0d6fbdd247,ent_a6b25ddfe5eed10755685a068c6fd13a,MENTIONS
art_bce8eb3cd7e8d9060d34ef0d6fbdd247,ent_9a8d9381d310473a86fa72df8c7a3396,MENTIONS
art_bed5bc23e661d41fdc1ae51c39b8762b,ent_2eba41b24a4f72387f21a5c5c64d556f,MENTIONS
art_bed5bc23e661d41fdc1ae51c39b8762b,ent_0acd2124ad69851e7df8cf7bf44eadee,MENTIONS
art_d745e6c25bb206e11960d9db0130a129,ent_d6d4fc8036735b6a85028b35617b4cb5,MENTIONS
art_d745e6c25bb206e11960d9db0130a129,ent_2c50bdea7ce5645a036a3808d390f5b0,MENTIONS
art_d745e6c25bb206e11960d9db0130a129,ent_309d2284b9e724c2d01809154dca5236,MENTIONS
art_d745e6c25bb206e11960d9db0130a129,ent_2c7d43272eeb3267f4d37b92b3b1c6d0,MENTIONS
art_d745e6c25bb206e11960d9db0130a129,ent_68dc0fe29818d27c620185ea01db7132,MENTIONS
art_242e69e3492f126655795d4ac0c821df,ent_a71740427211c86c0f333189f3a27724,MENTIONS
art_242e69e3492f126655795d4ac0c821df,ent_2b4da846ceb3fb791e7085aff5e20a1b,MENTIONS
art_242e69e3492f126655795d4ac0c821df,ent_226a9421040b7f2d19e6a2ff542e6eac,MENTIONS
art_16c74e4455ab93eb84fc2c53e659fce2,ent_34ad981f351f5483490e4f8844b68be5,MENTIONS
art_16c74e4455ab93eb84fc2c53e659fce2,ent_5dc1a75056dba976243ed0ee2e710603,MENTIONS
art_16c74e4455ab93eb84fc2c53e659fce2,ent_686283728d7c6df9659092d0a8ef3e2e,MENTIONS
art_16c74e4455ab93eb84fc2c53e659fce2,ent_a05369acde82261be6c6223c8637c326,MENTIONS
art_a18f611e2775c08887c4a5feb7941321,ent_78d97fc81d52dc0451117de58f5dcaf6,MENTIONS
art_a18f611e2775c08887c4a5feb7941321,ent_9a87cb52a013e69503a06a974767b66f,MENTIONS
art_cd6d4ed9cbd253adb1c6322a5a2e0b15,ent_ee2b685fe00a291c34adce1fd9989797,MENTIONS
art_cd6d4ed9cbd253adb1c6322a5a2e0b15,ent_3772935531ff312176855fb68364ea90,MENTIONS
art_cd6d4ed9cbd253adb1c6322a5a2e0b15,ent_5c16be9e157855c334eca58121082e56,MENTIONS
art_cd6d4ed9cbd253adb1c6322a5a2e0b15,ent_6760417d49af99b067b5f1fa1c44660b,MENTIONS
art_cd6d4ed9cbd253adb1c6322a5a2e0b15,ent_97643c03d57bc5a51f0f1eb5f59247b0,MENTIONS
art_cd6d4ed9cbd253adb1c6322a5a2e0b15,ent_634d30f1d295382071bc70b8e883717b,MENTIONS
art_cd6d4ed9cbd253adb1c6322a5a2e0b15,ent_78df6abf50d15fcf821c6675efb7a79d,MENTIONS
art_fe3bf76bbdeff4005d83e170e4f9563c,ent_f272308a3afee775ff2fcf1b10f9ba59,MENTIONS
art_fe3bf76bbdeff4005d83e170e4f9563c,ent_edb82d9e724eb11669a36d3e8d6c8038,MENTIONS
art_fe3bf76bbdeff4005d83e170e4f9563c,ent_7dd0be0c9e8204144f5fcf803572b8d5,MENTIONS
art_fe3bf76bbdeff4005d83e170e4f9563c,ent_89c8e96f0e125c54207c12b24b79f39e,MENTIONS
art_47f3b401d2b6d3d35b3cc42ba80e827b,ent_e18cadff4cd43f9d677acc03609b5af7,MENTIONS
art_47f3b401d2b6d3d35b3cc42ba80e827b,ent_5c16be9e157855c334eca58121082e56,MENTIONS
art_47f3b401d2b6d3d35b3cc42ba80e827b,ent_6c776d1485108a740356d0d2635cc087,MENTIONS
art_47f3b401d2b6d3d35b3cc42ba80e827b,ent_79f68c15efb8c32a570cd14c39de692b,MENTIONS
art_47f3b401d2b6d3d35b3cc42ba80e827b,ent_e9ec465d87e7e46430868861a7c68c87,MENTIONS
art_3d24188a777b0b2e0a71497cfc787c5b,ent_488b2fe6d4aacea9bbd9181d558b951a,MENTIONS
art_3d24188a777b0b2e0a71497cfc787c5b,ent_226a9421040b7f2d19e6a2ff542e6eac,MENTIONS
art_d60ef2f44971d97f145b45efeab301e2,ent_67ed4dba57d555ce0ec37d39fbdc5690,MENTIONS
art_b9e1e56c130f3823630083a15a7535f8,ent_b2e6a5212f3219677ec3bd4da54ca90a,MENTIONS
art_b9e1e56c130f3823630083a15a7535f8,ent_14699376b3cfd3c52cdfdc6c5ad3b2de,MENTIONS
art_b9e1e56c130f3823630083a15a7535f8,ent_1aed3ca93b402c0c5056f0a3abf821df,MENTIONS
art_b9e1e56c130f3823630083a15a7535f8,ent_889c4f970984bec668511d2394e0d54e,MENTIONS
art_b0d93737569ea87d09f9a2e7f8fa1c02,ent_a47b41073172fffc075ac293f3b4a110,MENTIONS
art_b0d93737569ea87d09f9a2e7f8fa1c02,ent_6c6b9b2cde4aa93713747e5879be47c5,MENTIONS
art_b0d93737569ea87d09f9a2e7f8fa1c02,ent_4b104dedc0d60a9cf644f341f7627221,MENTIONS
art_b0d93737569ea87d09f9a2e7f8fa1c02,ent_e39b3a846a7ea3d3e546c2ac6ac1b02f,MENTIONS
art_b0d93737569ea87d09f9a2e7f8fa1c02,ent_ae67b2070ac12db55cf2b0a1f9a9d557,MENTIONS
art_b0d93737569ea87d09f9a2e7f8fa1c02,ent_5d603652353ec0e16fd4866a173a5f3c,MENTIONS
art_b0d93737569ea87d09f9a2e7f8fa1c02,ent_2c151570b8f912995e90daa75779e80c,MENTIONS
art_40cb5c7b9d7325bfe33e9ed6da5291b7,ent_27011b7c48531679af2573df6aac9b38,MENTIONS
art_40cb5c7b9d7325bfe33e9ed6da5291b7,ent_430cc24cb3bad151778ebd265d10633d,MENTIONS
art_40cb5c7b9d7325bfe33e9ed6da5291b7,ent_113014df1ed5130ee2fec8b6af45a732,MENTIONS
art_40cb5c7b9d7325bfe33e9ed6da5291b7,ent_9177f363c3c0880583caf5b017729dbe,MENTIONS
art_29fda688ec794cacad0caf0e7d874eab,ent_7fe45cdb8925c0f02461dc3820436884,MENTIONS
art_29fda688ec794cacad0caf0e7d874eab,ent_29b31d7f72109996024c24eab37c4b23,MENTIONS
art_51e3ac63bdbbd96264b8d509da223526,ent_2c7d43272eeb3267f4d37b92b3b1c6d0,MENTIONS
art_51e3ac63bdbbd96264b8d509da223526,ent_309d2284b9e724c2d01809154dca5236,MENTIONS
art_51e3ac63bdbbd96264b8d509da223526,ent_3c1ef18fe45da632b8ea7f10df09df8f,MENTIONS
art_51e3ac63bdbbd96264b8d509da223526,ent_d6d4fc8036735b6a85028b35617b4cb5,MENTIONS
art_51e3ac63bdbbd96264b8d509da223526,ent_14699376b3cfd3c52cdfdc6c5ad3b2de,MENTIONS
art_8f8aae2f65b6f05e19f95fd5e7a6a3ce,ent_02349980bba8ce563cdf709f74f96fc1,MENTIONS
art_8f8aae2f65b6f05e19f95fd5e7a6a3ce,ent_312642cda4a86945e21c6ab3175203ec,MENTIONS
art_8f8aae2f65b6f05e19f95fd5e7a6a3ce,ent_488b2fe6d4aacea9bbd9181d558b951a,MENTIONS
art_1aa91af343dfa3f355166ebc0429c26f,ent_e79206dc26773e6f9886e52ab19a45a1,MENTIONS
art_1aa91af343dfa3f355166ebc0429c26f,ent_b31ab3898b08457e40dd5290813e2e76,MENTIONS
art_1aa91af343dfa3f355166ebc0429c26f,ent_720b1b64c9a52afa63f81fe6399550a1,MENTIONS
art_1aa91af343dfa3f355166ebc0429c26f,ent_f20011e5270666592304898988523261,MENTIONS
art_1aa91af343dfa3f355166ebc0429c26f,ent_02dcb180d4777c21db4d030464baaf3a,MENTIONS
art_1aa91af343dfa3f355166ebc0429c26f,ent_d1f64bc475e40fff8275e5dd925398f6,MENTIONS
art_1aa91af343dfa3f355166ebc0429c26f,ent_09654ed4944a7289f941860ba8c5748f,MENTIONS
art_1aa91af343dfa3f355166ebc0429c26f,ent_d0c8770ba039a6ae69fe5ae77ecf20bd,MENTIONS
art_c4c1469d2d88f5f0c1fe5e522f083696,ent_0ae18fb924d695c4014fbd1b03535ef3,MENTIONS
art_c4c1469d2d88f5f0c1fe5e522f083696,ent_579ea4b90bd3f2a53adf0cf747beb458,MENTIONS
art_c4c1469d2d88f5f0c1fe5e522f083696,ent_a5b3427f5e8b3883d13eeaedbda4bc2f,MENTIONS
art_c4c1469d2d88f5f0c1fe5e522f083696,ent_745145885cec073e88171f6bad467c43,MENTIONS
art_9895a25773f9996d209f4e76a8b426ea,ent_b413b0f80b8d06ff291ed5a8fcd6db8c,MENTIONS
art_9895a25773f9996d209f4e76a8b426ea,ent_d36b13410347d500de53637c8b77e430,MENTIONS
art_9895a25773f9996d209f4e76a8b426ea,ent_312642cda4a86945e21c6ab3175203ec,MENTIONS
art_391e69ad7d7937feef38263d2d9c8442,ent_72362fdffb2c5003dcdd806e3d384bef,MENTIONS
art_391e69ad7d7937feef38263d2d9c8442,ent_277dc2e007aab8e05680d30b9b750a01,MENTIONS
art_391e69ad7d7937feef38263d2d9c8442,ent_9b26993ccd3d395bec18762508bf6cbf,MENTIONS
art_391e69ad7d7937feef38263d2d9c8442,ent_96a80830bb5baab05295aea550a1aef5,MENTIONS
art_391e69ad7d7937feef38263d2d9c8442,ent_2b4da846ceb3fb791e7085aff5e20a1b,MENTIONS
art_391e69ad7d7937feef38263d2d9c8442,ent_3d765287c23fc0373cda56b22e0b7da5,MENTIONS
art_391e69ad7d7937feef38263d2d9c8442,ent_227c9fe85898bb8128c2ef137750958c,MENTIONS
art_391e69ad7d7937feef38263d2d9c8442,ent_f0ecc322e30f290a1739aa431a28fa4e,MENTIONS
art_e3ad1b37bb9dba5a3d4aea700eefe8ae,ent_4dbf0feddc249735733a7d3080a45cf5,MENTIONS
art_e3ad1b37bb9dba5a3d4aea700eefe8ae,ent_d36b13410347d500de53637c8b77e430,MENTIONS
art_e3ad1b37bb9dba5a3d4aea700eefe8ae,ent_adafd11128e9f209cb13a62c67f4a2b4,MENTIONS
art_e3ad1b37bb9dba5a3d4aea700eefe8ae,ent_bab41f4da430bd439eafd667836cbe87,MENTIONS
art_e3ad1b37bb9dba5a3d4aea700eefe8ae,ent_02349980bba8ce563cdf709f74f96fc1,MENTIONS
art_d3fd50ef57b179edf21d05005d446a64,ent_2a6d3686110703bc69da3220c6ee6b5f,MENTIONS
art_d3fd50ef57b179edf21d05005d446a64,ent_a45787066de4f449cf1aade713430ec1,MENTIONS
art_d3fd50ef57b179edf21d05005d446a64,ent_4656fcf18d57154512fe2e49e6f06d7f,MENTIONS
art_d3fd50ef57b179edf21d05005d446a64,ent_3f55434dd1878e3f4afda021ab62f803,MENTIONS
art_d3fd50ef57b179edf21d05005d446a64,ent_ba940b8b744b507b695c1697e5680698,MENTIONS
art_17988f2c91cda2b50e32761c8d8e92fe,ent_1d8619a0f114f1380f0ec18621ccea96,MENTIONS
art_17988f2c91cda2b50e32761c8d8e92fe,ent_f93a1a1f1a73257f642bf440f07a0e82,MENTIONS
art_17988f2c91cda2b50e32761c8d8e92fe,ent_90e458fd61d46d1fdc140234e06d44f4,MENTIONS
art_4ad3f6f6ed27941a6af968df4f8dd826,ent_d404956aa47366028d5b4eb1d2843bd2,MENTIONS
art_4ad3f6f6ed27941a6af968df4f8dd826,ent_c1b310239c13a947fd9598bf2e2724af,MENTIONS
art_4ad3f6f6ed27941a6af968df4f8dd826,ent_943636b941dc2a7ad3e03d1b8abca511,MENTIONS
art_4ad3f6f6ed27941a6af968df4f8dd826,ent_3e66247131124c27a0f6074d01ee8803,MENTIONS
art_4ad3f6f6ed27941a6af968df4f8dd826,ent_946e3886218719e6de2ab8af55542cf9,MENTIONS
art_4ad3f6f6ed27941a6af968df4f8dd826,ent_ff63d0cb98b84a46198875050bf67376,MENTIONS
art_795a52ba94d84211d06084460f7ceb2e,ent_4601d7a42a8c07d47a95b40bc855d6f7,MENTIONS
art_795a52ba94d84211d06084460f7ceb2e,ent_aa57bef0956bb65832029f29178d02ee,MENTIONS
art_795a52ba94d84211d06084460f7ceb2e,ent_2a6d3686110703bc69da3220c6ee6b5f,MENTIONS
art_795a52ba94d84211d06084460f7ceb2e,ent_2b96431769a7d7202b7c32aaab155cef,MENTIONS
art_795a52ba94d84211d06084460f7ceb2e,ent_3d756d26be9bb6cc5343ebcef63d202e,MENTIONS
art_795a52ba94d84211d06084460f7ceb2e,ent_1678c97bf0c76c8d42a8ddd2d66144b9,MENTIONS
art_795a52ba94d84211d06084460f7ceb2e,ent_214b9a1a9d70e8f7f50f8abc8bae8a33,MENTIONS
art_795a52ba94d84211d06084460f7ceb2e,ent_42c5ff80c7eaff3d518913fb94b3c60f,MENTIONS
art_795a52ba94d84211d06084460f7ceb2e,ent_08497ef86c547402f21364dd038517c7,MENTIONS
art_ea1e4db31e3481d769ea58bff0f0df1a,ent_8f250add8313cc23405459aefb965c63,MENTIONS
art_ea1e4db31e3481d769ea58bff0f0df1a,ent_b786549babb631f4668037147ed6d369,MENTIONS
art_ea1e4db31e3481d769ea58bff0f0df1a,ent_c2c034c42f35b6d01ad4e0f6da86a41a,MENTIONS
art_ea1e4db31e3481d769ea58bff0f0df1a,ent_bd14104df9ffea99f5d799fe7585d35c,MENTIONS
art_18e019662e3eb5174841c9a99e727dfb,ent_f5dd63419eb50612f32883622efc2dd3,MENTIONS
art_18e019662e3eb5174841c9a99e727dfb,ent_93c41fc4c45b610a06562891892f280d,MENTIONS
art_18e019662e3eb5174841c9a99e727dfb,ent_a5b3427f5e8b3883d13eeaedbda4bc2f,MENTIONS
art_18e019662e3eb5174841c9a99e727dfb,ent_51b96213871ef239fd22b40715f09543,MENTIONS
art_1deba141716302cbed20d15e5fd1dbf1,ent_2f1539a7d9d0f8a5735f61b685521242,MENTIONS
art_1deba141716302cbed20d15e5fd1dbf1,ent_97d58d48dcc2f822a1805a869f24dfd9,MENTIONS
art_1deba141716302cbed20d15e5fd1dbf1,ent_a5b3427f5e8b3883d13eeaedbda4bc2f,MENTIONS
art_6611ca48e1159b82b0bfecbb34345cd3,ent_ea4d279a74f954d8b5654015c7049c4b,MENTIONS
art_6611ca48e1159b82b0bfecbb34345cd3,ent_73eccecf3ceecd88069050c00fb68cec,MENTIONS
art_6611ca48e1159b82b0bfecbb34345cd3,ent_23e19afb7c08a6c01708caf1a719e698,MENTIONS
art_6611ca48e1159b82b0bfecbb34345cd3,ent_5069a4095e7838d5b0915bcf041a5532,MENTIONS
art_6611ca48e1159b82b0bfecbb34345cd3,ent_3fe95dc26398b94eb171f0a1f0fafa1b,MENTIONS
art_6611ca48e1159b82b0bfecbb34345cd3,ent_af3b3783ba9e4d5bd4799da75987f7be,MENTIONS
art_6611ca48e1159b82b0bfecbb34345cd3,ent_a1a5bb77332f23b3769f1a8349347200,MENTIONS
art_2d27b2847d3f69109b4aa3eab6fc5e7e,ent_2dc4fe559308d860145003feb2da00ee,MENTIONS
art_2d27b2847d3f69109b4aa3eab6fc5e7e,ent_1c8cdae7dbe2e1adf3ae1d1ec41f75c8,MENTIONS
art_2d27b2847d3f69109b4aa3eab6fc5e7e,ent_b0d8a4d3bfcb2158c44abf256b3f3ee8,MENTIONS
art_d2907b740fc423b8207343750c3ac06f,ent_0d05c98717c49eebbf5911089efc09d8,MENTIONS
art_d2907b740fc423b8207343750c3ac06f,ent_4b4a2e1224418f0257f673d73442058b,MENTIONS
art_d2907b740fc423b8207343750c3ac06f,ent_214163861ed8ac3fdfdb4674bf5536af,MENTIONS
art_bf6dd55910b633626ae51389ec0b1904,ent_8e0d9d90dd9378f2a573ae667f105d08,MENTIONS
art_bf6dd55910b633626ae51389ec0b1904,ent_9af7542ea9ea6f0002475369a0b08697,MENTIONS
art_bf6dd55910b633626ae51389ec0b1904,ent_d36b13410347d500de53637c8b77e430,MENTIONS
art_bf6dd55910b633626ae51389ec0b1904,ent_f5e36b29147e73fa2f19805768760f76,MENTIONS
art_bf6dd55910b633626ae51389ec0b1904,ent_60d6b05019781d28560415127a956a30,MENTIONS
art_b0d5ebfc1f997e60b8de4ba86192e59b,ent_0e92f188c7548ec8412c2a2e45dbc542,MENTIONS
art_b0d5ebfc1f997e60b8de4ba86192e59b,ent_40aff8b4cfae7e0e7a7a168446bfeb96,MENTIONS
art_b0d5ebfc1f997e60b8de4ba86192e59b,ent_cc5c14378a60f5dd3500ffa186ac4a56,MENTIONS
art_b0d5ebfc1f997e60b8de4ba86192e59b,ent_9db140153360bb3ee741b5c980cae1d3,MENTIONS
art_b0d5ebfc1f997e60b8de4ba86192e59b,ent_c2d30f7eba2a32e2df579835ea35ad47,MENTIONS
art_60535016c27246c431ff3af70adab86f,ent_d36b13410347d500de53637c8b77e430,MENTIONS
art_60535016c27246c431ff3af70adab86f,ent_1c27dfd16ae2178cffcf036f84e9c025,MENTIONS
art_60535016c27246c431ff3af70adab86f,ent_193240a6270070551b01d221ec8dfe85,MENTIONS
art_60535016c27246c431ff3af70adab86f,ent_59a03ca5579fe394ff20dc486acd7371,MENTIONS
art_3a8236be830a000a2e73cac3bf1330ab,ent_20c727e9686e65ccf14fee2431bb0cd7,MENTIONS
art_3a8236be830a000a2e73cac3bf1330ab,ent_7a70cd4dab778c8bb9086d6e5af16b43,MENTIONS
art_63d352c7436a43d4cc9525d6bd31de64,ent_9af7542ea9ea6f0002475369a0b08697,MENTIONS
art_63d352c7436a43d4cc9525d6bd31de64,ent_f5e36b29147e73fa2f19805768760f76,MENTIONS
art_63d352c7436a43d4cc9525d6bd31de64,ent_d36b13410347d500de53637c8b77e430,MENTIONS
art_63d352c7436a43d4cc9525d6bd31de64,ent_d0c8770ba039a6ae69fe5ae77ecf20bd,MENTIONS
art_efcaca4a793412b04c5a6c0daa7540df,ent_a05179e2f9327e07330c68798403b0a6,MENTIONS
art_efcaca4a793412b04c5a6c0daa7540df,ent_9af7542ea9ea6f0002475369a0b08697,MENTIONS
art_efcaca4a793412b04c5a6c0daa7540df,ent_1c27dfd16ae2178cffcf036f84e9c025,MENTIONS
art_efcaca4a793412b04c5a6c0daa7540df,ent_2b4da846ceb3fb791e7085aff5e20a1b,MENTIONS
art_efcaca4a793412b04c5a6c0daa7540df,ent_0585370dfc155ad02f40b8c59efe394e,MENTIONS
art_9de4610c7e850b73a09692d04aa7d5b7,ent_7626c3bda2c10d7a119fb550a7cbed7c,MENTIONS
art_9de4610c7e850b73a09692d04aa7d5b7,ent_f5e36b29147e73fa2f19805768760f76,MENTIONS
art_9de4610c7e850b73a09692d04aa7d5b7,ent_1c27dfd16ae2178cffcf036f84e9c025,MENTIONS
art_9de4610c7e850b73a09692d04aa7d5b7,ent_af7a2b14a0dea9e8e9c38e844c4e7513,MENTIONS
art_9de4610c7e850b73a09692d04aa7d5b7,ent_bd5483cb3c8aea14591a0905ae92e345,MENTIONS
art_9de4610c7e850b73a09692d04aa7d5b7,ent_ab9663a60693ccdbb51211efd90ed45c,MENTIONS
art_a6f36fbb7b184c9a7b070690a212715d,ent_a704d1cad6bed4a7f878c7eaa30f4b06,MENTIONS
art_a6f36fbb7b184c9a7b070690a212715d,ent_db49657001d3a859a08eec0dd4475722,MENTIONS
art_839dba45a1fe8ddb9ddfe2d3e0c7ce84,ent_733266f2f6fa16d86847930532129ed9,MENTIONS
art_839dba45a1fe8ddb9ddfe2d3e0c7ce84,ent_adafd11128e9f209cb13a62c67f4a2b4,MENTIONS
art_839dba45a1fe8ddb9ddfe2d3e0c7ce84,ent_15c1eacf05066c67f1edf4eeec40730c,MENTIONS
art_839dba45a1fe8ddb9ddfe2d3e0c7ce84,ent_decc221ef00b49f9ef64e44ef858847f,MENTIONS
art_94d305a353293309fca6a6719c6d41c5,ent_b10925b974cddf3d2c2b9bb51ace0409,MENTIONS
art_94d305a353293309fca6a6719c6d41c5,ent_183bd64c6fc43113b151a26ffb0dca15,MENTIONS
art_1f084067731f719e8c451e72b1f177a1,ent_02349980bba8ce563cdf709f74f96fc1,MENTIONS
art_1f084067731f719e8c451e72b1f177a1,ent_e781755b53bdc10b7d94ea07983f05e9,MENTIONS
art_ec1706f327611c06ff07ac41d46dab1d,ent_78df6abf50d15fcf821c6675efb7a79d,MENTIONS
art_ec1706f327611c06ff07ac41d46dab1d,ent_d1f64bc475e40fff8275e5dd925398f6,MENTIONS
art_ec1706f327611c06ff07ac41d46dab1d,ent_12e4cf3a641e1e4f6491f73db6780b7f,MENTIONS
art_40cc00e516345298d4336cc20c0dfdc2,ent_a98b9366ff28e17f7d3d95b3073a665e,MENTIONS
art_40cc00e516345298d4336cc20c0dfdc2,ent_e78177193132f1b2b171068f4d815401,MENTIONS
art_40cc00e516345298d4336cc20c0dfdc2,ent_55f4613cd706c67ca34be35cf37e63ce,MENTIONS
art_b99f531b7fb696e503373101f2febdd6,ent_78df6abf50d15fcf821c6675efb7a79d,MENTIONS
art_b99f531b7fb696e503373101f2febdd6,ent_ee4dab2303520809d334bda7e9f41028,MENTIONS
art_2d77b7d0d9193155de8110cbaa0772f2,ent_1c27dfd16ae2178cffcf036f84e9c025,MENTIONS
art_2d77b7d0d9193155de8110cbaa0772f2,ent_f5e36b29147e73fa2f19805768760f76,MENTIONS
art_2d77b7d0d9193155de8110cbaa0772f2,ent_981443b942501bcc3325bc942ed7b79d,MENTIONS
art_64825ca14caa18d5e6626ea7da71a087,ent_d00e1b5cb7696ec234fc21823cdb41eb,MENTIONS
art_64825ca14caa18d5e6626ea7da71a087,ent_02349980bba8ce563cdf709f74f96fc1,MENTIONS
art_64825ca14caa18d5e6626ea7da71a087,ent_65c6d75640801f7acc3a9b3147ac62e7,MENTIONS
art_e847675952b6f8ad89d16c6f93c234ac,ent_78df6abf50d15fcf821c6675efb7a79d,MENTIONS
art_e847675952b6f8ad89d16c6f93c234ac,ent_78d97fc81d52dc0451117de58f5dcaf6,MENTIONS
art_7f5646df5cd3aa79070378059cd22858,ent_127c2994160c342711c41d09efe71af5,MENTIONS
art_7f5646df5cd3aa79070378059cd22858,ent_7421709da0900ea03f6b96cd402513ce,MENTIONS
art_7f5646df5cd3aa79070378059cd22858,ent_bd97d4d99d889129eb002f8ad5d52d54,MENTIONS
art_144a2b208a39cea019e412a85eedaee4,ent_b82afb690cc79e8d6ddf4f691251c28c,MENTIONS
art_144a2b208a39cea019e412a85eedaee4,ent_02349980bba8ce563cdf709f74f96fc1,MENTIONS
art_144a2b208a39cea019e412a85eedaee4,ent_1ab44f2d57f451ececb2b184d983f3cf,MENTIONS
art_144a2b208a39cea019e412a85eedaee4,ent_312642cda4a86945e21c6ab3175203ec,MENTIONS
art_144a2b208a39cea019e412a85eedaee4,ent_ae5fff2dae481c44403c5723ad34a9b3,MENTIONS
art_d8898868e53eee73d42f8100485c4e46,ent_678340b2b94c337f0bb78181275b3238,MENTIONS
art_d8898868e53eee73d42f8100485c4e46,ent_0fc893a4bdb64119cfea33a0e50ba5bf,MENTIONS
art_d8898868e53eee73d42f8100485c4e46,ent_9d75fe3bff9c16604b041e08b3edff7c,MENTIONS
art_e3e2400e9d8567f35fa7414ad998c7a4,ent_bd03c6404b0a4e3bf3f555d1c32f31fb,MENTIONS
art_e3e2400e9d8567f35fa7414ad998c7a4,ent_05f2a9d802e0eadc7d4f3075cef990ed,MENTIONS
art_43107ca4f2c79200c469ce3367f6c353,ent_c7ab9752078a566c05df754372fdb17f,MENTIONS
art_43107ca4f2c79200c469ce3367f6c353,ent_2a6d3686110703bc69da3220c6ee6b5f,MENTIONS
art_9602da540ab48fb915ed162159d7d4ff,ent_1fc8a0c8c3e91ed19daac93690708e0a,MENTIONS
art_9602da540ab48fb915ed162159d7d4ff,ent_bf2eb1b5439441d00d8f571c48181df1,MENTIONS
art_9602da540ab48fb915ed162159d7d4ff,ent_121c6d05c5efd396d7def6b1c800f374,MENTIONS
art_9602da540ab48fb915ed162159d7d4ff,ent_f7bdd39905bb7be42be94bd6f9cc4900,MENTIONS
art_9602da540ab48fb915ed162159d7d4ff,ent_84aa932cf7734447d39e6f9297a0c60d,MENTIONS
art_0adf050293b7348215536cb83b78f238,ent_1fc8a0c8c3e91ed19daac93690708e0a,MENTIONS
art_cc045717cbd8583ecd724d49f808db1a,ent_9da0ab3c4dd6c335b87a5f170d0d805b,MENTIONS
art_cc045717cbd8583ecd724d49f808db1a,ent_3a198f25ac030c2947264e30b843c775,MENTIONS
art_a6e1aa522db7f7cec4c942734a87bd45,ent_02349980bba8ce563cdf709f74f96fc1,MENTIONS
art_a6e1aa522db7f7cec4c942734a87bd45,ent_db244428e5b99bf414f78677a2d667ed,MENTIONS
art_a6e1aa522db7f7cec4c942734a87bd45,ent_29c5a3a85665d45755d9c9e8a9c3f356,MENTIONS
art_a6e1aa522db7f7cec4c942734a87bd45,ent_edc641d55be346730d71096cbd7722bc,MENTIONS
art_a6e1aa522db7f7cec4c942734a87bd45,ent_6d3207d702c9dc917a10d34060bb5fb3,MENTIONS
art_f23524d0fa94e6ad6789546533b8ce44,ent_0d05c98717c49eebbf5911089efc09d8,MENTIONS
art_f23524d0fa94e6ad6789546533b8ce44,ent_312642cda4a86945e21c6ab3175203ec,MENTIONS
art_f23524d0fa94e6ad6789546533b8ce44,ent_1cd2e01a70da63ddbb5a78e6a69f9e7a,MENTIONS
art_f23524d0fa94e6ad6789546533b8ce44,ent_b4e3b5cdb35d8e9844796414fb0794d1,MENTIONS
art_0a6fbbf4ce3393e650dad342f2451639,ent_a5917a85e1d121009a6f6890eccc51ae,MENTIONS
art_0a6fbbf4ce3393e650dad342f2451639,ent_101e3979f7ed5e30600c396dd020465e,MENTIONS
art_12e369ec07b9be13747f526c11126156,ent_1fc8a0c8c3e91ed19daac93690708e0a,MENTIONS
art_12e369ec07b9be13747f526c11126156,ent_78d97fc81d52dc0451117de58f5dcaf6,MENTIONS
art_12e369ec07b9be13747f526c11126156,ent_c771db0baefc7aff9a7e35b80dbc6262,MENTIONS
art_12e369ec07b9be13747f526c11126156,ent_5c16be9e157855c334eca58121082e56,MENTIONS
art_12e369ec07b9be13747f526c11126156,ent_0d49a53868b32e2474c88d3bd3f0cf3d,MENTIONS
art_12e369ec07b9be13747f526c11126156,ent_7e889cb0569c3b8c6ddf99ab82d44676,MENTIONS
art_02e266a76c8452232787f2675ef93276,ent_1fc8a0c8c3e91ed19daac93690708e0a,MENTIONS
art_02e266a76c8452232787f2675ef93276,ent_243f93a14c27b187c19621d6c1d5eb64,MENTIONS
art_0f600c6dd45f30bbe2e750435bb08a93,ent_3d08e9cc4ebacc96639d82c4192dfbe2,MENTIONS
art_0f600c6dd45f30bbe2e750435bb08a93,ent_e497b9e79268cd5d85885cfe327581b0,MENTIONS
art_0f600c6dd45f30bbe2e750435bb08a93,ent_02349980bba8ce563cdf709f74f96fc1,MENTIONS
art_0f600c6dd45f30bbe2e750435bb08a93,ent_706533bd87e787e5152a76813608e097,MENTIONS
art_0f600c6dd45f30bbe2e750435bb08a93,ent_6d3207d702c9dc917a10d34060bb5fb3,MENTIONS
art_0f600c6dd45f30bbe2e750435bb08a93,ent_bab41f4da430bd439eafd667836cbe87,MENTIONS
art_0f600c6dd45f30bbe2e750435bb08a93,ent_488b2fe6d4aacea9bbd9181d558b951a,MENTIONS
art_a675fc1af4ff039aef771e3b59221391,ent_2eba41b24a4f72387f21a5c5c64d556f,MENTIONS
art_a675fc1af4ff039aef771e3b59221391,ent_6906826e14a4588a9461d75ae5190ab4,MENTIONS
art_aa4004e48e17055715ba976a895a5236,ent_0d49a53868b32e2474c88d3bd3f0cf3d,MENTIONS
art_3d6734cdfe3912135298721e1b29e4b4,ent_dcc255e3b03b08cd95d9f6056e67e1c1,MENTIONS
art_3d6734cdfe3912135298721e1b29e4b4,ent_7e7335d3bb7792dfc7f5cf08ece4ae87,MENTIONS
art_3d6734cdfe3912135298721e1b29e4b4,ent_90378ebd6cadc483c2e3201fb1b9b832,MENTIONS
art_af68f360c5ed1906834d4ea647579ea5,ent_312642cda4a86945e21c6ab3175203ec,MENTIONS
art_e7667942a7b2d51fe7c2995c5fd6effb,ent_02349980bba8ce563cdf709f74f96fc1,MENTIONS
art_e7667942a7b2d51fe7c2995c5fd6effb,ent_adafd11128e9f209cb13a62c67f4a2b4,MENTIONS
art_e7667942a7b2d51fe7c2995c5fd6effb,ent_b413b0f80b8d06ff291ed5a8fcd6db8c,MENTIONS
art_e7667942a7b2d51fe7c2995c5fd6effb,ent_6d3207d702c9dc917a10d34060bb5fb3,MENTIONS
art_ffa03453d2453456a76d36cbaa1149fc,ent_a588b0e6fcdbb167a6d3f131e9c4ab39,MENTIONS
art_ffa03453d2453456a76d36cbaa1149fc,ent_0585370dfc155ad02f40b8c59efe394e,MENTIONS
art_ffa03453d2453456a76d36cbaa1149fc,ent_05f2a9d802e0eadc7d4f3075cef990ed,MENTIONS
art_04acfc73b0e13cc10c29771cbd66bfe3,ent_7421709da0900ea03f6b96cd402513ce,MENTIONS
art_04acfc73b0e13cc10c29771cbd66bfe3,ent_2b4da846ceb3fb791e7085aff5e20a1b,MENTIONS
art_483b1bf0e17825e19c3421180c898ef8,ent_a188acf76de0785410455c4196d0ac62,MENTIONS
art_2b29d5c589def46f610c9771931c92d7,ent_1fc8a0c8c3e91ed19daac93690708e0a,MENTIONS
art_2b29d5c589def46f610c9771931c92d7,ent_62afa23efc4094dca8b3091b1bc6e85b,MENTIONS
art_2b29d5c589def46f610c9771931c92d7,ent_0f3eabf59e6551ac7515879972456619,MENTIONS
art_8529a4b8c98823db3e23fb01f286a519,ent_0b22336cce98cf8254184d9fcb76ab24,MENTIONS
art_8529a4b8c98823db3e23fb01f286a519,ent_f4211d1daad1150c61429873732c6fd6,MENTIONS
art_694a1b7ffa9a1b794c5690973261e8c2,ent_edb82d9e724eb11669a36d3e8d6c8038,MENTIONS
art_694a1b7ffa9a1b794c5690973261e8c2,ent_3862bd09add88e94342c044aa016e72f,MENTIONS
art_694a1b7ffa9a1b794c5690973261e8c2,ent_9d05e4c957403af7e10a3bb2c2ad2736,MENTIONS
art_694a1b7ffa9a1b794c5690973261e8c2,ent_ed0e7ab099c4bb98567cf5a43ddaba95,MENTIONS
art_f1dcc449888e791898280fb86179d870,ent_0d05c98717c49eebbf5911089efc09d8,MENTIONS
art_f1dcc449888e791898280fb86179d870,ent_edc641d55be346730d71096cbd7722bc,MENTIONS
art_f1dcc449888e791898280fb86179d870,ent_6d3207d702c9dc917a10d34060bb5fb3,MENTIONS
art_f1dcc449888e791898280fb86179d870,ent_3a2918de879bbfb39c7bd80124412985,MENTIONS
art_f1dcc449888e791898280fb86179d870,ent_d36b13410347d500de53637c8b77e430,MENTIONS
art_09d2e0a0f0378582c6b7a66b61820881,ent_0d05c98717c49eebbf5911089efc09d8,MENTIONS
art_09d2e0a0f0378582c6b7a66b61820881,ent_312642cda4a86945e21c6ab3175203ec,MENTIONS
art_09d2e0a0f0378582c6b7a66b61820881,ent_0585370dfc155ad02f40b8c59efe394e,MENTIONS
art_09d2e0a0f0378582c6b7a66b61820881,ent_b82afb690cc79e8d6ddf4f691251c28c,MENTIONS
art_a4e6c0246691fa52c07bfeed1ead9963,ent_196c742cfdfc3e67875e816948b568d4,MENTIONS
art_a4e6c0246691fa52c07bfeed1ead9963,ent_7fe461592c31b7bf33bf11d21d306ea0,MENTIONS
art_a4e6c0246691fa52c07bfeed1ead9963,ent_02349980bba8ce563cdf709f74f96fc1,MENTIONS
art_a4e6c0246691fa52c07bfeed1ead9963,ent_848015af8766cb8f2e66510ab1145bd0,MENTIONS
art_a4e6c0246691fa52c07bfeed1ead9963,ent_5a7e16494888a8bebc43bff713c3086d,MENTIONS
art_a4e6c0246691fa52c07bfeed1ead9963,ent_c9e40f851d27fe17df1aad33d40295e8,MENTIONS
art_a4e6c0246691fa52c07bfeed1ead9963,ent_2b4da846ceb3fb791e7085aff5e20a1b,MENTIONS
art_5da1a87252aa7c7d6aab095de67d553a,ent_0d05c98717c49eebbf5911089efc09d8,MENTIONS
art_5da1a87252aa7c7d6aab095de67d553a,ent_b413b0f80b8d06ff291ed5a8fcd6db8c,MENTIONS
art_5da1a87252aa7c7d6aab095de67d553a,ent_072b06cf764b32598171c01997175b38,MENTIONS
art_5da1a87252aa7c7d6aab095de67d553a,ent_d833fdb47e059fed8968724819098752,MENTIONS
art_7e6d91365372e10331d4845787dc2204,ent_226a9421040b7f2d19e6a2ff542e6eac,MENTIONS
art_7e6d91365372e10331d4845787dc2204,ent_3178e8dc843daec23f911de728088b61,MENTIONS
art_7e6d91365372e10331d4845787dc2204,ent_bab41f4da430bd439eafd667836cbe87,MENTIONS
art_93ccabf0d691fd67fa760dd03a24b072,ent_b8aa57fe027a8eb4a1dca3ef7cdbfd3d,MENTIONS
art_93ccabf0d691fd67fa760dd03a24b072,ent_5d603652353ec0e16fd4866a173a5f3c,MENTIONS
art_93ccabf0d691fd67fa760dd03a24b072,ent_11a95db333e680fb0fb1326f32b34284,MENTIONS
art_5698d370dd53c0724f492a561a44cb96,ent_c38f14347061b74d7febc37e56078e2d,MENTIONS
art_5698d370dd53c0724f492a561a44cb96,ent_734ec75b049b5acf1df1e7452c713848,MENTIONS
art_5698d370dd53c0724f492a561a44cb96,ent_d9f3ebce71cb1ca7324d751a3b75a7dc,MENTIONS
art_5698d370dd53c0724f492a561a44cb96,ent_191dc9e3d2e5d65d790a18faacc173fa,MENTIONS
art_c9200dbf98ec060d406acd6ac0792c27,ent_3d756d26be9bb6cc5343ebcef63d202e,MENTIONS
art_c9200dbf98ec060d406acd6ac0792c27,ent_5e33e95fc90227de9dbc12b25e5588aa,MENTIONS
art_c9200dbf98ec060d406acd6ac0792c27,ent_8c4035d5a6ff34067f8a6340fceba03f,MENTIONS
art_e581bce694caff854d8e8f6c9ef76be3,ent_7b6eeed1b0a77389f361a19cc1032b5b,MENTIONS
art_e581bce694caff854d8e8f6c9ef76be3,ent_e6d2bd8d74b0eff0569d7a675f30b487,MENTIONS
art_e581bce694caff854d8e8f6c9ef76be3,ent_e61abf43d91ccaff8d4765b2db2d84f5,MENTIONS
art_e581bce694caff854d8e8f6c9ef76be3,ent_e92095c440f22ad7d4133ecb9d846b17,MENTIONS
art_e581bce694caff854d8e8f6c9ef76be3,ent_a4856edb8a9f711c201c227e64b0d2f7,MENTIONS
art_bd823cc24e6d9f1d83f7eb71d78e34cf,ent_d36b13410347d500de53637c8b77e430,MENTIONS
art_bd823cc24e6d9f1d83f7eb71d78e34cf,ent_c3ca8722b925634d32d74db562ede2cf,MENTIONS
art_bd823cc24e6d9f1d83f7eb71d78e34cf,ent_2a6d3686110703bc69da3220c6ee6b5f,MENTIONS
art_bd823cc24e6d9f1d83f7eb71d78e34cf,ent_4fa2deebbdd08f8db412355fd5c496b0,MENTIONS
art_bd823cc24e6d9f1d83f7eb71d78e34cf,ent_eba5443d169e49a0847d52d0430e4edb,MENTIONS
art_bd823cc24e6d9f1d83f7eb71d78e34cf,ent_970f504fc83d9131144532f858ffd62d,MENTIONS
art_5a6c1401adbf06c475f552b22ff97adf,ent_638d344b80b5ff90e19946c1d56c201e,MENTIONS
art_5a6c1401adbf06c475f552b22ff97adf,ent_f20011e5270666592304898988523261,MENTIONS
art_5a6c1401adbf06c475f552b22ff97adf,ent_23feb12a45b15a33a71efd02456709cf,MENTIONS
art_5a6c1401adbf06c475f552b22ff97adf,ent_f7b7d119d2b1f33a1576935c79c3ea4d,MENTIONS
art_5a6c1401adbf06c475f552b22ff97adf,ent_cbd2c6df401c1bde9b135f053e48273d,MENTIONS
art_615806736f6be8f57e873bcbed58b0c8,ent_4ad0ffac273d930b5933defd37110d0a,MENTIONS
art_615806736f6be8f57e873bcbed58b0c8,ent_2b4da846ceb3fb791e7085aff5e20a1b,MENTIONS
art_615806736f6be8f57e873bcbed58b0c8,ent_4ec2f9af8bbe04a6427aaf6144634167,MENTIONS
art_615806736f6be8f57e873bcbed58b0c8,ent_beb49962bfd394408b7a8573c224ad98,MENTIONS
art_615806736f6be8f57e873bcbed58b0c8,ent_b5d2bbe6471d8dc50147a601adbaa30a,MENTIONS
art_615806736f6be8f57e873bcbed58b0c8,ent_b83acb65b7169112e62d8cd8c7f3322e,MENTIONS
art_656b24d22882cd74e3857c15c7ea5443,ent_1fc8a0c8c3e91ed19daac93690708e0a,MENTIONS
art_656b24d22882cd74e3857c15c7ea5443,ent_658857383dd4a0832ace65ddd23973e3,MENTIONS
art_656b24d22882cd74e3857c15c7ea5443,ent_121c6d05c5efd396d7def6b1c800f374,MENTIONS
art_656b24d22882cd74e3857c15c7ea5443,ent_a188acf76de0785410455c4196d0ac62,MENTIONS
art_a7136caed59b372cc166cad6ab97a889,ent_ba78776772d7362012b17294d1a5ec8c,MENTIONS
art_a7136caed59b372cc166cad6ab97a889,ent_e92095c440f22ad7d4133ecb9d846b17,MENTIONS
art_a7136caed59b372cc166cad6ab97a889,ent_61681af5e834d2a035d742f5df77e643,MENTIONS
art_a7136caed59b372cc166cad6ab97a889,ent_6089f524dbc457558a74a70bdbaf2ee5,MENTIONS
art_a7136caed59b372cc166cad6ab97a889,ent_5c16be9e157855c334eca58121082e56,MENTIONS
art_56ddb00de9458b8af6e4e7453ee294c3,ent_0373c6a05cdfbf9740dac290b581db34,MENTIONS
art_56ddb00de9458b8af6e4e7453ee294c3,ent_14fc9673d1033a9b3e1cd991f4f38de7,MENTIONS
art_f4a10b08ace0476891b04fa486e6ac1d,ent_f40474ef3832349af3d7f569f32cb6f4,MENTIONS
art_f4a10b08ace0476891b04fa486e6ac1d,ent_ee7a1d9cd2b63d297d5b65774077223d,MENTIONS
art_f4a10b08ace0476891b04fa486e6ac1d,ent_97cdc9caa2d846242268f15f10a76a5e,MENTIONS
art_f4a10b08ace0476891b04fa486e6ac1d,ent_55522c074277c08c6c40b56a1b07f3ba,MENTIONS
art_f4a10b08ace0476891b04fa486e6ac1d,ent_a80e6b9b26135b258ede6f63cef184d7,MENTIONS
art_6d1d4d861e2d6a06d9f63dc818f44c73,ent_0373c6a05cdfbf9740dac290b581db34,MENTIONS
art_6d1d4d861e2d6a06d9f63dc818f44c73,ent_fe60a6c64f4797bb973018d0f8cf7747,MENTIONS
art_a20da51a81600b5b114733b20fc7ef77,ent_c4410bf1f1df10d2fb76caaad87e1c87,MENTIONS
art_a20da51a81600b5b114733b20fc7ef77,ent_a30415e8d6f8d4698e8d66fe5f78e1b4,MENTIONS
art_a20da51a81600b5b114733b20fc7ef77,ent_db8c07d57d4ebb081e8a20ce2a1b5353,MENTIONS
art_2ad1844166e11f0a5a15ead8f48b05d5,ent_0acd2124ad69851e7df8cf7bf44eadee,MENTIONS
art_2ad1844166e11f0a5a15ead8f48b05d5,ent_2eba41b24a4f72387f21a5c5c64d556f,MENTIONS
art_2ad1844166e11f0a5a15ead8f48b05d5,ent_2b4da846ceb3fb791e7085aff5e20a1b,MENTIONS
art_2ad1844166e11f0a5a15ead8f48b05d5,ent_7d5df9877c447fe6c0c05a3a3d3499ef,MENTIONS
art_c8a65389b56797fde366fb75f3546123,ent_db49657001d3a859a08eec0dd4475722,MENTIONS
art_c8a65389b56797fde366fb75f3546123,ent_0fc893a4bdb64119cfea33a0e50ba5bf,MENTIONS
art_c8a65389b56797fde366fb75f3546123,ent_0585370dfc155ad02f40b8c59efe394e,MENTIONS
art_c8a65389b56797fde366fb75f3546123,ent_47c96265ab61792f35d69d48ad029b36,MENTIONS
art_b2f4e5ad85d51eb6e77c6b8a6e46daf9,ent_0d05c98717c49eebbf5911089efc09d8,MENTIONS
art_b2f4e5ad85d51eb6e77c6b8a6e46daf9,ent_73cb9346d4c28ed7183e400772654b27,MENTIONS
art_dc0fa760cef3d2d5dbe2049c0081b630,ent_5c16be9e157855c334eca58121082e56,MENTIONS
art_59ae4f286fbd28b4ef555417281e7fc7,ent_b90d25f919cc4d4a4f5625e9c5c7d2c8,MENTIONS
art_59ae4f286fbd28b4ef555417281e7fc7,ent_bccc642ac9be25934ad89685473a42c7,MENTIONS
art_59ae4f286fbd28b4ef555417281e7fc7,ent_939718a00177f4a7a8a8caf8e210b494,MENTIONS
art_59ae4f286fbd28b4ef555417281e7fc7,ent_02349980bba8ce563cdf709f74f96fc1,MENTIONS
art_59ae4f286fbd28b4ef555417281e7fc7,ent_f20011e5270666592304898988523261,MENTIONS
art_59ae4f286fbd28b4ef555417281e7fc7,ent_73cb9346d4c28ed7183e400772654b27,MENTIONS
art_59ae4f286fbd28b4ef555417281e7fc7,ent_2a6d3686110703bc69da3220c6ee6b5f,MENTIONS
art_de78e064e900cdf31012e7536acfc495,ent_121c6d05c5efd396d7def6b1c800f374,MENTIONS
art_de78e064e900cdf31012e7536acfc495,ent_92fb7e6ecdc223ceb7e1e0a2e8b46483,MENTIONS
art_de78e064e900cdf31012e7536acfc495,ent_7825dc6dbd377645ddbb90818899fea1,MENTIONS
art_6b9a1fa617b02cc79cf93bd9c99bbbe3,ent_edc641d55be346730d71096cbd7722bc,MENTIONS
art_6b9a1fa617b02cc79cf93bd9c99bbbe3,ent_214163861ed8ac3fdfdb4674bf5536af,MENTIONS
art_6b9a1fa617b02cc79cf93bd9c99bbbe3,ent_898ff312f1e0ade4b571e7537258316d,MENTIONS
art_7d1aa4eaa3c639f906c08d4e3d044d36,ent_1b6a3283d51070fecb0bdae3a21e09c1,MENTIONS
art_7d1aa4eaa3c639f906c08d4e3d044d36,ent_1fc8a0c8c3e91ed19daac93690708e0a,MENTIONS
art_7d1aa4eaa3c639f906c08d4e3d044d36,ent_56c49e875ea00141018374704188d9d4,MENTIONS
art_d9f2588c0e04878cedbd672586816d71,ent_5d603652353ec0e16fd4866a173a5f3c,MENTIONS
art_d9f2588c0e04878cedbd672586816d71,ent_ecb539000c8efb889fa6588d7f9de713,MENTIONS
art_2a4141746291fb7c27bcbf9efd7e1699,ent_783c508954614fa61cb6f7833e5e323e,MENTIONS
art_2a4141746291fb7c27bcbf9efd7e1699,ent_02349980bba8ce563cdf709f74f96fc1,MENTIONS
art_2a4141746291fb7c27bcbf9efd7e1699,ent_0585370dfc155ad02f40b8c59efe394e,MENTIONS
art_2a4141746291fb7c27bcbf9efd7e1699,ent_deb03d9cf11dc154e14e07d101551ab8,MENTIONS
art_2a4141746291fb7c27bcbf9efd7e1699,ent_312642cda4a86945e21c6ab3175203ec,MENTIONS
art_a840b5f23cdc84d876579631ec099106,ent_0d05c98717c49eebbf5911089efc09d8,MENTIONS
art_a840b5f23cdc84d876579631ec099106,ent_56223953b1be983c383865d5576bb10a,MENTIONS
art_a840b5f23cdc84d876579631ec099106,ent_611cf5e35a7b4e26a2d5b6bbf9654ade,MENTIONS
art_a840b5f23cdc84d876579631ec099106,ent_d36b13410347d500de53637c8b77e430,MENTIONS
art_c2dbdc15eaf0979a9a5886116448ee21,ent_0d05c98717c49eebbf5911089efc09d8,MENTIONS
art_c2dbdc15eaf0979a9a5886116448ee21,ent_2a6d3686110703bc69da3220c6ee6b5f,MENTIONS
art_c2dbdc15eaf0979a9a5886116448ee21,ent_7fe461592c31b7bf33bf11d21d306ea0,MENTIONS
art_c2dbdc15eaf0979a9a5886116448ee21,ent_d36b13410347d500de53637c8b77e430,MENTIONS
art_c2dbdc15eaf0979a9a5886116448ee21,ent_02349980bba8ce563cdf709f74f96fc1,MENTIONS
art_c2dbdc15eaf0979a9a5886116448ee21,ent_0585370dfc155ad02f40b8c59efe394e,MENTIONS
art_6f8b125d0df6eec8d86362b9015f35b1,ent_312642cda4a86945e21c6ab3175203ec,MENTIONS
art_30e400a3e0f78964092972bfe579419f,ent_6aa7cbb3eaafb3aac81464a639b86e23,MENTIONS
art_30e400a3e0f78964092972bfe579419f,ent_92edc340e6b199da03635924937b6d34,MENTIONS
art_30e400a3e0f78964092972bfe579419f,ent_323edab1d36d461c0b535b7f4b4951f5,MENTIONS
art_30e400a3e0f78964092972bfe579419f,ent_21195c1fa224b0ebb8ebdd8d31e31200,MENTIONS
art_30e400a3e0f78964092972bfe579419f,ent_c7ab9752078a566c05df754372fdb17f,MENTIONS
art_42702344ea54971f0d6ff2e9a2635070,ent_6aa7cbb3eaafb3aac81464a639b86e23,MENTIONS
art_42702344ea54971f0d6ff2e9a2635070,ent_a24037a0a4929bf4df160409b5bafc31,MENTIONS
art_42702344ea54971f0d6ff2e9a2635070,ent_7ae34a5ca5a0bacc493425fd8dd907e5,MENTIONS
art_5466bbeca0939906c92f71230e0ca857,ent_ae04e3b9d65ca7f137ad1d000c4a01df,MENTIONS
art_5466bbeca0939906c92f71230e0ca857,ent_ebf7ba215ee11b80c5b08ccba6241b05,MENTIONS
art_5466bbeca0939906c92f71230e0ca857,ent_2a6d3686110703bc69da3220c6ee6b5f,MENTIONS
art_5466bbeca0939906c92f71230e0ca857,ent_efcea41751696d7564207ab9bfeb8fff,MENTIONS
art_3a18b0b91bfa15375bce63b0c25cbe59,ent_b10925b974cddf3d2c2b9bb51ace0409,MENTIONS
art_5d1f20cc174fabe0751e2a2db87b20e6,ent_579ea4b90bd3f2a53adf0cf747beb458,MENTIONS
art_5d1f20cc174fabe0751e2a2db87b20e6,ent_0ae18fb924d695c4014fbd1b03535ef3,MENTIONS
art_80c924394486c08806df3fcbe5a85725,ent_686283728d7c6df9659092d0a8ef3e2e,MENTIONS
art_80c924394486c08806df3fcbe5a85725,ent_7cf3deb62796748eb43e44a38db1b5e3,MENTIONS
art_7a0bf16e73009855992a21f7c8f94c90,ent_14699376b3cfd3c52cdfdc6c5ad3b2de,MENTIONS
art_7a0bf16e73009855992a21f7c8f94c90,ent_adc4cf85faee81785dede2d813242b8c,MENTIONS
art_7a0bf16e73009855992a21f7c8f94c90,ent_fe69d84318e08a5b60d2e61078dcc5ab,MENTIONS
art_7a0bf16e73009855992a21f7c8f94c90,ent_b8aa57fe027a8eb4a1dca3ef7cdbfd3d,MENTIONS
art_7a0bf16e73009855992a21f7c8f94c90,ent_976f12224f73c0a65379e7ca0197580b,MENTIONS
art_0cb925459cf991b2f0b336b753633c41,ent_e4bfe251411df5cb31177b79577fe71a,MENTIONS
art_0cb925459cf991b2f0b336b753633c41,ent_8748e69541007dea1690d64a2f90c241,MENTIONS
art_0cb925459cf991b2f0b336b753633c41,ent_b31700e982880829117c32e9315fd07e,MENTIONS
art_0cb925459cf991b2f0b336b753633c41,ent_2a6d3686110703bc69da3220c6ee6b5f,MENTIONS
art_0cb925459cf991b2f0b336b753633c41,ent_49d16c9ba1300c36a494a9ea05b7df54,MENTIONS
art_0cb925459cf991b2f0b336b753633c41,ent_0eba5b8b045d8b9914ebbe91f4f34ae3,MENTIONS
art_fddb89c2784c16de99d9ffcc60849d1f,ent_f20011e5270666592304898988523261,MENTIONS
art_fddb89c2784c16de99d9ffcc60849d1f,ent_7781c4baf5017571a4a383b9a99546ee,MENTIONS
art_1dcd54c0529b075932205e62011ce271,ent_dfd0386b4140e94cd0a8001cb421acc4,MENTIONS
art_1dcd54c0529b075932205e62011ce271,ent_2b96431769a7d7202b7c32aaab155cef,MENTIONS
art_1dcd54c0529b075932205e62011ce271,ent_1c476fcbe914d1e910284ffdc3cfd45f,MENTIONS
art_1dcd54c0529b075932205e62011ce271,ent_8e0deb088dd8a8be4223f57dc863482e,MENTIONS
art_1dcd54c0529b075932205e62011ce271,ent_2b4da846ceb3fb791e7085aff5e20a1b,MENTIONS
art_1dcd54c0529b075932205e62011ce271,ent_6cd9c4d4190a0456b031c98d65d324b3,MENTIONS
art_1dcd54c0529b075932205e62011ce271,ent_e9accc8f4f05e3b66738aa5ceee026bc,MENTIONS
art_1dcd54c0529b075932205e62011ce271,ent_bbcc916dbe9e42fd9ed048253774ff78,MENTIONS
art_8670dbf287997b8a622311f992e01bec,ent_0d05c98717c49eebbf5911089efc09d8,MENTIONS
art_8670dbf287997b8a622311f992e01bec,ent_d36b13410347d500de53637c8b77e430,MENTIONS
art_8670dbf287997b8a622311f992e01bec,ent_0b5ee1de617d237def83fd19afb69096,MENTIONS
art_8670dbf287997b8a622311f992e01bec,ent_56223953b1be983c383865d5576bb10a,MENTIONS
art_8670dbf287997b8a622311f992e01bec,ent_150514c539bf2f6dd172dd5a62520bc5,MENTIONS
art_84253d880d2539b6f10e3f6eb1c44534,ent_82b9c759777fe021c14258393cc1d935,MENTIONS
art_84253d880d2539b6f10e3f6eb1c44534,ent_a889f5fc1a26c3ac0ecec14a724bf2f6,MENTIONS
art_2407beb5c6f7f585c402d8585f5aaedd,ent_1fc8a0c8c3e91ed19daac93690708e0a,MENTIONS
art_2407beb5c6f7f585c402d8585f5aaedd,ent_2bcde6500619ff33f51d36f1186411cc,MENTIONS
art_8e930aa540f131ef67b9eff91fcc8f37,ent_36294aff071eeec9e882eb2892e24de7,MENTIONS
art_8e930aa540f131ef67b9eff91fcc8f37,ent_a8ea61f26999c18633c1d8e4caa9712b,MENTIONS
art_c33bb1b0393476973a4410d138484112,ent_6aa7cbb3eaafb3aac81464a639b86e23,MENTIONS
art_c33bb1b0393476973a4410d138484112,ent_3c09221d3466d531fc4791356b36cfb0,MENTIONS
art_c33bb1b0393476973a4410d138484112,ent_323edab1d36d461c0b535b7f4b4951f5,MENTIONS
art_c33bb1b0393476973a4410d138484112,ent_0585370dfc155ad02f40b8c59efe394e,MENTIONS
art_ba5d9ab9fbc4aaa5e42f292a4f28c09b,ent_0d05c98717c49eebbf5911089efc09d8,MENTIONS
art_ba5d9ab9fbc4aaa5e42f292a4f28c09b,ent_312642cda4a86945e21c6ab3175203ec,MENTIONS
art_ba5d9ab9fbc4aaa5e42f292a4f28c09b,ent_150514c539bf2f6dd172dd5a62520bc5,MENTIONS
art_ba5d9ab9fbc4aaa5e42f292a4f28c09b,ent_ba3ed7986b9aebf3ddb24e71aae8c7b7,MENTIONS
art_8e93d4384122eab4165f3a98b45e6802,ent_6aa7cbb3eaafb3aac81464a639b86e23,MENTIONS
art_8e93d4384122eab4165f3a98b45e6802,ent_2b498d52af2d5955651749a2f0c7435c,MENTIONS
art_7b226330cc00327be9c3c8f46594b140,ent_0d05c98717c49eebbf5911089efc09d8,MENTIONS
art_7b226330cc00327be9c3c8f46594b140,ent_56223953b1be983c383865d5576bb10a,MENTIONS
art_7b226330cc00327be9c3c8f46594b140,ent_7d62fca88aae8064a6ca41aa3c5ac863,MENTIONS
art_7b226330cc00327be9c3c8f46594b140,ent_312642cda4a86945e21c6ab3175203ec,MENTIONS
art_d39347008162b3233c85adad80a2d398,ent_0d05c98717c49eebbf5911089efc09d8,MENTIONS
art_d39347008162b3233c85adad80a2d398,ent_8d0270a3937e5b8940efd62f665abd7e,MENTIONS
art_d39347008162b3233c85adad80a2d398,ent_f0df143575c08daba3e630919e86c16b,MENTIONS
art_d39347008162b3233c85adad80a2d398,ent_0585370dfc155ad02f40b8c59efe394e,MENTIONS
art_d39347008162b3233c85adad80a2d398,ent_9a9a3bc4d3713a2df0dc09bc773986db,MENTIONS
art_d39347008162b3233c85adad80a2d398,ent_214163861ed8ac3fdfdb4674bf5536af,MENTIONS
art_bdad89b205c5ef68d21af4fd1bcbba94,ent_0d05c98717c49eebbf5911089efc09d8,MENTIONS
art_bdad89b205c5ef68d21af4fd1bcbba94,ent_d36b13410347d500de53637c8b77e430,MENTIONS
art_bdad89b205c5ef68d21af4fd1bcbba94,ent_611cf5e35a7b4e26a2d5b6bbf9654ade,MENTIONS
art_70fafe95aec23bee8f6433fab535f39b,ent_edc641d55be346730d71096cbd7722bc,MENTIONS
art_70fafe95aec23bee8f6433fab535f39b,ent_d36b13410347d500de53637c8b77e430,MENTIONS
art_70fafe95aec23bee8f6433fab535f39b,ent_02349980bba8ce563cdf709f74f96fc1,MENTIONS
art_70fafe95aec23bee8f6433fab535f39b,ent_400bdc57a151a1e860821dc4086f706a,MENTIONS
art_5583000f8b4b5215ee5a133d61b82076,ent_1fc8a0c8c3e91ed19daac93690708e0a,MENTIONS
art_5583000f8b4b5215ee5a133d61b82076,ent_7416136b26f04fe26f14c9bc8ee30d64,MENTIONS
art_5583000f8b4b5215ee5a133d61b82076,ent_7cdfe2efced81fb87017a9c0ff04a609,MENTIONS
art_5583000f8b4b5215ee5a133d61b82076,ent_62afa23efc4094dca8b3091b1bc6e85b,MENTIONS
art_5583000f8b4b5215ee5a133d61b82076,ent_e7c6ff442d174be0485175234bc0c637,MENTIONS
art_7782b0615220773b1d2cbc3d227d58f5,ent_db49657001d3a859a08eec0dd4475722,MENTIONS
art_54ddd335c9241e3ce242b3960d52e15b,ent_02349980bba8ce563cdf709f74f96fc1,MENTIONS
art_54ddd335c9241e3ce242b3960d52e15b,ent_d36b13410347d500de53637c8b77e430,MENTIONS
art_13d3abf286e7b6208a3b188c0e62c401,ent_0d05c98717c49eebbf5911089efc09d8,MENTIONS
art_13d3abf286e7b6208a3b188c0e62c401,ent_d36b13410347d500de53637c8b77e430,MENTIONS
art_13d3abf286e7b6208a3b188c0e62c401,ent_2b4da846ceb3fb791e7085aff5e20a1b,MENTIONS
art_13d3abf286e7b6208a3b188c0e62c401,ent_076065e3be163413a6af6c349dad550d,MENTIONS
art_5abfc426f24c514d3b048e5e73aa5240,ent_6aa7cbb3eaafb3aac81464a639b86e23,MENTIONS
art_5abfc426f24c514d3b048e5e73aa5240,ent_2a6d3686110703bc69da3220c6ee6b5f,MENTIONS
art_5abfc426f24c514d3b048e5e73aa5240,ent_b2158906bdddbf6bb026f754fd115ce9,MENTIONS
art_dbafe22f55fb17b3dbc0bd054a265842,ent_6aa7cbb3eaafb3aac81464a639b86e23,MENTIONS
art_ce2733eeba53ba56cee37a6788f0f803,ent_8773ea020d381282d1fc9e4623244aca,MENTIONS
art_ce2733eeba53ba56cee37a6788f0f803,ent_d50ae2fa5acfaccd0585fa8bfdc55a01,MENTIONS
art_ce2733eeba53ba56cee37a6788f0f803,ent_76644d662d0c6ac5c2dd42e4aefab0ae,MENTIONS
art_ce2733eeba53ba56cee37a6788f0f803,ent_f661430093dc344ffc8b8cdb2492ca14,MENTIONS
art_490b43754db68898b68ad444fe22df3d,ent_9d05e4c957403af7e10a3bb2c2ad2736,MENTIONS
art_490b43754db68898b68ad444fe22df3d,ent_05f2a9d802e0eadc7d4f3075cef990ed,MENTIONS
art_490b43754db68898b68ad444fe22df3d,ent_b9bff9f91b000f5f5c840770187af30c,MENTIONS
art_1675010b3340fda3da23672c0c64b165,ent_78d97fc81d52dc0451117de58f5dcaf6,MENTIONS
art_1675010b3340fda3da23672c0c64b165,ent_0ae18fb924d695c4014fbd1b03535ef3,MENTIONS
art_1675010b3340fda3da23672c0c64b165,ent_e3021097f18a949652b14817f058740f,MENTIONS
art_dd47f7c5827adef002279dc6f6d3c10e,ent_94dfd82e9382a97b2ef050f268787ac2,MENTIONS
art_70deccc9ffdc7f3a00ef0691fcc896d5,ent_b9260d152ca6e1d61c38807f9a452f3c,MENTIONS
art_70deccc9ffdc7f3a00ef0691fcc896d5,ent_939718a00177f4a7a8a8caf8e210b494,MENTIONS
art_70deccc9ffdc7f3a00ef0691fcc896d5,ent_3108eb6d18c65e70d584aa66e1528379,MENTIONS
art_70deccc9ffdc7f3a00ef0691fcc896d5,ent_20979b5c66747ce5af84d5d1987ca250,MENTIONS
art_86d6a439c9395fd8a4b4981205488225,ent_16655a67a3e22c75ab14149639dce7ea,MENTIONS
art_86d6a439c9395fd8a4b4981205488225,ent_fb3d9af4eb7290f1f12c522e227f88ed,MENTIONS
art_86d6a439c9395fd8a4b4981205488225,ent_2a6d3686110703bc69da3220c6ee6b5f,MENTIONS
art_86d6a439c9395fd8a4b4981205488225,ent_f0ecc322e30f290a1739aa431a28fa4e,MENTIONS
art_70e80fe7ae116b3eb240438ba38024ac,ent_d41b6811158e8730c28ee1ada5398bf5,MENTIONS
art_70e80fe7ae116b3eb240438ba38024ac,ent_1bcabc92f137d6ecb5223a0a932771d9,MENTIONS
art_70e80fe7ae116b3eb240438ba38024ac,ent_97d58d48dcc2f822a1805a869f24dfd9,MENTIONS
art_70e80fe7ae116b3eb240438ba38024ac,ent_787ee7896a3057f442441b02559a0357,MENTIONS
art_70e80fe7ae116b3eb240438ba38024ac,ent_2a6d3686110703bc69da3220c6ee6b5f,MENTIONS
art_11addab4ab9b27cfcdc956234995f459,ent_ef745e3d8a50bb8513fb76f49f80b808,MENTIONS
art_11addab4ab9b27cfcdc956234995f459,ent_e7fa5bd660d6c130581e4d90d47ff4ba,MENTIONS
art_11addab4ab9b27cfcdc956234995f459,ent_a8deac9d517fc0fd2ad6f05328be9830,MENTIONS
art_40069985dbf10ab10ac9e0ad821ffa77,ent_53764ef22071d532a94ff06b15f68ae4,MENTIONS
art_40069985dbf10ab10ac9e0ad821ffa77,ent_3b1ebd4fe29ba818c2a5084d647edae3,MENTIONS
art_40069985dbf10ab10ac9e0ad821ffa77,ent_312642cda4a86945e21c6ab3175203ec,MENTIONS
art_40069985dbf10ab10ac9e0ad821ffa77,ent_02349980bba8ce563cdf709f74f96fc1,MENTIONS
art_b06cc18b2f3680dd1a00bb431d439671,ent_ea68beba4b6b8d8f76242b550fd8daed,MENTIONS
art_b06cc18b2f3680dd1a00bb431d439671,ent_e7e8f8d5b268a550c311fe8beb864b9f,MENTIONS
art_aa47b88258e642e9688071398f4997b1,ent_f1e0d40c42c31116c5788fb5266b98ab,MENTIONS
art_aa47b88258e642e9688071398f4997b1,ent_fcec4dfb15d3b1bbca330f390cf0b345,MENTIONS
art_aa47b88258e642e9688071398f4997b1,ent_73cb9346d4c28ed7183e400772654b27,MENTIONS
art_aa47b88258e642e9688071398f4997b1,ent_5c16be9e157855c334eca58121082e56,MENTIONS
art_5cd07fc6b1d5071769f03ffcdab1953e,ent_41ace20ee0e3b14e38e11051198ef7d9,MENTIONS
art_5cd07fc6b1d5071769f03ffcdab1953e,ent_9db23f9e5bac1e80427120103d95c99f,MENTIONS
art_680d651e1c78908a4e770b431987bcb0,ent_6aa7cbb3eaafb3aac81464a639b86e23,MENTIONS
art_680d651e1c78908a4e770b431987bcb0,ent_f661430093dc344ffc8b8cdb2492ca14,MENTIONS
art_b190d69d4f58a3e3ea8004d346e6cf57,ent_d36b13410347d500de53637c8b77e430,MENTIONS
art_b190d69d4f58a3e3ea8004d346e6cf57,ent_02349980bba8ce563cdf709f74f96fc1,MENTIONS
art_b190d69d4f58a3e3ea8004d346e6cf57,ent_efcea41751696d7564207ab9bfeb8fff,MENTIONS
art_ee7af1720f4c7fb6e9230da20b12a429,ent_5736e9e96ea3bf79dc89e6d5369fee26,MENTIONS
art_ee7af1720f4c7fb6e9230da20b12a429,ent_4338232391bc1fdc32f8a0096c063788,MENTIONS
art_ee7af1720f4c7fb6e9230da20b12a429,ent_4aeeaee6f10ce23abb02678618fb5d19,MENTIONS
art_ee7af1720f4c7fb6e9230da20b12a429,ent_d7a253a238b3335e46b5499fa52fb7bd,MENTIONS
art_ee7af1720f4c7fb6e9230da20b12a429,ent_3616f2d2158a75379c290d51cfa45b63,MENTIONS
art_5b338f2e5648bdad7ccccf203fd36c29,ent_0d05c98717c49eebbf5911089efc09d8,MENTIONS
art_5b338f2e5648bdad7ccccf203fd36c29,ent_312642cda4a86945e21c6ab3175203ec,MENTIONS
art_5b338f2e5648bdad7ccccf203fd36c29,ent_efcea41751696d7564207ab9bfeb8fff,MENTIONS
art_5b338f2e5648bdad7ccccf203fd36c29,ent_d36b13410347d500de53637c8b77e430,MENTIONS
art_1602111fc34bb6b65e2d8a3229fea5cb,ent_404bb6d1c1f7cf0dd0e1c6ab3b4089ff,MENTIONS
art_1602111fc34bb6b65e2d8a3229fea5cb,ent_02349980bba8ce563cdf709f74f96fc1,MENTIONS
art_1602111fc34bb6b65e2d8a3229fea5cb,ent_d36b13410347d500de53637c8b77e430,MENTIONS
art_1602111fc34bb6b65e2d8a3229fea5cb,ent_227da576e0fee2b41e04ed233a11e238,MENTIONS
art_1a33fd98d489bf4f934bb24c7d8829bf,ent_0d05c98717c49eebbf5911089efc09d8,MENTIONS
art_1a33fd98d489bf4f934bb24c7d8829bf,ent_d36b13410347d500de53637c8b77e430,MENTIONS
art_1a33fd98d489bf4f934bb24c7d8829bf,ent_611cf5e35a7b4e26a2d5b6bbf9654ade,MENTIONS
art_1a33fd98d489bf4f934bb24c7d8829bf,ent_02349980bba8ce563cdf709f74f96fc1,MENTIONS
art_51b9db0635b30c6e0e47b7c2f0832053,ent_6aa7cbb3eaafb3aac81464a639b86e23,MENTIONS
art_51b9db0635b30c6e0e47b7c2f0832053,ent_6433d3473f8ff7e4bcb70a3092403f73,MENTIONS
art_81d91fcdd45c7e7d5270702c6f1b3527,ent_9d05e4c957403af7e10a3bb2c2ad2736,MENTIONS
art_81d91fcdd45c7e7d5270702c6f1b3527,ent_4d6db930b7a8fd786022647feccae95d,MENTIONS
art_81d91fcdd45c7e7d5270702c6f1b3527,ent_459301fa6935083677a86d6b1df96b41,MENTIONS
art_5093e54dc7f7bf7c00e7b8cbad1d2558,ent_49d16c9ba1300c36a494a9ea05b7df54,MENTIONS
art_5093e54dc7f7bf7c00e7b8cbad1d2558,ent_97d58d48dcc2f822a1805a869f24dfd9,MENTIONS
art_5093e54dc7f7bf7c00e7b8cbad1d2558,ent_e856c1781458bb8c367dfe49e7bc75e4,MENTIONS
art_5093e54dc7f7bf7c00e7b8cbad1d2558,ent_bea0c574d525f10b8a7aaf0dbb7edbc2,MENTIONS
art_5093e54dc7f7bf7c00e7b8cbad1d2558,ent_0d49a53868b32e2474c88d3bd3f0cf3d,MENTIONS
art_345af2d03f2479bc1072be2fa6a84c61,ent_1690b441205a9ec69574163792a7324b,MENTIONS
art_345af2d03f2479bc1072be2fa6a84c61,ent_0eba5b8b045d8b9914ebbe91f4f34ae3,MENTIONS
art_345af2d03f2479bc1072be2fa6a84c61,ent_1cb317c560936f0e886cc81e8adc06fe,MENTIONS
art_345af2d03f2479bc1072be2fa6a84c61,ent_a805ba012722a27e8dcc7a78d6eb0347,MENTIONS
art_43fb7fc0d784b4fe86371d70879bf28d,ent_02349980bba8ce563cdf709f74f96fc1,MENTIONS
art_43fb7fc0d784b4fe86371d70879bf28d,ent_d36b13410347d500de53637c8b77e430,MENTIONS
art_43fb7fc0d784b4fe86371d70879bf28d,ent_214163861ed8ac3fdfdb4674bf5536af,MENTIONS
art_43fb7fc0d784b4fe86371d70879bf28d,ent_4fa2deebbdd08f8db412355fd5c496b0,MENTIONS
art_36b779b49e77581115872f6ef2f079db,ent_4a23f903c8225b335af1e13a7e805cfb,MENTIONS
art_36b779b49e77581115872f6ef2f079db,ent_430cc24cb3bad151778ebd265d10633d,MENTIONS
art_36b779b49e77581115872f6ef2f079db,ent_58f19d8481e87ed65bc8f1cb6436a6de,MENTIONS
art_262825eb0ab85f17afc8c9cfba57d1de,ent_430cc24cb3bad151778ebd265d10633d,MENTIONS
art_262825eb0ab85f17afc8c9cfba57d1de,ent_d36b13410347d500de53637c8b77e430,MENTIONS
art_262825eb0ab85f17afc8c9cfba57d1de,ent_0b73b7583bbe091f15fa442035d14e09,MENTIONS
art_262825eb0ab85f17afc8c9cfba57d1de,ent_33ed0d3e222e59adfd9bb9f2faffa43e,MENTIONS
art_262825eb0ab85f17afc8c9cfba57d1de,ent_73cb9346d4c28ed7183e400772654b27,MENTIONS
art_262825eb0ab85f17afc8c9cfba57d1de,ent_412a1e98cbdebaf40eaac0ee3cbe4f17,MENTIONS
art_7ff043e6650a2a3e0d5b9a5b3337cb9a,ent_69d2400364801dc7dbe0b9b77e4683e5,MENTIONS
art_7ff043e6650a2a3e0d5b9a5b3337cb9a,ent_56b645fbdc7a7c9d8710490a92b04244,MENTIONS
art_ee8d996504accb94235ea23ae2053d41,ent_6aa7cbb3eaafb3aac81464a639b86e23,MENTIONS
art_ee8d996504accb94235ea23ae2053d41,ent_0585370dfc155ad02f40b8c59efe394e,MENTIONS
art_ee8d996504accb94235ea23ae2053d41,ent_b2158906bdddbf6bb026f754fd115ce9,MENTIONS
art_99cc0763d438f575fd3e4828fed8307d,ent_61d0b6025291d3f4e57c4c8f5a5a24a8,MENTIONS
art_99cc0763d438f575fd3e4828fed8307d,ent_2a6d3686110703bc69da3220c6ee6b5f,MENTIONS
art_09d307d26545cd1480e6c674b22d92a8,ent_0d05c98717c49eebbf5911089efc09d8,MENTIONS
art_09d307d26545cd1480e6c674b22d92a8,ent_34773fb1bf91f7ab791e72df19d0958d,MENTIONS
art_09d307d26545cd1480e6c674b22d92a8,ent_3a2918de879bbfb39c7bd80124412985,MENTIONS
art_09d307d26545cd1480e6c674b22d92a8,ent_7fe461592c31b7bf33bf11d21d306ea0,MENTIONS
art_09d307d26545cd1480e6c674b22d92a8,ent_d36b13410347d500de53637c8b77e430,MENTIONS
art_09d307d26545cd1480e6c674b22d92a8,ent_0585370dfc155ad02f40b8c59efe394e,MENTIONS
art_09d307d26545cd1480e6c674b22d92a8,ent_30a47d6b70c242df0725425cca661f3f,MENTIONS
art_a2f72dce292bf0f751c465c00bf820bb,ent_7edc78d87723924b6a8e10c9defd3260,MENTIONS
art_a2f72dce292bf0f751c465c00bf820bb,ent_634824d2459581360b9a44eab20471e5,MENTIONS
art_a2f72dce292bf0f751c465c00bf820bb,ent_03b6db64e5f6c83a161112ec3022941f,MENTIONS
art_a2f72dce292bf0f751c465c00bf820bb,ent_2a6d3686110703bc69da3220c6ee6b5f,MENTIONS
art_88fa682b31fb8872a343d670198c4759,ent_1c65e589633a2e983a55f25ede78672c,MENTIONS
art_88fa682b31fb8872a343d670198c4759,ent_5c16be9e157855c334eca58121082e56,MENTIONS
art_88fa682b31fb8872a343d670198c4759,ent_634d30f1d295382071bc70b8e883717b,MENTIONS
art_88fa682b31fb8872a343d670198c4759,ent_0585370dfc155ad02f40b8c59efe394e,MENTIONS
art_1193f87b2d721c67a9afcb9c463ba174,ent_90b4faecb56b317184e7833959a52504,MENTIONS
art_1193f87b2d721c67a9afcb9c463ba174,ent_cbf9bf91fc32f132dbdc30115163af01,MENTIONS
art_5ea8d935d3ff560b887e6260f658a972,ent_bf2eb1b5439441d00d8f571c48181df1,MENTIONS
art_5ea8d935d3ff560b887e6260f658a972,ent_05a3083204b98830c00e49272d5b682d,MENTIONS
art_5ea8d935d3ff560b887e6260f658a972,ent_0623056192b50389f0afacc59c78de9e,MENTIONS
art_5ea8d935d3ff560b887e6260f658a972,ent_4b914da0a443bee040f9bf3bbbc72fe9,MENTIONS
art_5ea8d935d3ff560b887e6260f658a972,ent_ab8589379061c52ffe09212f4f8eda6b,MENTIONS
art_e8b1c81c8c86e450a73b8d8f57070778,ent_0eba5b8b045d8b9914ebbe91f4f34ae3,MENTIONS
art_e8b1c81c8c86e450a73b8d8f57070778,ent_40897fedbd1628fac6f26499af9ce4f7,MENTIONS
art_e8b1c81c8c86e450a73b8d8f57070778,ent_9a941e834ce25a1059fe2ad59243066d,MENTIONS
art_e8b1c81c8c86e450a73b8d8f57070778,ent_680da69490a94b9da9c1fe0a9ea80fa5,MENTIONS
art_e8b1c81c8c86e450a73b8d8f57070778,ent_2b5d11bcee3b55a965306e78b36c55e9,MENTIONS
art_b378b21d6a83d90715bf5bbd910c646b,ent_4a23f903c8225b335af1e13a7e805cfb,MENTIONS
art_b378b21d6a83d90715bf5bbd910c646b,ent_55918aea4f1f4472a305a7a5ba6ddec1,MENTIONS
art_b378b21d6a83d90715bf5bbd910c646b,ent_e1aa27557fc873c9cd1ef326424a6fef,MENTIONS
art_b378b21d6a83d90715bf5bbd910c646b,ent_e5e447d5965e518904f0df09e6cd82a8,MENTIONS
art_fbe972ecf0ce81b2d304c0025829a58d,ent_b0c61bd0b8ad6578130089d224e1f209,MENTIONS
art_fbe972ecf0ce81b2d304c0025829a58d,ent_b12c89a448502a394977c05b58abe301,MENTIONS
art_fbe972ecf0ce81b2d304c0025829a58d,ent_5674776f00f8e6229b3df6d9f7e8baa0,MENTIONS
art_b18653ae21a386bd9042e22d49755d61,ent_634824d2459581360b9a44eab20471e5,MENTIONS
art_b18653ae21a386bd9042e22d49755d61,ent_49d16c9ba1300c36a494a9ea05b7df54,MENTIONS
art_b18653ae21a386bd9042e22d49755d61,ent_2a6d3686110703bc69da3220c6ee6b5f,MENTIONS
art_b18653ae21a386bd9042e22d49755d61,ent_97d58d48dcc2f822a1805a869f24dfd9,MENTIONS
art_4933c801c566cdf792e15321562acd15,ent_0d05c98717c49eebbf5911089efc09d8,MENTIONS
art_4933c801c566cdf792e15321562acd15,ent_312642cda4a86945e21c6ab3175203ec,MENTIONS
art_4933c801c566cdf792e15321562acd15,ent_e4752ab34f6a27ede45a69ea1878a598,MENTIONS
art_4933c801c566cdf792e15321562acd15,ent_13b967038f842eec1594ad101a8598b3,MENTIONS
art_4933c801c566cdf792e15321562acd15,ent_7fe461592c31b7bf33bf11d21d306ea0,MENTIONS
art_1c58d52ae90d6616c5f8a09d4bc57266,ent_b9bff9f91b000f5f5c840770187af30c,MENTIONS
art_1c58d52ae90d6616c5f8a09d4bc57266,ent_883d8eee0a1eef653923467b4ba4ce10,MENTIONS
art_1c58d52ae90d6616c5f8a09d4bc57266,ent_edb82d9e724eb11669a36d3e8d6c8038,MENTIONS
art_1c58d52ae90d6616c5f8a09d4bc57266,ent_459301fa6935083677a86d6b1df96b41,MENTIONS
art_73fb67ffbdce79117f325c37a5e2b30d,ent_fe60a6c64f4797bb973018d0f8cf7747,MENTIONS
art_73fb67ffbdce79117f325c37a5e2b30d,ent_0ad29c2de926c628009e859ff19d3ebf,MENTIONS
art_f24a6fda6a165d206c2a6399016cad67,ent_77b4a183130752742241e0a2f88526e9,MENTIONS
art_f24a6fda6a165d206c2a6399016cad67,ent_5a7e16494888a8bebc43bff713c3086d,MENTIONS
art_f24a6fda6a165d206c2a6399016cad67,ent_0dd9c581eb07167eb1a760f1443765f5,MENTIONS
art_f24a6fda6a165d206c2a6399016cad67,ent_14699376b3cfd3c52cdfdc6c5ad3b2de,MENTIONS
art_5b338f2e5648bdad7ccccf203fd36c29,ent_02349980bba8ce563cdf709f74f96fc1,MENTIONS
art_5b338f2e5648bdad7ccccf203fd36c29,ent_4fa2deebbdd08f8db412355fd5c496b0,MENTIONS
art_d2f43b38416355f218d66d4618c49262,ent_403f0b99b637380eaddd19026ee51915,MENTIONS
art_d2f43b38416355f218d66d4618c49262,ent_939718a00177f4a7a8a8caf8e210b494,MENTIONS
art_5093e54dc7f7bf7c00e7b8cbad1d2558,ent_634824d2459581360b9a44eab20471e5,MENTIONS
art_5093e54dc7f7bf7c00e7b8cbad1d2558,ent_2b1a7891af276d16cbd23165e96215db,MENTIONS
art_5093e54dc7f7bf7c00e7b8cbad1d2558,ent_06c46205a016362a83fabe97f1d68d06,MENTIONS
art_5093e54dc7f7bf7c00e7b8cbad1d2558,ent_c92ba7ee2923dad3f1abc938bff5c4fe,MENTIONS
art_4afebf88a2dbae0f493f5d79b7f5746c,ent_183bd64c6fc43113b151a26ffb0dca15,MENTIONS
art_4afebf88a2dbae0f493f5d79b7f5746c,ent_4a47740c979d341527d94eb802a732d2,MENTIONS
art_4afebf88a2dbae0f493f5d79b7f5746c,ent_3c0d8e36c7168288024b8fe90a20b5ef,MENTIONS
art_56e61e955672484b1a359bb85a368d2e,ent_788e765c0296533c06d3c3d4a43231b1,MENTIONS
art_56e61e955672484b1a359bb85a368d2e,ent_a98b9366ff28e17f7d3d95b3073a665e,MENTIONS
art_56e61e955672484b1a359bb85a368d2e,ent_0a7c5d0f96640e63ee7ddf152661ad88,MENTIONS
art_56e61e955672484b1a359bb85a368d2e,ent_7a7b402f2e53ae953ff1da46f0f26b69,MENTIONS
art_56e61e955672484b1a359bb85a368d2e,ent_40897fedbd1628fac6f26499af9ce4f7,MENTIONS
art_6180b8595d077c39bceffaaa4e9b4594,ent_79661486dcdab0ce0ad6046efc1e826b,MENTIONS
art_6180b8595d077c39bceffaaa4e9b4594,ent_4a32d51426a18cf3e1eeafabc804704c,MENTIONS
art_6180b8595d077c39bceffaaa4e9b4594,ent_e39b3a846a7ea3d3e546c2ac6ac1b02f,MENTIONS
art_6180b8595d077c39bceffaaa4e9b4594,ent_20620756e686acde837f12f7c0b432fa,MENTIONS
art_6180b8595d077c39bceffaaa4e9b4594,ent_3772935531ff312176855fb68364ea90,MENTIONS
art_1d0d8992d8b1067561ad4e1cc63e3d0a,ent_865f5386036ded3d9470cc36e9352eb4,MENTIONS
art_1d0d8992d8b1067561ad4e1cc63e3d0a,ent_5291d756f6f2babb08de96dd32f5f5a3,MENTIONS
art_1d0d8992d8b1067561ad4e1cc63e3d0a,ent_f961260a1c19727806ca02ff996fcaaf,MENTIONS
art_1d0d8992d8b1067561ad4e1cc63e3d0a,ent_5cc5dc32e3b2f29d4d14681f954f8004,MENTIONS
art_1d0d8992d8b1067561ad4e1cc63e3d0a,ent_73cb9346d4c28ed7183e400772654b27,MENTIONS
art_1d0d8992d8b1067561ad4e1cc63e3d0a,ent_270e088860374aee31af8f076a3cda20,MENTIONS
art_99b77edb93642b2f8fbd678190e7b597,ent_a704d1cad6bed4a7f878c7eaa30f4b06,MENTIONS
art_851bfe1a80fe6260b17893ec86e61e0e,ent_634824d2459581360b9a44eab20471e5,MENTIONS
art_851bfe1a80fe6260b17893ec86e61e0e,ent_0f0e3e95abc282d2ed85fce6da9f4f51,MENTIONS
art_4b5081fb56e8dc634d77cdae08045cb0,ent_d6d4fc8036735b6a85028b35617b4cb5,MENTIONS
art_4b5081fb56e8dc634d77cdae08045cb0,ent_e07897f54742ca51f4ac457320dd6993,MENTIONS
art_5c03664252c3fbbe4ca570435e0c6988,ent_0d05c98717c49eebbf5911089efc09d8,MENTIONS
art_5c03664252c3fbbe4ca570435e0c6988,ent_44f22d89c8f969f81fa642ac9aa6a9e0,MENTIONS
art_5c03664252c3fbbe4ca570435e0c6988,ent_d36b13410347d500de53637c8b77e430,MENTIONS
art_5c03664252c3fbbe4ca570435e0c6988,ent_4fa2deebbdd08f8db412355fd5c496b0,MENTIONS
art_5c03664252c3fbbe4ca570435e0c6988,ent_02349980bba8ce563cdf709f74f96fc1,MENTIONS
art_5c03664252c3fbbe4ca570435e0c6988,ent_0585370dfc155ad02f40b8c59efe394e,MENTIONS
art_1c4f41f0c95d2ac51f8dfcd07cadd28e,ent_0d05c98717c49eebbf5911089efc09d8,MENTIONS
art_1c4f41f0c95d2ac51f8dfcd07cadd28e,ent_2a6d3686110703bc69da3220c6ee6b5f,MENTIONS
art_1c4f41f0c95d2ac51f8dfcd07cadd28e,ent_d36b13410347d500de53637c8b77e430,MENTIONS
art_1c4f41f0c95d2ac51f8dfcd07cadd28e,ent_5e59ad66759572621fabc25e69be6f72,MENTIONS
art_1c4f41f0c95d2ac51f8dfcd07cadd28e,ent_03126ed3349e597ca1fda8277e9affc0,MENTIONS
art_1c4f41f0c95d2ac51f8dfcd07cadd28e,ent_9f9becccd1bbc77f14d0e3ffbb99d9e6,MENTIONS
art_1c4f41f0c95d2ac51f8dfcd07cadd28e,ent_efcea41751696d7564207ab9bfeb8fff,MENTIONS
art_1c4f41f0c95d2ac51f8dfcd07cadd28e,ent_214163861ed8ac3fdfdb4674bf5536af,MENTIONS
art_58493179312397fe0f0590b0ee5cd9b6,ent_7cdfe2efced81fb87017a9c0ff04a609,MENTIONS
art_58493179312397fe0f0590b0ee5cd9b6,ent_16e6c94f925754c4a9d15a29eb2d7a43,MENTIONS
art_58493179312397fe0f0590b0ee5cd9b6,ent_0ec3b668ce44e764f906dd04f26f048f,MENTIONS
art_b2cd252d5902d623df8099ac3992fbb6,ent_989330eb301bcf3d71577a8a1a2a69fd,MENTIONS
art_b2cd252d5902d623df8099ac3992fbb6,ent_66ac50f19c6e190660922f3c7d34bec2,MENTIONS
art_15a9f18c961c834d8819c5e419050418,ent_7cdfe2efced81fb87017a9c0ff04a609,MENTIONS
art_15a9f18c961c834d8819c5e419050418,ent_01b8f426eb774d7b50e0e2114b17b13a,MENTIONS
art_0bc365138cb486eec923bec4e7a0a0ad,ent_fad4d3387ea37ef7c7a593fa14f3be3c,MENTIONS
art_0bc365138cb486eec923bec4e7a0a0ad,ent_2a6d3686110703bc69da3220c6ee6b5f,MENTIONS
art_0bc365138cb486eec923bec4e7a0a0ad,ent_d36b13410347d500de53637c8b77e430,MENTIONS
art_aca2b7ea79a31af7225d74d3cb0fdca0,ent_5d3cdbfeb9c4331ea88191e5458c8556,MENTIONS
art_aca2b7ea79a31af7225d74d3cb0fdca0,ent_36294aff071eeec9e882eb2892e24de7,MENTIONS
art_aca2b7ea79a31af7225d74d3cb0fdca0,ent_6408b8c7d84136ac0ef9f71d0b7c46a7,MENTIONS
art_aca2b7ea79a31af7225d74d3cb0fdca0,ent_0bb45bd65ba745063baa93144301e733,MENTIONS
art_72df9e25e63317ecacbb14301c475d80,ent_ba7a9d24f8537ce5c3ed64b0292110ee,MENTIONS
art_72df9e25e63317ecacbb14301c475d80,ent_4b8066502b77fe25289b1df699e254f3,MENTIONS
art_72df9e25e63317ecacbb14301c475d80,ent_3a0fb54cf680db3d67a5794582a266e5,MENTIONS
art_aaafbd65b0db1218c39387e5613c08e1,ent_a8012731198ca6dfc3d373cc2608538e,MENTIONS
art_aaafbd65b0db1218c39387e5613c08e1,ent_cb19ceee99b03802a1137f73525210f5,MENTIONS
art_88f376ef6f092e35d4c4ab0854b09c8e,ent_1e006ca68f1558e8f4cae2ffff11e8c8,MENTIONS
art_88f376ef6f092e35d4c4ab0854b09c8e,ent_1330d2cc5e8425939216979a2d8a0333,MENTIONS
art_88f376ef6f092e35d4c4ab0854b09c8e,ent_c7ab9752078a566c05df754372fdb17f,MENTIONS
art_dccb4869d8d8b9ee0331e84012e72031,ent_d30d1fb3715246c2221b23e77dbc905c,MENTIONS
art_dccb4869d8d8b9ee0331e84012e72031,ent_9cea04a8018753fef1ed04b92f96ff04,MENTIONS
art_dccb4869d8d8b9ee0331e84012e72031,ent_0585370dfc155ad02f40b8c59efe394e,MENTIONS
art_e51d7da8b6ed872807a12399f0c463aa,ent_b0fc0f9e99b8ffa7a101f761255526ad,MENTIONS
art_e51d7da8b6ed872807a12399f0c463aa,ent_1bcabc92f137d6ecb5223a0a932771d9,MENTIONS
art_e51d7da8b6ed872807a12399f0c463aa,ent_127c2994160c342711c41d09efe71af5,MENTIONS
art_a6984034ddd63aad6fa46e6047a0b361,ent_183bd64c6fc43113b151a26ffb0dca15,MENTIONS
art_a6984034ddd63aad6fa46e6047a0b361,ent_a4c080428e5fcca9c829a8c6b148a6a8,MENTIONS
art_21d9aa15b74b815d8e8a40e4a6e19975,ent_183bd64c6fc43113b151a26ffb0dca15,MENTIONS
art_21d9aa15b74b815d8e8a40e4a6e19975,ent_7f522b087417b468ec0e8a4fcdf6bbf7,MENTIONS
art_c9d091fe2354aa9e2bd09d98d56840db,ent_f68dc4a15bfdb03ffde3bd663928b72a,MENTIONS
art_c9d091fe2354aa9e2bd09d98d56840db,ent_673f06b02f996e4c1d207d1d4229b23c,MENTIONS
art_c9d091fe2354aa9e2bd09d98d56840db,ent_e1aa27557fc873c9cd1ef326424a6fef,MENTIONS
art_7f289d6ec658357902ccf4de9b36f53f,ent_0d05c98717c49eebbf5911089efc09d8,MENTIONS
art_7f289d6ec658357902ccf4de9b36f53f,ent_4f0548c1b699c374fa247ec80e8c353a,MENTIONS
art_7f289d6ec658357902ccf4de9b36f53f,ent_0585370dfc155ad02f40b8c59efe394e,MENTIONS
art_7f289d6ec658357902ccf4de9b36f53f,ent_388b7264a2415e2980009bc72f2721dd,MENTIONS
art_7f289d6ec658357902ccf4de9b36f53f,ent_214163861ed8ac3fdfdb4674bf5536af,MENTIONS
art_5fa0bba90055c222d99d411e1ed42646,ent_72d57cba6dd2815004821730356c74d6,MENTIONS
art_5fa0bba90055c222d99d411e1ed42646,ent_39d9326ac3728f32608c0a389ca029f7,MENTIONS
art_5fa0bba90055c222d99d411e1ed42646,ent_137cd9c7322216d4fc6f8f16b251abc1,MENTIONS
art_3a6b568a4adf17da1300da2cd64a91e2,ent_1862985e8b33c8fd4dfd9e236a99d296,MENTIONS
art_3a6b568a4adf17da1300da2cd64a91e2,ent_7cdfe2efced81fb87017a9c0ff04a609,MENTIONS
art_3a6b568a4adf17da1300da2cd64a91e2,ent_1d8580dc6acc3f3dabf5526535c4ec74,MENTIONS
art_3a6b568a4adf17da1300da2cd64a91e2,ent_62afa23efc4094dca8b3091b1bc6e85b,MENTIONS
art_0ab36b2985c1ca80eba885e12ef94f8d,ent_83e2de890fe02b8cf3483bf7b757b0a3,MENTIONS
art_0ab36b2985c1ca80eba885e12ef94f8d,ent_183bd64c6fc43113b151a26ffb0dca15,MENTIONS
art_7ce54e58fcbeb7bc66706e8cc95b492a,ent_0d05c98717c49eebbf5911089efc09d8,MENTIONS
art_7ce54e58fcbeb7bc66706e8cc95b492a,ent_71321a94ec6717fdaafbccb0f80bccc5,MENTIONS
art_7ce54e58fcbeb7bc66706e8cc95b492a,ent_82e226dcc67c159d97d802036cc53337,MENTIONS
art_7ce54e58fcbeb7bc66706e8cc95b492a,ent_efbcb8d9663a60052c5399bc6c11de24,MENTIONS
art_7ce54e58fcbeb7bc66706e8cc95b492a,ent_2b311ad8f654da529ea452b8b240b7f1,MENTIONS
art_7ce54e58fcbeb7bc66706e8cc95b492a,ent_02349980bba8ce563cdf709f74f96fc1,MENTIONS
art_7c04ef228ee29c77e6beb5f8bb10fc0b,ent_8148748fcc31debe42d43d6c5d48980b,MENTIONS
art_7c04ef228ee29c77e6beb5f8bb10fc0b,ent_6aa7cbb3eaafb3aac81464a639b86e23,MENTIONS
art_7c04ef228ee29c77e6beb5f8bb10fc0b,ent_f8d80ae1d7c1128777182c4e6b92cd96,MENTIONS
art_7c04ef228ee29c77e6beb5f8bb10fc0b,ent_3c09221d3466d531fc4791356b36cfb0,MENTIONS
art_51fe69a12b8190378747f4bcf7ca5945,ent_634824d2459581360b9a44eab20471e5,MENTIONS
art_c8deb2330d70e1288a5a3d02dbc31094,ent_0d05c98717c49eebbf5911089efc09d8,MENTIONS
art_c8deb2330d70e1288a5a3d02dbc31094,ent_d36b13410347d500de53637c8b77e430,MENTIONS
art_c8deb2330d70e1288a5a3d02dbc31094,ent_e29be607c970e152d13d41bac266dcd3,MENTIONS
art_c8deb2330d70e1288a5a3d02dbc31094,ent_b0c61bd0b8ad6578130089d224e1f209,MENTIONS
art_c8deb2330d70e1288a5a3d02dbc31094,ent_7fe461592c31b7bf33bf11d21d306ea0,MENTIONS
art_3f2a891086945d3dd445c94b97c679c9,ent_97d58d48dcc2f822a1805a869f24dfd9,MENTIONS
art_2a391855949dcd9fbe548e7a4858bc8a,ent_0d05c98717c49eebbf5911089efc09d8,MENTIONS
art_2a391855949dcd9fbe548e7a4858bc8a,ent_312642cda4a86945e21c6ab3175203ec,MENTIONS
art_2a391855949dcd9fbe548e7a4858bc8a,ent_bf42c7585de0c1246587fb69524df7d4,MENTIONS
art_2a391855949dcd9fbe548e7a4858bc8a,ent_e1aa27557fc873c9cd1ef326424a6fef,MENTIONS
art_b8a22da256bce17aa2a94473de55d7c0,ent_0d05c98717c49eebbf5911089efc09d8,MENTIONS
art_b8a22da256bce17aa2a94473de55d7c0,ent_5e59ad66759572621fabc25e69be6f72,MENTIONS
art_b8a22da256bce17aa2a94473de55d7c0,ent_2a6d3686110703bc69da3220c6ee6b5f,MENTIONS
art_b8a22da256bce17aa2a94473de55d7c0,ent_7fe461592c31b7bf33bf11d21d306ea0,MENTIONS
art_b8a22da256bce17aa2a94473de55d7c0,ent_d36b13410347d500de53637c8b77e430,MENTIONS
art_b8a22da256bce17aa2a94473de55d7c0,ent_efcea41751696d7564207ab9bfeb8fff,MENTIONS
art_b8a22da256bce17aa2a94473de55d7c0,ent_02349980bba8ce563cdf709f74f96fc1,MENTIONS
art_e54fc855e0d88285eb4eb7ea62f5581e,ent_0d05c98717c49eebbf5911089efc09d8,MENTIONS
art_e54fc855e0d88285eb4eb7ea62f5581e,ent_44f22d89c8f969f81fa642ac9aa6a9e0,MENTIONS
art_e54fc855e0d88285eb4eb7ea62f5581e,ent_56223953b1be983c383865d5576bb10a,MENTIONS
art_e54fc855e0d88285eb4eb7ea62f5581e,ent_6d3207d702c9dc917a10d34060bb5fb3,MENTIONS
art_e54fc855e0d88285eb4eb7ea62f5581e,ent_adafd11128e9f209cb13a62c67f4a2b4,MENTIONS
art_e54fc855e0d88285eb4eb7ea62f5581e,ent_312642cda4a86945e21c6ab3175203ec,MENTIONS
art_e54fc855e0d88285eb4eb7ea62f5581e,ent_02349980bba8ce563cdf709f74f96fc1,MENTIONS
art_9936b8d78e4e7219e979b0d456448140,ent_b9260d152ca6e1d61c38807f9a452f3c,MENTIONS
art_9936b8d78e4e7219e979b0d456448140,ent_3a59befe6e59e2aa50d613907c3e5dd8,MENTIONS
art_9936b8d78e4e7219e979b0d456448140,ent_d64020de0a5ccddb56d1077047866e28,MENTIONS
art_9936b8d78e4e7219e979b0d456448140,ent_cbd2c6df401c1bde9b135f053e48273d,MENTIONS
art_9936b8d78e4e7219e979b0d456448140,ent_f661430093dc344ffc8b8cdb2492ca14,MENTIONS
art_9936b8d78e4e7219e979b0d456448140,ent_3e66247131124c27a0f6074d01ee8803,MENTIONS
art_5d48e09877465d0debaa3c7e9ca3bb8d,ent_9e831b6337b039eeec8cfd27623df1c3,MENTIONS
art_5d48e09877465d0debaa3c7e9ca3bb8d,ent_d656e5ee6a199bcf443bd5791598b3a6,MENTIONS
art_5d48e09877465d0debaa3c7e9ca3bb8d,ent_49d16c9ba1300c36a494a9ea05b7df54,MENTIONS
art_5d48e09877465d0debaa3c7e9ca3bb8d,ent_8c7ef3696076caa266d2bea60a3d17ba,MENTIONS
art_5d48e09877465d0debaa3c7e9ca3bb8d,ent_634824d2459581360b9a44eab20471e5,MENTIONS
art_5d48e09877465d0debaa3c7e9ca3bb8d,ent_ba576735bd6d4f062a46edbc911ba223,MENTIONS
art_aa6b697e807ed15d8fb5e8f6b4d1e866,ent_ae04e3b9d65ca7f137ad1d000c4a01df,MENTIONS
art_aa6b697e807ed15d8fb5e8f6b4d1e866,ent_864f0aa9ff2fe8ceab7df616d6ffcd79,MENTIONS
art_aa6b697e807ed15d8fb5e8f6b4d1e866,ent_6663cb8ba5a26f68e4251cff2d0622df,MENTIONS
art_9d9d450c00f2455e5c90a3e95223502c,ent_1690b441205a9ec69574163792a7324b,MENTIONS
art_9d9d450c00f2455e5c90a3e95223502c,ent_0eba5b8b045d8b9914ebbe91f4f34ae3,MENTIONS
art_fa840b7a2c4f2d2e7cdfa47347b2fcf8,ent_d8333d5a48b27cb491a9f5aee3d6f7ac,MENTIONS
art_fa840b7a2c4f2d2e7cdfa47347b2fcf8,ent_02349980bba8ce563cdf709f74f96fc1,MENTIONS
art_fa840b7a2c4f2d2e7cdfa47347b2fcf8,ent_d36b13410347d500de53637c8b77e430,MENTIONS
art_fa840b7a2c4f2d2e7cdfa47347b2fcf8,ent_565870c574d5f9edb53583df9a23a497,MENTIONS
art_83adbb2fb9634e708eb619fef800216b,ent_6ff5ea082e4838d80ee79300a03456e1,MENTIONS
art_83adbb2fb9634e708eb619fef800216b,ent_0f0e3e95abc282d2ed85fce6da9f4f51,MENTIONS
art_83adbb2fb9634e708eb619fef800216b,ent_5d603652353ec0e16fd4866a173a5f3c,MENTIONS
art_83adbb2fb9634e708eb619fef800216b,ent_2a6d3686110703bc69da3220c6ee6b5f,MENTIONS
art_83adbb2fb9634e708eb619fef800216b,ent_97d58d48dcc2f822a1805a869f24dfd9,MENTIONS
art_83adbb2fb9634e708eb619fef800216b,ent_5f2ee6e8417aaa5c7db4e16ed2bc89f8,MENTIONS
art_fb645e337d841b93eb5c302269bd4794,ent_3d756d26be9bb6cc5343ebcef63d202e,MENTIONS
art_fb645e337d841b93eb5c302269bd4794,ent_022dceeb82c260e3c1e10672e0f27a2e,MENTIONS
art_72fc5044ddded1683cb8f7725e087e39,ent_6aa7cbb3eaafb3aac81464a639b86e23,MENTIONS
art_72fc5044ddded1683cb8f7725e087e39,ent_14fc9673d1033a9b3e1cd991f4f38de7,MENTIONS
art_72fc5044ddded1683cb8f7725e087e39,ent_52acbb108b29e6ab81fa78db762ba2aa,MENTIONS
art_72fc5044ddded1683cb8f7725e087e39,ent_076173809b5a7e293c5fb60f9019b3f8,MENTIONS
art_72fc5044ddded1683cb8f7725e087e39,ent_226a9421040b7f2d19e6a2ff542e6eac,MENTIONS
art_72fc5044ddded1683cb8f7725e087e39,ent_939718a00177f4a7a8a8caf8e210b494,MENTIONS
art_72fc5044ddded1683cb8f7725e087e39,ent_bd03c6404b0a4e3bf3f555d1c32f31fb,MENTIONS
art_16e97922cdcfa79e8eeaf34d89344a31,ent_304ec9b750a539ad8bc6b66a2ec5ef6a,MENTIONS
art_16e97922cdcfa79e8eeaf34d89344a31,ent_d36b13410347d500de53637c8b77e430,MENTIONS
art_16e97922cdcfa79e8eeaf34d89344a31,ent_b413b0f80b8d06ff291ed5a8fcd6db8c,MENTIONS
art_16e97922cdcfa79e8eeaf34d89344a31,ent_878597f7f74f20ff66a02c7a77aa5a4c,MENTIONS
art_963fe2cc692d149d3e0c616bc18034f2,ent_0d05c98717c49eebbf5911089efc09d8,MENTIONS
art_963fe2cc692d149d3e0c616bc18034f2,ent_7fe461592c31b7bf33bf11d21d306ea0,MENTIONS
art_963fe2cc692d149d3e0c616bc18034f2,ent_1419d70c7445e4bfa940ec40fee742d1,MENTIONS
art_963fe2cc692d149d3e0c616bc18034f2,ent_d36b13410347d500de53637c8b77e430,MENTIONS
art_963fe2cc692d149d3e0c616bc18034f2,ent_0585370dfc155ad02f40b8c59efe394e,MENTIONS
art_963fe2cc692d149d3e0c616bc18034f2,ent_97c0baf0167ec035aef378b7a4a636d7,MENTIONS
art_55481d77fa2d381471eed5237ed8203a,ent_bfab2ca93bae09b1d015832957d6c40c,MENTIONS
art_55481d77fa2d381471eed5237ed8203a,ent_bdb380ee9e0fdab4dd508df87055f849,MENTIONS
art_55481d77fa2d381471eed5237ed8203a,ent_a23de424f78c101f3b157464d8e6a9c4,MENTIONS
art_55481d77fa2d381471eed5237ed8203a,ent_63b93a62d9110b650e60ea401a342af2,MENTIONS
art_55481d77fa2d381471eed5237ed8203a,ent_7f055477415a18e7c8b670815e6e24b7,MENTIONS
art_1b95117aafa637edf5eaa38b98f40449,ent_183bd64c6fc43113b151a26ffb0dca15,MENTIONS
art_078f1ea11ca77df7e51b68671ff2a7d7,ent_3c0d8e36c7168288024b8fe90a20b5ef,MENTIONS
art_078f1ea11ca77df7e51b68671ff2a7d7,ent_adafd11128e9f209cb13a62c67f4a2b4,MENTIONS
art_ae8580dd9cbf318de2ec560e04756d19,ent_634824d2459581360b9a44eab20471e5,MENTIONS
art_ae8580dd9cbf318de2ec560e04756d19,ent_c00cdd756c6e87fc27d5be12f9c61b38,MENTIONS
art_ae8580dd9cbf318de2ec560e04756d19,ent_3f55434dd1878e3f4afda021ab62f803,MENTIONS
art_fc60696ecb4595905fab9b4f652aa713,ent_0d05c98717c49eebbf5911089efc09d8,MENTIONS
art_fc60696ecb4595905fab9b4f652aa713,ent_63816f71ce77f99432b7ace50a20e02b,MENTIONS
art_fc60696ecb4595905fab9b4f652aa713,ent_02349980bba8ce563cdf709f74f96fc1,MENTIONS
art_363fccc978d51cc7ce7065767a72df7e,ent_5c16be9e157855c334eca58121082e56,MENTIONS
art_363fccc978d51cc7ce7065767a72df7e,ent_bf80892f3d6b4f9fb4431512d0d93f45,MENTIONS
art_363fccc978d51cc7ce7065767a72df7e,ent_c9f17a0984c7f1534f80977382ed13d4,MENTIONS
art_363fccc978d51cc7ce7065767a72df7e,ent_b9044e8ca360b5169fb8cf2b82652678,MENTIONS
art_363fccc978d51cc7ce7065767a72df7e,ent_2a6d3686110703bc69da3220c6ee6b5f,MENTIONS
art_363fccc978d51cc7ce7065767a72df7e,ent_db49657001d3a859a08eec0dd4475722,MENTIONS
art_db17da7eb9115e9c670566cdc8a0f95e,ent_b551a7eb788e2b353afe08a38bca0e27,MENTIONS
art_db17da7eb9115e9c670566cdc8a0f95e,ent_8f69eae723298d184b58fb540449b1ed,MENTIONS
art_db17da7eb9115e9c670566cdc8a0f95e,ent_257acdc30dcaf78a9658cfbd31fdb30b,MENTIONS
art_db17da7eb9115e9c670566cdc8a0f95e,ent_9db23f9e5bac1e80427120103d95c99f,MENTIONS
art_92b6188b061e8ea92944b7f3bea585cf,ent_ae04e3b9d65ca7f137ad1d000c4a01df,MENTIONS
art_92b6188b061e8ea92944b7f3bea585cf,ent_864f0aa9ff2fe8ceab7df616d6ffcd79,MENTIONS
art_92b6188b061e8ea92944b7f3bea585cf,ent_6663cb8ba5a26f68e4251cff2d0622df,MENTIONS
art_233e2c4be98c7b7323bcaa4404306339,ent_0de96e22e8bba4fd843e00375554056f,MENTIONS
art_233e2c4be98c7b7323bcaa4404306339,ent_1cdfd24243e0f6349a7210034d6ce099,MENTIONS
art_e4a85b4a5b9b20e04f31f9a69c59f0d7,ent_28ef9968a406a1b4c35a452595c9f480,MENTIONS
art_e4a85b4a5b9b20e04f31f9a69c59f0d7,ent_916ea73b8ff8a839b398397cc3433373,MENTIONS
art_e4a85b4a5b9b20e04f31f9a69c59f0d7,ent_1d8e7441371da517e9aaf53e09b4d50c,MENTIONS
art_b8ef38e64c3a27590799b5d79836e4d3,ent_d36b13410347d500de53637c8b77e430,MENTIONS
art_b8ef38e64c3a27590799b5d79836e4d3,ent_7fe461592c31b7bf33bf11d21d306ea0,MENTIONS
art_b8ef38e64c3a27590799b5d79836e4d3,ent_02349980bba8ce563cdf709f74f96fc1,MENTIONS
art_b8ef38e64c3a27590799b5d79836e4d3,ent_efcea41751696d7564207ab9bfeb8fff,MENTIONS
art_b70c43ce581f898f3ae35dda919f1e5d,ent_2c7d43272eeb3267f4d37b92b3b1c6d0,MENTIONS
art_72d35d04b1164ba1038b7ea35a4daaca,ent_183bd64c6fc43113b151a26ffb0dca15,MENTIONS
art_72d35d04b1164ba1038b7ea35a4daaca,ent_83e2de890fe02b8cf3483bf7b757b0a3,MENTIONS
art_72d35d04b1164ba1038b7ea35a4daaca,ent_a4c080428e5fcca9c829a8c6b148a6a8,MENTIONS
art_72d35d04b1164ba1038b7ea35a4daaca,ent_7614940eee95d9cc69963ef8e5aeaeed,MENTIONS
art_72d35d04b1164ba1038b7ea35a4daaca,ent_2b4da846ceb3fb791e7085aff5e20a1b,MENTIONS
art_879a0ddcfd780ce34b816047698c6023,ent_cb5446ec42ce5d0014238d02d185ab64,MENTIONS
art_879a0ddcfd780ce34b816047698c6023,ent_14699376b3cfd3c52cdfdc6c5ad3b2de,MENTIONS
art_879a0ddcfd780ce34b816047698c6023,ent_55a6c31af2841daeb5a6cccbc1725c05,MENTIONS
art_0ec3501c6e68624196df19e999625518,ent_6aa7cbb3eaafb3aac81464a639b86e23,MENTIONS
art_0ec3501c6e68624196df19e999625518,ent_34144c86cd649626078f9fd99393dc96,MENTIONS
art_6f7f51cd24f19f8e64bed5c4dcc7aae6,ent_a855838e8342411198a4f23211fec622,MENTIONS
art_6f7f51cd24f19f8e64bed5c4dcc7aae6,ent_724493225091523810facbc87a30b4dd,MENTIONS
art_6f7f51cd24f19f8e64bed5c4dcc7aae6,ent_bd03c6404b0a4e3bf3f555d1c32f31fb,MENTIONS
art_6f7f51cd24f19f8e64bed5c4dcc7aae6,ent_26121f618dc9e586d6dcce5440f4d865,MENTIONS
art_6c04af3bafb2a0c1a8acfb12d4661c35,ent_0d05c98717c49eebbf5911089efc09d8,MENTIONS
art_6c04af3bafb2a0c1a8acfb12d4661c35,ent_226a9421040b7f2d19e6a2ff542e6eac,MENTIONS
art_6c04af3bafb2a0c1a8acfb12d4661c35,ent_6d3207d702c9dc917a10d34060bb5fb3,MENTIONS
art_6c04af3bafb2a0c1a8acfb12d4661c35,ent_8d3d17b3744d413b7f2d218b9199676d,MENTIONS
art_6c04af3bafb2a0c1a8acfb12d4661c35,ent_02349980bba8ce563cdf709f74f96fc1,MENTIONS
art_6c04af3bafb2a0c1a8acfb12d4661c35,ent_95ba9152e53d85ffb603818b1647ab35,MENTIONS
art_33ea94a273bad29b9c606e7a47fa67ae,ent_fab4434c9a161231a1b339bcce6e2fb4,MENTIONS
art_33ea94a273bad29b9c606e7a47fa67ae,ent_939718a00177f4a7a8a8caf8e210b494,MENTIONS
art_33ea94a273bad29b9c606e7a47fa67ae,ent_1bcabc92f137d6ecb5223a0a932771d9,MENTIONS
art_b59c9050cfa9e74f9b848fbf9f50910a,ent_f3c3a77d994066003a98cd6a9d6acb46,MENTIONS
art_b59c9050cfa9e74f9b848fbf9f50910a,ent_d5cf50154dc2acad2985c9732be47fcc,MENTIONS
art_b59c9050cfa9e74f9b848fbf9f50910a,ent_5ece1f0114c1e807faab127a198ba246,MENTIONS
art_b59c9050cfa9e74f9b848fbf9f50910a,ent_0399835f08d29aaad0e05e6a894e5b74,MENTIONS
art_b59c9050cfa9e74f9b848fbf9f50910a,ent_21f326ad05c5775069d1ab4d1aca9da9,MENTIONS
art_b59c9050cfa9e74f9b848fbf9f50910a,ent_46082fa783198f8e14ade5cb6ce0f7c2,MENTIONS
art_b59c9050cfa9e74f9b848fbf9f50910a,ent_eb89d7b6305699b8a6010ef8687f26cc,MENTIONS
art_8eb330414227ebbcdc06f3d4c38f5289,ent_9752b4e41e450c5baf715336867187f1,MENTIONS
art_8eb330414227ebbcdc06f3d4c38f5289,ent_ffc11be2fe6fc29849ead28c5453b46c,MENTIONS
art_8eb330414227ebbcdc06f3d4c38f5289,ent_465f7d697a6ebf0ce77c6edda3717ed8,MENTIONS
art_cc7f17ef56ab10602ae11b3a81a61082,ent_908623f289adf30c0f6c8ffe83471818,MENTIONS
art_cc7f17ef56ab10602ae11b3a81a61082,ent_304ec9b750a539ad8bc6b66a2ec5ef6a,MENTIONS
art_cc7f17ef56ab10602ae11b3a81a61082,ent_b25862cc8d5110b444dc6f111519ea6b,MENTIONS
art_cc7f17ef56ab10602ae11b3a81a61082,ent_878597f7f74f20ff66a02c7a77aa5a4c,MENTIONS
art_cc7f17ef56ab10602ae11b3a81a61082,ent_471394ace83d5b4db4fb120c6fec5110,MENTIONS
art_cc7f17ef56ab10602ae11b3a81a61082,ent_d180bc14cb1a6d314a0cf0d7cc1c48fd,MENTIONS
art_145d0f8bea808744cf1354961c475848,ent_3d756d26be9bb6cc5343ebcef63d202e,MENTIONS
art_145d0f8bea808744cf1354961c475848,ent_9bff44287fcc89a68bfd0008b07b0346,MENTIONS
art_82d8325c24bddb01bdf92567273f0578,ent_2a6d3686110703bc69da3220c6ee6b5f,MENTIONS
art_d5a1483402adb1027be0a6c82ec4c9b3,ent_cb5446ec42ce5d0014238d02d185ab64,MENTIONS
art_d5a1483402adb1027be0a6c82ec4c9b3,ent_0e9425b8be11b5b31d016971decff4ef,MENTIONS
art_082cc231d7c6966b353e2c3fb445bfe7,ent_183bd64c6fc43113b151a26ffb0dca15,MENTIONS
art_082cc231d7c6966b353e2c3fb445bfe7,ent_83e2de890fe02b8cf3483bf7b757b0a3,MENTIONS
art_082cc231d7c6966b353e2c3fb445bfe7,ent_a4c080428e5fcca9c829a8c6b148a6a8,MENTIONS
art_082cc231d7c6966b353e2c3fb445bfe7,ent_2b4da846ceb3fb791e7085aff5e20a1b,MENTIONS
art_94151b3476617d0815bfde5395681862,ent_73cb9346d4c28ed7183e400772654b27,MENTIONS
art_94151b3476617d0815bfde5395681862,ent_4ef5a235683d80b84470146fc92e1a75,MENTIONS
art_94151b3476617d0815bfde5395681862,ent_9a159e67c410e35524638533d8e84782,MENTIONS
art_94151b3476617d0815bfde5395681862,ent_2eba41b24a4f72387f21a5c5c64d556f,MENTIONS
art_bcc83323165a5db03871d111d54e02e5,ent_0d05c98717c49eebbf5911089efc09d8,MENTIONS
art_bcc83323165a5db03871d111d54e02e5,ent_7fe461592c31b7bf33bf11d21d306ea0,MENTIONS
art_bcc83323165a5db03871d111d54e02e5,ent_b836e8e394abb4fd3f1c2a993093dd86,MENTIONS
art_bcc83323165a5db03871d111d54e02e5,ent_214163861ed8ac3fdfdb4674bf5536af,MENTIONS
art_bcc83323165a5db03871d111d54e02e5,ent_34773fb1bf91f7ab791e72df19d0958d,MENTIONS
art_bcc83323165a5db03871d111d54e02e5,ent_d17bd02de90e6e3aa4cf135082c05c82,MENTIONS
art_bcc83323165a5db03871d111d54e02e5,ent_28befb1ca069da2064c23ccd24e4b2ad,MENTIONS
art_4a9b6cbb0e827a657651bead044fe9d1,ent_634824d2459581360b9a44eab20471e5,MENTIONS
art_4a9b6cbb0e827a657651bead044fe9d1,ent_97d58d48dcc2f822a1805a869f24dfd9,MENTIONS
art_504f4e87346b9d780f9719acada52a3d,ent_f48b8e99c2ccca3a72848ef31290f67f,MENTIONS
art_504f4e87346b9d780f9719acada52a3d,ent_bfea9069060fdf1dafb18bbb9a6dd444,MENTIONS
art_504f4e87346b9d780f9719acada52a3d,ent_16655a67a3e22c75ab14149639dce7ea,MENTIONS
art_504f4e87346b9d780f9719acada52a3d,ent_6d028e2bc92d878c2d642621c81235b3,MENTIONS
art_504f4e87346b9d780f9719acada52a3d,ent_706533bd87e787e5152a76813608e097,MENTIONS
art_504f4e87346b9d780f9719acada52a3d,ent_73cb9346d4c28ed7183e400772654b27,MENTIONS
art_504f4e87346b9d780f9719acada52a3d,ent_1f566db4d2cd7698cecaf043f73a965b,MENTIONS
art_215c8e9dbb492597a0bb04285b02e4f1,ent_cb19ceee99b03802a1137f73525210f5,MENTIONS
art_215c8e9dbb492597a0bb04285b02e4f1,ent_ea48a12363ca58fd805275a4d36f93d0,MENTIONS
art_215c8e9dbb492597a0bb04285b02e4f1,ent_e5650d35ad8e8507e1adae0ca0afb40e,MENTIONS
art_215c8e9dbb492597a0bb04285b02e4f1,ent_e39b3a846a7ea3d3e546c2ac6ac1b02f,MENTIONS
art_215c8e9dbb492597a0bb04285b02e4f1,ent_dbfd57c6bb2ec063a55d56c66e86bb8f,MENTIONS
art_6be091a71bab37a380b2852c17fbcb12,ent_1ec77813121676677aaa0d97bb93f9a7,MENTIONS
art_6be091a71bab37a380b2852c17fbcb12,ent_8bbd14fe6939002e192e947a05323e19,MENTIONS
art_6be091a71bab37a380b2852c17fbcb12,ent_b3c5e4dc349819b7d639f507752d2635,MENTIONS
art_6be091a71bab37a380b2852c17fbcb12,ent_ea92c2fa429fa0087474f98d28b180de,MENTIONS
art_6be091a71bab37a380b2852c17fbcb12,ent_1ab86e662db6c3f0e3436c652b54c962,MENTIONS
art_16a05a4d6e1bd291729961fc1ea31aba,ent_0d05c98717c49eebbf5911089efc09d8,MENTIONS
art_16a05a4d6e1bd291729961fc1ea31aba,ent_db49657001d3a859a08eec0dd4475722,MENTIONS
art_16a05a4d6e1bd291729961fc1ea31aba,ent_1d14fe76089780db13f1cf1026310918,MENTIONS
art_16a05a4d6e1bd291729961fc1ea31aba,ent_634d30f1d295382071bc70b8e883717b,MENTIONS
art_16a05a4d6e1bd291729961fc1ea31aba,ent_02349980bba8ce563cdf709f74f96fc1,MENTIONS
art_8014c42f25e7aaf177f0996c75ff9e01,ent_cb5446ec42ce5d0014238d02d185ab64,MENTIONS
art_8014c42f25e7aaf177f0996c75ff9e01,ent_d9bd560d6eeaba53237766104fcca79e,MENTIONS
art_8014c42f25e7aaf177f0996c75ff9e01,ent_91847593ff7f679e081f312c85c6d7bb,MENTIONS
art_ea257dcb57dd6651302b65cd8772b65d,ent_6947a85524ddd1a415d7dff572993e8e,MENTIONS
art_ea257dcb57dd6651302b65cd8772b65d,ent_edc641d55be346730d71096cbd7722bc,MENTIONS
art_ea257dcb57dd6651302b65cd8772b65d,ent_c490d800601c3c1d14099693085377c5,MENTIONS
art_ea257dcb57dd6651302b65cd8772b65d,ent_02349980bba8ce563cdf709f74f96fc1,MENTIONS
art_dcfacb520c2effd136eb1b3fe53257bb,ent_6aa7cbb3eaafb3aac81464a639b86e23,MENTIONS
art_dcfacb520c2effd136eb1b3fe53257bb,ent_6990e0a81cf5d5d3d71c06396ac3bb56,MENTIONS
art_dcfacb520c2effd136eb1b3fe53257bb,ent_3c09221d3466d531fc4791356b36cfb0,MENTIONS
art_4e1451e945ea764c93c225c9ffea71b5,ent_bf42c7585de0c1246587fb69524df7d4,MENTIONS
art_4e1451e945ea764c93c225c9ffea71b5,ent_0585370dfc155ad02f40b8c59efe394e,MENTIONS
art_4e1451e945ea764c93c225c9ffea71b5,ent_30a47d6b70c242df0725425cca661f3f,MENTIONS
art_4e1451e945ea764c93c225c9ffea71b5,ent_02349980bba8ce563cdf709f74f96fc1,MENTIONS
art_4e1451e945ea764c93c225c9ffea71b5,ent_d36b13410347d500de53637c8b77e430,MENTIONS
art_2ed81e3918f2089e9b655ad9369a07f5,ent_0d05c98717c49eebbf5911089efc09d8,MENTIONS
art_2ed81e3918f2089e9b655ad9369a07f5,ent_5980d407188c843b2199e08e4f64a0ff,MENTIONS
art_2ed81e3918f2089e9b655ad9369a07f5,ent_312642cda4a86945e21c6ab3175203ec,MENTIONS
art_2ed81e3918f2089e9b655ad9369a07f5,ent_56223953b1be983c383865d5576bb10a,MENTIONS
art_a4262dab44cd42c609dcf286c771a19a,ent_02349980bba8ce563cdf709f74f96fc1,MENTIONS
art_a4262dab44cd42c609dcf286c771a19a,ent_d36b13410347d500de53637c8b77e430,MENTIONS
art_a4262dab44cd42c609dcf286c771a19a,ent_312642cda4a86945e21c6ab3175203ec,MENTIONS
art_79a66ef97b45789140d5ec361058f763,ent_6aa7cbb3eaafb3aac81464a639b86e23,MENTIONS
art_79a66ef97b45789140d5ec361058f763,ent_c4bc0617c8956fc23256dfbb2b93e3e8,MENTIONS
art_79a66ef97b45789140d5ec361058f763,ent_9e1ef377999c1656bdcfc18752a53403,MENTIONS
art_656cc660e04cf8fada608b59cb8d7dd2,ent_6aa7cbb3eaafb3aac81464a639b86e23,MENTIONS
art_3242c641552708e788aa49e46255cad1,ent_8c404ce2f6d1c9201d309ba16deb8615,MENTIONS
art_3242c641552708e788aa49e46255cad1,ent_8d3d17b3744d413b7f2d218b9199676d,MENTIONS
art_3242c641552708e788aa49e46255cad1,ent_fe60a6c64f4797bb973018d0f8cf7747,MENTIONS
art_3242c641552708e788aa49e46255cad1,ent_1ee239bfda67705bd371c7b73569c056,MENTIONS
art_7bfb8210ef46c4c131f5eefacce62d3c,ent_9da0ab3c4dd6c335b87a5f170d0d805b,MENTIONS
art_7bfb8210ef46c4c131f5eefacce62d3c,ent_430cc24cb3bad151778ebd265d10633d,MENTIONS
art_7bfb8210ef46c4c131f5eefacce62d3c,ent_e5e447d5965e518904f0df09e6cd82a8,MENTIONS
art_8daf851e6c707e65257b7e590f8a323f,ent_568bf0aa10c25211fe6a4ae3c82bfbcf,MENTIONS
art_8daf851e6c707e65257b7e590f8a323f,ent_f91f71c09b6a7fdc77dbe522cea31bdd,MENTIONS
art_8daf851e6c707e65257b7e590f8a323f,ent_2dc4fe559308d860145003feb2da00ee,MENTIONS
art_8daf851e6c707e65257b7e590f8a323f,ent_a42b32ca3d5cc15bccd7b56ee2a495ad,MENTIONS
art_8daf851e6c707e65257b7e590f8a323f,ent_81eacca2b88140882637820fcaa0403c,MENTIONS
art_06a6826355883512c20cd6be7f9e2f62,ent_3616f2d2158a75379c290d51cfa45b63,MENTIONS
art_06a6826355883512c20cd6be7f9e2f62,ent_aa6b8fff4d03dfe13b849347e6ece024,MENTIONS
art_6350e85d683a1ca31d3d0b2a66211dbc,ent_cb5446ec42ce5d0014238d02d185ab64,MENTIONS
art_6350e85d683a1ca31d3d0b2a66211dbc,ent_73cb9346d4c28ed7183e400772654b27,MENTIONS
art_cb2243567995ee2d6659ecfe23ba23f1,ent_a9d0ae16f71011cd8d31f513fd29416d,MENTIONS
art_cb2243567995ee2d6659ecfe23ba23f1,ent_686283728d7c6df9659092d0a8ef3e2e,MENTIONS
art_cb2243567995ee2d6659ecfe23ba23f1,ent_b803f1e45b908b8ef160a186eadabbfc,MENTIONS
art_cb2243567995ee2d6659ecfe23ba23f1,ent_d663325fc53a289aef4665cdbf58503f,MENTIONS
art_e7803c2eeecc939ca08085c8a265049a,ent_eb4e721d545ba615b40e061347055b2d,MENTIONS
art_e7803c2eeecc939ca08085c8a265049a,ent_45028679d671d607ecc0d8ad080edb59,MENTIONS
art_e7803c2eeecc939ca08085c8a265049a,ent_4ab2ec4ca638d582f2c3890be30e88b8,MENTIONS
art_c9b41d553db6dbdf8ddc2d78b579bc68,ent_7cdfe2efced81fb87017a9c0ff04a609,MENTIONS
art_4b17048bfadb1c72659c41b7e141b97e,ent_9da0ab3c4dd6c335b87a5f170d0d805b,MENTIONS
art_b1d028e0b2f2011a4ed0c051ccac7ac6,ent_3a3f4868c3d062e2f05ea2b553cc24ff,MENTIONS
art_b1d028e0b2f2011a4ed0c051ccac7ac6,ent_e433a0ae69c329034bcae5ca06d07bbe,MENTIONS
art_b1d028e0b2f2011a4ed0c051ccac7ac6,ent_b91826e120405748d84d092f6c17437a,MENTIONS
art_202d537e5ef6be50549d35a2b3869b9d,ent_efcea41751696d7564207ab9bfeb8fff,MENTIONS
art_202d537e5ef6be50549d35a2b3869b9d,ent_01b8f426eb774d7b50e0e2114b17b13a,MENTIONS
art_202d537e5ef6be50549d35a2b3869b9d,ent_7653f6bfe88207adac7c1ed6fdd20739,MENTIONS
art_202d537e5ef6be50549d35a2b3869b9d,ent_24b209e68978d0d3fd84fdaa33965091,MENTIONS
art_ce90cbac9c8411a2297a6dcf9d3e15ff,ent_b18c73b058a677995a4187d92a0896db,MENTIONS
art_ce90cbac9c8411a2297a6dcf9d3e15ff,ent_fbe3be3ba4ea075c0db20d3dc124382f,MENTIONS
art_7193a801191d3571a8d23c71d490e211,ent_78df6abf50d15fcf821c6675efb7a79d,MENTIONS
art_7193a801191d3571a8d23c71d490e211,ent_f661430093dc344ffc8b8cdb2492ca14,MENTIONS
art_7193a801191d3571a8d23c71d490e211,ent_78d97fc81d52dc0451117de58f5dcaf6,MENTIONS
art_64d78ede754f7666c5491102cde6ca64,ent_2725ac1b5815acd237805d043d608e55,MENTIONS
art_64d78ede754f7666c5491102cde6ca64,ent_d3c025933506812dc1df8c42757be133,MENTIONS
art_64d78ede754f7666c5491102cde6ca64,ent_45df412cbb6c78d74a3f9a512214bca2,MENTIONS
art_64d78ede754f7666c5491102cde6ca64,ent_1a8bdba66b6968a6fac856d216972d20,MENTIONS
art_64d78ede754f7666c5491102cde6ca64,ent_efcea41751696d7564207ab9bfeb8fff,MENTIONS
art_79045067b811030d432f410a9539ea61,ent_36ed4e9f1a4bd06ada1621a920592c88,MENTIONS
art_79045067b811030d432f410a9539ea61,ent_59ddfdc9591c07aab64bd1df7bc8e4fd,MENTIONS
art_79045067b811030d432f410a9539ea61,ent_5c16be9e157855c334eca58121082e56,MENTIONS
art_79045067b811030d432f410a9539ea61,ent_159d282295ca090ec369af82c3504db8,MENTIONS
art_d52a33e9f47cc5dea36f9e5ff59b65b7,ent_40a2a95d65250e6793158238e9f1a3e8,MENTIONS
art_d52a33e9f47cc5dea36f9e5ff59b65b7,ent_02349980bba8ce563cdf709f74f96fc1,MENTIONS
art_d52a33e9f47cc5dea36f9e5ff59b65b7,ent_73cb9346d4c28ed7183e400772654b27,MENTIONS
art_e4be466a41067c15d623d4235cd44aba,ent_cde7a7744f092430995a7f798ea62b1d,MENTIONS
art_e4be466a41067c15d623d4235cd44aba,ent_3d756d26be9bb6cc5343ebcef63d202e,MENTIONS
art_e4be466a41067c15d623d4235cd44aba,ent_226a9421040b7f2d19e6a2ff542e6eac,MENTIONS
art_e4be466a41067c15d623d4235cd44aba,ent_bf2eb1b5439441d00d8f571c48181df1,MENTIONS
art_322b5ec7cb443b8ea02f9d214c9d9429,ent_783c508954614fa61cb6f7833e5e323e,MENTIONS
art_322b5ec7cb443b8ea02f9d214c9d9429,ent_6aa7cbb3eaafb3aac81464a639b86e23,MENTIONS
art_7c6702bdcd21fcb821866e30bbf6f4a2,ent_cb5446ec42ce5d0014238d02d185ab64,MENTIONS
art_7c6702bdcd21fcb821866e30bbf6f4a2,ent_d9bd560d6eeaba53237766104fcca79e,MENTIONS
art_7c6702bdcd21fcb821866e30bbf6f4a2,ent_3f40e7bbea6eb8b6842b89f91e9c275d,MENTIONS
art_8c896e5986002caece966d1a674dd9a2,ent_f3c3a77d994066003a98cd6a9d6acb46,MENTIONS
art_8c896e5986002caece966d1a674dd9a2,ent_bc055485e54e903b3c7c7f5cf093b676,MENTIONS
art_8c896e5986002caece966d1a674dd9a2,ent_d5cf50154dc2acad2985c9732be47fcc,MENTIONS
art_94151b3476617d0815bfde5395681862,ent_4f492a0c2e12de50b1c4160a57cf9414,MENTIONS
art_f75c7bb156c7c16c0af7086d4efcefe1,ent_0d05c98717c49eebbf5911089efc09d8,MENTIONS
art_f75c7bb156c7c16c0af7086d4efcefe1,ent_5e59ad66759572621fabc25e69be6f72,MENTIONS
art_f75c7bb156c7c16c0af7086d4efcefe1,ent_a7d6e837655258b94e2878188bcbd28b,MENTIONS
art_f75c7bb156c7c16c0af7086d4efcefe1,ent_6dda48d4a7a13a370d36693daf685205,MENTIONS
art_f75c7bb156c7c16c0af7086d4efcefe1,ent_bccc642ac9be25934ad89685473a42c7,MENTIONS
art_f75c7bb156c7c16c0af7086d4efcefe1,ent_7fe461592c31b7bf33bf11d21d306ea0,MENTIONS
art_2f9d127741f7ee1c346c2ab2919cc02e,ent_7fe461592c31b7bf33bf11d21d306ea0,MENTIONS
art_2f9d127741f7ee1c346c2ab2919cc02e,ent_312642cda4a86945e21c6ab3175203ec,MENTIONS
art_2f9d127741f7ee1c346c2ab2919cc02e,ent_02349980bba8ce563cdf709f74f96fc1,MENTIONS
art_2f9d127741f7ee1c346c2ab2919cc02e,ent_d36b13410347d500de53637c8b77e430,MENTIONS
art_55ca2e63ce06eb3aaaf8d9f99a55162e,ent_312642cda4a86945e21c6ab3175203ec,MENTIONS
art_55ca2e63ce06eb3aaaf8d9f99a55162e,ent_848015af8766cb8f2e66510ab1145bd0,MENTIONS
art_55ca2e63ce06eb3aaaf8d9f99a55162e,ent_d36b13410347d500de53637c8b77e430,MENTIONS
art_e6357db7d86efe883c9728eec6c41684,ent_4ad0b0891cba24cb598e3e47a48e8070,MENTIONS
art_e6357db7d86efe883c9728eec6c41684,ent_0a67c2ceb83b526961bbafec1126c591,MENTIONS
art_e6357db7d86efe883c9728eec6c41684,ent_cb5649dbdd75b2f457c2cdb523e7051e,MENTIONS
art_df70d87e945984966f434d5147120254,ent_b68abaedec86d36bca01549c37104dad,MENTIONS
art_df70d87e945984966f434d5147120254,ent_06e268914dba853f1fac062656165032,MENTIONS
art_df70d87e945984966f434d5147120254,ent_fe60a6c64f4797bb973018d0f8cf7747,MENTIONS
art_df70d87e945984966f434d5147120254,ent_939718a00177f4a7a8a8caf8e210b494,MENTIONS
art_1f8f7f58239ae43e80be995c0d47b948,ent_56f4eff17ad5a62c7ee6b1f60c4433f2,MENTIONS
art_fb97e6dd91e393eda8bc0e94c2aa1508,ent_ba7a9d24f8537ce5c3ed64b0292110ee,MENTIONS
art_fb97e6dd91e393eda8bc0e94c2aa1508,ent_4c66fbaa03805e897b8131dc75f105e1,MENTIONS
art_fb97e6dd91e393eda8bc0e94c2aa1508,ent_aa3c08515e2604714dd65d38f29f5e76,MENTIONS
art_fb97e6dd91e393eda8bc0e94c2aa1508,ent_afa48c445b226c43fa6de1aadeb0bff4,MENTIONS
art_ae56c728f944602bf22daf220994283c,ent_634d30f1d295382071bc70b8e883717b,MENTIONS
art_ae56c728f944602bf22daf220994283c,ent_56223953b1be983c383865d5576bb10a,MENTIONS
art_ae56c728f944602bf22daf220994283c,ent_2d0181c18e0f0aa11a086d6e1d06aaee,MENTIONS
art_ae56c728f944602bf22daf220994283c,ent_2a6d3686110703bc69da3220c6ee6b5f,MENTIONS
art_ae56c728f944602bf22daf220994283c,ent_e856c1781458bb8c367dfe49e7bc75e4,MENTIONS
art_ae56c728f944602bf22daf220994283c,ent_d36b13410347d500de53637c8b77e430,MENTIONS
art_ae56c728f944602bf22daf220994283c,ent_02349980bba8ce563cdf709f74f96fc1,MENTIONS
art_7fff0c19a1ae4c27a6a5d3be5395c026,ent_af302ab464eba7579e58b0ba2cb56083,MENTIONS
art_7fff0c19a1ae4c27a6a5d3be5395c026,ent_943636b941dc2a7ad3e03d1b8abca511,MENTIONS
art_7fff0c19a1ae4c27a6a5d3be5395c026,ent_73cb9346d4c28ed7183e400772654b27,MENTIONS
art_f3bb6b27ea97a3535445ffb43dc1a8b6,ent_5e59ad66759572621fabc25e69be6f72,MENTIONS
art_65ca3994b3b6d10810f028eeef27be44,ent_f3dee52ae7387222c1d58a420ae8ac14,MENTIONS
art_65ca3994b3b6d10810f028eeef27be44,ent_148083840d5a765969310cb7df918b8c,MENTIONS
art_65ca3994b3b6d10810f028eeef27be44,ent_62bdd3821a2e51c3c5c92604ee286600,MENTIONS
art_65ca3994b3b6d10810f028eeef27be44,ent_e94a72ccebb6f6c6525d3d24c5d9d72e,MENTIONS
art_65ca3994b3b6d10810f028eeef27be44,ent_c8c4554ba406f6c66ea4722f57bdcedb,MENTIONS
art_65ca3994b3b6d10810f028eeef27be44,ent_20d89e842c959721a93b1ed1e5ce8a47,MENTIONS
art_65ca3994b3b6d10810f028eeef27be44,ent_dcc255e3b03b08cd95d9f6056e67e1c1,MENTIONS
art_e7c34365ee08502e4ef0dbfdbdafec6f,ent_8cf07136f7d0a0c82662cc0aa0b5823e,MENTIONS
art_e7c34365ee08502e4ef0dbfdbdafec6f,ent_5bbbe3fa8deb76b4d9ece965c12bac18,MENTIONS
art_e7c34365ee08502e4ef0dbfdbdafec6f,ent_2a6d3686110703bc69da3220c6ee6b5f,MENTIONS
art_e7c34365ee08502e4ef0dbfdbdafec6f,ent_4f8eec96fc0b586e9801149239803929,MENTIONS
art_e7c34365ee08502e4ef0dbfdbdafec6f,ent_2c474c82b1b17c5ffaaaabdf665ad80a,MENTIONS
art_e7c34365ee08502e4ef0dbfdbdafec6f,ent_3994444176a928ca0d4b2f312f536616,MENTIONS
art_a7c0dd55930a03fa2a2e399363c8e169,ent_0b34b0fb2ad5127431e522ca25f61912,MENTIONS
art_a7c0dd55930a03fa2a2e399363c8e169,ent_2a6d3686110703bc69da3220c6ee6b5f,MENTIONS
art_a759e9392d6285fec36a2780b7a7d4bf,ent_c4bc0617c8956fc23256dfbb2b93e3e8,MENTIONS
art_a759e9392d6285fec36a2780b7a7d4bf,ent_6aa7cbb3eaafb3aac81464a639b86e23,MENTIONS
art_a759e9392d6285fec36a2780b7a7d4bf,ent_f302ad4ec7db2474fde2bc74e1813459,MENTIONS
art_a759e9392d6285fec36a2780b7a7d4bf,ent_b57e8f0eb205d633990738e2676877c4,MENTIONS
art_0a51231f97f15d9eeba7fcfbdc4904fa,ent_ca1f9b7bc50e2730549c202ea871f0a1,MENTIONS
art_0a51231f97f15d9eeba7fcfbdc4904fa,ent_5c16be9e157855c334eca58121082e56,MENTIONS
art_0a51231f97f15d9eeba7fcfbdc4904fa,ent_c94ba183280f1999df3c7efa04823790,MENTIONS
art_0a51231f97f15d9eeba7fcfbdc4904fa,ent_b9f5476eea8bb73c9dc7db6c4659171c,MENTIONS
art_0a51231f97f15d9eeba7fcfbdc4904fa,ent_efcea41751696d7564207ab9bfeb8fff,MENTIONS
art_e64201d012a826d0ac54cd5ded7e9801,ent_71ffbf08424cb1ec275dfcc7d6cd53a5,MENTIONS
art_e64201d012a826d0ac54cd5ded7e9801,ent_031af14ed1a1b8378a058a32c8ae86e4,MENTIONS
art_e64201d012a826d0ac54cd5ded7e9801,ent_fe60a6c64f4797bb973018d0f8cf7747,MENTIONS
art_e64201d012a826d0ac54cd5ded7e9801,ent_e1a045597855a1a9befdd3c7a4e6d691,MENTIONS
art_e64201d012a826d0ac54cd5ded7e9801,ent_e7362cc534d7805a2388f0ce42ef2198,MENTIONS
art_0d1f0bd842cbf117137ab51735122bb9,ent_0eba5b8b045d8b9914ebbe91f4f34ae3,MENTIONS
art_0d1f0bd842cbf117137ab51735122bb9,ent_c8c4554ba406f6c66ea4722f57bdcedb,MENTIONS
art_0d1f0bd842cbf117137ab51735122bb9,ent_4d5741373c857012936c68252f351a72,MENTIONS
art_418bbeb75824486316b7d4357a7166dc,ent_0d05c98717c49eebbf5911089efc09d8,MENTIONS
art_418bbeb75824486316b7d4357a7166dc,ent_44f22d89c8f969f81fa642ac9aa6a9e0,MENTIONS
art_418bbeb75824486316b7d4357a7166dc,ent_d36b13410347d500de53637c8b77e430,MENTIONS
art_d8dfa0ea5e3f607bcf9eb8c92d318b19,ent_26cdfd036b86238c7f25fa3018c2bbbf,MENTIONS
art_d8dfa0ea5e3f607bcf9eb8c92d318b19,ent_4338232391bc1fdc32f8a0096c063788,MENTIONS
art_d8dfa0ea5e3f607bcf9eb8c92d318b19,ent_4b0f0d0b0e94d51094ed3b4734437dcd,MENTIONS
art_72e9640f890f5de827d3411054097548,ent_db81aac6439438463b2df50d4786313c,MENTIONS
art_72e9640f890f5de827d3411054097548,ent_196c742cfdfc3e67875e816948b568d4,MENTIONS
art_72e9640f890f5de827d3411054097548,ent_e83b0514415afc45d54174676b04eecf,MENTIONS
art_72e9640f890f5de827d3411054097548,ent_f20011e5270666592304898988523261,MENTIONS
art_98b3044a6df3c681af8f509fd4ef5eb0,ent_2c7d43272eeb3267f4d37b92b3b1c6d0,MENTIONS
art_98b3044a6df3c681af8f509fd4ef5eb0,ent_6d5c6948049207731bed740e57e377fb,MENTIONS
art_667f7db8935e61ae2c3f06196b5acd0e,ent_2a6d3686110703bc69da3220c6ee6b5f,MENTIONS
art_667f7db8935e61ae2c3f06196b5acd0e,ent_b35ae8faf03c3ce0bbaeb5381a0ecdd3,MENTIONS
art_667f7db8935e61ae2c3f06196b5acd0e,ent_67ed4dba57d555ce0ec37d39fbdc5690,MENTIONS
art_05f3412017c89bd6dfe93c90ae6e83ba,ent_b413b0f80b8d06ff291ed5a8fcd6db8c,MENTIONS
art_05f3412017c89bd6dfe93c90ae6e83ba,ent_6b6a5ab6654528c46ff398246e913d29,MENTIONS
art_05f3412017c89bd6dfe93c90ae6e83ba,ent_022dceeb82c260e3c1e10672e0f27a2e,MENTIONS
art_05f3412017c89bd6dfe93c90ae6e83ba,ent_29623d7270a2cf9825030831e11531f2,MENTIONS
art_0b9c2e978bf63343aa565775d820ecbc,ent_864f0aa9ff2fe8ceab7df616d6ffcd79,MENTIONS
art_0b9c2e978bf63343aa565775d820ecbc,ent_155b53374088487a4a98f468e852842c,MENTIONS
art_bbba5214a3a1a24e30245263e3a0daf0,ent_2eba41b24a4f72387f21a5c5c64d556f,MENTIONS
art_bbba5214a3a1a24e30245263e3a0daf0,ent_0585370dfc155ad02f40b8c59efe394e,MENTIONS
art_adcb7ee88abd87a79fb9b41592db044f,ent_d36b13410347d500de53637c8b77e430,MENTIONS
art_adcb7ee88abd87a79fb9b41592db044f,ent_9f9becccd1bbc77f14d0e3ffbb99d9e6,MENTIONS
art_adcb7ee88abd87a79fb9b41592db044f,ent_a67c70a137f737b2a66222e70b761179,MENTIONS
art_adcb7ee88abd87a79fb9b41592db044f,ent_d58c395a266eabe93f070f93ce9b3395,MENTIONS
art_97b55ce672e188cfbdad345053a0649e,ent_4ad0b0891cba24cb598e3e47a48e8070,MENTIONS
art_1a474f1894692a99e7af6125ffb3de9c,ent_cb5446ec42ce5d0014238d02d185ab64,MENTIONS
art_1a474f1894692a99e7af6125ffb3de9c,ent_0cb3646c9c76da85ffbad0381811391d,MENTIONS
art_1a474f1894692a99e7af6125ffb3de9c,ent_634d30f1d295382071bc70b8e883717b,MENTIONS
art_1a474f1894692a99e7af6125ffb3de9c,ent_73cb9346d4c28ed7183e400772654b27,MENTIONS
art_0e5f965ea78d92f15a25e15b8bd2d46f,ent_323edab1d36d461c0b535b7f4b4951f5,MENTIONS
art_0e5f965ea78d92f15a25e15b8bd2d46f,ent_7615f7fd0262a1a8290df7b596b4924f,MENTIONS
art_0e5f965ea78d92f15a25e15b8bd2d46f,ent_b3772d9d2f016ebb9e212a464f6ce00e,MENTIONS
art_a25b5df577de3b84cb5b2e91918fdbf6,ent_e45aca878c6a10573981a204a3fb3a4c,MENTIONS
art_a25b5df577de3b84cb5b2e91918fdbf6,ent_f03ab8c98c642a701da28bc491b40809,MENTIONS
art_3234ee2510fe17ddc2f129cd1b37e169,ent_3c09221d3466d531fc4791356b36cfb0,MENTIONS
art_3234ee2510fe17ddc2f129cd1b37e169,ent_73cb9346d4c28ed7183e400772654b27,MENTIONS
art_3234ee2510fe17ddc2f129cd1b37e169,ent_6aa7cbb3eaafb3aac81464a639b86e23,MENTIONS
art_3234ee2510fe17ddc2f129cd1b37e169,ent_0585370dfc155ad02f40b8c59efe394e,MENTIONS
art_3234ee2510fe17ddc2f129cd1b37e169,ent_7fc5d92a573ba0fd3029b440c59f2deb,MENTIONS
art_3234ee2510fe17ddc2f129cd1b37e169,ent_2b498d52af2d5955651749a2f0c7435c,MENTIONS
art_a9c849d60f287c306d6240304a86c5a2,ent_2a6d3686110703bc69da3220c6ee6b5f,MENTIONS
art_a9c849d60f287c306d6240304a86c5a2,ent_78d97fc81d52dc0451117de58f5dcaf6,MENTIONS
art_a9c849d60f287c306d6240304a86c5a2,ent_8d148056dbbfba86d7f8b05a508c1c32,MENTIONS
art_a9c849d60f287c306d6240304a86c5a2,ent_f0ecc322e30f290a1739aa431a28fa4e,MENTIONS
art_a9c849d60f287c306d6240304a86c5a2,ent_3c19306e86c3d17b707bcebee485f3dc,MENTIONS
art_a9c849d60f287c306d6240304a86c5a2,ent_5371a9fb7924065b0d8e2fd8e575e92f,MENTIONS
art_073c1132a09992967506b8172df2b26a,ent_0d05c98717c49eebbf5911089efc09d8,MENTIONS
art_073c1132a09992967506b8172df2b26a,ent_2a6d3686110703bc69da3220c6ee6b5f,MENTIONS
art_073c1132a09992967506b8172df2b26a,ent_848015af8766cb8f2e66510ab1145bd0,MENTIONS
art_073c1132a09992967506b8172df2b26a,ent_fb04578c9534c32662180b4dcc9e17f7,MENTIONS
art_073c1132a09992967506b8172df2b26a,ent_02349980bba8ce563cdf709f74f96fc1,MENTIONS
art_b20f72e5aa00f75cb1453da451fff89e,ent_87a16714ebac6fcc9571c57adeb3b247,MENTIONS
art_b20f72e5aa00f75cb1453da451fff89e,ent_7dd0be0c9e8204144f5fcf803572b8d5,MENTIONS
art_b20f72e5aa00f75cb1453da451fff89e,ent_8a62916586df718be00d6d9c000e87d6,MENTIONS
art_b20f72e5aa00f75cb1453da451fff89e,ent_2a6d3686110703bc69da3220c6ee6b5f,MENTIONS
art_b20f72e5aa00f75cb1453da451fff89e,ent_a5b3427f5e8b3883d13eeaedbda4bc2f,MENTIONS
art_082148f858cd535836d02bb155707933,ent_ec5aad8d9d7c8225f1e3a5f90fb05e7f,MENTIONS
art_082148f858cd535836d02bb155707933,ent_f20011e5270666592304898988523261,MENTIONS
art_082148f858cd535836d02bb155707933,ent_1bcabc92f137d6ecb5223a0a932771d9,MENTIONS
art_082148f858cd535836d02bb155707933,ent_943636b941dc2a7ad3e03d1b8abca511,MENTIONS
art_082148f858cd535836d02bb155707933,ent_09654ed4944a7289f941860ba8c5748f,MENTIONS
art_082148f858cd535836d02bb155707933,ent_d663325fc53a289aef4665cdbf58503f,MENTIONS
art_055079ff378db7a6a7256e5de6a0d81b,ent_5b16a868e69c52c1dfb5bc2b6cb7df05,MENTIONS
art_055079ff378db7a6a7256e5de6a0d81b,ent_678340b2b94c337f0bb78181275b3238,MENTIONS
art_055079ff378db7a6a7256e5de6a0d81b,ent_f9e78362b794471342a3a3ac92ad91f6,MENTIONS
art_055079ff378db7a6a7256e5de6a0d81b,ent_341472db56111e5ff1b89ef698426514,MENTIONS
art_d60099f30aaa3448c49a96ad81dbf2b4,ent_eb4e721d545ba615b40e061347055b2d,MENTIONS
art_d60099f30aaa3448c49a96ad81dbf2b4,ent_090e71a8e79899c544e6d37540be6b06,MENTIONS
art_d60099f30aaa3448c49a96ad81dbf2b4,ent_c0325a5515a30625a4face7d91b8c5d6,MENTIONS
art_70a1fb55f8d89cbdf3d596eb1bba8186,ent_7dd0be0c9e8204144f5fcf803572b8d5,MENTIONS
art_70a1fb55f8d89cbdf3d596eb1bba8186,ent_b088cd82c7f8af7682c4bebe8a75d150,MENTIONS
art_70a1fb55f8d89cbdf3d596eb1bba8186,ent_341ef06b248808e63c55746322e54463,MENTIONS
art_70a1fb55f8d89cbdf3d596eb1bba8186,ent_45df412cbb6c78d74a3f9a512214bca2,MENTIONS
art_9e1b7b8e7c78bd1b2bb63b8b06adf2ec,ent_0d49a53868b32e2474c88d3bd3f0cf3d,MENTIONS
art_9e1b7b8e7c78bd1b2bb63b8b06adf2ec,ent_edb82d9e724eb11669a36d3e8d6c8038,MENTIONS
art_9e1b7b8e7c78bd1b2bb63b8b06adf2ec,ent_9d05e4c957403af7e10a3bb2c2ad2736,MENTIONS
art_9e1b7b8e7c78bd1b2bb63b8b06adf2ec,ent_d04982993a2514b1a9aa4124c966c5bd,MENTIONS
art_2499953f60788ab61eb819f8ca1866dc,ent_0d05c98717c49eebbf5911089efc09d8,MENTIONS
art_2499953f60788ab61eb819f8ca1866dc,ent_d0c8770ba039a6ae69fe5ae77ecf20bd,MENTIONS
art_2499953f60788ab61eb819f8ca1866dc,ent_fdc39f068cf2053140f2dd06de7f04c8,MENTIONS
art_2499953f60788ab61eb819f8ca1866dc,ent_6d2048a8c3082b26efaa575b26de581b,MENTIONS
art_2499953f60788ab61eb819f8ca1866dc,ent_02349980bba8ce563cdf709f74f96fc1,MENTIONS
art_c996731ab638f96ea174c4a55ce7842d,ent_3e7f2479827b796b7f46e33f88e14754,MENTIONS
art_c996731ab638f96ea174c4a55ce7842d,ent_2a6d3686110703bc69da3220c6ee6b5f,MENTIONS
art_c996731ab638f96ea174c4a55ce7842d,ent_82454b39b524433b8d6fdc03e90bc87e,MENTIONS
art_9d5704d8e2c7ebd621270e9a24ad42a5,ent_882246d3acb39aa57a75ded467e22063,MENTIONS
art_9d5704d8e2c7ebd621270e9a24ad42a5,ent_3772935531ff312176855fb68364ea90,MENTIONS
art_9d5704d8e2c7ebd621270e9a24ad42a5,ent_61ca018c31113163ea522f6be1d81178,MENTIONS
art_9d5704d8e2c7ebd621270e9a24ad42a5,ent_3e697dad157f7bed1c9aff06d5d65c87,MENTIONS
art_9d5704d8e2c7ebd621270e9a24ad42a5,ent_1f16c2b96c762c794584dbf9ddd3a28e,MENTIONS
art_9d5704d8e2c7ebd621270e9a24ad42a5,ent_b2e6a5212f3219677ec3bd4da54ca90a,MENTIONS
art_b853f3ebb77d73a757f591486199e01d,ent_d88243063a2f1312601fc18594fbebe1,MENTIONS
art_b853f3ebb77d73a757f591486199e01d,ent_943636b941dc2a7ad3e03d1b8abca511,MENTIONS
art_b853f3ebb77d73a757f591486199e01d,ent_fe60a6c64f4797bb973018d0f8cf7747,MENTIONS
art_b853f3ebb77d73a757f591486199e01d,ent_7002f5ccb2d954dd3b5894da8dade3aa,MENTIONS
art_b853f3ebb77d73a757f591486199e01d,ent_f3117115856af0fc223b70a598c68235,MENTIONS
art_b853f3ebb77d73a757f591486199e01d,ent_1e6322f3a11d8704e7957b8730cf2acd,MENTIONS
art_4f4f4ced64e60f54025702b8a7c150c4,ent_2a6d3686110703bc69da3220c6ee6b5f,MENTIONS
art_4f4f4ced64e60f54025702b8a7c150c4,ent_cf048981166dc269ccb3381bba58f9c9,MENTIONS
art_4f4f4ced64e60f54025702b8a7c150c4,ent_706533bd87e787e5152a76813608e097,MENTIONS
art_4f4f4ced64e60f54025702b8a7c150c4,ent_5274182cb00cf810f2de8a0192a98996,MENTIONS
art_46923a0b048ab4b74770b6553eceace2,ent_0d05c98717c49eebbf5911089efc09d8,MENTIONS
art_46923a0b048ab4b74770b6553eceace2,ent_4f0548c1b699c374fa247ec80e8c353a,MENTIONS
art_46923a0b048ab4b74770b6553eceace2,ent_02349980bba8ce563cdf709f74f96fc1,MENTIONS
art_46923a0b048ab4b74770b6553eceace2,ent_d36b13410347d500de53637c8b77e430,MENTIONS
art_6dcbdb42210fc8a5812dddb42e9f85c8,ent_8756b534020d8b97a90508b60137c101,MENTIONS
art_6dcbdb42210fc8a5812dddb42e9f85c8,ent_21c003acfb75ace8e632ace76db02be8,MENTIONS
art_6dcbdb42210fc8a5812dddb42e9f85c8,ent_2c41dcc9d77e27519e96d14394fcaabe,MENTIONS
art_3d8ddc6d6d131d88391d8065d9d017a2,ent_8756b534020d8b97a90508b60137c101,MENTIONS
art_3d8ddc6d6d131d88391d8065d9d017a2,ent_78df6abf50d15fcf821c6675efb7a79d,MENTIONS
art_3d8ddc6d6d131d88391d8065d9d017a2,ent_78d97fc81d52dc0451117de58f5dcaf6,MENTIONS
art_02b4bc6bd8ade06a83457a1452f8d73e,ent_c3ca54fc2a79a9c76c61df636e3cc443,MENTIONS
art_02b4bc6bd8ade06a83457a1452f8d73e,ent_013ef3a89c8532d8a00f712eec61f1da,MENTIONS
art_02b4bc6bd8ade06a83457a1452f8d73e,ent_864f0aa9ff2fe8ceab7df616d6ffcd79,MENTIONS
art_02b4bc6bd8ade06a83457a1452f8d73e,ent_97b49ddcf197687597eead2f3b8ae62b,MENTIONS
art_02b4bc6bd8ade06a83457a1452f8d73e,ent_5c16be9e157855c334eca58121082e56,MENTIONS
art_02b4bc6bd8ade06a83457a1452f8d73e,ent_921a6c9711cbadbec1da2b368b9e6f94,MENTIONS
art_d7491964cfd709a41729fa3bdd5529e5,ent_7fe461592c31b7bf33bf11d21d306ea0,MENTIONS
art_d7491964cfd709a41729fa3bdd5529e5,ent_d36b13410347d500de53637c8b77e430,MENTIONS
art_d7491964cfd709a41729fa3bdd5529e5,ent_94749f390b7886d31379a1c3f861b83d,MENTIONS
art_d7491964cfd709a41729fa3bdd5529e5,ent_a00b96d4ba49976e1dda05d6a8d7bed1,MENTIONS
art_3a19a678577add50fc1752cdc5863dee,ent_b836e8e394abb4fd3f1c2a993093dd86,MENTIONS
art_3a19a678577add50fc1752cdc5863dee,ent_00ec92b6ce601e6c2be6cdec57842e4b,MENTIONS
art_3a19a678577add50fc1752cdc5863dee,ent_d36b13410347d500de53637c8b77e430,MENTIONS
art_5dd12b11f95a53cbfc0053fc0436c22f,ent_8756b534020d8b97a90508b60137c101,MENTIONS
art_5dd12b11f95a53cbfc0053fc0436c22f,ent_b2e6a5212f3219677ec3bd4da54ca90a,MENTIONS
art_5dd12b11f95a53cbfc0053fc0436c22f,ent_882246d3acb39aa57a75ded467e22063,MENTIONS
art_5dd12b11f95a53cbfc0053fc0436c22f,ent_e1aa27557fc873c9cd1ef326424a6fef,MENTIONS
art_24179797b37bfdbf5f57ae8ed3bed9a2,ent_495afcb676206fea707516bc464d8f6e,MENTIONS
art_79f14679371d03064c391fec9c8cd07c,ent_763de7676ef5eff136b1eec29e755f0f,MENTIONS
art_79f14679371d03064c391fec9c8cd07c,ent_cc5551250ad523539729c5a8ad6b9849,MENTIONS
art_79f14679371d03064c391fec9c8cd07c,ent_97b49ddcf197687597eead2f3b8ae62b,MENTIONS
art_932971d80dd6080256f7533d178c1b1a,ent_edb82d9e724eb11669a36d3e8d6c8038,MENTIONS
art_932971d80dd6080256f7533d178c1b1a,ent_4157eeade6dfe5f7b92ade063403c602,MENTIONS
art_6eece1bac8839b25138a65974f58c8d8,ent_03be6f0f851d1cd36b9f5f8310128ffb,MENTIONS
art_6eece1bac8839b25138a65974f58c8d8,ent_e23e2ced64f8d3daaa40f1a2b6426bce,MENTIONS
art_10cf6371409a6d1cf4a28c1d7f331db0,ent_c7ab9752078a566c05df754372fdb17f,MENTIONS
art_10cf6371409a6d1cf4a28c1d7f331db0,ent_1cbd7dcfabd3ba12e8271bbaf1a09bf2,MENTIONS
art_73415fcb42b809763b6eacdc5a1f8c35,ent_09447ba8479ba9b67aae7d528d89e201,MENTIONS
art_e474beb70db4aca95ac8c6a4857a2c79,ent_403d2fd0b4710487f72a877b66c903eb,MENTIONS
art_e474beb70db4aca95ac8c6a4857a2c79,ent_d47fb8cabc54bd20bf14896429f5f038,MENTIONS
art_e474beb70db4aca95ac8c6a4857a2c79,ent_e1aa27557fc873c9cd1ef326424a6fef,MENTIONS
art_e474beb70db4aca95ac8c6a4857a2c79,ent_59412148c21e450d6867ef8df5f9bc32,MENTIONS
art_677bca2a768e64236a475b26a2f58174,ent_076173809b5a7e293c5fb60f9019b3f8,MENTIONS
art_677bca2a768e64236a475b26a2f58174,ent_0c507c7070d1a4a7e269b93bc2b4f149,MENTIONS
art_677bca2a768e64236a475b26a2f58174,ent_6f09e9131e6ba610da694baff0d5d6d0,MENTIONS
art_23e93a7c7943165623c895c9b62fab51,ent_2a6d3686110703bc69da3220c6ee6b5f,MENTIONS
art_23e93a7c7943165623c895c9b62fab51,ent_5e59ad66759572621fabc25e69be6f72,MENTIONS
art_23e93a7c7943165623c895c9b62fab51,ent_28028fc0f52145a3c21814aa1fc0a81e,MENTIONS
art_23e93a7c7943165623c895c9b62fab51,ent_f0ecc322e30f290a1739aa431a28fa4e,MENTIONS
art_cceb083631d72cc041851d8c882da444,ent_02349980bba8ce563cdf709f74f96fc1,MENTIONS
art_cceb083631d72cc041851d8c882da444,ent_35197dd517ba63bb2e8d8115493f5734,MENTIONS
art_cceb083631d72cc041851d8c882da444,ent_2a6d3686110703bc69da3220c6ee6b5f,MENTIONS
art_cceb083631d72cc041851d8c882da444,ent_f75ced12c7da19b50a9b7c471bc05cdf,MENTIONS
art_cceb083631d72cc041851d8c882da444,ent_1cb317c560936f0e886cc81e8adc06fe,MENTIONS
art_95f13746e8b3388c44b47ed04c9345f8,ent_6074d28e3df53443649cac2cb82cace6,MENTIONS
art_95f13746e8b3388c44b47ed04c9345f8,ent_a80e6b9b26135b258ede6f63cef184d7,MENTIONS
art_95f13746e8b3388c44b47ed04c9345f8,ent_97d58d48dcc2f822a1805a869f24dfd9,MENTIONS
art_1a4f498c4dbd19a4e595ddd571b964a2,ent_a425b9ff3e1552a369562070a38e4009,MENTIONS
art_1a4f498c4dbd19a4e595ddd571b964a2,ent_323edab1d36d461c0b535b7f4b4951f5,MENTIONS
art_1a4f498c4dbd19a4e595ddd571b964a2,ent_763de7676ef5eff136b1eec29e755f0f,MENTIONS
art_92e58994fb5d4cebe0b9d16ac85de45c,ent_8756b534020d8b97a90508b60137c101,MENTIONS
art_92e58994fb5d4cebe0b9d16ac85de45c,ent_0585370dfc155ad02f40b8c59efe394e,MENTIONS
art_0c2288b87840d09fa184c5f857464d14,ent_0cec5dce63fdfdf9785b2b31c8e383b1,MENTIONS
art_0c2288b87840d09fa184c5f857464d14,ent_5a7e16494888a8bebc43bff713c3086d,MENTIONS
art_0c2288b87840d09fa184c5f857464d14,ent_faf713fced5527a563b2ab11ca6e10a6,MENTIONS
art_9ba56ea1bc45af49ed14b9908eda0da1,ent_912c240526c8df3408246e99d19ad870,MENTIONS
art_9ba56ea1bc45af49ed14b9908eda0da1,ent_d80481378b5ea2a8b2617481fe31bee2,MENTIONS
art_9ba56ea1bc45af49ed14b9908eda0da1,ent_d9babbb73fec47675023152d161d5d16,MENTIONS
art_c1c8e71d0c5cb1c0fc7b03fdb4381493,ent_419fbb26566b5d121eeba845bbe79bae,MENTIONS
art_c1c8e71d0c5cb1c0fc7b03fdb4381493,ent_6e3efda45496fb98d4a328830cc00bb6,MENTIONS
art_c1c8e71d0c5cb1c0fc7b03fdb4381493,ent_b3fb3ae2ba4fca9139633bc45b95aac3,MENTIONS
art_e6dd0812a76ba693b7665bc4d935ef81,ent_ffecd1bbb541c847de2faaa07acbbe42,MENTIONS
art_e6dd0812a76ba693b7665bc4d935ef81,ent_5c16be9e157855c334eca58121082e56,MENTIONS
art_e6dd0812a76ba693b7665bc4d935ef81,ent_720f10e1f3e4dfaa6838a88d9839c5c9,MENTIONS
art_e6dd0812a76ba693b7665bc4d935ef81,ent_a704d1cad6bed4a7f878c7eaa30f4b06,MENTIONS
art_447a88482f412b86bfe91be2d8825e19,ent_686283728d7c6df9659092d0a8ef3e2e,MENTIONS
art_7fa8a01a966cf132f500f023d225605e,ent_939718a00177f4a7a8a8caf8e210b494,MENTIONS
art_7fa8a01a966cf132f500f023d225605e,ent_15c1eacf05066c67f1edf4eeec40730c,MENTIONS
art_7fa8a01a966cf132f500f023d225605e,ent_b413b0f80b8d06ff291ed5a8fcd6db8c,MENTIONS
art_7fa8a01a966cf132f500f023d225605e,ent_2b5a69820aced9fc31bb4e05d5fb868c,MENTIONS
art_2d836294c657cbcd196331d9d8cf4ca7,ent_60d4933bd288c335bc4e2c032cea529b,MENTIONS
art_2d836294c657cbcd196331d9d8cf4ca7,ent_03fdd41c635862aa01c5a3bfdebd40b0,MENTIONS
art_2d836294c657cbcd196331d9d8cf4ca7,ent_26cdfd036b86238c7f25fa3018c2bbbf,MENTIONS
art_2aa57d36a0a8645b56d6796dcc7ed21b,ent_a4a6aae2f68f853d402f3cd5a04b61dd,MENTIONS
art_a51af5710c927069d5005201529b63cf,ent_323edab1d36d461c0b535b7f4b4951f5,MENTIONS
art_a51af5710c927069d5005201529b63cf,ent_6aa7cbb3eaafb3aac81464a639b86e23,MENTIONS
art_a51af5710c927069d5005201529b63cf,ent_7f522b087417b468ec0e8a4fcdf6bbf7,MENTIONS
art_f1a1e2ed74e038915f4e57ecf7a14a3a,ent_8756b534020d8b97a90508b60137c101,MENTIONS
art_f1a1e2ed74e038915f4e57ecf7a14a3a,ent_6bd95ee7427547433cea0b4d7a52e3c1,MENTIONS
art_f1a1e2ed74e038915f4e57ecf7a14a3a,ent_d0a8f9d594f90ba071ec874e395e3dc2,MENTIONS
art_f1a1e2ed74e038915f4e57ecf7a14a3a,ent_2f82039ae5ba3a44e13b116a7c442c2e,MENTIONS
art_f1a1e2ed74e038915f4e57ecf7a14a3a,ent_ac24fa8290de368f123dd12dd29328e7,MENTIONS
art_204b1727dffd311a0a9a73afddc2f9ac,ent_d5f502c434784f25dc4fe5b4747c0f29,MENTIONS
art_204b1727dffd311a0a9a73afddc2f9ac,ent_e51f5b4d9b29992bf5e61829a0ee3d94,MENTIONS
art_204b1727dffd311a0a9a73afddc2f9ac,ent_a21177594e19105c20a4b2482654d846,MENTIONS
art_204b1727dffd311a0a9a73afddc2f9ac,ent_b7f45ebed8112c419ef68177b9981551,MENTIONS
art_204b1727dffd311a0a9a73afddc2f9ac,ent_5d603652353ec0e16fd4866a173a5f3c,MENTIONS
art_204b1727dffd311a0a9a73afddc2f9ac,ent_3bf629261190c3f4845ec522775d9a46,MENTIONS
art_204b1727dffd311a0a9a73afddc2f9ac,ent_5c16be9e157855c334eca58121082e56,MENTIONS
art_71f213d18cf80804fe44efea4272a101,ent_b5cb1df8cc69c19aa9b28f0a3e27fe54,MENTIONS
art_71f213d18cf80804fe44efea4272a101,ent_2a6d3686110703bc69da3220c6ee6b5f,MENTIONS
art_d8a37a9da8ac2041d580b7706e36bce0,ent_8756b534020d8b97a90508b60137c101,MENTIONS
art_d8a37a9da8ac2041d580b7706e36bce0,ent_5c16be9e157855c334eca58121082e56,MENTIONS
art_0aa9997b1d80c16c442d893d9ab2e226,ent_8756b534020d8b97a90508b60137c101,MENTIONS
art_0aa9997b1d80c16c442d893d9ab2e226,ent_0cbb65e1c07f261e966b19da051f8cf2,MENTIONS
art_380a2ae610dc1dedcae108a2c8b38338,ent_5e59ad66759572621fabc25e69be6f72,MENTIONS
art_380a2ae610dc1dedcae108a2c8b38338,ent_0ae18fb924d695c4014fbd1b03535ef3,MENTIONS
art_380a2ae610dc1dedcae108a2c8b38338,ent_2a6d3686110703bc69da3220c6ee6b5f,MENTIONS
art_380a2ae610dc1dedcae108a2c8b38338,ent_2f1539a7d9d0f8a5735f61b685521242,MENTIONS
art_a6016406dc2665b284f37ca51531fea4,ent_b911130c1860396f065f4e02096770f0,MENTIONS
art_a6016406dc2665b284f37ca51531fea4,ent_2a6d3686110703bc69da3220c6ee6b5f,MENTIONS
art_a6016406dc2665b284f37ca51531fea4,ent_cf048981166dc269ccb3381bba58f9c9,MENTIONS
art_a6016406dc2665b284f37ca51531fea4,ent_1f36fa81505b94a4b94f66508b9e4c95,MENTIONS
art_a6016406dc2665b284f37ca51531fea4,ent_928d33dedf913d4568384088905a2d1b,MENTIONS
art_1cdcabc1b0057d03d515f9080113a028,ent_0585370dfc155ad02f40b8c59efe394e,MENTIONS
art_1cdcabc1b0057d03d515f9080113a028,ent_d304bf9408741bc9dec6992b200cdbbc,MENTIONS
art_1cdcabc1b0057d03d515f9080113a028,ent_cf048981166dc269ccb3381bba58f9c9,MENTIONS
art_1cdcabc1b0057d03d515f9080113a028,ent_957e84bd7b7e726daa688d6b979bdc58,MENTIONS
art_c7f4b6688d83074b2baa94d47db2ded1,ent_882246d3acb39aa57a75ded467e22063,MENTIONS
art_c7f4b6688d83074b2baa94d47db2ded1,ent_61ca018c31113163ea522f6be1d81178,MENTIONS
art_c7f4b6688d83074b2baa94d47db2ded1,ent_b288f7cfa6d09cdd728098221eb44b70,MENTIONS
art_c7f4b6688d83074b2baa94d47db2ded1,ent_e539504b695c2a2b5b79f3ff8a497eeb,MENTIONS
art_a17a9853d7b7fda0cdf51b53f9c0e694,ent_aa38dd1e2d388be2d90e7904202ff7ef,MENTIONS
art_a17a9853d7b7fda0cdf51b53f9c0e694,ent_b280a71a1030b75c11e0f50fe3ac100e,MENTIONS
art_a17a9853d7b7fda0cdf51b53f9c0e694,ent_5ece1f0114c1e807faab127a198ba246,MENTIONS
art_a17a9853d7b7fda0cdf51b53f9c0e694,ent_edc641d55be346730d71096cbd7722bc,MENTIONS
art_a17a9853d7b7fda0cdf51b53f9c0e694,ent_214163861ed8ac3fdfdb4674bf5536af,MENTIONS
art_a17a9853d7b7fda0cdf51b53f9c0e694,ent_6d3207d702c9dc917a10d34060bb5fb3,MENTIONS
art_4651d26c68cbfb6b963f95346e820fe2,ent_b0c61bd0b8ad6578130089d224e1f209,MENTIONS
art_4651d26c68cbfb6b963f95346e820fe2,ent_5cc197539bab7da0e6cb73a75cdfa8e0,MENTIONS
art_4651d26c68cbfb6b963f95346e820fe2,ent_adafd11128e9f209cb13a62c67f4a2b4,MENTIONS
art_4651d26c68cbfb6b963f95346e820fe2,ent_2a6d3686110703bc69da3220c6ee6b5f,MENTIONS
art_fca7e35fadc6f9e60cd8bcddf791905e,ent_0d05c98717c49eebbf5911089efc09d8,MENTIONS
art_fca7e35fadc6f9e60cd8bcddf791905e,ent_b413b0f80b8d06ff291ed5a8fcd6db8c,MENTIONS
art_fca7e35fadc6f9e60cd8bcddf791905e,ent_312642cda4a86945e21c6ab3175203ec,MENTIONS
art_fca7e35fadc6f9e60cd8bcddf791905e,ent_a67f0af9afbada6a57009265fcc2c281,MENTIONS
art_fca7e35fadc6f9e60cd8bcddf791905e,ent_1fe1891c3613566671f5651478373c04,MENTIONS
art_fca7e35fadc6f9e60cd8bcddf791905e,ent_91e88ee3fd1b4c3ff8ca488e7cc57bd8,MENTIONS
art_624bd9f08a74d8ef82516e408a68dfab,ent_0d05c98717c49eebbf5911089efc09d8,MENTIONS
art_624bd9f08a74d8ef82516e408a68dfab,ent_bccc642ac9be25934ad89685473a42c7,MENTIONS
art_624bd9f08a74d8ef82516e408a68dfab,ent_9f9becccd1bbc77f14d0e3ffbb99d9e6,MENTIONS
art_c7799251246b9a323b4ba442fe19ade8,ent_7db7b055ce0bcd6e20f05275992f86a2,MENTIONS
art_c7799251246b9a323b4ba442fe19ade8,ent_21c003acfb75ace8e632ace76db02be8,MENTIONS
art_c7799251246b9a323b4ba442fe19ade8,ent_ab39ee8c8af45a087fedfa090aecc2b8,MENTIONS
art_c7799251246b9a323b4ba442fe19ade8,ent_41a0cd15a98372704dfe12e0df69230e,MENTIONS
art_99473f85f07980fa96fa0711e1b3e6c1,ent_0994bf2ce8b792ed7c97ceb018440150,MENTIONS
art_99473f85f07980fa96fa0711e1b3e6c1,ent_d35a731b6c2255c3b03bd2ab1c000697,MENTIONS
art_99473f85f07980fa96fa0711e1b3e6c1,ent_439b83abc49adcfb8078b6e432c2303d,MENTIONS
art_99473f85f07980fa96fa0711e1b3e6c1,ent_d282293d6d5e5314a5646869862479d3,MENTIONS
art_99473f85f07980fa96fa0711e1b3e6c1,ent_3b4d36acbf0f14e614d1825f8866b466,MENTIONS
art_8f4ab5880cf6025a893c645451189b51,ent_cb5446ec42ce5d0014238d02d185ab64,MENTIONS
art_c9b64d49b1682846af3116291c770b35,ent_a601b580df8966b994abb3e24233d8f5,MENTIONS
art_044a6838f04c67f1a0d19ef2fa98c81d,ent_0d05c98717c49eebbf5911089efc09d8,MENTIONS
art_044a6838f04c67f1a0d19ef2fa98c81d,ent_d36b13410347d500de53637c8b77e430,MENTIONS
art_044a6838f04c67f1a0d19ef2fa98c81d,ent_848015af8766cb8f2e66510ab1145bd0,MENTIONS
art_044a6838f04c67f1a0d19ef2fa98c81d,ent_d0c8770ba039a6ae69fe5ae77ecf20bd,MENTIONS
art_044a6838f04c67f1a0d19ef2fa98c81d,ent_214163861ed8ac3fdfdb4674bf5536af,MENTIONS
art_48ba5db1295f3415e510191f57e0ae5b,ent_183bd64c6fc43113b151a26ffb0dca15,MENTIONS
art_48ba5db1295f3415e510191f57e0ae5b,ent_e1aa27557fc873c9cd1ef326424a6fef,MENTIONS
art_8fc37a09543acdfdc9c427796798077e,ent_91e88ee3fd1b4c3ff8ca488e7cc57bd8,MENTIONS
art_8fc37a09543acdfdc9c427796798077e,ent_01b96fadc183fa74071cb70d0dca8dab,MENTIONS
art_8fc37a09543acdfdc9c427796798077e,ent_076173809b5a7e293c5fb60f9019b3f8,MENTIONS
art_8fc37a09543acdfdc9c427796798077e,ent_946e3886218719e6de2ab8af55542cf9,MENTIONS
art_1c0d9b46e52c41e39868b507a94528c4,ent_0d05c98717c49eebbf5911089efc09d8,MENTIONS
art_1c0d9b46e52c41e39868b507a94528c4,ent_5e33e95fc90227de9dbc12b25e5588aa,MENTIONS
art_1c0d9b46e52c41e39868b507a94528c4,ent_adafd11128e9f209cb13a62c67f4a2b4,MENTIONS
art_1c0d9b46e52c41e39868b507a94528c4,ent_02349980bba8ce563cdf709f74f96fc1,MENTIONS
art_1431bdb8e6aa836506c91144a34325d5,ent_5b3a0072eab55f9956cd0e4afe3cc0a3,MENTIONS
art_1431bdb8e6aa836506c91144a34325d5,ent_9c8e56bea7253a2a91826cb8727720ee,MENTIONS
art_1431bdb8e6aa836506c91144a34325d5,ent_1f46f3ad965bc19d18b93e15f24e3f2d,MENTIONS
art_4ae0313c94d6fbe943e03c85e3ce6a56,ent_16abb7cee5ece74235f7aac3fb44a829,MENTIONS
art_4ae0313c94d6fbe943e03c85e3ce6a56,ent_ac0321c0c8f6991711dfb98552b60ab9,MENTIONS
art_4ae0313c94d6fbe943e03c85e3ce6a56,ent_0f3eabf59e6551ac7515879972456619,MENTIONS
art_4ae0313c94d6fbe943e03c85e3ce6a56,ent_ecdcb24435b012a09781be886afb21aa,MENTIONS
art_272d4361965adeff15c55ee8e5fd336d,ent_0d05c98717c49eebbf5911089efc09d8,MENTIONS
art_272d4361965adeff15c55ee8e5fd336d,ent_16d070a2bdc60f3ed14acd9290b11f80,MENTIONS
art_272d4361965adeff15c55ee8e5fd336d,ent_fe2a51ffcbf988c2c57486fa6589874e,MENTIONS
art_272d4361965adeff15c55ee8e5fd336d,ent_29c5a3a85665d45755d9c9e8a9c3f356,MENTIONS
art_272d4361965adeff15c55ee8e5fd336d,ent_312642cda4a86945e21c6ab3175203ec,MENTIONS
art_783a7ca9c277854e0ea151d19ae06c7c,ent_4c66fbaa03805e897b8131dc75f105e1,MENTIONS
art_783a7ca9c277854e0ea151d19ae06c7c,ent_97b49ddcf197687597eead2f3b8ae62b,MENTIONS
art_783a7ca9c277854e0ea151d19ae06c7c,ent_40d0d2c6bf139518046108932fc5ee3e,MENTIONS
art_7fef93e2ebd71445bb0ac094864696e4,ent_02349980bba8ce563cdf709f74f96fc1,MENTIONS
art_7fef93e2ebd71445bb0ac094864696e4,ent_35197dd517ba63bb2e8d8115493f5734,MENTIONS
art_7fef93e2ebd71445bb0ac094864696e4,ent_076173809b5a7e293c5fb60f9019b3f8,MENTIONS
art_7fef93e2ebd71445bb0ac094864696e4,ent_90b3d84b05740579e62602656701362b,MENTIONS
art_68426b707c390966e1c97bab6f5578b6,ent_b2e6a5212f3219677ec3bd4da54ca90a,MENTIONS
art_fbb7c97c7ccbb9d6fa9436b73936d8ee,ent_7db7b055ce0bcd6e20f05275992f86a2,MENTIONS
art_fbb7c97c7ccbb9d6fa9436b73936d8ee,ent_2c41dcc9d77e27519e96d14394fcaabe,MENTIONS
art_e8bc8ee34f275f581b843a33b9b781cb,ent_f20011e5270666592304898988523261,MENTIONS
art_e8bc8ee34f275f581b843a33b9b781cb,ent_6e2366489e8514e8d738802bff1233d0,MENTIONS
art_e8bc8ee34f275f581b843a33b9b781cb,ent_e7fa5bd660d6c130581e4d90d47ff4ba,MENTIONS
art_e8bc8ee34f275f581b843a33b9b781cb,ent_5a7e16494888a8bebc43bff713c3086d,MENTIONS
art_e8bc8ee34f275f581b843a33b9b781cb,ent_545b9844c7a746eba28c07d2d380a3c0,MENTIONS
art_33c11dd83b32f06ecfa4ce98a73a5b38,ent_bf2eb1b5439441d00d8f571c48181df1,MENTIONS
art_33c11dd83b32f06ecfa4ce98a73a5b38,ent_3b7264cde549c9f4967d8ce89b1e17ac,MENTIONS
art_33c11dd83b32f06ecfa4ce98a73a5b38,ent_48e80aa18021cea49992f486c61aa886,MENTIONS
art_33c11dd83b32f06ecfa4ce98a73a5b38,ent_249e9167ba5ffbdf59428f6a4919ed9a,MENTIONS
art_8f8f434dbe53aab6553f460ef4ca2af5,ent_783c508954614fa61cb6f7833e5e323e,MENTIONS
art_8f8f434dbe53aab6553f460ef4ca2af5,ent_f20011e5270666592304898988523261,MENTIONS
art_8f8f434dbe53aab6553f460ef4ca2af5,ent_e7fa5bd660d6c130581e4d90d47ff4ba,MENTIONS
art_8f8f434dbe53aab6553f460ef4ca2af5,ent_0585370dfc155ad02f40b8c59efe394e,MENTIONS
art_37694202162266d250a59c0076cfaf5a,ent_6697ee5cd4fa703fcae694fdeae1a3d6,MENTIONS
art_37694202162266d250a59c0076cfaf5a,ent_4c48ff91d644c3d46350904c8facf794,MENTIONS
art_37694202162266d250a59c0076cfaf5a,ent_aa6e8676a3f884a2f38b82240ef5099e,MENTIONS
art_78a5feebb57178b0a889158b2a1d99b8,ent_89014da8f7e74877190a5b45d4ff7228,MENTIONS
art_78a5feebb57178b0a889158b2a1d99b8,ent_0f3eabf59e6551ac7515879972456619,MENTIONS
art_78a5feebb57178b0a889158b2a1d99b8,ent_7cdfe2efced81fb87017a9c0ff04a609,MENTIONS
art_78a5feebb57178b0a889158b2a1d99b8,ent_c0325a5515a30625a4face7d91b8c5d6,MENTIONS
art_48d1add6c9ba2337a15be257edb197dd,ent_30f4e3ee117aa0df92e706eb4d34f988,MENTIONS
art_48d1add6c9ba2337a15be257edb197dd,ent_df1bf54c3a66cc6e86a9684bf0fc1121,MENTIONS
art_3688de39d36c51a8125e69eb8d41ec3e,ent_83412b11a84b29c84f0ea4bfd376deb6,MENTIONS
art_3688de39d36c51a8125e69eb8d41ec3e,ent_2d9491700e5c7f58bce9acbc640849c7,MENTIONS
art_e85d44edaaeaf4ee602c16a125cd594b,ent_cbf578ba9a973a387dbc84e7eed8e60a,MENTIONS
art_e85d44edaaeaf4ee602c16a125cd594b,ent_47d979e5d6319f49ea7b89a9c56c2c2b,MENTIONS
art_e85d44edaaeaf4ee602c16a125cd594b,ent_e7fa5bd660d6c130581e4d90d47ff4ba,MENTIONS
art_5e5758bd3307e8fd660a76ed7ec73d4c,ent_678340b2b94c337f0bb78181275b3238,MENTIONS
art_5e5758bd3307e8fd660a76ed7ec73d4c,ent_b0c61bd0b8ad6578130089d224e1f209,MENTIONS
art_5e5758bd3307e8fd660a76ed7ec73d4c,ent_ee90556f2f1d4df3cb17e7ec1923e48b,MENTIONS
art_5e5758bd3307e8fd660a76ed7ec73d4c,ent_f9e78362b794471342a3a3ac92ad91f6,MENTIONS
art_5e5758bd3307e8fd660a76ed7ec73d4c,ent_5cc197539bab7da0e6cb73a75cdfa8e0,MENTIONS
art_6f0ecc43538c0154e118fee6876c3c39,ent_0d05c98717c49eebbf5911089efc09d8,MENTIONS
art_6f0ecc43538c0154e118fee6876c3c39,ent_312642cda4a86945e21c6ab3175203ec,MENTIONS
art_6f0ecc43538c0154e118fee6876c3c39,ent_edc641d55be346730d71096cbd7722bc,MENTIONS
art_6f0ecc43538c0154e118fee6876c3c39,ent_02349980bba8ce563cdf709f74f96fc1,MENTIONS
art_96bbbf8fcd0164228f47d7b123b9b7df,ent_0585370dfc155ad02f40b8c59efe394e,MENTIONS
art_96bbbf8fcd0164228f47d7b123b9b7df,ent_6aa7cbb3eaafb3aac81464a639b86e23,MENTIONS
art_da1860b45ef8053f48e4f55dbe03730e,ent_cb5446ec42ce5d0014238d02d185ab64,MENTIONS
art_42d9d0de5cb812831676b0f22f2e257e,ent_f20011e5270666592304898988523261,MENTIONS
art_42d9d0de5cb812831676b0f22f2e257e,ent_679c5aa20d8a50e4505f5b1e0510f45f,MENTIONS
art_42d9d0de5cb812831676b0f22f2e257e,ent_09654ed4944a7289f941860ba8c5748f,MENTIONS
art_42d9d0de5cb812831676b0f22f2e257e,ent_93341c07f61e8f3683d4f87be97a5432,MENTIONS
art_ed1aaab0cad9d5ae898be3a70be0ac4a,ent_ee09f18ac0e2ef48fe9f98443e6f3336,MENTIONS
art_ed1aaab0cad9d5ae898be3a70be0ac4a,ent_2a6d3686110703bc69da3220c6ee6b5f,MENTIONS
art_ed1aaab0cad9d5ae898be3a70be0ac4a,ent_cc5551250ad523539729c5a8ad6b9849,MENTIONS
art_1a738d3791e85cd99a55c5973911b869,ent_341d2fc5f42facc783209c317271556d,MENTIONS
art_1a738d3791e85cd99a55c5973911b869,ent_a4dbd96056ef7c6ffc06b1372d2c571c,MENTIONS
art_1a738d3791e85cd99a55c5973911b869,ent_f7339829f6854df7dee6bdfd9cdc6c4f,MENTIONS
art_1a738d3791e85cd99a55c5973911b869,ent_5a5822a29109095b13f4c5eb8b3cdf57,MENTIONS
art_1a738d3791e85cd99a55c5973911b869,ent_af34022ee91b84e143afa5e9bb1086c6,MENTIONS
art_1a738d3791e85cd99a55c5973911b869,ent_bd5aa54c37d1235eb11029618ea56e5d,MENTIONS
art_09e9dd55903dd477d6a189117ba25eaf,ent_076173809b5a7e293c5fb60f9019b3f8,MENTIONS
art_09e9dd55903dd477d6a189117ba25eaf,ent_634d30f1d295382071bc70b8e883717b,MENTIONS
art_ef328deea568a02d66c34a27c017d7b7,ent_88b7fb94a9444441f103853e69e6a660,MENTIONS
art_ef328deea568a02d66c34a27c017d7b7,ent_634d30f1d295382071bc70b8e883717b,MENTIONS
art_ef328deea568a02d66c34a27c017d7b7,ent_efcea41751696d7564207ab9bfeb8fff,MENTIONS
art_43772f313ac33904b9f3a47ecc045af0,ent_f4a9c228f15fac4de104edb040457fe0,MENTIONS
art_43772f313ac33904b9f3a47ecc045af0,ent_f4881cbba8052bb8f34d1f46d86d81dd,MENTIONS
art_5d072c89d5e403c7850024c691343340,ent_eaf304c65411316ee0892e012bb5bc85,MENTIONS
art_5d072c89d5e403c7850024c691343340,ent_5c16be9e157855c334eca58121082e56,MENTIONS
art_fa85a4f902542ebfa763b733f405688e,ent_c298aaa934c3af81a29c8e75a20048cb,MENTIONS
art_fa85a4f902542ebfa763b733f405688e,ent_61681af5e834d2a035d742f5df77e643,MENTIONS
art_2bcd0245b62298b77a51112533bbbfb4,ent_1bcabc92f137d6ecb5223a0a932771d9,MENTIONS
art_2bcd0245b62298b77a51112533bbbfb4,ent_3f08594e3041c54b4984765811eb8ab5,MENTIONS
art_7ec4e469ba1dda0d22fe607221fac877,ent_7db7b055ce0bcd6e20f05275992f86a2,MENTIONS
art_7ec4e469ba1dda0d22fe607221fac877,ent_fda70e9195b52bcdba92b1c74dd0da56,MENTIONS
art_7ec4e469ba1dda0d22fe607221fac877,ent_2c41dcc9d77e27519e96d14394fcaabe,MENTIONS
art_7ec4e469ba1dda0d22fe607221fac877,ent_a9b632ebde5961f94958026438541a43,MENTIONS
art_1ea8add5bb13628dbbe21c956a81a693,ent_17ae4f3871d7297d660a43e541cc487a,MENTIONS
art_8cc0dca0d0a76b0af1faa11d927b3a52,ent_aab2051e760de4c6bab7612178b3896c,MENTIONS
art_8cc0dca0d0a76b0af1faa11d927b3a52,ent_31fbda9bd0b9bfdca1ad1f3c5372027f,MENTIONS
art_8cc0dca0d0a76b0af1faa11d927b3a52,ent_d8161c0e4143b5786e79b372ecdbc33b,MENTIONS
art_8cc0dca0d0a76b0af1faa11d927b3a52,ent_f9a78824bd4149b754acffa764b4c564,MENTIONS
art_8cc0dca0d0a76b0af1faa11d927b3a52,ent_4cab5ca06bcefea9c81bc7968053b01f,MENTIONS
art_8cc0dca0d0a76b0af1faa11d927b3a52,ent_0585370dfc155ad02f40b8c59efe394e,MENTIONS
art_e7b982a08f9007b8836e82ee97d6c5b3,ent_851f710935bb59b4c7d7e35b70a0b93b,MENTIONS
art_e7b982a08f9007b8836e82ee97d6c5b3,ent_30a47d6b70c242df0725425cca661f3f,MENTIONS
art_e7b982a08f9007b8836e82ee97d6c5b3,ent_798bf61a451b7e8901a81a9c2b061a3e,MENTIONS
art_e7b982a08f9007b8836e82ee97d6c5b3,ent_902485770493f1bf8e210bebe9ad2644,MENTIONS
art_c62cc33155071bd3048176051a51f1ec,ent_f20011e5270666592304898988523261,MENTIONS
art_c62cc33155071bd3048176051a51f1ec,ent_196c742cfdfc3e67875e816948b568d4,MENTIONS
art_cb2ca9fdf93bab709706aead99a5cbb7,ent_543f91ee3e0665aa1c1311d533c46b00,MENTIONS
art_cb2ca9fdf93bab709706aead99a5cbb7,ent_583004cd0d76992f14c3ea60fb420f7c,MENTIONS
art_cb2ca9fdf93bab709706aead99a5cbb7,ent_155b53374088487a4a98f468e852842c,MENTIONS
art_cb2ca9fdf93bab709706aead99a5cbb7,ent_1ab86e662db6c3f0e3436c652b54c962,MENTIONS
art_cb2ca9fdf93bab709706aead99a5cbb7,ent_934bc1e0d4dda2c40adfa3266e38ea84,MENTIONS
art_75cbbb5bc77c4986af8c17a4b8159054,ent_f20011e5270666592304898988523261,MENTIONS
art_75cbbb5bc77c4986af8c17a4b8159054,ent_4cab5ca06bcefea9c81bc7968053b01f,MENTIONS
art_75cbbb5bc77c4986af8c17a4b8159054,ent_ec90f9dc19879d4e708c74ea5654a412,MENTIONS
art_22c1e9b0c3d05de53ed786f7a7757de9,ent_f20011e5270666592304898988523261,MENTIONS
art_22c1e9b0c3d05de53ed786f7a7757de9,ent_6e2366489e8514e8d738802bff1233d0,MENTIONS
art_6064e244ed8cb7878f1cdb4a75b40224,ent_ae681f8816b6286e5f769f67bc659e24,MENTIONS
art_6064e244ed8cb7878f1cdb4a75b40224,ent_83101f25a4ef7189ca1f6b90565ecd35,MENTIONS
art_6064e244ed8cb7878f1cdb4a75b40224,ent_8c9a0914dc5bb6e1d5733e85acb61045,MENTIONS
art_6064e244ed8cb7878f1cdb4a75b40224,ent_0b2b5fa6cbb1c8275305ab96b83a42b8,MENTIONS
art_690a3b8447914895166c765146d906ba,ent_8183e786e03fd65d011c446b96581f9b,MENTIONS
art_690a3b8447914895166c765146d906ba,ent_4a06d58392242f81214c9e77a64c3c52,MENTIONS
art_690a3b8447914895166c765146d906ba,ent_14f36effeb3a588d4187bdad4453c1d8,MENTIONS
art_e3ecdf2a424fd658dd6671fafb2b29a2,ent_0623056192b50389f0afacc59c78de9e,MENTIONS
art_96e5cd2f2871a45dec5b0dc9e0f062d8,ent_d5188bcff5ba21091cc5537243b8b92a,MENTIONS
art_96e5cd2f2871a45dec5b0dc9e0f062d8,ent_1a8bdba66b6968a6fac856d216972d20,MENTIONS
art_96e5cd2f2871a45dec5b0dc9e0f062d8,ent_ba18c5c6800029d36b32fc9c9a65ac43,MENTIONS
art_96e5cd2f2871a45dec5b0dc9e0f062d8,ent_3b4d36acbf0f14e614d1825f8866b466,MENTIONS
art_96e5cd2f2871a45dec5b0dc9e0f062d8,ent_5c16be9e157855c334eca58121082e56,MENTIONS
art_fdc5981fde5c98e7ff7582cc6acf0e87,ent_0585370dfc155ad02f40b8c59efe394e,MENTIONS
art_fdc5981fde5c98e7ff7582cc6acf0e87,ent_ed65260f0366cf55bb2d42569cab7f9e,MENTIONS
art_fdc5981fde5c98e7ff7582cc6acf0e87,ent_e314b3d142d6afd450f9df311e0b70d3,MENTIONS
art_fdc5981fde5c98e7ff7582cc6acf0e87,ent_673f06b02f996e4c1d207d1d4229b23c,MENTIONS
art_fdc5981fde5c98e7ff7582cc6acf0e87,ent_3c82eef9901211281c579110dba0514e,MENTIONS
art_66f4ca34e6dc4e1a80fef736de9bda93,ent_1ee35cbe87de26ced5bdb425432448f4,MENTIONS
art_66f4ca34e6dc4e1a80fef736de9bda93,ent_0585370dfc155ad02f40b8c59efe394e,MENTIONS
art_66f4ca34e6dc4e1a80fef736de9bda93,ent_68dc0fe29818d27c620185ea01db7132,MENTIONS
art_66f4ca34e6dc4e1a80fef736de9bda93,ent_02349980bba8ce563cdf709f74f96fc1,MENTIONS
art_257e86e24bd5d54716e09483005c8080,ent_076173809b5a7e293c5fb60f9019b3f8,MENTIONS
art_257e86e24bd5d54716e09483005c8080,ent_ebb9f4ee593b4626403ed7fb1ece1b95,MENTIONS
art_766fa1cc3c3773a5660ce8c82658ea56,ent_946e3886218719e6de2ab8af55542cf9,MENTIONS
art_a2bffe570d5291b8d47e4a0de293b012,ent_309d2284b9e724c2d01809154dca5236,MENTIONS
art_a2bffe570d5291b8d47e4a0de293b012,ent_2b4da846ceb3fb791e7085aff5e20a1b,MENTIONS
art_083460274e8be4507714de6bffa26da7,ent_f20011e5270666592304898988523261,MENTIONS
art_083460274e8be4507714de6bffa26da7,ent_6e2366489e8514e8d738802bff1233d0,MENTIONS
art_4465d11682ea53762b0a4a9cdcbfa3ac,ent_7c71f74f39a765de30f266844d754f0f,MENTIONS
art_4465d11682ea53762b0a4a9cdcbfa3ac,ent_b786549babb631f4668037147ed6d369,MENTIONS
art_4465d11682ea53762b0a4a9cdcbfa3ac,ent_c4326d63fcaec6ab4b485f6df30e6229,MENTIONS
art_4465d11682ea53762b0a4a9cdcbfa3ac,ent_f3e8d35483387d3daf36ad089d741fb7,MENTIONS
art_4465d11682ea53762b0a4a9cdcbfa3ac,ent_21c003acfb75ace8e632ace76db02be8,MENTIONS
art_85f5c4cacf5fa46107c3cbd2055dec85,ent_678340b2b94c337f0bb78181275b3238,MENTIONS
art_5ba0f3680a429645f82072c66c319201,ent_f5ccf94fc48dd86a9621a9eeeba7ba52,MENTIONS
art_5ba0f3680a429645f82072c66c319201,ent_a20404d04f684e79429efba57360379d,MENTIONS
art_5ba0f3680a429645f82072c66c319201,ent_7039f4ccf0c52dc765118c08c915f763,MENTIONS
art_5ba0f3680a429645f82072c66c319201,ent_29a5dd3ba576542a8468eccfbcd038e4,MENTIONS
art_5ba0f3680a429645f82072c66c319201,ent_943636b941dc2a7ad3e03d1b8abca511,MENTIONS
art_5ba0f3680a429645f82072c66c319201,ent_73cec486de0fbe23005dd5b3d0a882f1,MENTIONS
art_6c307c2a7745bd2d4c2e2273bc7df101,ent_56dfc2020c96ae4f546cf50eb77ee0e7,MENTIONS
art_6c307c2a7745bd2d4c2e2273bc7df101,ent_4d14e50f8448569ef0dd296c560b1e96,MENTIONS
art_6c307c2a7745bd2d4c2e2273bc7df101,ent_b3c5e4dc349819b7d639f507752d2635,MENTIONS
art_6c307c2a7745bd2d4c2e2273bc7df101,ent_1ab86e662db6c3f0e3436c652b54c962,MENTIONS
art_6c307c2a7745bd2d4c2e2273bc7df101,ent_02349980bba8ce563cdf709f74f96fc1,MENTIONS
art_cc099a7112fb23a9e63095029754b53b,ent_428a0946f0b8da6835217609a7703f53,MENTIONS
art_cc099a7112fb23a9e63095029754b53b,ent_8dc996cc3d69f2bd204f03892165eaf6,MENTIONS
art_79fb59ec82a6338eae19bf693954bf82,ent_e683a86d47c118b26bb069498669762e,MENTIONS
art_79fb59ec82a6338eae19bf693954bf82,ent_c58cc26755914a69abf782799ce5cec1,MENTIONS
art_79fb59ec82a6338eae19bf693954bf82,ent_634d30f1d295382071bc70b8e883717b,MENTIONS
art_79fb59ec82a6338eae19bf693954bf82,ent_9dccac9b0fcc1bd2fd7b466ca148b868,MENTIONS
art_79fb59ec82a6338eae19bf693954bf82,ent_f5df643cac6d6fbda6cdd77e5f7e28d9,MENTIONS
art_0644913b866df60f9a2864238d4c3907,ent_2a6d3686110703bc69da3220c6ee6b5f,MENTIONS
art_0644913b866df60f9a2864238d4c3907,ent_55522c074277c08c6c40b56a1b07f3ba,MENTIONS
art_0644913b866df60f9a2864238d4c3907,ent_ac27fb8a344fefdf728d94ed80090eae,MENTIONS
art_c21e3d4da0e59a65300a58d67dfd7113,ent_bf0897b60f603482e11ce06d342330f9,MENTIONS
art_654ebc9a3ba1e9eab6e25d098f52b6a2,ent_cb5446ec42ce5d0014238d02d185ab64,MENTIONS
art_dc687464301cee86acd77a1a4789266d,ent_2a6d3686110703bc69da3220c6ee6b5f,MENTIONS
art_dc687464301cee86acd77a1a4789266d,ent_bf80892f3d6b4f9fb4431512d0d93f45,MENTIONS
art_ae85a45cbf0c5c88ef2b6097d11ea13b,ent_d63408c961ddd31172bfdf38890945e6,MENTIONS
art_ae85a45cbf0c5c88ef2b6097d11ea13b,ent_720f10e1f3e4dfaa6838a88d9839c5c9,MENTIONS
art_ae85a45cbf0c5c88ef2b6097d11ea13b,ent_e1aa27557fc873c9cd1ef326424a6fef,MENTIONS
art_ae85a45cbf0c5c88ef2b6097d11ea13b,ent_d663325fc53a289aef4665cdbf58503f,MENTIONS
art_6fde3e82d0faf46adaeb406a26e65db0,ent_d738114a960133b54f8feecf22617464,MENTIONS
art_6fde3e82d0faf46adaeb406a26e65db0,ent_1eb663a75fad3923f0d71e53a4db299f,MENTIONS
art_6fde3e82d0faf46adaeb406a26e65db0,ent_deb03d9cf11dc154e14e07d101551ab8,MENTIONS
art_6fde3e82d0faf46adaeb406a26e65db0,ent_8fc8ab3ad07935fed647c37bcbba5fdd,MENTIONS
art_2a5448eeb8d1e4018dc1345ed1842ca7,ent_cbe1505ccde7e971e9835eb094562879,MENTIONS
art_2a5448eeb8d1e4018dc1345ed1842ca7,ent_103745ead8bcbdb4b33286599fc39420,MENTIONS
art_2a5448eeb8d1e4018dc1345ed1842ca7,ent_5d706fdf39994695fe0a0a2f29a01503,MENTIONS
art_7b2209c04a510c81e85a325005ba55ac,ent_45df412cbb6c78d74a3f9a512214bca2,MENTIONS
art_7b2209c04a510c81e85a325005ba55ac,ent_81b96bb03100a1cb673e49bda6f51e08,MENTIONS
art_7b2209c04a510c81e85a325005ba55ac,ent_2b4da846ceb3fb791e7085aff5e20a1b,MENTIONS
art_576cdbe058c2119e434361f57e9541fc,ent_ee09f18ac0e2ef48fe9f98443e6f3336,MENTIONS
art_576cdbe058c2119e434361f57e9541fc,ent_97b49ddcf197687597eead2f3b8ae62b,MENTIONS
art_576cdbe058c2119e434361f57e9541fc,ent_91d605594704f3d876f6aa79758f18f3,MENTIONS
art_576cdbe058c2119e434361f57e9541fc,ent_c771db0baefc7aff9a7e35b80dbc6262,MENTIONS
art_576cdbe058c2119e434361f57e9541fc,ent_2a6d3686110703bc69da3220c6ee6b5f,MENTIONS
art_12e9616a866d120e9f160de0ff4d025d,ent_050ddfa2e0a1224a68cf914592046ba5,MENTIONS
art_12e9616a866d120e9f160de0ff4d025d,ent_1ee239bfda67705bd371c7b73569c056,MENTIONS
art_12e9616a866d120e9f160de0ff4d025d,ent_2b4da846ceb3fb791e7085aff5e20a1b,MENTIONS
art_12e9616a866d120e9f160de0ff4d025d,ent_934bc1e0d4dda2c40adfa3266e38ea84,MENTIONS
art_12e9616a866d120e9f160de0ff4d025d,ent_964e9a879c0bea6c67d20ebac7aab839,MENTIONS
art_faa44b4e07eecff7b958795b40893119,ent_050ddfa2e0a1224a68cf914592046ba5,MENTIONS
art_faa44b4e07eecff7b958795b40893119,ent_83ec90a6bdbb1958f1784d4f445dc53f,MENTIONS
art_faa44b4e07eecff7b958795b40893119,ent_c81783772087c9c309846b3bfa7e59bd,MENTIONS
art_faa44b4e07eecff7b958795b40893119,ent_659f715555598c78e35cc2dbc7adcb4e,MENTIONS
art_faa44b4e07eecff7b958795b40893119,ent_13639534bc35ca96b4e66e6b7f92936d,MENTIONS
art_73f795e29f8f50cfb1ebc255cb55db52,ent_686283728d7c6df9659092d0a8ef3e2e,MENTIONS
art_73f795e29f8f50cfb1ebc255cb55db52,ent_df81dde274dd8e0831fe20d7f67eb727,MENTIONS
art_73f795e29f8f50cfb1ebc255cb55db52,ent_2b4da846ceb3fb791e7085aff5e20a1b,MENTIONS
art_73f795e29f8f50cfb1ebc255cb55db52,ent_7cdfe2efced81fb87017a9c0ff04a609,MENTIONS
art_7cdf826bbb5a50e9949280550449e2ff,ent_4b8066502b77fe25289b1df699e254f3,MENTIONS
art_7cdf826bbb5a50e9949280550449e2ff,ent_84aa932cf7734447d39e6f9297a0c60d,MENTIONS
art_7cdf826bbb5a50e9949280550449e2ff,ent_a98b9366ff28e17f7d3d95b3073a665e,MENTIONS
art_7cdf826bbb5a50e9949280550449e2ff,ent_934bc1e0d4dda2c40adfa3266e38ea84,MENTIONS
art_7cdf826bbb5a50e9949280550449e2ff,ent_dbf1d0cb00cbe488daed9426bccdc054,MENTIONS
art_96d7272d92075840227db05c43fa031a,ent_934bc1e0d4dda2c40adfa3266e38ea84,MENTIONS
art_96d7272d92075840227db05c43fa031a,ent_f48b8e99c2ccca3a72848ef31290f67f,MENTIONS
art_96d7272d92075840227db05c43fa031a,ent_16655a67a3e22c75ab14149639dce7ea,MENTIONS
art_96d7272d92075840227db05c43fa031a,ent_183bd64c6fc43113b151a26ffb0dca15,MENTIONS
art_96d7272d92075840227db05c43fa031a,ent_634d30f1d295382071bc70b8e883717b,MENTIONS
art_96d7272d92075840227db05c43fa031a,ent_7f522b087417b468ec0e8a4fcdf6bbf7,MENTIONS
art_284418774c26804b367e3b5eadf02f41,ent_8d739f8ea14ff46f82219376f5960393,MENTIONS
art_284418774c26804b367e3b5eadf02f41,ent_85ce10cc837316832dce1bbeeee15ace,MENTIONS
art_284418774c26804b367e3b5eadf02f41,ent_b1bd3d8f89deedae496e4243e27e55bb,MENTIONS
art_284418774c26804b367e3b5eadf02f41,ent_90eac93835975b56bebf2ba5125dc835,MENTIONS
art_284418774c26804b367e3b5eadf02f41,ent_61810e8531b5506f2a0e51a72540a7b1,MENTIONS
art_06ca9328725937c4570d33c527ee0024,ent_c55014cd4a81c774864a112fcd66df98,MENTIONS
art_06ca9328725937c4570d33c527ee0024,ent_d36b13410347d500de53637c8b77e430,MENTIONS
art_06ca9328725937c4570d33c527ee0024,ent_2a6d3686110703bc69da3220c6ee6b5f,MENTIONS
art_06ca9328725937c4570d33c527ee0024,ent_e8d79d2e6ce263bde80282ebc136de6c,MENTIONS
art_4e666912ebf5fae5c0fd7905b358ccff,ent_e8d79d2e6ce263bde80282ebc136de6c,MENTIONS
art_4e666912ebf5fae5c0fd7905b358ccff,ent_585eb97ca602cf3ee2493ce7b5bcc4d2,MENTIONS
art_4e666912ebf5fae5c0fd7905b358ccff,ent_312642cda4a86945e21c6ab3175203ec,MENTIONS
art_4e666912ebf5fae5c0fd7905b358ccff,ent_2a6d3686110703bc69da3220c6ee6b5f,MENTIONS
art_4e666912ebf5fae5c0fd7905b358ccff,ent_c55014cd4a81c774864a112fcd66df98,MENTIONS
art_2aed1f412ca8dff98c943479bae4648a,ent_abc0497c13c9647c79ba3f6fd1b2da68,MENTIONS
art_2aed1f412ca8dff98c943479bae4648a,ent_6aa7cbb3eaafb3aac81464a639b86e23,MENTIONS
art_2aed1f412ca8dff98c943479bae4648a,ent_2b4da846ceb3fb791e7085aff5e20a1b,MENTIONS
art_39c7ba72a02c62b2f12d81635bd573c7,ent_97f9beeba888d320d48b47e29af5fa73,MENTIONS
art_c297c4274a06e77e8e658380c34b4f1c,ent_7fe461592c31b7bf33bf11d21d306ea0,MENTIONS
art_c297c4274a06e77e8e658380c34b4f1c,ent_02349980bba8ce563cdf709f74f96fc1,MENTIONS
art_c297c4274a06e77e8e658380c34b4f1c,ent_312642cda4a86945e21c6ab3175203ec,MENTIONS
art_fc218ba2d37af24f8f207ddb7d6e97e8,ent_0b727cd08b5cd5fa4b1b841d27a70022,MENTIONS
art_fc218ba2d37af24f8f207ddb7d6e97e8,ent_403d2fd0b4710487f72a877b66c903eb,MENTIONS
art_fc218ba2d37af24f8f207ddb7d6e97e8,ent_2b4da846ceb3fb791e7085aff5e20a1b,MENTIONS
art_fc218ba2d37af24f8f207ddb7d6e97e8,ent_6ddcb33824febfe079d82dcb2427d56c,MENTIONS
art_fc218ba2d37af24f8f207ddb7d6e97e8,ent_6c6b9b2cde4aa93713747e5879be47c5,MENTIONS
art_937918dcdf086f40c031b20cd8fb935d,ent_fe87e4c81d875a5873e3c2c8f1b4d3c7,MENTIONS
art_937918dcdf086f40c031b20cd8fb935d,ent_dee85fb9f710aeab28a40ce219f97702,MENTIONS
art_937918dcdf086f40c031b20cd8fb935d,ent_f64ac74631b52bf870b16eb8bd1bd679,MENTIONS
art_937918dcdf086f40c031b20cd8fb935d,ent_6b5241acf91ed145ff13625118a69156,MENTIONS
art_4f997609a2ec9b80fc8d334a22bd185d,ent_050ddfa2e0a1224a68cf914592046ba5,MENTIONS
art_4f997609a2ec9b80fc8d334a22bd185d,ent_1ee239bfda67705bd371c7b73569c056,MENTIONS
art_4f997609a2ec9b80fc8d334a22bd185d,ent_094bb1e1efa699ac893eb5ba87466b78,MENTIONS
art_607dac7415571fdfb5edbe17f41acf71,ent_82b9c759777fe021c14258393cc1d935,MENTIONS
art_607dac7415571fdfb5edbe17f41acf71,ent_81b96bb03100a1cb673e49bda6f51e08,MENTIONS
art_607dac7415571fdfb5edbe17f41acf71,ent_a889f5fc1a26c3ac0ecec14a724bf2f6,MENTIONS
art_450992cb4e969add0ecf6e34d8a4b6b8,ent_aa5737cd0656a95e3c9b3ec2059a5774,MENTIONS
art_450992cb4e969add0ecf6e34d8a4b6b8,ent_b2e6a5212f3219677ec3bd4da54ca90a,MENTIONS
art_450992cb4e969add0ecf6e34d8a4b6b8,ent_9bc3c693dd9791d5d6b94973f159c889,MENTIONS
art_450992cb4e969add0ecf6e34d8a4b6b8,ent_81b96bb03100a1cb673e49bda6f51e08,MENTIONS
art_5eb9279f33a5a81162f322b970ea35fe,ent_551725edd8c9f41211035fe6f1d9ac25,MENTIONS
art_5eb9279f33a5a81162f322b970ea35fe,ent_5a7e16494888a8bebc43bff713c3086d,MENTIONS
art_5eb9279f33a5a81162f322b970ea35fe,ent_e7fa5bd660d6c130581e4d90d47ff4ba,MENTIONS
art_5eb9279f33a5a81162f322b970ea35fe,ent_e1aa27557fc873c9cd1ef326424a6fef,MENTIONS
art_f8bcc417bf02789bccfcab6d454cd1b4,ent_ce175afe057208c707051c737d613da9,MENTIONS
art_f8bcc417bf02789bccfcab6d454cd1b4,ent_1af7e48bca0ac8786f853556a685219e,MENTIONS
art_f8bcc417bf02789bccfcab6d454cd1b4,ent_196109e2ab5711e49f73262fd6a9c518,MENTIONS
art_f8bcc417bf02789bccfcab6d454cd1b4,ent_09155735ed0842a01552042fc2e518d5,MENTIONS
art_f8bcc417bf02789bccfcab6d454cd1b4,ent_d1f64bc475e40fff8275e5dd925398f6,MENTIONS
art_f8bcc417bf02789bccfcab6d454cd1b4,ent_fb51700804a4d7c5e8ae6814fade1f63,MENTIONS
art_620b60d54ddd59d71b8e0d98f99d2068,ent_946e3886218719e6de2ab8af55542cf9,MENTIONS
art_620b60d54ddd59d71b8e0d98f99d2068,ent_1926abec1a50a2e2a34070bd5935b9d0,MENTIONS
art_c189e27e6c81e4f57ef9057a52974e61,ent_404954af47153a83722c0d1394709d52,MENTIONS
art_c189e27e6c81e4f57ef9057a52974e61,ent_4026d1469a9f1295a11ca8d18fa6f342,MENTIONS
art_c189e27e6c81e4f57ef9057a52974e61,ent_20c727e9686e65ccf14fee2431bb0cd7,MENTIONS
art_c189e27e6c81e4f57ef9057a52974e61,ent_46ff4a539095ccb7038e24d130fe01c4,MENTIONS
art_c189e27e6c81e4f57ef9057a52974e61,ent_9a491885b5146c1f0889720e1e404bce,MENTIONS
art_8abdf50eca4f7d819eec49f330175db4,ent_5940b7316bfc1ab4954fb5957daa820d,MENTIONS
art_8abdf50eca4f7d819eec49f330175db4,ent_7cdfe2efced81fb87017a9c0ff04a609,MENTIONS
art_8abdf50eca4f7d819eec49f330175db4,ent_f8ba15cce084f39496f69d80f95f0fa6,MENTIONS
art_8abdf50eca4f7d819eec49f330175db4,ent_4aa795a5d12ee54e93c45e3655a80747,MENTIONS
art_8abdf50eca4f7d819eec49f330175db4,ent_0585370dfc155ad02f40b8c59efe394e,MENTIONS
art_c7543b26bef7917e7b0e6022d3eee9f9,ent_864f0aa9ff2fe8ceab7df616d6ffcd79,MENTIONS
art_c7543b26bef7917e7b0e6022d3eee9f9,ent_97b49ddcf197687597eead2f3b8ae62b,MENTIONS
art_c7543b26bef7917e7b0e6022d3eee9f9,ent_73cb9346d4c28ed7183e400772654b27,MENTIONS
art_88df0101423d2f1ac453d380ae45cb35,ent_c55014cd4a81c774864a112fcd66df98,MENTIONS
art_88df0101423d2f1ac453d380ae45cb35,ent_2a6d3686110703bc69da3220c6ee6b5f,MENTIONS
art_88df0101423d2f1ac453d380ae45cb35,ent_ef44ca7baffbea490940fc0ddb82c784,MENTIONS
art_6b14b21343cff5be28ec584ce97657ca,ent_6521cef79911e5b4d4b22ee88dead1f4,MENTIONS
art_6b14b21343cff5be28ec584ce97657ca,ent_f0ecc322e30f290a1739aa431a28fa4e,MENTIONS
art_4dba5e7b2d15ef392044d5a579f58ea9,ent_050ddfa2e0a1224a68cf914592046ba5,MENTIONS
art_4dba5e7b2d15ef392044d5a579f58ea9,ent_4b8066502b77fe25289b1df699e254f3,MENTIONS
art_4dba5e7b2d15ef392044d5a579f58ea9,ent_bf2eb1b5439441d00d8f571c48181df1,MENTIONS
art_4dba5e7b2d15ef392044d5a579f58ea9,ent_7f522b087417b468ec0e8a4fcdf6bbf7,MENTIONS
art_91b04610b082c088bcb26d445b4780ee,ent_a23de424f78c101f3b157464d8e6a9c4,MENTIONS
art_91b04610b082c088bcb26d445b4780ee,ent_6f83d5b78f70967e3c92627085f7a3cf,MENTIONS
art_91b04610b082c088bcb26d445b4780ee,ent_0585370dfc155ad02f40b8c59efe394e,MENTIONS
art_d97e2471c5c2c4270806838c99870a17,ent_51edf3817632a5f23a1a1082a8e7d61d,MENTIONS
art_d97e2471c5c2c4270806838c99870a17,ent_4026d1469a9f1295a11ca8d18fa6f342,MENTIONS
art_d97e2471c5c2c4270806838c99870a17,ent_20c727e9686e65ccf14fee2431bb0cd7,MENTIONS
art_6dd3ff91d590418b7ca207ba18a34bee,ent_cb5446ec42ce5d0014238d02d185ab64,MENTIONS
art_55b29161713397f62b21cdd88e8c52f5,ent_7ae34a5ca5a0bacc493425fd8dd907e5,MENTIONS
art_2f19b4d80c1b0a8713ed2b219d558cfb,ent_fda75d4a20e183eb8bc32ca567bf91ad,MENTIONS
art_5ada1e68661e47704e4c774b2cf357e5,ent_403d2fd0b4710487f72a877b66c903eb,MENTIONS
art_5ada1e68661e47704e4c774b2cf357e5,ent_8e64df1bd4639d7f5d2d6f21922b2394,MENTIONS
art_5ada1e68661e47704e4c774b2cf357e5,ent_ec74eb8397d8917ad5b4d8e10a5ff6bd,MENTIONS
art_5ada1e68661e47704e4c774b2cf357e5,ent_0b727cd08b5cd5fa4b1b841d27a70022,MENTIONS
art_5ada1e68661e47704e4c774b2cf357e5,ent_03126ed3349e597ca1fda8277e9affc0,MENTIONS
art_845add24780089559a6551ac9c4f9b05,ent_f20011e5270666592304898988523261,MENTIONS
art_845add24780089559a6551ac9c4f9b05,ent_09654ed4944a7289f941860ba8c5748f,MENTIONS
art_845add24780089559a6551ac9c4f9b05,ent_2f729a91a5a8d01650c9afa8b0721bd3,MENTIONS
art_59d337914a12ee5fd8501e4fc0bb8630,ent_4e557eb3e5bc0fd165fbd89042c70a04,MENTIONS
art_59d337914a12ee5fd8501e4fc0bb8630,ent_2b4da846ceb3fb791e7085aff5e20a1b,MENTIONS
art_59d337914a12ee5fd8501e4fc0bb8630,ent_84aa932cf7734447d39e6f9297a0c60d,MENTIONS
art_59d337914a12ee5fd8501e4fc0bb8630,ent_150f60d68d90d72275dc4f6d087699b6,MENTIONS
art_02cd807e59260cdf9a562967bd83c834,ent_bab41f4da430bd439eafd667836cbe87,MENTIONS
art_02cd807e59260cdf9a562967bd83c834,ent_312642cda4a86945e21c6ab3175203ec,MENTIONS
art_02cd807e59260cdf9a562967bd83c834,ent_946e3886218719e6de2ab8af55542cf9,MENTIONS
art_242a0ee26c6e8eaa03b30007afd15707,ent_0d05c98717c49eebbf5911089efc09d8,MENTIONS
art_242a0ee26c6e8eaa03b30007afd15707,ent_939718a00177f4a7a8a8caf8e210b494,MENTIONS
art_242a0ee26c6e8eaa03b30007afd15707,ent_648885e2d3dd7fff9a294850ee6b5ae3,MENTIONS
art_242a0ee26c6e8eaa03b30007afd15707,ent_02349980bba8ce563cdf709f74f96fc1,MENTIONS
art_242a0ee26c6e8eaa03b30007afd15707,ent_92484f65f07a6e1378a1f5fb2371224b,MENTIONS
art_21bc0c0f3438ddded7b5422a4a2885ce,ent_02349980bba8ce563cdf709f74f96fc1,MENTIONS
art_21bc0c0f3438ddded7b5422a4a2885ce,ent_edc641d55be346730d71096cbd7722bc,MENTIONS
art_21bc0c0f3438ddded7b5422a4a2885ce,ent_312642cda4a86945e21c6ab3175203ec,MENTIONS
art_21bc0c0f3438ddded7b5422a4a2885ce,ent_214163861ed8ac3fdfdb4674bf5536af,MENTIONS
art_dad973fb5e08434cc5eb9e9eb1d2e723,ent_02349980bba8ce563cdf709f74f96fc1,MENTIONS
art_dad973fb5e08434cc5eb9e9eb1d2e723,ent_312642cda4a86945e21c6ab3175203ec,MENTIONS
art_dad973fb5e08434cc5eb9e9eb1d2e723,ent_d36b13410347d500de53637c8b77e430,MENTIONS
art_dad973fb5e08434cc5eb9e9eb1d2e723,ent_d79d62133af396a99b97e50d707927b2,MENTIONS
art_ef99ce53df6ca20902a0f4db316793ab,ent_3c21d535e4b1618678aaa31ebea5e9d8,MENTIONS
art_ef99ce53df6ca20902a0f4db316793ab,ent_0c4c607d19f8f91d86a20d6f852e572e,MENTIONS
art_ef99ce53df6ca20902a0f4db316793ab,ent_97b552b2ca274ca3202ac659589c4d95,MENTIONS
art_ef99ce53df6ca20902a0f4db316793ab,ent_312642cda4a86945e21c6ab3175203ec,MENTIONS
art_ee6b1b889b5aa1da89bebd0b047eee0b,ent_312642cda4a86945e21c6ab3175203ec,MENTIONS
art_ee6b1b889b5aa1da89bebd0b047eee0b,ent_c5d96cf33651f4945fe566f93ff59f34,MENTIONS
art_ee6b1b889b5aa1da89bebd0b047eee0b,ent_214163861ed8ac3fdfdb4674bf5536af,MENTIONS
art_ee6b1b889b5aa1da89bebd0b047eee0b,ent_1ee239bfda67705bd371c7b73569c056,MENTIONS
art_ee6b1b889b5aa1da89bebd0b047eee0b,ent_fcec4dfb15d3b1bbca330f390cf0b345,MENTIONS
art_ef5a396aeecb5a619002524266cef49c,ent_d9340bcac24a802a24e766a5a37f7d24,MENTIONS
art_ef5a396aeecb5a619002524266cef49c,ent_77553a78aab6542e5b3f1368aa49bfb1,MENTIONS
art_ef5a396aeecb5a619002524266cef49c,ent_adafd11128e9f209cb13a62c67f4a2b4,MENTIONS
art_7a5bf1c400aa398ffa43c83e65e250f0,ent_02349980bba8ce563cdf709f74f96fc1,MENTIONS
art_7a5bf1c400aa398ffa43c83e65e250f0,ent_0585370dfc155ad02f40b8c59efe394e,MENTIONS
art_7a5bf1c400aa398ffa43c83e65e250f0,ent_9eb6156dc97ddde6c73b798a07c14243,MENTIONS
art_7a5bf1c400aa398ffa43c83e65e250f0,ent_b82afb690cc79e8d6ddf4f691251c28c,MENTIONS
art_193e4c9d3b078295f055aca531e9e799,ent_02349980bba8ce563cdf709f74f96fc1,MENTIONS
art_52990231d6b07aef5d0f3ba6a8fb83e0,ent_808157279012c2f1195a495a92831683,MENTIONS
art_52990231d6b07aef5d0f3ba6a8fb83e0,ent_312642cda4a86945e21c6ab3175203ec,MENTIONS
art_52990231d6b07aef5d0f3ba6a8fb83e0,ent_b836e8e394abb4fd3f1c2a993093dd86,MENTIONS
art_e418690b0439761c01b71db433111495,ent_02349980bba8ce563cdf709f74f96fc1,MENTIONS
art_e418690b0439761c01b71db433111495,ent_439d05426203bbf8fcb3f06590d8b577,MENTIONS
art_e418690b0439761c01b71db433111495,ent_d36b13410347d500de53637c8b77e430,MENTIONS
art_e418690b0439761c01b71db433111495,ent_29c5a3a85665d45755d9c9e8a9c3f356,MENTIONS
art_e418690b0439761c01b71db433111495,ent_05404d5e5ca094e70549aa1429d93ca4,MENTIONS
art_95fb6cd093d964f21645f5f6ae76a555,ent_02349980bba8ce563cdf709f74f96fc1,MENTIONS
art_95fb6cd093d964f21645f5f6ae76a555,ent_03126ed3349e597ca1fda8277e9affc0,MENTIONS
art_95fb6cd093d964f21645f5f6ae76a555,ent_d36b13410347d500de53637c8b77e430,MENTIONS
art_b8d543c72be12e7aa5f4fd88b558441f,ent_02349980bba8ce563cdf709f74f96fc1,MENTIONS
art_b8d543c72be12e7aa5f4fd88b558441f,ent_9955f3db05cc413aaeb908349b21e2ec,MENTIONS
art_b8d543c72be12e7aa5f4fd88b558441f,ent_61be9e492af55037da48f599c81958dd,MENTIONS
art_b8d543c72be12e7aa5f4fd88b558441f,ent_6d3207d702c9dc917a10d34060bb5fb3,MENTIONS
art_43b98107eaf8fbf0ef86a62af209ea4b,ent_adafd11128e9f209cb13a62c67f4a2b4,MENTIONS
art_43b98107eaf8fbf0ef86a62af209ea4b,ent_2f729a91a5a8d01650c9afa8b0721bd3,MENTIONS
art_43b98107eaf8fbf0ef86a62af209ea4b,ent_fe60a6c64f4797bb973018d0f8cf7747,MENTIONS
art_43b98107eaf8fbf0ef86a62af209ea4b,ent_ba940b8b744b507b695c1697e5680698,MENTIONS
art_43b98107eaf8fbf0ef86a62af209ea4b,ent_bab41f4da430bd439eafd667836cbe87,MENTIONS
art_6b590dd6b5f853a4c669d287cda2b9b4,ent_b413b0f80b8d06ff291ed5a8fcd6db8c,MENTIONS
art_be225492665d4e1870239fad505873ae,ent_226a9421040b7f2d19e6a2ff542e6eac,MENTIONS
art_be225492665d4e1870239fad505873ae,ent_b413b0f80b8d06ff291ed5a8fcd6db8c,MENTIONS
art_be225492665d4e1870239fad505873ae,ent_a67f0af9afbada6a57009265fcc2c281,MENTIONS
art_be225492665d4e1870239fad505873ae,ent_fcec4dfb15d3b1bbca330f390cf0b345,MENTIONS
art_be225492665d4e1870239fad505873ae,ent_b0cf174f6be0d1824ba454ecd526c681,MENTIONS
art_be225492665d4e1870239fad505873ae,ent_ae301d869cbe37acb145ed3385d8220d,MENTIONS
art_61f5cf0b9f744c8c43e7c32abf85b780,ent_06e268914dba853f1fac062656165032,MENTIONS
art_61f5cf0b9f744c8c43e7c32abf85b780,ent_11a95db333e680fb0fb1326f32b34284,MENTIONS
art_61f5cf0b9f744c8c43e7c32abf85b780,ent_8b53015c697cdfa9a9bb257c6f02d83a,MENTIONS
art_61f5cf0b9f744c8c43e7c32abf85b780,ent_fe60a6c64f4797bb973018d0f8cf7747,MENTIONS
art_61f5cf0b9f744c8c43e7c32abf85b780,ent_b0cf174f6be0d1824ba454ecd526c681,MENTIONS
art_61f5cf0b9f744c8c43e7c32abf85b780,ent_022dceeb82c260e3c1e10672e0f27a2e,MENTIONS
art_61f5cf0b9f744c8c43e7c32abf85b780,ent_4d2b3ddcc883b720c00480cf8882aada,MENTIONS
art_61f5cf0b9f744c8c43e7c32abf85b780,ent_9dfa150ccc53239f7f0d4d8abe5fa7a7,MENTIONS
art_61f5cf0b9f744c8c43e7c32abf85b780,ent_1dd93c34189457deee2d725d40abe36f,MENTIONS
art_61f5cf0b9f744c8c43e7c32abf85b780,ent_ba940b8b744b507b695c1697e5680698,MENTIONS
art_61f5cf0b9f744c8c43e7c32abf85b780,ent_9fae5456c22a2c08a921f305d221712e,MENTIONS
art_e51b4235c2febd56f67098e366ce347d,ent_8d3d17b3744d413b7f2d218b9199676d,MENTIONS
art_e51b4235c2febd56f67098e366ce347d,ent_e91792e0ae8c7c307d9d486bcb3b7429,MENTIONS
art_e51b4235c2febd56f67098e366ce347d,ent_10c754ca255522bc4376d6bab661aa26,MENTIONS
art_e51b4235c2febd56f67098e366ce347d,ent_3927d3351ed14d0f6fb29acdf1702a7f,MENTIONS
art_e51b4235c2febd56f67098e366ce347d,ent_21b46748fd11b9f2c94b1fb2f69d4fb6,MENTIONS
art_e51b4235c2febd56f67098e366ce347d,ent_d2e4fb769ec1620ae5bfb88c97bf2ef0,MENTIONS
art_e51b4235c2febd56f67098e366ce347d,ent_5d72ef71262afdd95470868dc2eea1e9,MENTIONS
art_e51b4235c2febd56f67098e366ce347d,ent_b897e6562cc65be06198ffed6c39e792,MENTIONS
art_e51b4235c2febd56f67098e366ce347d,ent_022dceeb82c260e3c1e10672e0f27a2e,MENTIONS
art_47c5788d159154561d4aaec0bceb0802,ent_226a9421040b7f2d19e6a2ff542e6eac,MENTIONS
art_47c5788d159154561d4aaec0bceb0802,ent_c445053883a4e1822686acd52db662cd,MENTIONS
art_47c5788d159154561d4aaec0bceb0802,ent_fcec4dfb15d3b1bbca330f390cf0b345,MENTIONS
art_47c5788d159154561d4aaec0bceb0802,ent_0d5dabafb848707c6e3308edea3fce5f,MENTIONS
art_22b65d1aa7bb5ec1938b6718eaa0b83f,ent_fe60a6c64f4797bb973018d0f8cf7747,MENTIONS
art_22b65d1aa7bb5ec1938b6718eaa0b83f,ent_b3c5e4dc349819b7d639f507752d2635,MENTIONS
art_22b65d1aa7bb5ec1938b6718eaa0b83f,ent_226a9421040b7f2d19e6a2ff542e6eac,MENTIONS
art_693527f38dbb4d2af2b5b66535fb30d1,ent_076173809b5a7e293c5fb60f9019b3f8,MENTIONS
art_693527f38dbb4d2af2b5b66535fb30d1,ent_226a9421040b7f2d19e6a2ff542e6eac,MENTIONS
art_693527f38dbb4d2af2b5b66535fb30d1,ent_adafd11128e9f209cb13a62c67f4a2b4,MENTIONS
art_693527f38dbb4d2af2b5b66535fb30d1,ent_8d3d17b3744d413b7f2d218b9199676d,MENTIONS
art_693527f38dbb4d2af2b5b66535fb30d1,ent_b413b0f80b8d06ff291ed5a8fcd6db8c,MENTIONS
art_693527f38dbb4d2af2b5b66535fb30d1,ent_a67f0af9afbada6a57009265fcc2c281,MENTIONS
art_693527f38dbb4d2af2b5b66535fb30d1,ent_946e3886218719e6de2ab8af55542cf9,MENTIONS
art_693527f38dbb4d2af2b5b66535fb30d1,ent_c163a684e1a9e9e2b88dba216dea28d9,MENTIONS
art_693527f38dbb4d2af2b5b66535fb30d1,ent_df0f84479ba08c7a47ee88f9654265cf,MENTIONS
art_693527f38dbb4d2af2b5b66535fb30d1,ent_022dceeb82c260e3c1e10672e0f27a2e,MENTIONS
art_82bfe0b9dcf18463137ecce0fc967eac,ent_ba940b8b744b507b695c1697e5680698,MENTIONS
art_82bfe0b9dcf18463137ecce0fc967eac,ent_226a9421040b7f2d19e6a2ff542e6eac,MENTIONS
art_82bfe0b9dcf18463137ecce0fc967eac,ent_f75ced12c7da19b50a9b7c471bc05cdf,MENTIONS
art_82bfe0b9dcf18463137ecce0fc967eac,ent_3a94edf6b6cfb0876a1ee9f5256df0c8,MENTIONS
art_4fb92a6df4feb396d5dc803a50f3c8fe,ent_939718a00177f4a7a8a8caf8e210b494,MENTIONS
art_4fb92a6df4feb396d5dc803a50f3c8fe,ent_0ec3b668ce44e764f906dd04f26f048f,MENTIONS
art_4fb92a6df4feb396d5dc803a50f3c8fe,ent_43be8bdb6fb5140546446a1069469118,MENTIONS
art_4fb92a6df4feb396d5dc803a50f3c8fe,ent_330fb7acbe2bb3b21a2434d633d48dcf,MENTIONS
art_4fb92a6df4feb396d5dc803a50f3c8fe,ent_022dceeb82c260e3c1e10672e0f27a2e,MENTIONS
art_9e1731c8548daf1fc2d5486a85a082bb,ent_226a9421040b7f2d19e6a2ff542e6eac,MENTIONS
art_9e1731c8548daf1fc2d5486a85a082bb,ent_b7bac30e8ea9855a83e21045afb04c7e,MENTIONS
art_9e1731c8548daf1fc2d5486a85a082bb,ent_b413b0f80b8d06ff291ed5a8fcd6db8c,MENTIONS
art_9e1731c8548daf1fc2d5486a85a082bb,ent_fbd96363ef425ee203022d94254364f5,MENTIONS
art_9e1731c8548daf1fc2d5486a85a082bb,ent_a67f0af9afbada6a57009265fcc2c281,MENTIONS
art_9e1731c8548daf1fc2d5486a85a082bb,ent_e1aa27557fc873c9cd1ef326424a6fef,MENTIONS
art_018e08d2d2b8fae3b7f33070ca379749,ent_d36b13410347d500de53637c8b77e430,MENTIONS
art_018e08d2d2b8fae3b7f33070ca379749,ent_7b3d8def703353b3e50e2d9c86331949,MENTIONS
art_018e08d2d2b8fae3b7f33070ca379749,ent_fbd96363ef425ee203022d94254364f5,MENTIONS
art_018e08d2d2b8fae3b7f33070ca379749,ent_023ff6d8b3739e1ce116769330b2ee1a,MENTIONS
art_018e08d2d2b8fae3b7f33070ca379749,ent_54d8be5b2ba129e6b749a0927dcfdb7f,MENTIONS
art_44d2fd7a9a48909547d1ccf5abf47bc6,ent_9dfa150ccc53239f7f0d4d8abe5fa7a7,MENTIONS
art_44d2fd7a9a48909547d1ccf5abf47bc6,ent_4e226501ef9c5b93ff164bbe7708abd1,MENTIONS
art_44d2fd7a9a48909547d1ccf5abf47bc6,ent_226a9421040b7f2d19e6a2ff542e6eac,MENTIONS
art_44d2fd7a9a48909547d1ccf5abf47bc6,ent_2f729a91a5a8d01650c9afa8b0721bd3,MENTIONS
art_44d2fd7a9a48909547d1ccf5abf47bc6,ent_fe60a6c64f4797bb973018d0f8cf7747,MENTIONS
art_44d2fd7a9a48909547d1ccf5abf47bc6,ent_4528a2f5c8a3173e58b8837070ef5ec7,MENTIONS
art_44d2fd7a9a48909547d1ccf5abf47bc6,ent_cbd2c6df401c1bde9b135f053e48273d,MENTIONS
art_44d2fd7a9a48909547d1ccf5abf47bc6,ent_8b3167c7f76744423b36ac2adff93d21,MENTIONS
art_44d2fd7a9a48909547d1ccf5abf47bc6,ent_5c05c7f572e3fd0185a24854df704cba,MENTIONS
art_44d2fd7a9a48909547d1ccf5abf47bc6,ent_22c7d543e703ad24ca20981a3d30eef6,MENTIONS
art_44d2fd7a9a48909547d1ccf5abf47bc6,ent_0d49a53868b32e2474c88d3bd3f0cf3d,MENTIONS
art_44d2fd7a9a48909547d1ccf5abf47bc6,ent_331bcd4abe5d15a4a9a6900019c6d3c8,MENTIONS
art_44d2fd7a9a48909547d1ccf5abf47bc6,ent_4ef49a559ca63999c0b541bf02f39f09,MENTIONS
art_44d2fd7a9a48909547d1ccf5abf47bc6,ent_992470f36316ccb76358fe2bb82d89ac,MENTIONS
art_44d2fd7a9a48909547d1ccf5abf47bc6,ent_ba940b8b744b507b695c1697e5680698,MENTIONS
art_e4f0f7a4a408afa67e0f8767298a714c,ent_8d3d17b3744d413b7f2d218b9199676d,MENTIONS
art_e4f0f7a4a408afa67e0f8767298a714c,ent_f75ced12c7da19b50a9b7c471bc05cdf,MENTIONS
art_e4f0f7a4a408afa67e0f8767298a714c,ent_022dceeb82c260e3c1e10672e0f27a2e,MENTIONS
art_e4f0f7a4a408afa67e0f8767298a714c,ent_fe60a6c64f4797bb973018d0f8cf7747,MENTIONS
art_e4f0f7a4a408afa67e0f8767298a714c,ent_226a9421040b7f2d19e6a2ff542e6eac,MENTIONS
art_e4f0f7a4a408afa67e0f8767298a714c,ent_adafd11128e9f209cb13a62c67f4a2b4,MENTIONS
art_e4f0f7a4a408afa67e0f8767298a714c,ent_84121e04712c4b441dd908dfaf9b41ea,MENTIONS
art_e4f0f7a4a408afa67e0f8767298a714c,ent_df67926b1669720801e7da2ed70e0cc2,MENTIONS
art_e4f0f7a4a408afa67e0f8767298a714c,ent_e90ab5a01509143abcd2888563f63002,MENTIONS
art_dc0a80eea7a3d6b6d60d93b76c4a2ae9,ent_226a9421040b7f2d19e6a2ff542e6eac,MENTIONS
art_dc0a80eea7a3d6b6d60d93b76c4a2ae9,ent_bab41f4da430bd439eafd667836cbe87,MENTIONS
art_dc0a80eea7a3d6b6d60d93b76c4a2ae9,ent_b03a6f3bd564ab188b74742ad43dc1e3,MENTIONS
art_dc0a80eea7a3d6b6d60d93b76c4a2ae9,ent_84121e04712c4b441dd908dfaf9b41ea,MENTIONS
art_dc0a80eea7a3d6b6d60d93b76c4a2ae9,ent_54ba7b645cb79b1ea37f0ff49a279ce9,MENTIONS
art_dc0a80eea7a3d6b6d60d93b76c4a2ae9,ent_b06a055bc19e46f987219aaaede56fa4,MENTIONS
art_dc0a80eea7a3d6b6d60d93b76c4a2ae9,ent_b897e6562cc65be06198ffed6c39e792,MENTIONS
art_dc0a80eea7a3d6b6d60d93b76c4a2ae9,ent_e90ab5a01509143abcd2888563f63002,MENTIONS
art_dc0a80eea7a3d6b6d60d93b76c4a2ae9,ent_efc6d483e2f16395ac8255f861561cab,MENTIONS
art_dc0a80eea7a3d6b6d60d93b76c4a2ae9,ent_7cdfe2efced81fb87017a9c0ff04a609,MENTIONS
art_db9d4c31e82365bcbc4b7042963f0a4b,ent_48bee8ba2bfbe6d5cd3de39880222716,MENTIONS
art_db9d4c31e82365bcbc4b7042963f0a4b,ent_e1aa27557fc873c9cd1ef326424a6fef,MENTIONS
art_db9d4c31e82365bcbc4b7042963f0a4b,ent_5e4404594308cb5decad64a5b46e6079,MENTIONS
art_db9d4c31e82365bcbc4b7042963f0a4b,ent_e7fa5bd660d6c130581e4d90d47ff4ba,MENTIONS
art_db9d4c31e82365bcbc4b7042963f0a4b,ent_1aa56d377053eeb79dbd86ee248ce7a7,MENTIONS
art_db9d4c31e82365bcbc4b7042963f0a4b,ent_05f2a9d802e0eadc7d4f3075cef990ed,MENTIONS
art_db9d4c31e82365bcbc4b7042963f0a4b,ent_883484d803be407c92178b44b1dd5187,MENTIONS
art_db9d4c31e82365bcbc4b7042963f0a4b,ent_69db6a4d75d1bf5da5ecfdeb0cfc6798,MENTIONS
art_cda000b526c9ca043fe1601fdd5ad485,ent_4fa2deebbdd08f8db412355fd5c496b0,MENTIONS
art_cda000b526c9ca043fe1601fdd5ad485,ent_d36b13410347d500de53637c8b77e430,MENTIONS
art_cda000b526c9ca043fe1601fdd5ad485,ent_023ff6d8b3739e1ce116769330b2ee1a,MENTIONS
art_cda000b526c9ca043fe1601fdd5ad485,ent_7b3d8def703353b3e50e2d9c86331949,MENTIONS
art_cda000b526c9ca043fe1601fdd5ad485,ent_9f9becccd1bbc77f14d0e3ffbb99d9e6,MENTIONS
art_71a594e6c8121d5910e69b83b4df3853,ent_226a9421040b7f2d19e6a2ff542e6eac,MENTIONS
art_71a594e6c8121d5910e69b83b4df3853,ent_2f729a91a5a8d01650c9afa8b0721bd3,MENTIONS
art_71a594e6c8121d5910e69b83b4df3853,ent_227da576e0fee2b41e04ed233a11e238,MENTIONS
art_71a594e6c8121d5910e69b83b4df3853,ent_f73902e07f477a29cf173b132bff6a3c,MENTIONS
art_71a594e6c8121d5910e69b83b4df3853,ent_fa3a2c359cc0b29126dd8a0339438e7b,MENTIONS
art_71a594e6c8121d5910e69b83b4df3853,ent_73cb9346d4c28ed7183e400772654b27,MENTIONS
art_71a594e6c8121d5910e69b83b4df3853,ent_a5917a85e1d121009a6f6890eccc51ae,MENTIONS
art_71a594e6c8121d5910e69b83b4df3853,ent_f6c3dd53571269e9667994b04c42573f,MENTIONS
art_3994640598a493d400b76abeca021d4c,ent_fe60a6c64f4797bb973018d0f8cf7747,MENTIONS
art_3994640598a493d400b76abeca021d4c,ent_227da576e0fee2b41e04ed233a11e238,MENTIONS
art_3994640598a493d400b76abeca021d4c,ent_ba940b8b744b507b695c1697e5680698,MENTIONS
art_876357b4a34cdbea30e908d57d961dc9,ent_a98b9366ff28e17f7d3d95b3073a665e,MENTIONS
art_876357b4a34cdbea30e908d57d961dc9,ent_d3db5af070daf8cf2a953224e630fccb,MENTIONS
art_876357b4a34cdbea30e908d57d961dc9,ent_e683a86d47c118b26bb069498669762e,MENTIONS
art_15c5b2e5518b848d941fb50adf8d6d60,ent_18825c0fd31a4e805d1cba17db1f9452,MENTIONS
art_15c5b2e5518b848d941fb50adf8d6d60,ent_226a9421040b7f2d19e6a2ff542e6eac,MENTIONS
art_15c5b2e5518b848d941fb50adf8d6d60,ent_78d97fc81d52dc0451117de58f5dcaf6,MENTIONS
art_15c5b2e5518b848d941fb50adf8d6d60,ent_fe60a6c64f4797bb973018d0f8cf7747,MENTIONS
art_15c5b2e5518b848d941fb50adf8d6d60,ent_227da576e0fee2b41e04ed233a11e238,MENTIONS
art_15c5b2e5518b848d941fb50adf8d6d60,ent_8129bd30a851375fcb81123ed7462dcf,MENTIONS
art_15c5b2e5518b848d941fb50adf8d6d60,ent_ba940b8b744b507b695c1697e5680698,MENTIONS
art_15c5b2e5518b848d941fb50adf8d6d60,ent_0923b4f1d7f97efb66d7677936b0f410,MENTIONS
art_15c5b2e5518b848d941fb50adf8d6d60,ent_b03a6f3bd564ab188b74742ad43dc1e3,MENTIONS
art_15c5b2e5518b848d941fb50adf8d6d60,ent_05f2a9d802e0eadc7d4f3075cef990ed,MENTIONS
art_49fe4e62dc9cdf807ac86b3d5a3e6642,ent_fe60a6c64f4797bb973018d0f8cf7747,MENTIONS
art_49fe4e62dc9cdf807ac86b3d5a3e6642,ent_06e268914dba853f1fac062656165032,MENTIONS
art_49fe4e62dc9cdf807ac86b3d5a3e6642,ent_b0cf174f6be0d1824ba454ecd526c681,MENTIONS
art_49fe4e62dc9cdf807ac86b3d5a3e6642,ent_0bf651b68c9d907e39b4a5e1f8e6b95f,MENTIONS
art_49fe4e62dc9cdf807ac86b3d5a3e6642,ent_2f729a91a5a8d01650c9afa8b0721bd3,MENTIONS
art_7346e7f65d0a3f106d53769ec9b7e06b,ent_fbe3be3ba4ea075c0db20d3dc124382f,MENTIONS
art_7346e7f65d0a3f106d53769ec9b7e06b,ent_226a9421040b7f2d19e6a2ff542e6eac,MENTIONS
art_7346e7f65d0a3f106d53769ec9b7e06b,ent_939718a00177f4a7a8a8caf8e210b494,MENTIONS
art_7346e7f65d0a3f106d53769ec9b7e06b,ent_4cbf091b669705c7179a4d66eb0f4b91,MENTIONS
art_7346e7f65d0a3f106d53769ec9b7e06b,ent_ad83613d5933af44e960c8e40ef427d9,MENTIONS
art_7346e7f65d0a3f106d53769ec9b7e06b,ent_a9e8b16386e8f0c29bcead27004cd883,MENTIONS
art_7346e7f65d0a3f106d53769ec9b7e06b,ent_0bf651b68c9d907e39b4a5e1f8e6b95f,MENTIONS
art_e0de9218c5003b0e210048ffb1aaa158,ent_2c151570b8f912995e90daa75779e80c,MENTIONS
art_e0de9218c5003b0e210048ffb1aaa158,ent_9fccef9ef6fcf3b0ce56baf4a9551be7,MENTIONS
art_e0de9218c5003b0e210048ffb1aaa158,ent_f83a8ce5f7e6d1c1034515a6044ee361,MENTIONS
art_e0de9218c5003b0e210048ffb1aaa158,ent_32634d04a7997c7c094b1c44bbb989b9,MENTIONS
art_e0de9218c5003b0e210048ffb1aaa158,ent_4aa795a5d12ee54e93c45e3655a80747,MENTIONS
art_e0de9218c5003b0e210048ffb1aaa158,ent_227da576e0fee2b41e04ed233a11e238,MENTIONS
art_e0de9218c5003b0e210048ffb1aaa158,ent_7ba4ebea39db7290211c704c2b776af3,MENTIONS
art_1dbc545a3c498c006f9be3e4067a312b,ent_fe60a6c64f4797bb973018d0f8cf7747,MENTIONS
art_1dbc545a3c498c006f9be3e4067a312b,ent_18efcc5454686b288de1a163a2363b83,MENTIONS
art_1dbc545a3c498c006f9be3e4067a312b,ent_9ea3df43179660ec472c46aa47dd70ef,MENTIONS
art_1dbc545a3c498c006f9be3e4067a312b,ent_226a9421040b7f2d19e6a2ff542e6eac,MENTIONS
art_1dbc545a3c498c006f9be3e4067a312b,ent_249e9167ba5ffbdf59428f6a4919ed9a,MENTIONS
art_1dbc545a3c498c006f9be3e4067a312b,ent_45028679d671d607ecc0d8ad080edb59,MENTIONS
art_1dbc545a3c498c006f9be3e4067a312b,ent_2a6d3686110703bc69da3220c6ee6b5f,MENTIONS
art_d5965fe0aad90ea2ecd316023856f1e7,ent_06e268914dba853f1fac062656165032,MENTIONS
art_d5965fe0aad90ea2ecd316023856f1e7,ent_d460d1b50a330f972111e86efc65dc36,MENTIONS
art_d5965fe0aad90ea2ecd316023856f1e7,ent_fe60a6c64f4797bb973018d0f8cf7747,MENTIONS
art_d5965fe0aad90ea2ecd316023856f1e7,ent_4e5b14bebe45221ddf6db39e2118a06e,MENTIONS
art_d5965fe0aad90ea2ecd316023856f1e7,ent_fbd96363ef425ee203022d94254364f5,MENTIONS
art_d5965fe0aad90ea2ecd316023856f1e7,ent_b0cf174f6be0d1824ba454ecd526c681,MENTIONS
art_4adc7823daa0d31bbfdcd727265dfb23,ent_fe60a6c64f4797bb973018d0f8cf7747,MENTIONS
art_4adc7823daa0d31bbfdcd727265dfb23,ent_ac5bcd3e9a6c71f66633123da6ed9e8c,MENTIONS
art_4adc7823daa0d31bbfdcd727265dfb23,ent_b0cf174f6be0d1824ba454ecd526c681,MENTIONS
art_4adc7823daa0d31bbfdcd727265dfb23,ent_a038a77400cf917237a9cb0303bfaa18,MENTIONS
art_4adc7823daa0d31bbfdcd727265dfb23,ent_351a7376734b91db04b4b166b3610c89,MENTIONS
art_3fda035ae8758f74413e67337c6a1c3a,ent_73cb9346d4c28ed7183e400772654b27,MENTIONS
art_3fda035ae8758f74413e67337c6a1c3a,ent_77f9174922a1d581a589b07640eb4314,MENTIONS
art_3fda035ae8758f74413e67337c6a1c3a,ent_43be8bdb6fb5140546446a1069469118,MENTIONS
art_3fda035ae8758f74413e67337c6a1c3a,ent_97643c03d57bc5a51f0f1eb5f59247b0,MENTIONS
art_3fda035ae8758f74413e67337c6a1c3a,ent_e90ab5a01509143abcd2888563f63002,MENTIONS
art_3fda035ae8758f74413e67337c6a1c3a,ent_87d89a2390adacfd34487c324f0cfd9c,MENTIONS
art_3fda035ae8758f74413e67337c6a1c3a,ent_330fb7acbe2bb3b21a2434d633d48dcf,MENTIONS
art_8d344a9ae79466df4c874520d3117b7f,ent_2f729a91a5a8d01650c9afa8b0721bd3,MENTIONS
art_8d344a9ae79466df4c874520d3117b7f,ent_2a6d3686110703bc69da3220c6ee6b5f,MENTIONS
art_8d344a9ae79466df4c874520d3117b7f,ent_adafd11128e9f209cb13a62c67f4a2b4,MENTIONS
art_8d344a9ae79466df4c874520d3117b7f,ent_31b50757c49e4edc0cc84ab67449a7c9,MENTIONS
art_8d344a9ae79466df4c874520d3117b7f,ent_97643c03d57bc5a51f0f1eb5f59247b0,MENTIONS
art_8d344a9ae79466df4c874520d3117b7f,ent_226a9421040b7f2d19e6a2ff542e6eac,MENTIONS
art_8d344a9ae79466df4c874520d3117b7f,ent_7cdfe2efced81fb87017a9c0ff04a609,MENTIONS
art_8d344a9ae79466df4c874520d3117b7f,ent_b03a6f3bd564ab188b74742ad43dc1e3,MENTIONS
art_8d344a9ae79466df4c874520d3117b7f,ent_ba940b8b744b507b695c1697e5680698,MENTIONS
art_8d344a9ae79466df4c874520d3117b7f,ent_ca1f9b7bc50e2730549c202ea871f0a1,MENTIONS
art_8d344a9ae79466df4c874520d3117b7f,ent_0bf651b68c9d907e39b4a5e1f8e6b95f,MENTIONS
art_8d344a9ae79466df4c874520d3117b7f,ent_d578b097a1596478df1f89dcc758b14d,MENTIONS
art_524da4174959c3d5c51397dbcf276377,ent_939718a00177f4a7a8a8caf8e210b494,MENTIONS
art_524da4174959c3d5c51397dbcf276377,ent_43be8bdb6fb5140546446a1069469118,MENTIONS
art_524da4174959c3d5c51397dbcf276377,ent_ba36bfafc85a8ecb62ea5210ebe59445,MENTIONS
art_524da4174959c3d5c51397dbcf276377,ent_671cd0d36d4426c836b8e7bf2e0c45e8,MENTIONS
art_7196c717ad53a124b9488046914103c6,ent_939718a00177f4a7a8a8caf8e210b494,MENTIONS
art_7196c717ad53a124b9488046914103c6,ent_16f94a0a4ee9e06068c159bfb8fdb3f8,MENTIONS
art_7196c717ad53a124b9488046914103c6,ent_ba940b8b744b507b695c1697e5680698,MENTIONS
art_7196c717ad53a124b9488046914103c6,ent_c363b17eb5a559cfc8f2a3110045ae5b,MENTIONS
art_7196c717ad53a124b9488046914103c6,ent_5d603652353ec0e16fd4866a173a5f3c,MENTIONS
art_a338f406721b831e6bc77a4975101699,ent_aa5737cd0656a95e3c9b3ec2059a5774,MENTIONS
art_a338f406721b831e6bc77a4975101699,ent_ba940b8b744b507b695c1697e5680698,MENTIONS
art_a338f406721b831e6bc77a4975101699,ent_446829b9b8437584e0d0d08cd3899f86,MENTIONS
art_a338f406721b831e6bc77a4975101699,ent_939718a00177f4a7a8a8caf8e210b494,MENTIONS
art_a338f406721b831e6bc77a4975101699,ent_226a9421040b7f2d19e6a2ff542e6eac,MENTIONS
art_a338f406721b831e6bc77a4975101699,ent_c81783772087c9c309846b3bfa7e59bd,MENTIONS
art_a338f406721b831e6bc77a4975101699,ent_63b93a62d9110b650e60ea401a342af2,MENTIONS
art_fbac5a2b23d58df51776990bf63f2573,ent_5e59ad66759572621fabc25e69be6f72,MENTIONS
art_fbac5a2b23d58df51776990bf63f2573,ent_7fe461592c31b7bf33bf11d21d306ea0,MENTIONS
art_fbac5a2b23d58df51776990bf63f2573,ent_bccc642ac9be25934ad89685473a42c7,MENTIONS
art_fbac5a2b23d58df51776990bf63f2573,ent_9f9becccd1bbc77f14d0e3ffbb99d9e6,MENTIONS
art_fbac5a2b23d58df51776990bf63f2573,ent_fbd96363ef425ee203022d94254364f5,MENTIONS
art_fbac5a2b23d58df51776990bf63f2573,ent_d36b13410347d500de53637c8b77e430,MENTIONS
art_fbac5a2b23d58df51776990bf63f2573,ent_02349980bba8ce563cdf709f74f96fc1,MENTIONS
art_fbac5a2b23d58df51776990bf63f2573,ent_d7f1fc376ababbe6cde8c8b809c46f0b,MENTIONS
art_fbac5a2b23d58df51776990bf63f2573,ent_355ed8e9a0a39f9372ecbd911d36d69b,MENTIONS
art_6a65665592194a718ca42ee6c7489c99,ent_90ecbd4fa8f021e7f2413c6395f6fb59,MENTIONS
art_6a65665592194a718ca42ee6c7489c99,ent_2303a28267a9f1873eeba8b4d223f7b3,MENTIONS
art_6a65665592194a718ca42ee6c7489c99,ent_d9babbb73fec47675023152d161d5d16,MENTIONS
art_8635f9daf9791736e79cb83c91b0d4bf,ent_4aeeaee6f10ce23abb02678618fb5d19,MENTIONS
art_8635f9daf9791736e79cb83c91b0d4bf,ent_90ecbd4fa8f021e7f2413c6395f6fb59,MENTIONS
art_8635f9daf9791736e79cb83c91b0d4bf,ent_b3c5e4dc349819b7d639f507752d2635,MENTIONS
art_354124d0ffdd35f23568543dfaf4805e,ent_d9babbb73fec47675023152d161d5d16,MENTIONS
art_354124d0ffdd35f23568543dfaf4805e,ent_7626c3bda2c10d7a119fb550a7cbed7c,MENTIONS
art_354124d0ffdd35f23568543dfaf4805e,ent_f5b2ec79082f10187ee10f727997c5a9,MENTIONS
art_59c37e969b722756329358806a1f1e93,ent_f2ad5ab949755ee9dde9a508bb46219a,MENTIONS
art_59c37e969b722756329358806a1f1e93,ent_1d8619a0f114f1380f0ec18621ccea96,MENTIONS
art_59c37e969b722756329358806a1f1e93,ent_2b4da846ceb3fb791e7085aff5e20a1b,MENTIONS
art_59c37e969b722756329358806a1f1e93,ent_064f8a889d09a6ddf3751b114a5c9bb0,MENTIONS
art_59c37e969b722756329358806a1f1e93,ent_946e3886218719e6de2ab8af55542cf9,MENTIONS
art_31bccc0edde61cd2284ab702697d41fa,ent_fe60a6c64f4797bb973018d0f8cf7747,MENTIONS
art_31bccc0edde61cd2284ab702697d41fa,ent_b413b0f80b8d06ff291ed5a8fcd6db8c,MENTIONS
art_31bccc0edde61cd2284ab702697d41fa,ent_1c0720b926ec171f961c98811858c983,MENTIONS
art_31bccc0edde61cd2284ab702697d41fa,ent_226a9421040b7f2d19e6a2ff542e6eac,MENTIONS
art_31bccc0edde61cd2284ab702697d41fa,ent_3772935531ff312176855fb68364ea90,MENTIONS
art_31bccc0edde61cd2284ab702697d41fa,ent_95545c27391917619fe8d46eeba937bc,MENTIONS
art_826874d0644752d05eed4a60fc71f533,ent_dcc255e3b03b08cd95d9f6056e67e1c1,MENTIONS
art_826874d0644752d05eed4a60fc71f533,ent_2a6d3686110703bc69da3220c6ee6b5f,MENTIONS
art_923a2c47c0ae6110644ec113fd82ddfb,ent_076173809b5a7e293c5fb60f9019b3f8,MENTIONS
art_923a2c47c0ae6110644ec113fd82ddfb,ent_aab2051e760de4c6bab7612178b3896c,MENTIONS
art_923a2c47c0ae6110644ec113fd82ddfb,ent_226a9421040b7f2d19e6a2ff542e6eac,MENTIONS
art_aa04457b8f8c34f925cd67a254fdc47c,ent_226a9421040b7f2d19e6a2ff542e6eac,MENTIONS
art_aa04457b8f8c34f925cd67a254fdc47c,ent_7ecd6eb7fb060e3e994d96b8330b351e,MENTIONS
art_aa04457b8f8c34f925cd67a254fdc47c,ent_54c6a653ccd365a301ffe2587ab61090,MENTIONS
art_aa04457b8f8c34f925cd67a254fdc47c,ent_c2be1d0b87bcae750f45e1ba22a05452,MENTIONS
art_aa04457b8f8c34f925cd67a254fdc47c,ent_c11ad4c2955a57cf209c17ee25e4a45a,MENTIONS
art_9d1cbb1bce8b3882e26c958bfc6a3b5c,ent_f83a8ce5f7e6d1c1034515a6044ee361,MENTIONS
art_9d1cbb1bce8b3882e26c958bfc6a3b5c,ent_adafd11128e9f209cb13a62c67f4a2b4,MENTIONS
art_9d1cbb1bce8b3882e26c958bfc6a3b5c,ent_b413b0f80b8d06ff291ed5a8fcd6db8c,MENTIONS
art_e5bff04b8f74e9c0b26f48847333d722,ent_d36b13410347d500de53637c8b77e430,MENTIONS
art_e5bff04b8f74e9c0b26f48847333d722,ent_d7f1fc376ababbe6cde8c8b809c46f0b,MENTIONS
art_e5bff04b8f74e9c0b26f48847333d722,ent_7fe461592c31b7bf33bf11d21d306ea0,MENTIONS
art_9b952978878be68a52118c4fc38586f1,ent_fe60a6c64f4797bb973018d0f8cf7747,MENTIONS
art_9b952978878be68a52118c4fc38586f1,ent_b413b0f80b8d06ff291ed5a8fcd6db8c,MENTIONS
art_67b40fca9cb41b2d0a114be8e8ee6909,ent_b413b0f80b8d06ff291ed5a8fcd6db8c,MENTIONS
art_67b40fca9cb41b2d0a114be8e8ee6909,ent_c67677e1bc9b32587eef0fbb1a1bc067,MENTIONS
art_67b40fca9cb41b2d0a114be8e8ee6909,ent_05f2a9d802e0eadc7d4f3075cef990ed,MENTIONS
art_74e64a904c8d1a76f473f9b4d0795069,ent_226a9421040b7f2d19e6a2ff542e6eac,MENTIONS
art_74e64a904c8d1a76f473f9b4d0795069,ent_2f729a91a5a8d01650c9afa8b0721bd3,MENTIONS
art_74e64a904c8d1a76f473f9b4d0795069,ent_ee001475080c2a16c000491e488ddbec,MENTIONS
art_74e64a904c8d1a76f473f9b4d0795069,ent_e4134c7363b2bee0702eeec34a44bb2d,MENTIONS
art_25d2a746ff415dd13740e3c3614e7df4,ent_939718a00177f4a7a8a8caf8e210b494,MENTIONS
art_25d2a746ff415dd13740e3c3614e7df4,ent_a98b9366ff28e17f7d3d95b3073a665e,MENTIONS
art_25d2a746ff415dd13740e3c3614e7df4,ent_aa5737cd0656a95e3c9b3ec2059a5774,MENTIONS
art_25d2a746ff415dd13740e3c3614e7df4,ent_dcc255e3b03b08cd95d9f6056e67e1c1,MENTIONS
art_1534cc10a4cdc960b6aad0c53d52fe42,ent_b413b0f80b8d06ff291ed5a8fcd6db8c,MENTIONS
art_1534cc10a4cdc960b6aad0c53d52fe42,ent_fe60a6c64f4797bb973018d0f8cf7747,MENTIONS
art_1534cc10a4cdc960b6aad0c53d52fe42,ent_b0cf174f6be0d1824ba454ecd526c681,MENTIONS
art_1534cc10a4cdc960b6aad0c53d52fe42,ent_c67677e1bc9b32587eef0fbb1a1bc067,MENTIONS
art_08b139c1d479c90a0b5e3fb32f1914a4,ent_076173809b5a7e293c5fb60f9019b3f8,MENTIONS
art_08b139c1d479c90a0b5e3fb32f1914a4,ent_b413b0f80b8d06ff291ed5a8fcd6db8c,MENTIONS
art_08b139c1d479c90a0b5e3fb32f1914a4,ent_ceaf3ed7472b9d478c04f659ef747bb4,MENTIONS
art_08b139c1d479c90a0b5e3fb32f1914a4,ent_aab2051e760de4c6bab7612178b3896c,MENTIONS
art_ed6ab6c9e4a1b2c37bd99ffda4afc762,ent_e1aa27557fc873c9cd1ef326424a6fef,MENTIONS
art_ed6ab6c9e4a1b2c37bd99ffda4afc762,ent_b413b0f80b8d06ff291ed5a8fcd6db8c,MENTIONS
art_ee713ecdaca1b8e9deaa2b3fe1fc5c0c,ent_6aa7cbb3eaafb3aac81464a639b86e23,MENTIONS
art_ecbb15fc768c54e7e6c2076fae853eca,ent_0ae18fb924d695c4014fbd1b03535ef3,MENTIONS
art_ecbb15fc768c54e7e6c2076fae853eca,ent_3bc1edfca40c685fdf1c19382960942b,MENTIONS
art_ecbb15fc768c54e7e6c2076fae853eca,ent_1f1bbbfe17b4f26a9e03b9a2f112d4ac,MENTIONS
art_ecbb15fc768c54e7e6c2076fae853eca,ent_2a6d3686110703bc69da3220c6ee6b5f,MENTIONS
art_ecbb15fc768c54e7e6c2076fae853eca,ent_12a0f4c35f92f11a261c93a6af1c008e,MENTIONS
art_2a0e5281d5525d3acef3c68dadebd308,ent_02349980bba8ce563cdf709f74f96fc1,MENTIONS
art_2a0e5281d5525d3acef3c68dadebd308,ent_cdde71b6b2d3a293bb8a64043458882f,MENTIONS
art_2a0e5281d5525d3acef3c68dadebd308,ent_1d3f69b68be267e86593a1f91cad6f31,MENTIONS
art_2a0e5281d5525d3acef3c68dadebd308,ent_b836e8e394abb4fd3f1c2a993093dd86,MENTIONS
art_2a0e5281d5525d3acef3c68dadebd308,ent_6d3207d702c9dc917a10d34060bb5fb3,MENTIONS
art_6e5f4e5119afd0588943c1271d546a1b,ent_2a6d3686110703bc69da3220c6ee6b5f,MENTIONS
art_6e5f4e5119afd0588943c1271d546a1b,ent_a3da4b5d2ca2a7783fe41f1f70365b01,MENTIONS
art_6e5f4e5119afd0588943c1271d546a1b,ent_46a79f4bb282aac47df49446f789238a,MENTIONS
art_6e5f4e5119afd0588943c1271d546a1b,ent_900a385f1cda66bf00cdb55f07a8d75d,MENTIONS
art_6e5f4e5119afd0588943c1271d546a1b,ent_351a63e5bf848c7f6c0700ee77b7431e,MENTIONS
art_06d821ece1e0b865c3426edc122bab39,ent_5e59ad66759572621fabc25e69be6f72,MENTIONS
art_06d821ece1e0b865c3426edc122bab39,ent_02349980bba8ce563cdf709f74f96fc1,MENTIONS
art_06d821ece1e0b865c3426edc122bab39,ent_efc6d483e2f16395ac8255f861561cab,MENTIONS
art_06d821ece1e0b865c3426edc122bab39,ent_d36b13410347d500de53637c8b77e430,MENTIONS
art_06d821ece1e0b865c3426edc122bab39,ent_13e8081dd8a5f9efcb8e79d4334fb69d,MENTIONS
art_8ff5d90344b21a49249a6792d8d4c030,ent_d7f1fc376ababbe6cde8c8b809c46f0b,MENTIONS
art_8ff5d90344b21a49249a6792d8d4c030,ent_d36b13410347d500de53637c8b77e430,MENTIONS
art_8ff5d90344b21a49249a6792d8d4c030,ent_d89664bab3e4cd442fa65493f555216b,MENTIONS
art_8ff5d90344b21a49249a6792d8d4c030,ent_02349980bba8ce563cdf709f74f96fc1,MENTIONS
art_60040ab6f89d6ed8a208b2f3fca49f94,ent_73fdee9a5dae370a7d065b9c5fa8e45c,MENTIONS
art_60040ab6f89d6ed8a208b2f3fca49f94,ent_adafd11128e9f209cb13a62c67f4a2b4,MENTIONS
art_ee5bc72363bf94ea349634a0eefbffad,ent_41c0e16d79ff281bcaf10d1d9c96b819,MENTIONS
art_ee5bc72363bf94ea349634a0eefbffad,ent_ba940b8b744b507b695c1697e5680698,MENTIONS
art_7d0db9f409c0e593006d8bb1959e43b6,ent_bb09d402ca5579e1a46ddbf784c8b435,MENTIONS
art_7d0db9f409c0e593006d8bb1959e43b6,ent_4089a6d2c92a7cfabe3135205b8f94ed,MENTIONS
art_7d0db9f409c0e593006d8bb1959e43b6,ent_673f8591407205d97417c91b0b9fc1e0,MENTIONS
art_3b77362958f7a3b22341ab0bf22c2cd8,ent_07a34e1c41e6564b895b4266cdaefb89,MENTIONS
art_3b77362958f7a3b22341ab0bf22c2cd8,ent_b7f45ebed8112c419ef68177b9981551,MENTIONS
art_3b77362958f7a3b22341ab0bf22c2cd8,ent_06e268914dba853f1fac062656165032,MENTIONS
art_3b77362958f7a3b22341ab0bf22c2cd8,ent_fa4262e17e448f4ed3a44dd570388d7c,MENTIONS
art_c0cf3bb545e003281cd59e8e7ae294de,ent_939718a00177f4a7a8a8caf8e210b494,MENTIONS
art_c0cf3bb545e003281cd59e8e7ae294de,ent_cb13325481e03974ab7284c1129b3934,MENTIONS
art_c0cf3bb545e003281cd59e8e7ae294de,ent_2a6d3686110703bc69da3220c6ee6b5f,MENTIONS
art_c0cf3bb545e003281cd59e8e7ae294de,ent_d2e60de44938b32c5eeeecfc25531463,MENTIONS
art_c0cf3bb545e003281cd59e8e7ae294de,ent_3772935531ff312176855fb68364ea90,MENTIONS
art_d71bbfc3b4980a919fa1f2fee9117f70,ent_f559dea3ef8e3abba0b9881e1e04d162,MENTIONS
art_d71bbfc3b4980a919fa1f2fee9117f70,ent_a504e35db822667b3f85ae4c4f548dc2,MENTIONS
art_472de152bb499ab2cce3bf8fa473f1e5,ent_ce0b89222e8ead44a0f6dddcd71b4b1b,MENTIONS
art_472de152bb499ab2cce3bf8fa473f1e5,ent_5d603652353ec0e16fd4866a173a5f3c,MENTIONS
art_472de152bb499ab2cce3bf8fa473f1e5,ent_946e3886218719e6de2ab8af55542cf9,MENTIONS
art_472de152bb499ab2cce3bf8fa473f1e5,ent_cef266781811e1809bc173610a978b6f,MENTIONS
art_472de152bb499ab2cce3bf8fa473f1e5,ent_73092af0e9f77b4fe91b391e1ff88971,MENTIONS
art_aed2ae782388e8b771ffe073cbeed7d8,ent_edb82d9e724eb11669a36d3e8d6c8038,MENTIONS
art_aed2ae782388e8b771ffe073cbeed7d8,ent_da44335ce97197b3c73e035b15b26c0d,MENTIONS
art_aed2ae782388e8b771ffe073cbeed7d8,ent_171dcde833a0cd9a1644a6a61791129d,MENTIONS
art_6dd8301c059a22a7afab5948b13a2a50,ent_bab41f4da430bd439eafd667836cbe87,MENTIONS
art_6dd8301c059a22a7afab5948b13a2a50,ent_b3c5e4dc349819b7d639f507752d2635,MENTIONS
art_6dd8301c059a22a7afab5948b13a2a50,ent_226a9421040b7f2d19e6a2ff542e6eac,MENTIONS
art_6dd8301c059a22a7afab5948b13a2a50,ent_0b9055a0bfe599497955cadf9434a469,MENTIONS
art_6dd8301c059a22a7afab5948b13a2a50,ent_d3675cba97a9d45ed8426d595f20fe71,MENTIONS
art_90db8a04542b529e9bf1120baa88eb56,ent_226a9421040b7f2d19e6a2ff542e6eac,MENTIONS
art_90db8a04542b529e9bf1120baa88eb56,ent_2ad55c0a20e18d9b509e072ad32e1a98,MENTIONS
art_90db8a04542b529e9bf1120baa88eb56,ent_06e268914dba853f1fac062656165032,MENTIONS
art_90db8a04542b529e9bf1120baa88eb56,ent_94f7da20bb63a04c547e43748f10fc23,MENTIONS
art_90db8a04542b529e9bf1120baa88eb56,ent_fe60a6c64f4797bb973018d0f8cf7747,MENTIONS
art_90db8a04542b529e9bf1120baa88eb56,ent_91f1af60e309e4cd79918c89a7a02b77,MENTIONS
art_90db8a04542b529e9bf1120baa88eb56,ent_b0cf174f6be0d1824ba454ecd526c681,MENTIONS
art_90db8a04542b529e9bf1120baa88eb56,ent_b7f45ebed8112c419ef68177b9981551,MENTIONS
art_90db8a04542b529e9bf1120baa88eb56,ent_9831b3695c326c446dac3460b44d363a,MENTIONS
art_fe11155cf5109b4a8e663d75503b7981,ent_043595159e7bce7d19ae660c7853dcac,MENTIONS
art_fe11155cf5109b4a8e663d75503b7981,ent_7d62fca88aae8064a6ca41aa3c5ac863,MENTIONS
art_fe11155cf5109b4a8e663d75503b7981,ent_d36b13410347d500de53637c8b77e430,MENTIONS
art_fe11155cf5109b4a8e663d75503b7981,ent_02349980bba8ce563cdf709f74f96fc1,MENTIONS
art_fe11155cf5109b4a8e663d75503b7981,ent_848015af8766cb8f2e66510ab1145bd0,MENTIONS
art_fe11155cf5109b4a8e663d75503b7981,ent_022dceeb82c260e3c1e10672e0f27a2e,MENTIONS
art_fe11155cf5109b4a8e663d75503b7981,ent_4fa2deebbdd08f8db412355fd5c496b0,MENTIONS
art_fe11155cf5109b4a8e663d75503b7981,ent_fe60a6c64f4797bb973018d0f8cf7747,MENTIONS
art_fe11155cf5109b4a8e663d75503b7981,ent_a0bff3611b68f562f0ef505129a6c467,MENTIONS
art_fe11155cf5109b4a8e663d75503b7981,ent_312642cda4a86945e21c6ab3175203ec,MENTIONS
art_fe11155cf5109b4a8e663d75503b7981,ent_9f9becccd1bbc77f14d0e3ffbb99d9e6,MENTIONS
art_5a96b4ab22e8ce3138695814445a643e,ent_b413b0f80b8d06ff291ed5a8fcd6db8c,MENTIONS
art_5a96b4ab22e8ce3138695814445a643e,ent_a98b9366ff28e17f7d3d95b3073a665e,MENTIONS
art_5a96b4ab22e8ce3138695814445a643e,ent_59eb45453f83ad36a3b64e4d5f06d8b8,MENTIONS
art_5a96b4ab22e8ce3138695814445a643e,ent_1c46cd525ebf94348a38fd30cdaa37e4,MENTIONS
art_5a96b4ab22e8ce3138695814445a643e,ent_5c8dc1422d4d53a5a8706fc8dc350bcd,MENTIONS
art_5a96b4ab22e8ce3138695814445a643e,ent_e683a86d47c118b26bb069498669762e,MENTIONS
art_5a96b4ab22e8ce3138695814445a643e,ent_50abc1b230bad02b775842340e5d91b3,MENTIONS
art_5a96b4ab22e8ce3138695814445a643e,ent_37ebfc6a3354a39b118f28574462902c,MENTIONS
art_5a96b4ab22e8ce3138695814445a643e,ent_84077352da88d6c5644722c01c7ce16e,MENTIONS
art_ec1606f558c694e7f4a8bf3d7e89d14c,ent_214163861ed8ac3fdfdb4674bf5536af,MENTIONS
art_ec1606f558c694e7f4a8bf3d7e89d14c,ent_02349980bba8ce563cdf709f74f96fc1,MENTIONS
art_ec1606f558c694e7f4a8bf3d7e89d14c,ent_adafd11128e9f209cb13a62c67f4a2b4,MENTIONS
art_ec1606f558c694e7f4a8bf3d7e89d14c,ent_099285919b579aeb33136d9f7d2072c1,MENTIONS
art_ec1606f558c694e7f4a8bf3d7e89d14c,ent_b68e7f2bb57f39d47d2d76489b8ad2ca,MENTIONS
art_ec1606f558c694e7f4a8bf3d7e89d14c,ent_30643d0992b9fa2dc56bd451a636d59b,MENTIONS
art_ec1606f558c694e7f4a8bf3d7e89d14c,ent_b7ed3e276b59bb74622be30469faf7cc,MENTIONS
art_ec1606f558c694e7f4a8bf3d7e89d14c,ent_26c625890ce9b52de1e22c5bfc42136c,MENTIONS
art_616dbaf57fc446fcdd33b1b3b6e7c6d9,ent_bd03c6404b0a4e3bf3f555d1c32f31fb,MENTIONS
art_616dbaf57fc446fcdd33b1b3b6e7c6d9,ent_d7f1fc376ababbe6cde8c8b809c46f0b,MENTIONS
art_616dbaf57fc446fcdd33b1b3b6e7c6d9,ent_bb09d402ca5579e1a46ddbf784c8b435,MENTIONS
art_616dbaf57fc446fcdd33b1b3b6e7c6d9,ent_a5917a85e1d121009a6f6890eccc51ae,MENTIONS
art_616dbaf57fc446fcdd33b1b3b6e7c6d9,ent_4cab5ca06bcefea9c81bc7968053b01f,MENTIONS
art_616dbaf57fc446fcdd33b1b3b6e7c6d9,ent_b0c61bd0b8ad6578130089d224e1f209,MENTIONS
art_616dbaf57fc446fcdd33b1b3b6e7c6d9,ent_8d8d31f902bbd8a3340222c4d44c43e3,MENTIONS
art_616dbaf57fc446fcdd33b1b3b6e7c6d9,ent_59eb45453f83ad36a3b64e4d5f06d8b8,MENTIONS
art_616dbaf57fc446fcdd33b1b3b6e7c6d9,ent_f80e5433cdba660ff74e1a86cc2454ad,MENTIONS
art_616dbaf57fc446fcdd33b1b3b6e7c6d9,ent_7fe461592c31b7bf33bf11d21d306ea0,MENTIONS
art_616dbaf57fc446fcdd33b1b3b6e7c6d9,ent_02349980bba8ce563cdf709f74f96fc1,MENTIONS
art_8110312bb19650b436a3d73715dc5563,ent_011f24c82552a7f962f23c1fb46af2bf,MENTIONS
art_5fee7fcd1830222a832125f5c5ae1603,ent_214163861ed8ac3fdfdb4674bf5536af,MENTIONS
art_5fee7fcd1830222a832125f5c5ae1603,ent_cce197cdf2f16d4a789744e61bfc7c63,MENTIONS
art_5fee7fcd1830222a832125f5c5ae1603,ent_02349980bba8ce563cdf709f74f96fc1,MENTIONS
art_5fee7fcd1830222a832125f5c5ae1603,ent_d1f64bc475e40fff8275e5dd925398f6,MENTIONS
art_e6543b7ac9c979364bbe4a3712139f6a,ent_c387a421033bd250562547b1544e95d3,MENTIONS
art_e6543b7ac9c979364bbe4a3712139f6a,ent_b82afb690cc79e8d6ddf4f691251c28c,MENTIONS
art_e6543b7ac9c979364bbe4a3712139f6a,ent_312642cda4a86945e21c6ab3175203ec,MENTIONS
art_e6543b7ac9c979364bbe4a3712139f6a,ent_02349980bba8ce563cdf709f74f96fc1,MENTIONS
art_e6543b7ac9c979364bbe4a3712139f6a,ent_5d603652353ec0e16fd4866a173a5f3c,MENTIONS
art_e6543b7ac9c979364bbe4a3712139f6a,ent_b03a6f3bd564ab188b74742ad43dc1e3,MENTIONS
art_e6543b7ac9c979364bbe4a3712139f6a,ent_19f155ac62ae94bd2d077974e3b63e78,MENTIONS
art_e6543b7ac9c979364bbe4a3712139f6a,ent_a9fa220e7bb898e71ff5041c28f44719,MENTIONS
art_928799c9a7391408b9152f88433ed458,ent_1f1bbbfe17b4f26a9e03b9a2f112d4ac,MENTIONS
art_928799c9a7391408b9152f88433ed458,ent_ac2a93ae39ccb2a676428e73ec691cfc,MENTIONS
art_928799c9a7391408b9152f88433ed458,ent_d36b13410347d500de53637c8b77e430,MENTIONS
art_928799c9a7391408b9152f88433ed458,ent_02349980bba8ce563cdf709f74f96fc1,MENTIONS
art_928799c9a7391408b9152f88433ed458,ent_b580f0864a9409084f46cf6c3eb31120,MENTIONS
art_928799c9a7391408b9152f88433ed458,ent_05f2a9d802e0eadc7d4f3075cef990ed,MENTIONS
art_928799c9a7391408b9152f88433ed458,ent_5b04261b9a3cefd8580c6e1a5f2b2359,MENTIONS
art_1d38147e1ad75946be38041532ce587c,ent_aa978c9f35a3df880bcbf85225b0057e,MENTIONS
art_1d38147e1ad75946be38041532ce587c,ent_495afcb676206fea707516bc464d8f6e,MENTIONS
art_1d38147e1ad75946be38041532ce587c,ent_df391083abdce3b18ebe91fbb54fefcf,MENTIONS
art_1d38147e1ad75946be38041532ce587c,ent_022dceeb82c260e3c1e10672e0f27a2e,MENTIONS
art_1d38147e1ad75946be38041532ce587c,ent_214163861ed8ac3fdfdb4674bf5536af,MENTIONS
art_1d38147e1ad75946be38041532ce587c,ent_4fa2deebbdd08f8db412355fd5c496b0,MENTIONS
art_1d38147e1ad75946be38041532ce587c,ent_6d3207d702c9dc917a10d34060bb5fb3,MENTIONS
art_1d38147e1ad75946be38041532ce587c,ent_2b4da846ceb3fb791e7085aff5e20a1b,MENTIONS
art_1d38147e1ad75946be38041532ce587c,ent_312642cda4a86945e21c6ab3175203ec,MENTIONS
art_1d38147e1ad75946be38041532ce587c,ent_02349980bba8ce563cdf709f74f96fc1,MENTIONS
art_1d38147e1ad75946be38041532ce587c,ent_48ea79dff880c7682258bb0a3bae8178,MENTIONS
art_1d38147e1ad75946be38041532ce587c,ent_f63001fbc932b2b0f2616bb4828eba9d,MENTIONS
art_e28f2f96965966a7dda97ce7998aa2e8,ent_226a9421040b7f2d19e6a2ff542e6eac,MENTIONS
art_e28f2f96965966a7dda97ce7998aa2e8,ent_076173809b5a7e293c5fb60f9019b3f8,MENTIONS
art_e28f2f96965966a7dda97ce7998aa2e8,ent_7fe461592c31b7bf33bf11d21d306ea0,MENTIONS
art_e28f2f96965966a7dda97ce7998aa2e8,ent_312642cda4a86945e21c6ab3175203ec,MENTIONS
art_e28f2f96965966a7dda97ce7998aa2e8,ent_9f9becccd1bbc77f14d0e3ffbb99d9e6,MENTIONS
art_e28f2f96965966a7dda97ce7998aa2e8,ent_fbd96363ef425ee203022d94254364f5,MENTIONS
art_e28f2f96965966a7dda97ce7998aa2e8,ent_b413b0f80b8d06ff291ed5a8fcd6db8c,MENTIONS
art_e28f2f96965966a7dda97ce7998aa2e8,ent_753ae473d7392457561f84716e6213b1,MENTIONS
art_e28f2f96965966a7dda97ce7998aa2e8,ent_fe60a6c64f4797bb973018d0f8cf7747,MENTIONS
art_e28f2f96965966a7dda97ce7998aa2e8,ent_946e3886218719e6de2ab8af55542cf9,MENTIONS
art_e28f2f96965966a7dda97ce7998aa2e8,ent_adafd11128e9f209cb13a62c67f4a2b4,MENTIONS
art_e1039c9d1b6495e897e939a9077e13c5,ent_91e88ee3fd1b4c3ff8ca488e7cc57bd8,MENTIONS
art_e1039c9d1b6495e897e939a9077e13c5,ent_02349980bba8ce563cdf709f74f96fc1,MENTIONS
art_e1039c9d1b6495e897e939a9077e13c5,ent_64bec39c3b60e1d0100d0de9fefd7959,MENTIONS
art_e1039c9d1b6495e897e939a9077e13c5,ent_b836e8e394abb4fd3f1c2a993093dd86,MENTIONS
art_e1039c9d1b6495e897e939a9077e13c5,ent_12f3d7491f75cb55ac11a52db8f90ae4,MENTIONS
art_e1039c9d1b6495e897e939a9077e13c5,ent_bca30d3b0f2e44fb92d844013d2fb238,MENTIONS
art_e1039c9d1b6495e897e939a9077e13c5,ent_59eb45453f83ad36a3b64e4d5f06d8b8,MENTIONS
art_e1039c9d1b6495e897e939a9077e13c5,ent_395ed82beb8698a7d82b53b25b46685b,MENTIONS
art_e1039c9d1b6495e897e939a9077e13c5,ent_b546280e3b5f5b1a0bd8ac35b63d9efc,MENTIONS
art_e1039c9d1b6495e897e939a9077e13c5,ent_fc944809bf8ac6fe6328e451e43f2686,MENTIONS
art_fc004227fc0618034f4187573fb7bfb2,ent_d36b13410347d500de53637c8b77e430,MENTIONS
art_fc004227fc0618034f4187573fb7bfb2,ent_495afcb676206fea707516bc464d8f6e,MENTIONS
art_fc004227fc0618034f4187573fb7bfb2,ent_312642cda4a86945e21c6ab3175203ec,MENTIONS
art_fc004227fc0618034f4187573fb7bfb2,ent_44f22d89c8f969f81fa642ac9aa6a9e0,MENTIONS
art_fc004227fc0618034f4187573fb7bfb2,ent_022dceeb82c260e3c1e10672e0f27a2e,MENTIONS
art_fc004227fc0618034f4187573fb7bfb2,ent_c60bd6a2fcfbb67cb184dfb50f2329a1,MENTIONS
art_fc004227fc0618034f4187573fb7bfb2,ent_9f9becccd1bbc77f14d0e3ffbb99d9e6,MENTIONS
art_fc004227fc0618034f4187573fb7bfb2,ent_fe60a6c64f4797bb973018d0f8cf7747,MENTIONS
art_fc004227fc0618034f4187573fb7bfb2,ent_b0cf174f6be0d1824ba454ecd526c681,MENTIONS
art_fc004227fc0618034f4187573fb7bfb2,ent_946e3886218719e6de2ab8af55542cf9,MENTIONS
art_fc004227fc0618034f4187573fb7bfb2,ent_f2ad5ab949755ee9dde9a508bb46219a,MENTIONS
art_fc004227fc0618034f4187573fb7bfb2,ent_1f566db4d2cd7698cecaf043f73a965b,MENTIONS
art_fc004227fc0618034f4187573fb7bfb2,ent_1500adbe59ed64f4e29b7ed9e4a54fc0,MENTIONS
art_fc004227fc0618034f4187573fb7bfb2,ent_748ccf11933568d67d958bd3614f5c6b,MENTIONS
art_2b108b279bde7532e39cfef8a0009e18,ent_a98b9366ff28e17f7d3d95b3073a665e,MENTIONS
art_2b108b279bde7532e39cfef8a0009e18,ent_e683a86d47c118b26bb069498669762e,MENTIONS
art_2b108b279bde7532e39cfef8a0009e18,ent_e90ab5a01509143abcd2888563f63002,MENTIONS
art_43493679f1ecd0fcf07af0eebaf9cd6d,ent_fe60a6c64f4797bb973018d0f8cf7747,MENTIONS
art_43493679f1ecd0fcf07af0eebaf9cd6d,ent_e823362d503f533b44ec894afcf5465d,MENTIONS
art_43493679f1ecd0fcf07af0eebaf9cd6d,ent_d36b13410347d500de53637c8b77e430,MENTIONS
art_43493679f1ecd0fcf07af0eebaf9cd6d,ent_59eb45453f83ad36a3b64e4d5f06d8b8,MENTIONS
art_43493679f1ecd0fcf07af0eebaf9cd6d,ent_c8a29a7fcc2de32c933bff6331fb3f77,MENTIONS
art_43493679f1ecd0fcf07af0eebaf9cd6d,ent_e90ab5a01509143abcd2888563f63002,MENTIONS
art_43493679f1ecd0fcf07af0eebaf9cd6d,ent_312642cda4a86945e21c6ab3175203ec,MENTIONS
art_43493679f1ecd0fcf07af0eebaf9cd6d,ent_214163861ed8ac3fdfdb4674bf5536af,MENTIONS
art_43493679f1ecd0fcf07af0eebaf9cd6d,ent_495afcb676206fea707516bc464d8f6e,MENTIONS
art_43493679f1ecd0fcf07af0eebaf9cd6d,ent_02349980bba8ce563cdf709f74f96fc1,MENTIONS
art_3f96bd6b59897d23c3a73eb8925df2d9,ent_0b9055a0bfe599497955cadf9434a469,MENTIONS
art_3f96bd6b59897d23c3a73eb8925df2d9,ent_813bebc3da0ddea0756bdf775a13d15c,MENTIONS
art_3f96bd6b59897d23c3a73eb8925df2d9,ent_ac2a93ae39ccb2a676428e73ec691cfc,MENTIONS
art_3f96bd6b59897d23c3a73eb8925df2d9,ent_b580f0864a9409084f46cf6c3eb31120,MENTIONS
art_3f96bd6b59897d23c3a73eb8925df2d9,ent_05f2a9d802e0eadc7d4f3075cef990ed,MENTIONS
art_3f96bd6b59897d23c3a73eb8925df2d9,ent_5b04261b9a3cefd8580c6e1a5f2b2359,MENTIONS
art_3f96bd6b59897d23c3a73eb8925df2d9,ent_2b4da846ceb3fb791e7085aff5e20a1b,MENTIONS
art_3f96bd6b59897d23c3a73eb8925df2d9,ent_7039f4ccf0c52dc765118c08c915f763,MENTIONS
art_3f96bd6b59897d23c3a73eb8925df2d9,ent_72dbcc5691163f3b8e0d416190bdf8bc,MENTIONS
art_3f96bd6b59897d23c3a73eb8925df2d9,ent_73fa0e42287411cbd8b23d6795219a6a,MENTIONS
art_f53896a550d181d8fc1a8bd8536fd80e,ent_02349980bba8ce563cdf709f74f96fc1,MENTIONS
art_f53896a550d181d8fc1a8bd8536fd80e,ent_6d3207d702c9dc917a10d34060bb5fb3,MENTIONS
art_f53896a550d181d8fc1a8bd8536fd80e,ent_312642cda4a86945e21c6ab3175203ec,MENTIONS
art_f53896a550d181d8fc1a8bd8536fd80e,ent_214163861ed8ac3fdfdb4674bf5536af,MENTIONS
art_f53896a550d181d8fc1a8bd8536fd80e,ent_a4b7eef5e0f0cb96519248d404a67a64,MENTIONS
art_f53896a550d181d8fc1a8bd8536fd80e,ent_fcec4dfb15d3b1bbca330f390cf0b345,MENTIONS
art_f53896a550d181d8fc1a8bd8536fd80e,ent_4fa2deebbdd08f8db412355fd5c496b0,MENTIONS
art_f53896a550d181d8fc1a8bd8536fd80e,ent_48ea79dff880c7682258bb0a3bae8178,MENTIONS
art_f53896a550d181d8fc1a8bd8536fd80e,ent_748ccf11933568d67d958bd3614f5c6b,MENTIONS
art_1d38147e1ad75946be38041532ce587c,ent_d36b13410347d500de53637c8b77e430,MENTIONS
art_1d38147e1ad75946be38041532ce587c,ent_a43633bbbb0186f01ee4fc0c14c7cb3e,MENTIONS
art_1d38147e1ad75946be38041532ce587c,ent_1f566db4d2cd7698cecaf043f73a965b,MENTIONS
art_1d38147e1ad75946be38041532ce587c,ent_748ccf11933568d67d958bd3614f5c6b,MENTIONS
art_645fb6714912a39732225faddaf7a072,ent_a6964d34244b0c371d8daae23166c026,MENTIONS
art_645fb6714912a39732225faddaf7a072,ent_8e98893c23af790798e3cb6bd4d134d2,MENTIONS
art_645fb6714912a39732225faddaf7a072,ent_8a7d19ee0dbb938f5d3827db560206fc,MENTIONS
art_645fb6714912a39732225faddaf7a072,ent_05f2a9d802e0eadc7d4f3075cef990ed,MENTIONS
art_645fb6714912a39732225faddaf7a072,ent_02e2900c7bc2c839b4390279476a3fce,MENTIONS
art_64fc2a94b9315c405906c7820d5ebd23,ent_0b9055a0bfe599497955cadf9434a469,MENTIONS
art_64fc2a94b9315c405906c7820d5ebd23,ent_5b04261b9a3cefd8580c6e1a5f2b2359,MENTIONS
art_64fc2a94b9315c405906c7820d5ebd23,ent_471394ace83d5b4db4fb120c6fec5110,MENTIONS
art_64fc2a94b9315c405906c7820d5ebd23,ent_953ed7561a8f6baf7c8c22974261b5d3,MENTIONS
art_64fc2a94b9315c405906c7820d5ebd23,ent_1f1bbbfe17b4f26a9e03b9a2f112d4ac,MENTIONS
art_64fc2a94b9315c405906c7820d5ebd23,ent_05f2a9d802e0eadc7d4f3075cef990ed,MENTIONS
art_64fc2a94b9315c405906c7820d5ebd23,ent_72dbcc5691163f3b8e0d416190bdf8bc,MENTIONS
art_c204ceebcda5d43794baa88d29da0145,ent_253136cb59f92a476d73df896c1aa097,MENTIONS
art_c204ceebcda5d43794baa88d29da0145,ent_02349980bba8ce563cdf709f74f96fc1,MENTIONS
art_c204ceebcda5d43794baa88d29da0145,ent_05f2a9d802e0eadc7d4f3075cef990ed,MENTIONS
art_c204ceebcda5d43794baa88d29da0145,ent_8a7d19ee0dbb938f5d3827db560206fc,MENTIONS
art_c204ceebcda5d43794baa88d29da0145,ent_02e2900c7bc2c839b4390279476a3fce,MENTIONS
art_b0e95a36d0faa57976392de30922c6b8,ent_312642cda4a86945e21c6ab3175203ec,MENTIONS
art_b0e95a36d0faa57976392de30922c6b8,ent_02349980bba8ce563cdf709f74f96fc1,MENTIONS
art_b0e95a36d0faa57976392de30922c6b8,ent_6d3207d702c9dc917a10d34060bb5fb3,MENTIONS
art_b0e95a36d0faa57976392de30922c6b8,ent_82155097cf7cbd5bbc2119f0216212b9,MENTIONS
art_b0e95a36d0faa57976392de30922c6b8,ent_e497b9e79268cd5d85885cfe327581b0,MENTIONS
art_b0e95a36d0faa57976392de30922c6b8,ent_d36b13410347d500de53637c8b77e430,MENTIONS
art_c92a4232e25fd9597a893911fffa3380,ent_06e268914dba853f1fac062656165032,MENTIONS
art_c92a4232e25fd9597a893911fffa3380,ent_7aade72315c6da51481c5a703fccdfc9,MENTIONS
art_c92a4232e25fd9597a893911fffa3380,ent_b0cf174f6be0d1824ba454ecd526c681,MENTIONS
art_c92a4232e25fd9597a893911fffa3380,ent_fe60a6c64f4797bb973018d0f8cf7747,MENTIONS
art_c92a4232e25fd9597a893911fffa3380,ent_ae301d869cbe37acb145ed3385d8220d,MENTIONS
art_c92a4232e25fd9597a893911fffa3380,ent_8d3d17b3744d413b7f2d218b9199676d,MENTIONS
art_c92a4232e25fd9597a893911fffa3380,ent_fcec4dfb15d3b1bbca330f390cf0b345,MENTIONS
art_c92a4232e25fd9597a893911fffa3380,ent_2b4da846ceb3fb791e7085aff5e20a1b,MENTIONS
art_c92a4232e25fd9597a893911fffa3380,ent_7cc92f29b910fe8b368034e132f992ff,MENTIONS
art_c92a4232e25fd9597a893911fffa3380,ent_633296e4452634e8a702ce777b71aeb9,MENTIONS
art_c92a4232e25fd9597a893911fffa3380,ent_08479ce7c775a2000ef402307da43913,MENTIONS
art_da616edd59df7d7568e7f16be0170794,ent_b580f0864a9409084f46cf6c3eb31120,MENTIONS
art_da616edd59df7d7568e7f16be0170794,ent_02349980bba8ce563cdf709f74f96fc1,MENTIONS
art_da616edd59df7d7568e7f16be0170794,ent_ac2a93ae39ccb2a676428e73ec691cfc,MENTIONS
art_da616edd59df7d7568e7f16be0170794,ent_1f1bbbfe17b4f26a9e03b9a2f112d4ac,MENTIONS
art_da616edd59df7d7568e7f16be0170794,ent_e29be607c970e152d13d41bac266dcd3,MENTIONS
art_da616edd59df7d7568e7f16be0170794,ent_05f2a9d802e0eadc7d4f3075cef990ed,MENTIONS
art_8a57d2d8a554d7ba2bb0f6201ef1da62,ent_edc641d55be346730d71096cbd7722bc,MENTIONS
art_8a57d2d8a554d7ba2bb0f6201ef1da62,ent_82155097cf7cbd5bbc2119f0216212b9,MENTIONS
art_8a57d2d8a554d7ba2bb0f6201ef1da62,ent_214163861ed8ac3fdfdb4674bf5536af,MENTIONS
art_8a57d2d8a554d7ba2bb0f6201ef1da62,ent_56dfc2020c96ae4f546cf50eb77ee0e7,MENTIONS
art_8a57d2d8a554d7ba2bb0f6201ef1da62,ent_05f2a9d802e0eadc7d4f3075cef990ed,MENTIONS
art_8a57d2d8a554d7ba2bb0f6201ef1da62,ent_312642cda4a86945e21c6ab3175203ec,MENTIONS
art_8a57d2d8a554d7ba2bb0f6201ef1da62,ent_6d3207d702c9dc917a10d34060bb5fb3,MENTIONS
art_8a57d2d8a554d7ba2bb0f6201ef1da62,ent_48ea79dff880c7682258bb0a3bae8178,MENTIONS
art_8a57d2d8a554d7ba2bb0f6201ef1da62,ent_748ccf11933568d67d958bd3614f5c6b,MENTIONS
art_f2ebd9a77f056301fcf31d4b68b4b6d2,ent_06e268914dba853f1fac062656165032,MENTIONS
art_f2ebd9a77f056301fcf31d4b68b4b6d2,ent_fe60a6c64f4797bb973018d0f8cf7747,MENTIONS
art_f2ebd9a77f056301fcf31d4b68b4b6d2,ent_b0cf174f6be0d1824ba454ecd526c681,MENTIONS
art_f2ebd9a77f056301fcf31d4b68b4b6d2,ent_8bb4538ce06736290dd4142ce9392c11,MENTIONS
art_f2ebd9a77f056301fcf31d4b68b4b6d2,ent_2b4da846ceb3fb791e7085aff5e20a1b,MENTIONS
art_f2ebd9a77f056301fcf31d4b68b4b6d2,ent_f41516e686bf9e96f9242b30e5934b8a,MENTIONS
art_f2ebd9a77f056301fcf31d4b68b4b6d2,ent_b3c5e4dc349819b7d639f507752d2635,MENTIONS
art_f53896a550d181d8fc1a8bd8536fd80e,ent_1f566db4d2cd7698cecaf043f73a965b,MENTIONS
art_9a9f27426bff628a9b59a46ffd2d6431,ent_312642cda4a86945e21c6ab3175203ec,MENTIONS
art_9a9f27426bff628a9b59a46ffd2d6431,ent_02349980bba8ce563cdf709f74f96fc1,MENTIONS
art_9a9f27426bff628a9b59a46ffd2d6431,ent_82155097cf7cbd5bbc2119f0216212b9,MENTIONS
art_9a9f27426bff628a9b59a46ffd2d6431,ent_4fa2deebbdd08f8db412355fd5c496b0,MENTIONS
art_9a9f27426bff628a9b59a46ffd2d6431,ent_227da576e0fee2b41e04ed233a11e238,MENTIONS
art_9a9f27426bff628a9b59a46ffd2d6431,ent_6d3207d702c9dc917a10d34060bb5fb3,MENTIONS
art_b5f7fac6f99f61cd7cc777fe2cdd3751,ent_214163861ed8ac3fdfdb4674bf5536af,MENTIONS
art_b5f7fac6f99f61cd7cc777fe2cdd3751,ent_82155097cf7cbd5bbc2119f0216212b9,MENTIONS
art_b5f7fac6f99f61cd7cc777fe2cdd3751,ent_02349980bba8ce563cdf709f74f96fc1,MENTIONS
art_b5f7fac6f99f61cd7cc777fe2cdd3751,ent_312642cda4a86945e21c6ab3175203ec,MENTIONS
art_b5f7fac6f99f61cd7cc777fe2cdd3751,ent_6d3207d702c9dc917a10d34060bb5fb3,MENTIONS
art_b5f7fac6f99f61cd7cc777fe2cdd3751,ent_59eb45453f83ad36a3b64e4d5f06d8b8,MENTIONS
art_b5f7fac6f99f61cd7cc777fe2cdd3751,ent_395ed82beb8698a7d82b53b25b46685b,MENTIONS
art_b5f7fac6f99f61cd7cc777fe2cdd3751,ent_d32d3bb3d7702c520acb3c89c3eb93c3,MENTIONS
art_57c76bd5ba3f212287a4883f7eafb26e,ent_5301e4ffc0ec72ccf201348b8c53c225,MENTIONS
art_57c76bd5ba3f212287a4883f7eafb26e,ent_3a7c0cd9586ad0ee96e1989aa768d44d,MENTIONS
art_57c76bd5ba3f212287a4883f7eafb26e,ent_e1aa27557fc873c9cd1ef326424a6fef,MENTIONS
art_57c76bd5ba3f212287a4883f7eafb26e,ent_53f7473568cc2392e022670832711e48,MENTIONS
art_57c76bd5ba3f212287a4883f7eafb26e,ent_05f2a9d802e0eadc7d4f3075cef990ed,MENTIONS
art_57c76bd5ba3f212287a4883f7eafb26e,ent_fe60a6c64f4797bb973018d0f8cf7747,MENTIONS
art_71bc3b53afe81c583e84d7c1c4d33f1f,ent_226a9421040b7f2d19e6a2ff542e6eac,MENTIONS
art_71bc3b53afe81c583e84d7c1c4d33f1f,ent_43cc55c7efb2bc65cb15e929872abf56,MENTIONS
art_71bc3b53afe81c583e84d7c1c4d33f1f,ent_312642cda4a86945e21c6ab3175203ec,MENTIONS
art_71bc3b53afe81c583e84d7c1c4d33f1f,ent_4fa2deebbdd08f8db412355fd5c496b0,MENTIONS
art_71bc3b53afe81c583e84d7c1c4d33f1f,ent_02349980bba8ce563cdf709f74f96fc1,MENTIONS
art_71bc3b53afe81c583e84d7c1c4d33f1f,ent_227da576e0fee2b41e04ed233a11e238,MENTIONS
art_71bc3b53afe81c583e84d7c1c4d33f1f,ent_bab41f4da430bd439eafd667836cbe87,MENTIONS
art_71bc3b53afe81c583e84d7c1c4d33f1f,ent_331bcd4abe5d15a4a9a6900019c6d3c8,MENTIONS
art_71bc3b53afe81c583e84d7c1c4d33f1f,ent_8d3d17b3744d413b7f2d218b9199676d,MENTIONS
art_71bc3b53afe81c583e84d7c1c4d33f1f,ent_748ccf11933568d67d958bd3614f5c6b,MENTIONS
art_8a57d2d8a554d7ba2bb0f6201ef1da62,ent_1f566db4d2cd7698cecaf043f73a965b,MENTIONS
art_2a6c7ee827cda2bffb35c4560ccc55b8,ent_495afcb676206fea707516bc464d8f6e,MENTIONS
art_2a6c7ee827cda2bffb35c4560ccc55b8,ent_214163861ed8ac3fdfdb4674bf5536af,MENTIONS
art_2a6c7ee827cda2bffb35c4560ccc55b8,ent_312642cda4a86945e21c6ab3175203ec,MENTIONS
art_2a6c7ee827cda2bffb35c4560ccc55b8,ent_b60d63ac30aac43f815422d951f732de,MENTIONS
art_2a6c7ee827cda2bffb35c4560ccc55b8,ent_007187134d2a71dbb59063ef85ef7ab3,MENTIONS
art_29a002cb63adb0aca7001fa149b92123,ent_108261c8cd39750f43e15e588a730a30,MENTIONS
art_29a002cb63adb0aca7001fa149b92123,ent_3cb11db3b9b90b528c0e2aa77f96119e,MENTIONS
art_29a002cb63adb0aca7001fa149b92123,ent_270e088860374aee31af8f076a3cda20,MENTIONS
art_29a002cb63adb0aca7001fa149b92123,ent_8242faccd408abe9b3e11312dbce158e,MENTIONS
art_29a002cb63adb0aca7001fa149b92123,ent_9c488b2d2d6c127298626fe259a4af1f,MENTIONS
art_29a002cb63adb0aca7001fa149b92123,ent_9cc8fa3aaed5fa86c37d459cba837f04,MENTIONS
art_29a002cb63adb0aca7001fa149b92123,ent_02349980bba8ce563cdf709f74f96fc1,MENTIONS
art_29a002cb63adb0aca7001fa149b92123,ent_948f1b4894e10cea4773783fa5d4d551,MENTIONS
art_29a002cb63adb0aca7001fa149b92123,ent_6dfd39155e9344acea52e049e74a2755,MENTIONS
art_29a002cb63adb0aca7001fa149b92123,ent_0a2bbeb17d94cd6bbd1dd273710268f8,MENTIONS
art_29a002cb63adb0aca7001fa149b92123,ent_19f155ac62ae94bd2d077974e3b63e78,MENTIONS
art_29a002cb63adb0aca7001fa149b92123,ent_4ad41a56098c245d97dbd04ecf819c49,MENTIONS
art_29a002cb63adb0aca7001fa149b92123,ent_f6e1b63656a91d2c78ac81be9c20064a,MENTIONS
art_cf4e8569eb287aa001377f31b1ed312b,ent_b413b0f80b8d06ff291ed5a8fcd6db8c,MENTIONS
art_cf4e8569eb287aa001377f31b1ed312b,ent_d3a2f1c67520a7b37cb5653e93fe281f,MENTIONS
art_cf4e8569eb287aa001377f31b1ed312b,ent_7fae0a47d7f2ff8e917fab087c4765d3,MENTIONS
art_cf4e8569eb287aa001377f31b1ed312b,ent_e90ab5a01509143abcd2888563f63002,MENTIONS
art_574f7023a9a16afe75cd9859f2b7a045,ent_fe60a6c64f4797bb973018d0f8cf7747,MENTIONS
art_574f7023a9a16afe75cd9859f2b7a045,ent_3ab6ff1d9ff3275afd1087084a51aef4,MENTIONS
art_574f7023a9a16afe75cd9859f2b7a045,ent_a4d8d5a08cb632e181597799deb30cc7,MENTIONS
art_574f7023a9a16afe75cd9859f2b7a045,ent_2b96431769a7d7202b7c32aaab155cef,MENTIONS
art_574f7023a9a16afe75cd9859f2b7a045,ent_099285919b579aeb33136d9f7d2072c1,MENTIONS
art_574f7023a9a16afe75cd9859f2b7a045,ent_89d703ee973ab71a726435f16c95a45f,MENTIONS
art_574f7023a9a16afe75cd9859f2b7a045,ent_720f10e1f3e4dfaa6838a88d9839c5c9,MENTIONS
art_574f7023a9a16afe75cd9859f2b7a045,ent_c4b4e5493c5dcf4d16c9bba1c54e8c25,MENTIONS
art_574f7023a9a16afe75cd9859f2b7a045,ent_cc565cc9e67f11394c6bfa2c10ded8d9,MENTIONS
art_574f7023a9a16afe75cd9859f2b7a045,ent_d63408c961ddd31172bfdf38890945e6,MENTIONS
art_574f7023a9a16afe75cd9859f2b7a045,ent_02349980bba8ce563cdf709f74f96fc1,MENTIONS
art_574f7023a9a16afe75cd9859f2b7a045,ent_312642cda4a86945e21c6ab3175203ec,MENTIONS
art_b6797d92cef3489664e705ed3fc98f0c,ent_312642cda4a86945e21c6ab3175203ec,MENTIONS
art_b6797d92cef3489664e705ed3fc98f0c,ent_35c75472e120e01546f333a200f60c53,MENTIONS
art_b6797d92cef3489664e705ed3fc98f0c,ent_bc055485e54e903b3c7c7f5cf093b676,MENTIONS
art_b6797d92cef3489664e705ed3fc98f0c,ent_d0c8770ba039a6ae69fe5ae77ecf20bd,MENTIONS
art_b6797d92cef3489664e705ed3fc98f0c,ent_56223953b1be983c383865d5576bb10a,MENTIONS
art_b6797d92cef3489664e705ed3fc98f0c,ent_f034289ee7410fa74955890420cdc097,MENTIONS
art_b6797d92cef3489664e705ed3fc98f0c,ent_d36b13410347d500de53637c8b77e430,MENTIONS
art_b6797d92cef3489664e705ed3fc98f0c,ent_e90ab5a01509143abcd2888563f63002,MENTIONS
art_b5df4dfad236befb9c18c15e904412c2,ent_7fe461592c31b7bf33bf11d21d306ea0,MENTIONS
art_b5df4dfad236befb9c18c15e904412c2,ent_312642cda4a86945e21c6ab3175203ec,MENTIONS
art_b5df4dfad236befb9c18c15e904412c2,ent_120b5aabbc6b0e3c20b9788cd12fdf60,MENTIONS
art_b5df4dfad236befb9c18c15e904412c2,ent_59eb45453f83ad36a3b64e4d5f06d8b8,MENTIONS
art_b5df4dfad236befb9c18c15e904412c2,ent_6d3207d702c9dc917a10d34060bb5fb3,MENTIONS
art_b5df4dfad236befb9c18c15e904412c2,ent_e86366bf0c34f8d782fea738b06ae595,MENTIONS
art_b5df4dfad236befb9c18c15e904412c2,ent_b459a89d6be72fd7ba147d6da5091f84,MENTIONS
art_b5df4dfad236befb9c18c15e904412c2,ent_970f504fc83d9131144532f858ffd62d,MENTIONS
art_b5df4dfad236befb9c18c15e904412c2,ent_02349980bba8ce563cdf709f74f96fc1,MENTIONS
art_b5df4dfad236befb9c18c15e904412c2,ent_82155097cf7cbd5bbc2119f0216212b9,MENTIONS
art_b5df4dfad236befb9c18c15e904412c2,ent_9963fa28d3d5bad1c013a43c3f7f39b6,MENTIONS
art_c65586a70c93933af133868175967d68,ent_02349980bba8ce563cdf709f74f96fc1,MENTIONS
art_c65586a70c93933af133868175967d68,ent_312642cda4a86945e21c6ab3175203ec,MENTIONS
art_c65586a70c93933af133868175967d68,ent_a56e2d292ccca121104c1c8bac10d0d0,MENTIONS
art_c65586a70c93933af133868175967d68,ent_56dfc2020c96ae4f546cf50eb77ee0e7,MENTIONS
art_c65586a70c93933af133868175967d68,ent_d64142b96ab1ae81076bf2f88d6b01c5,MENTIONS
art_c65586a70c93933af133868175967d68,ent_4fa2deebbdd08f8db412355fd5c496b0,MENTIONS
art_c65586a70c93933af133868175967d68,ent_edc641d55be346730d71096cbd7722bc,MENTIONS
art_c65586a70c93933af133868175967d68,ent_9f9becccd1bbc77f14d0e3ffbb99d9e6,MENTIONS
art_c65586a70c93933af133868175967d68,ent_cbd232b1efe80cb37000cbd54fb3e0ad,MENTIONS
art_c65586a70c93933af133868175967d68,ent_c7ab9752078a566c05df754372fdb17f,MENTIONS
art_c65586a70c93933af133868175967d68,ent_c5ed4e16a5463e51c32273a3cc29bef4,MENTIONS
art_c65586a70c93933af133868175967d68,ent_59eb45453f83ad36a3b64e4d5f06d8b8,MENTIONS
art_c79ca9b68ed0c2e69efe614020e8c01b,ent_2a6d3686110703bc69da3220c6ee6b5f,MENTIONS
art_c79ca9b68ed0c2e69efe614020e8c01b,ent_d36b13410347d500de53637c8b77e430,MENTIONS
art_c79ca9b68ed0c2e69efe614020e8c01b,ent_7fe461592c31b7bf33bf11d21d306ea0,MENTIONS
art_c79ca9b68ed0c2e69efe614020e8c01b,ent_13e8081dd8a5f9efcb8e79d4334fb69d,MENTIONS
art_c79ca9b68ed0c2e69efe614020e8c01b,ent_e90ab5a01509143abcd2888563f63002,MENTIONS
art_c79ca9b68ed0c2e69efe614020e8c01b,ent_634d30f1d295382071bc70b8e883717b,MENTIONS
art_c79ca9b68ed0c2e69efe614020e8c01b,ent_9f9becccd1bbc77f14d0e3ffbb99d9e6,MENTIONS
art_c79ca9b68ed0c2e69efe614020e8c01b,ent_02349980bba8ce563cdf709f74f96fc1,MENTIONS
art_c79ca9b68ed0c2e69efe614020e8c01b,ent_1500adbe59ed64f4e29b7ed9e4a54fc0,MENTIONS
art_c79ca9b68ed0c2e69efe614020e8c01b,ent_0571d26e48ef9bf9d6f2f575de7a30cb,MENTIONS
art_25024395a07f0aba00f5b9ffc95d9d92,ent_312642cda4a86945e21c6ab3175203ec,MENTIONS
art_25024395a07f0aba00f5b9ffc95d9d92,ent_495afcb676206fea707516bc464d8f6e,MENTIONS
art_25024395a07f0aba00f5b9ffc95d9d92,ent_b7dabbce6d2828bcdfa3efde1af8a979,MENTIONS
art_25024395a07f0aba00f5b9ffc95d9d92,ent_9f1be7f8e2143068af8c286e654215b9,MENTIONS
art_25024395a07f0aba00f5b9ffc95d9d92,ent_848015af8766cb8f2e66510ab1145bd0,MENTIONS
art_25024395a07f0aba00f5b9ffc95d9d92,ent_02349980bba8ce563cdf709f74f96fc1,MENTIONS
art_25024395a07f0aba00f5b9ffc95d9d92,ent_007187134d2a71dbb59063ef85ef7ab3,MENTIONS
art_69551506f3717a4e95d7021283d61f96,ent_e12168c4a835c510d8129f02adac88ce,MENTIONS
art_69551506f3717a4e95d7021283d61f96,ent_cdde71b6b2d3a293bb8a64043458882f,MENTIONS
art_69551506f3717a4e95d7021283d61f96,ent_076173809b5a7e293c5fb60f9019b3f8,MENTIONS
art_69551506f3717a4e95d7021283d61f96,ent_226a9421040b7f2d19e6a2ff542e6eac,MENTIONS
art_69551506f3717a4e95d7021283d61f96,ent_d36b13410347d500de53637c8b77e430,MENTIONS
art_69551506f3717a4e95d7021283d61f96,ent_9f9becccd1bbc77f14d0e3ffbb99d9e6,MENTIONS
art_69551506f3717a4e95d7021283d61f96,ent_b7f45ebed8112c419ef68177b9981551,MENTIONS
art_69551506f3717a4e95d7021283d61f96,ent_02349980bba8ce563cdf709f74f96fc1,MENTIONS
art_69551506f3717a4e95d7021283d61f96,ent_c70700b5155ac7d7f30e22a9574bfdc8,MENTIONS
art_69551506f3717a4e95d7021283d61f96,ent_fe60a6c64f4797bb973018d0f8cf7747,MENTIONS
art_69551506f3717a4e95d7021283d61f96,ent_946e3886218719e6de2ab8af55542cf9,MENTIONS
art_c58bbe6d04f6ebed20a6aab3f8012824,ent_b413b0f80b8d06ff291ed5a8fcd6db8c,MENTIONS
art_c58bbe6d04f6ebed20a6aab3f8012824,ent_0b9055a0bfe599497955cadf9434a469,MENTIONS
art_c58bbe6d04f6ebed20a6aab3f8012824,ent_0bf651b68c9d907e39b4a5e1f8e6b95f,MENTIONS
art_c58bbe6d04f6ebed20a6aab3f8012824,ent_1f1bbbfe17b4f26a9e03b9a2f112d4ac,MENTIONS
art_23e253556609d6710d632b0af718229f,ent_4fa2deebbdd08f8db412355fd5c496b0,MENTIONS
art_23e253556609d6710d632b0af718229f,ent_d36b13410347d500de53637c8b77e430,MENTIONS
art_23e253556609d6710d632b0af718229f,ent_02349980bba8ce563cdf709f74f96fc1,MENTIONS
art_23e253556609d6710d632b0af718229f,ent_6d3207d702c9dc917a10d34060bb5fb3,MENTIONS
art_23e253556609d6710d632b0af718229f,ent_82155097cf7cbd5bbc2119f0216212b9,MENTIONS
art_23e253556609d6710d632b0af718229f,ent_d0c8770ba039a6ae69fe5ae77ecf20bd,MENTIONS
art_23e253556609d6710d632b0af718229f,ent_d64142b96ab1ae81076bf2f88d6b01c5,MENTIONS
art_23e253556609d6710d632b0af718229f,ent_848015af8766cb8f2e66510ab1145bd0,MENTIONS
art_9b18ea4783811b213c8aa3021e05a80e,ent_226a9421040b7f2d19e6a2ff542e6eac,MENTIONS
art_9b18ea4783811b213c8aa3021e05a80e,ent_bbd0c2e79f23bd36da41c34c90571a9d,MENTIONS
art_9b18ea4783811b213c8aa3021e05a80e,ent_1a55193dcbd3263b362e268b5e4af343,MENTIONS
art_9b18ea4783811b213c8aa3021e05a80e,ent_fe60a6c64f4797bb973018d0f8cf7747,MENTIONS
art_9b18ea4783811b213c8aa3021e05a80e,ent_2b4da846ceb3fb791e7085aff5e20a1b,MENTIONS
art_9b18ea4783811b213c8aa3021e05a80e,ent_095d506b64e7e3ea2150d1f43217ad5e,MENTIONS
art_9b18ea4783811b213c8aa3021e05a80e,ent_73cb9346d4c28ed7183e400772654b27,MENTIONS
art_9b18ea4783811b213c8aa3021e05a80e,ent_05f2a9d802e0eadc7d4f3075cef990ed,MENTIONS
art_9b18ea4783811b213c8aa3021e05a80e,ent_76be243bb3f9a04da21b1e6398f703ca,MENTIONS
art_9b18ea4783811b213c8aa3021e05a80e,ent_f14b0877e492365cb4c86acb08cfeb2a,MENTIONS
art_9b18ea4783811b213c8aa3021e05a80e,ent_a67c70a137f737b2a66222e70b761179,MENTIONS
art_9b18ea4783811b213c8aa3021e05a80e,ent_6c6b9b2cde4aa93713747e5879be47c5,MENTIONS
art_9b18ea4783811b213c8aa3021e05a80e,ent_943636b941dc2a7ad3e03d1b8abca511,MENTIONS
art_a6e56f85a996f4bbfc70c9b3c7c8be3c,ent_02349980bba8ce563cdf709f74f96fc1,MENTIONS
art_a6e56f85a996f4bbfc70c9b3c7c8be3c,ent_312642cda4a86945e21c6ab3175203ec,MENTIONS
art_a6e56f85a996f4bbfc70c9b3c7c8be3c,ent_b82afb690cc79e8d6ddf4f691251c28c,MENTIONS
art_a6e56f85a996f4bbfc70c9b3c7c8be3c,ent_e781755b53bdc10b7d94ea07983f05e9,MENTIONS
art_a6e56f85a996f4bbfc70c9b3c7c8be3c,ent_9979b7bc7b428a4284b439bdcf79a15b,MENTIONS
art_a6e56f85a996f4bbfc70c9b3c7c8be3c,ent_214163861ed8ac3fdfdb4674bf5536af,MENTIONS
art_a6e56f85a996f4bbfc70c9b3c7c8be3c,ent_73cb9346d4c28ed7183e400772654b27,MENTIONS
art_a6e56f85a996f4bbfc70c9b3c7c8be3c,ent_59eb45453f83ad36a3b64e4d5f06d8b8,MENTIONS
art_a6e56f85a996f4bbfc70c9b3c7c8be3c,ent_395ed82beb8698a7d82b53b25b46685b,MENTIONS
art_a6e56f85a996f4bbfc70c9b3c7c8be3c,ent_ad0d021ec0d541fa6fee538c54ea2bd3,MENTIONS
art_a6e56f85a996f4bbfc70c9b3c7c8be3c,ent_a38910398001b06040db8a649fc24696,MENTIONS
art_a6e56f85a996f4bbfc70c9b3c7c8be3c,ent_cbb6e3786ff6304058b4329ba8457b37,MENTIONS
art_16cf3ed82575b7d901b57067ac083412,ent_b413b0f80b8d06ff291ed5a8fcd6db8c,MENTIONS
art_16cf3ed82575b7d901b57067ac083412,ent_30f21f65eccecff5a5c66089503cd94f,MENTIONS
art_16cf3ed82575b7d901b57067ac083412,ent_312642cda4a86945e21c6ab3175203ec,MENTIONS
art_16cf3ed82575b7d901b57067ac083412,ent_82155097cf7cbd5bbc2119f0216212b9,MENTIONS
art_16cf3ed82575b7d901b57067ac083412,ent_14699376b3cfd3c52cdfdc6c5ad3b2de,MENTIONS
art_16cf3ed82575b7d901b57067ac083412,ent_0bf651b68c9d907e39b4a5e1f8e6b95f,MENTIONS
art_16cf3ed82575b7d901b57067ac083412,ent_02349980bba8ce563cdf709f74f96fc1,MENTIONS
art_16cf3ed82575b7d901b57067ac083412,ent_62b9548e586c0ec07fc8d6dca8598bbc,MENTIONS
art_1008e3f97b11ca2c3d53993e9ecd2018,ent_b413b0f80b8d06ff291ed5a8fcd6db8c,MENTIONS
art_1008e3f97b11ca2c3d53993e9ecd2018,ent_2a6d3686110703bc69da3220c6ee6b5f,MENTIONS
art_1008e3f97b11ca2c3d53993e9ecd2018,ent_d36b13410347d500de53637c8b77e430,MENTIONS
art_1008e3f97b11ca2c3d53993e9ecd2018,ent_82155097cf7cbd5bbc2119f0216212b9,MENTIONS
art_1008e3f97b11ca2c3d53993e9ecd2018,ent_efc6d483e2f16395ac8255f861561cab,MENTIONS
art_1008e3f97b11ca2c3d53993e9ecd2018,ent_adafd11128e9f209cb13a62c67f4a2b4,MENTIONS
art_1008e3f97b11ca2c3d53993e9ecd2018,ent_0bf651b68c9d907e39b4a5e1f8e6b95f,MENTIONS
art_1008e3f97b11ca2c3d53993e9ecd2018,ent_4fa2deebbdd08f8db412355fd5c496b0,MENTIONS
art_1008e3f97b11ca2c3d53993e9ecd2018,ent_02349980bba8ce563cdf709f74f96fc1,MENTIONS
art_1008e3f97b11ca2c3d53993e9ecd2018,ent_e9748197391743c34f12817db6f209f8,MENTIONS
art_1008e3f97b11ca2c3d53993e9ecd2018,ent_312642cda4a86945e21c6ab3175203ec,MENTIONS
art_920373c835f18a1671e65af858f962c8,ent_02349980bba8ce563cdf709f74f96fc1,MENTIONS
art_920373c835f18a1671e65af858f962c8,ent_0fe7045112ef628f34db8ab99d2570ed,MENTIONS
art_920373c835f18a1671e65af858f962c8,ent_312642cda4a86945e21c6ab3175203ec,MENTIONS
art_07e2b9064edea0cf992aad17c8c2f410,ent_7fb2a16a502dec6feee5ddd776a2c850,MENTIONS
art_07e2b9064edea0cf992aad17c8c2f410,ent_b413b0f80b8d06ff291ed5a8fcd6db8c,MENTIONS
art_07e2b9064edea0cf992aad17c8c2f410,ent_02349980bba8ce563cdf709f74f96fc1,MENTIONS
art_c743197854f3eaacd75d20c7c026ed5f,ent_02349980bba8ce563cdf709f74f96fc1,MENTIONS
art_c743197854f3eaacd75d20c7c026ed5f,ent_dcc255e3b03b08cd95d9f6056e67e1c1,MENTIONS
art_c743197854f3eaacd75d20c7c026ed5f,ent_bab41f4da430bd439eafd667836cbe87,MENTIONS
art_d8df29050779d14f6297a4f4c76289c5,ent_1f1bbbfe17b4f26a9e03b9a2f112d4ac,MENTIONS
art_d8df29050779d14f6297a4f4c76289c5,ent_9a28fe85ae38c39adc93439e318fb0c9,MENTIONS
art_d8df29050779d14f6297a4f4c76289c5,ent_05f2a9d802e0eadc7d4f3075cef990ed,MENTIONS
art_d8df29050779d14f6297a4f4c76289c5,ent_0b9055a0bfe599497955cadf9434a469,MENTIONS
art_955eccb0873ecd621bf5f3599a81fd26,ent_e91906d6ebe5ae95d1873b44013bf38b,MENTIONS
art_955eccb0873ecd621bf5f3599a81fd26,ent_e0c8b9cd160560b233e9b9cb17f4d06b,MENTIONS
art_955eccb0873ecd621bf5f3599a81fd26,ent_6d3207d702c9dc917a10d34060bb5fb3,MENTIONS
art_955eccb0873ecd621bf5f3599a81fd26,ent_d6de106987917692c0a196263d955413,MENTIONS
art_73a1042a6a118a879ab3cdb68809ff9a,ent_06e268914dba853f1fac062656165032,MENTIONS
art_73a1042a6a118a879ab3cdb68809ff9a,ent_fe60a6c64f4797bb973018d0f8cf7747,MENTIONS
art_73a1042a6a118a879ab3cdb68809ff9a,ent_2a6d3686110703bc69da3220c6ee6b5f,MENTIONS
art_0bd6f813ff9738a22f2a66d4a1ecff96,ent_7fe461592c31b7bf33bf11d21d306ea0,MENTIONS
art_0bd6f813ff9738a22f2a66d4a1ecff96,ent_bab41f4da430bd439eafd667836cbe87,MENTIONS
art_0bd6f813ff9738a22f2a66d4a1ecff96,ent_312642cda4a86945e21c6ab3175203ec,MENTIONS
art_691dc2fffc91643fdb93f4dea3d9258d,ent_b413b0f80b8d06ff291ed5a8fcd6db8c,MENTIONS
art_691dc2fffc91643fdb93f4dea3d9258d,ent_214163861ed8ac3fdfdb4674bf5536af,MENTIONS
art_691dc2fffc91643fdb93f4dea3d9258d,ent_5c8dc1422d4d53a5a8706fc8dc350bcd,MENTIONS
art_691dc2fffc91643fdb93f4dea3d9258d,ent_f81face6f78222a44267c29b8b74f92c,MENTIONS
art_e9b72586a90203f5d864c08d5b1a1948,ent_8fea612c254dac31de096b5bf2c1d2be,MENTIONS
art_e9b72586a90203f5d864c08d5b1a1948,ent_41c0e16d79ff281bcaf10d1d9c96b819,MENTIONS
art_e9b72586a90203f5d864c08d5b1a1948,ent_312642cda4a86945e21c6ab3175203ec,MENTIONS
art_e9b72586a90203f5d864c08d5b1a1948,ent_02349980bba8ce563cdf709f74f96fc1,MENTIONS
art_93bea305a7d7dfcb0844a0b7a0aa2e4e,ent_aab2051e760de4c6bab7612178b3896c,MENTIONS
art_93bea305a7d7dfcb0844a0b7a0aa2e4e,ent_5e59ad66759572621fabc25e69be6f72,MENTIONS
art_93bea305a7d7dfcb0844a0b7a0aa2e4e,ent_1f1bbbfe17b4f26a9e03b9a2f112d4ac,MENTIONS
art_93bea305a7d7dfcb0844a0b7a0aa2e4e,ent_febf3a783271ae9bb188d8a3278b8501,MENTIONS
art_93bea305a7d7dfcb0844a0b7a0aa2e4e,ent_bccc642ac9be25934ad89685473a42c7,MENTIONS
art_93bea305a7d7dfcb0844a0b7a0aa2e4e,ent_b7f45ebed8112c419ef68177b9981551,MENTIONS
art_93bea305a7d7dfcb0844a0b7a0aa2e4e,ent_02349980bba8ce563cdf709f74f96fc1,MENTIONS
art_93bea305a7d7dfcb0844a0b7a0aa2e4e,ent_0b9055a0bfe599497955cadf9434a469,MENTIONS
art_93bea305a7d7dfcb0844a0b7a0aa2e4e,ent_038c249fc8e4e2c7b40493f440dd62a9,MENTIONS
art_93bea305a7d7dfcb0844a0b7a0aa2e4e,ent_9704280c723c3af2c2c8cd0b1cf95bd7,MENTIONS
art_93bea305a7d7dfcb0844a0b7a0aa2e4e,ent_90ecbd4fa8f021e7f2413c6395f6fb59,MENTIONS
art_93bea305a7d7dfcb0844a0b7a0aa2e4e,ent_0eb4b644edae376d589bf9a190569584,MENTIONS
art_93bea305a7d7dfcb0844a0b7a0aa2e4e,ent_36122b51340c13e3dd9a8c8c783e4754,MENTIONS
art_93bea305a7d7dfcb0844a0b7a0aa2e4e,ent_e1b4421c00a13265ee6a5c13f59a1ed7,MENTIONS
art_bf3dfd0c8a9ff1302270764ce90448da,ent_e91906d6ebe5ae95d1873b44013bf38b,MENTIONS
art_bf3dfd0c8a9ff1302270764ce90448da,ent_b836e8e394abb4fd3f1c2a993093dd86,MENTIONS
art_bf3dfd0c8a9ff1302270764ce90448da,ent_e0c8b9cd160560b233e9b9cb17f4d06b,MENTIONS
art_bf3dfd0c8a9ff1302270764ce90448da,ent_4fa2deebbdd08f8db412355fd5c496b0,MENTIONS
art_bf3dfd0c8a9ff1302270764ce90448da,ent_02349980bba8ce563cdf709f74f96fc1,MENTIONS
art_e40879c12076bbd865753d0b36988a83,ent_3bc1edfca40c685fdf1c19382960942b,MENTIONS
art_e40879c12076bbd865753d0b36988a83,ent_1f1bbbfe17b4f26a9e03b9a2f112d4ac,MENTIONS
art_e40879c12076bbd865753d0b36988a83,ent_05f2a9d802e0eadc7d4f3075cef990ed,MENTIONS
art_6fcd612480aab93378752425c52e8e4a,ent_076173809b5a7e293c5fb60f9019b3f8,MENTIONS
art_6fcd612480aab93378752425c52e8e4a,ent_312642cda4a86945e21c6ab3175203ec,MENTIONS
art_6fcd612480aab93378752425c52e8e4a,ent_02349980bba8ce563cdf709f74f96fc1,MENTIONS
art_6fcd612480aab93378752425c52e8e4a,ent_ceaf3ed7472b9d478c04f659ef747bb4,MENTIONS
art_6fcd612480aab93378752425c52e8e4a,ent_13402d886be466575c55a79727dcd454,MENTIONS
art_7b506dabf96b91d2c3bd0f5676781d58,ent_b413b0f80b8d06ff291ed5a8fcd6db8c,MENTIONS
art_7b506dabf96b91d2c3bd0f5676781d58,ent_f20011e5270666592304898988523261,MENTIONS
art_7b506dabf96b91d2c3bd0f5676781d58,ent_7d62fca88aae8064a6ca41aa3c5ac863,MENTIONS
art_7b506dabf96b91d2c3bd0f5676781d58,ent_022dceeb82c260e3c1e10672e0f27a2e,MENTIONS
art_7b506dabf96b91d2c3bd0f5676781d58,ent_02349980bba8ce563cdf709f74f96fc1,MENTIONS
art_7b506dabf96b91d2c3bd0f5676781d58,ent_35197dd517ba63bb2e8d8115493f5734,MENTIONS
art_3033e4962ceb06d163a43fe48fbea26e,ent_848015af8766cb8f2e66510ab1145bd0,MENTIONS
art_3033e4962ceb06d163a43fe48fbea26e,ent_fe60a6c64f4797bb973018d0f8cf7747,MENTIONS
art_3033e4962ceb06d163a43fe48fbea26e,ent_a0bff3611b68f562f0ef505129a6c467,MENTIONS
art_3033e4962ceb06d163a43fe48fbea26e,ent_7fe461592c31b7bf33bf11d21d306ea0,MENTIONS
art_3033e4962ceb06d163a43fe48fbea26e,ent_312642cda4a86945e21c6ab3175203ec,MENTIONS
art_3033e4962ceb06d163a43fe48fbea26e,ent_02349980bba8ce563cdf709f74f96fc1,MENTIONS
art_eca80a96425f142b9dc31bde10575aae,ent_e1b342a45d41a5f1606d6716d1aa2138,MENTIONS
art_eca80a96425f142b9dc31bde10575aae,ent_d36b13410347d500de53637c8b77e430,MENTIONS
art_eca80a96425f142b9dc31bde10575aae,ent_b413b0f80b8d06ff291ed5a8fcd6db8c,MENTIONS
art_eca80a96425f142b9dc31bde10575aae,ent_848015af8766cb8f2e66510ab1145bd0,MENTIONS
art_eca80a96425f142b9dc31bde10575aae,ent_bab41f4da430bd439eafd667836cbe87,MENTIONS
art_eca80a96425f142b9dc31bde10575aae,ent_aab2051e760de4c6bab7612178b3896c,MENTIONS
art_749c28200e3d4555638bf89116cbd2ae,ent_c923c3f51b8174371c67c48dd1ba6dce,MENTIONS
art_749c28200e3d4555638bf89116cbd2ae,ent_bc691bb31562d2649d3f572ba53114a3,MENTIONS
art_749c28200e3d4555638bf89116cbd2ae,ent_2fd8136172237cf16a28898ab4545e38,MENTIONS
art_749c28200e3d4555638bf89116cbd2ae,ent_62b8c36a26895c271b36f9b37577bb7c,MENTIONS
art_f29337f8097c09a8c966681774c368fd,ent_d36b13410347d500de53637c8b77e430,MENTIONS
art_f29337f8097c09a8c966681774c368fd,ent_312642cda4a86945e21c6ab3175203ec,MENTIONS
art_330380d2c734e071d821594567fd5550,ent_c3b1a373f27e8f0f321f35d54d020c78,MENTIONS
art_330380d2c734e071d821594567fd5550,ent_b413b0f80b8d06ff291ed5a8fcd6db8c,MENTIONS
art_330380d2c734e071d821594567fd5550,ent_f20011e5270666592304898988523261,MENTIONS
art_330380d2c734e071d821594567fd5550,ent_fe869a4b603f91927506d4afd6ad0d2c,MENTIONS
art_330380d2c734e071d821594567fd5550,ent_7fe461592c31b7bf33bf11d21d306ea0,MENTIONS
art_96607f5834279e8c21617b5d7dc449f0,ent_939718a00177f4a7a8a8caf8e210b494,MENTIONS
art_96607f5834279e8c21617b5d7dc449f0,ent_5a7e16494888a8bebc43bff713c3086d,MENTIONS
art_96607f5834279e8c21617b5d7dc449f0,ent_3d554d0fd0d33b7113c489c5da842258,MENTIONS
art_96607f5834279e8c21617b5d7dc449f0,ent_48bee8ba2bfbe6d5cd3de39880222716,MENTIONS
art_96607f5834279e8c21617b5d7dc449f0,ent_93e81e1b5faf5578202442a06bda25aa,MENTIONS
art_96607f5834279e8c21617b5d7dc449f0,ent_77d5c42f18db636bc2df50aaaee69db7,MENTIONS
art_96607f5834279e8c21617b5d7dc449f0,ent_758aae7e0b893f6f76d3ffecc51f9f1d,MENTIONS
art_176585495ab9bab87073acba47cc2bb0,ent_7fe461592c31b7bf33bf11d21d306ea0,MENTIONS
art_176585495ab9bab87073acba47cc2bb0,ent_02349980bba8ce563cdf709f74f96fc1,MENTIONS
art_176585495ab9bab87073acba47cc2bb0,ent_048107dbdd961b96e574104b343fe77f,MENTIONS
art_6cc8ef49482c15f0309b078690a3f98f,ent_97643c03d57bc5a51f0f1eb5f59247b0,MENTIONS
art_6cc8ef49482c15f0309b078690a3f98f,ent_bfcd4a1a8173dacbe7a96eb11978e206,MENTIONS
art_6cc8ef49482c15f0309b078690a3f98f,ent_5796f2e9f39906ce507084e73fb4d3ed,MENTIONS
art_6cc8ef49482c15f0309b078690a3f98f,ent_78a7997e878d8cf658d28366cd7a4075,MENTIONS
art_6cc8ef49482c15f0309b078690a3f98f,ent_ca05e3a4c038070c01c1d5c9ac923010,MENTIONS
art_6cc8ef49482c15f0309b078690a3f98f,ent_e39b3a846a7ea3d3e546c2ac6ac1b02f,MENTIONS
art_6cc8ef49482c15f0309b078690a3f98f,ent_efa89a40c1d9c7e9e18925860b0a9700,MENTIONS
art_155ecca4c91ff6edb518d2c77431bc4c,ent_2a6d3686110703bc69da3220c6ee6b5f,MENTIONS
art_155ecca4c91ff6edb518d2c77431bc4c,ent_02349980bba8ce563cdf709f74f96fc1,MENTIONS
art_155ecca4c91ff6edb518d2c77431bc4c,ent_f5e36b29147e73fa2f19805768760f76,MENTIONS
art_155ecca4c91ff6edb518d2c77431bc4c,ent_486ae472a11f8716a4c30a5158278beb,MENTIONS
art_09e08a93c228e115b4a70119d3251bac,ent_43be8bdb6fb5140546446a1069469118,MENTIONS
art_09e08a93c228e115b4a70119d3251bac,ent_ba940b8b744b507b695c1697e5680698,MENTIONS
art_09e08a93c228e115b4a70119d3251bac,ent_5ec4b1f617df3bf0e4bf4bbbc8424d3c,MENTIONS
art_09e08a93c228e115b4a70119d3251bac,ent_adafd11128e9f209cb13a62c67f4a2b4,MENTIONS
art_65f87c8ec732dd95dce531541334c0d1,ent_5cdbc176f3c2aae2f6919a301a779fe0,MENTIONS
art_7c7d2aeefc7bd3a058109d03b7e33c23,ent_12a0f4c35f92f11a261c93a6af1c008e,MENTIONS
art_7c7d2aeefc7bd3a058109d03b7e33c23,ent_9332daa10c4ad77bafdbc2e1507d83f4,MENTIONS
art_7c7d2aeefc7bd3a058109d03b7e33c23,ent_02349980bba8ce563cdf709f74f96fc1,MENTIONS
art_7c7d2aeefc7bd3a058109d03b7e33c23,ent_c248d32b2a2aa0822ee1a9670e95a5da,MENTIONS
art_b869de8861f0905b2887b80efe01e5e4,ent_89c4252d5f7425001e733dc0980333f5,MENTIONS
art_b869de8861f0905b2887b80efe01e5e4,ent_312642cda4a86945e21c6ab3175203ec,MENTIONS
art_b869de8861f0905b2887b80efe01e5e4,ent_8d3d17b3744d413b7f2d218b9199676d,MENTIONS
art_b869de8861f0905b2887b80efe01e5e4,ent_f721f1c972cd6432829ad1bf43bcaf2d,MENTIONS
art_b869de8861f0905b2887b80efe01e5e4,ent_4fa2deebbdd08f8db412355fd5c496b0,MENTIONS
art_d0d9361961a50784e1cfdac3661ec4b1,ent_1f1bbbfe17b4f26a9e03b9a2f112d4ac,MENTIONS
art_d0d9361961a50784e1cfdac3661ec4b1,ent_3bc1edfca40c685fdf1c19382960942b,MENTIONS
art_d0d9361961a50784e1cfdac3661ec4b1,ent_471394ace83d5b4db4fb120c6fec5110,MENTIONS
art_d0d9361961a50784e1cfdac3661ec4b1,ent_7fe461592c31b7bf33bf11d21d306ea0,MENTIONS
art_d0d9361961a50784e1cfdac3661ec4b1,ent_02349980bba8ce563cdf709f74f96fc1,MENTIONS
art_8fde0183e9b55a027bbd7cd933750472,ent_4c48ff91d644c3d46350904c8facf794,MENTIONS
art_8fde0183e9b55a027bbd7cd933750472,ent_312642cda4a86945e21c6ab3175203ec,MENTIONS
art_8fde0183e9b55a027bbd7cd933750472,ent_02349980bba8ce563cdf709f74f96fc1,MENTIONS
art_8fde0183e9b55a027bbd7cd933750472,ent_ef2dd83258d54c70b0254b405c405881,MENTIONS
art_8fde0183e9b55a027bbd7cd933750472,ent_63c5d1906a58e2d915c068649dede97f,MENTIONS
art_8fde0183e9b55a027bbd7cd933750472,ent_de5988c02532560a4578ca51aadce2a7,MENTIONS
art_a59346e9a161abc5a5b69db7a0d29477,ent_02349980bba8ce563cdf709f74f96fc1,MENTIONS
art_a59346e9a161abc5a5b69db7a0d29477,ent_73dc574896138b346ebce1f07012f146,MENTIONS
art_a59346e9a161abc5a5b69db7a0d29477,ent_2a6d3686110703bc69da3220c6ee6b5f,MENTIONS
art_a59346e9a161abc5a5b69db7a0d29477,ent_b836e8e394abb4fd3f1c2a993093dd86,MENTIONS
art_a59346e9a161abc5a5b69db7a0d29477,ent_3ea5d0a8da7d1eb75ed7c17ee6b00969,MENTIONS
art_7c61fcac2fb8b5d377cf4d53b3b7fce1,ent_3d08e9cc4ebacc96639d82c4192dfbe2,MENTIONS
art_7c61fcac2fb8b5d377cf4d53b3b7fce1,ent_764a4d8d5d3eae84785b48bc598ae130,MENTIONS
art_7c61fcac2fb8b5d377cf4d53b3b7fce1,ent_d36b13410347d500de53637c8b77e430,MENTIONS
art_7c61fcac2fb8b5d377cf4d53b3b7fce1,ent_adafd11128e9f209cb13a62c67f4a2b4,MENTIONS
art_7c61fcac2fb8b5d377cf4d53b3b7fce1,ent_01beab074bd0e20ed0e0e2ceea1262de,MENTIONS
art_7c61fcac2fb8b5d377cf4d53b3b7fce1,ent_4051a6d0edadc64386464ea40850b645,MENTIONS
art_84d422d4a5e56512017702720e59fcab,ent_02349980bba8ce563cdf709f74f96fc1,MENTIONS
art_84d422d4a5e56512017702720e59fcab,ent_2a6d3686110703bc69da3220c6ee6b5f,MENTIONS
art_84d422d4a5e56512017702720e59fcab,ent_d0c8770ba039a6ae69fe5ae77ecf20bd,MENTIONS
art_84d422d4a5e56512017702720e59fcab,ent_1cb317c560936f0e886cc81e8adc06fe,MENTIONS
art_5b8d9dba82b2fdeae4aecda62515af7b,ent_91e88ee3fd1b4c3ff8ca488e7cc57bd8,MENTIONS
art_5b8d9dba82b2fdeae4aecda62515af7b,ent_d14540233b36b5f460f1cfd25782581b,MENTIONS
art_5b8d9dba82b2fdeae4aecda62515af7b,ent_076173809b5a7e293c5fb60f9019b3f8,MENTIONS
art_5b8d9dba82b2fdeae4aecda62515af7b,ent_d36b13410347d500de53637c8b77e430,MENTIONS
art_5b8d9dba82b2fdeae4aecda62515af7b,ent_e0bfd105e045e353b3ee0d7a423459b3,MENTIONS
art_2d81ba1e8d1220442dbc9fcb55465bf5,ent_b413b0f80b8d06ff291ed5a8fcd6db8c,MENTIONS
art_2d81ba1e8d1220442dbc9fcb55465bf5,ent_d36b13410347d500de53637c8b77e430,MENTIONS
art_2d81ba1e8d1220442dbc9fcb55465bf5,ent_214163861ed8ac3fdfdb4674bf5536af,MENTIONS
art_2d81ba1e8d1220442dbc9fcb55465bf5,ent_903b3eb4b3649e74f4b4a5dac62c01a0,MENTIONS
art_2d81ba1e8d1220442dbc9fcb55465bf5,ent_adafd11128e9f209cb13a62c67f4a2b4,MENTIONS
art_2d81ba1e8d1220442dbc9fcb55465bf5,ent_2a753cbea6c6e643ce8b0760c1f4ea66,MENTIONS
art_2d81ba1e8d1220442dbc9fcb55465bf5,ent_7e7b614163e4a00abb5a3efa667e3533,MENTIONS
art_a67c3840926f29a7067d586ea0b5ab25,ent_a6964d34244b0c371d8daae23166c026,MENTIONS
art_a67c3840926f29a7067d586ea0b5ab25,ent_64eb51821981b5494c682705a1403600,MENTIONS
art_a67c3840926f29a7067d586ea0b5ab25,ent_94f7da20bb63a04c547e43748f10fc23,MENTIONS
art_a67c3840926f29a7067d586ea0b5ab25,ent_7fe461592c31b7bf33bf11d21d306ea0,MENTIONS
art_a67c3840926f29a7067d586ea0b5ab25,ent_b413b0f80b8d06ff291ed5a8fcd6db8c,MENTIONS
art_a67c3840926f29a7067d586ea0b5ab25,ent_02349980bba8ce563cdf709f74f96fc1,MENTIONS
art_2d1fcfe28d7d1d071df2e7bbc54251dc,ent_35f9f80839f40349097ec0dafad66305,MENTIONS
art_2d1fcfe28d7d1d071df2e7bbc54251dc,ent_d63408c961ddd31172bfdf38890945e6,MENTIONS
art_2d1fcfe28d7d1d071df2e7bbc54251dc,ent_9d7e068bf707b513abfc2774eefa39d1,MENTIONS
art_2d1fcfe28d7d1d071df2e7bbc54251dc,ent_02349980bba8ce563cdf709f74f96fc1,MENTIONS
art_2d1fcfe28d7d1d071df2e7bbc54251dc,ent_d36b13410347d500de53637c8b77e430,MENTIONS
art_e9e232a34b22deef4e458b2da005f71b,ent_0e9425b8be11b5b31d016971decff4ef,MENTIONS
art_e9e232a34b22deef4e458b2da005f71b,ent_2e803b34796e78dfd5430faaa9d29060,MENTIONS
art_e9e232a34b22deef4e458b2da005f71b,ent_41c0e16d79ff281bcaf10d1d9c96b819,MENTIONS
art_e9e232a34b22deef4e458b2da005f71b,ent_de4854cfd2493ff7921270a84e5e6fa6,MENTIONS
art_17de8906cec749da5838253d0711952b,ent_076173809b5a7e293c5fb60f9019b3f8,MENTIONS
art_17de8906cec749da5838253d0711952b,ent_226a9421040b7f2d19e6a2ff542e6eac,MENTIONS
art_17de8906cec749da5838253d0711952b,ent_312642cda4a86945e21c6ab3175203ec,MENTIONS
art_17de8906cec749da5838253d0711952b,ent_02349980bba8ce563cdf709f74f96fc1,MENTIONS
art_17de8906cec749da5838253d0711952b,ent_946e3886218719e6de2ab8af55542cf9,MENTIONS
art_17de8906cec749da5838253d0711952b,ent_c163a684e1a9e9e2b88dba216dea28d9,MENTIONS
art_17de8906cec749da5838253d0711952b,ent_f177751ce4ebf9f604e15355576b5941,MENTIONS
art_04ba71798206cd2fba7b425d47394e45,ent_b413b0f80b8d06ff291ed5a8fcd6db8c,MENTIONS
art_04ba71798206cd2fba7b425d47394e45,ent_312642cda4a86945e21c6ab3175203ec,MENTIONS
art_04ba71798206cd2fba7b425d47394e45,ent_ceaf3ed7472b9d478c04f659ef747bb4,MENTIONS
art_04ba71798206cd2fba7b425d47394e45,ent_076173809b5a7e293c5fb60f9019b3f8,MENTIONS
art_63b04da69ef0f0c2d54e4cf677144818,ent_d1f64bc475e40fff8275e5dd925398f6,MENTIONS
art_44ad686598e59f8d91359d304324b01e,ent_4770898cc7fb5246c710c5d353fda89e,MENTIONS
art_44ad686598e59f8d91359d304324b01e,ent_a98b9366ff28e17f7d3d95b3073a665e,MENTIONS
art_44ad686598e59f8d91359d304324b01e,ent_634d30f1d295382071bc70b8e883717b,MENTIONS
art_e7636749c4dd4ba51ecd2d1c0f2fdc5e,ent_1f1bbbfe17b4f26a9e03b9a2f112d4ac,MENTIONS
art_e7636749c4dd4ba51ecd2d1c0f2fdc5e,ent_9a28fe85ae38c39adc93439e318fb0c9,MENTIONS
art_d5ee7eac5225f9641537e1286451bf89,ent_076173809b5a7e293c5fb60f9019b3f8,MENTIONS
art_d5ee7eac5225f9641537e1286451bf89,ent_13402d886be466575c55a79727dcd454,MENTIONS
art_d5ee7eac5225f9641537e1286451bf89,ent_6a4f14846725ac7739006372e539f2dc,MENTIONS
art_70d389299de42443f51a745aef031fde,ent_721e95bca3b82a6f5f9f5ba9ee07e2ce,MENTIONS
art_70d389299de42443f51a745aef031fde,ent_d36b13410347d500de53637c8b77e430,MENTIONS
art_70d389299de42443f51a745aef031fde,ent_bcf69f53ffa9b804e06df93754e71266,MENTIONS
art_5ba0976d01c598de7241b19208747c5a,ent_c3b1a373f27e8f0f321f35d54d020c78,MENTIONS
art_5ba0976d01c598de7241b19208747c5a,ent_d1f64bc475e40fff8275e5dd925398f6,MENTIONS
art_921e718fca985de43f2158520f88d8b1,ent_f9c5dd305cfcda9427b9edd2368a0bf9,MENTIONS
art_921e718fca985de43f2158520f88d8b1,ent_946e3886218719e6de2ab8af55542cf9,MENTIONS
art_921e718fca985de43f2158520f88d8b1,ent_ce0b89222e8ead44a0f6dddcd71b4b1b,MENTIONS
art_921e718fca985de43f2158520f88d8b1,ent_076173809b5a7e293c5fb60f9019b3f8,MENTIONS
art_921e718fca985de43f2158520f88d8b1,ent_d36b13410347d500de53637c8b77e430,MENTIONS
art_4e1451e945ea764c93c225c9ffea71b5,ent_0d05c98717c49eebbf5911089efc09d8,MENTIONS
art_229dafddc2e6e1e6eb266a30efb08b69,ent_06e268914dba853f1fac062656165032,MENTIONS
art_229dafddc2e6e1e6eb266a30efb08b69,ent_88ffa272d2a13bb85cbf25e67b2b02e1,MENTIONS
art_229dafddc2e6e1e6eb266a30efb08b69,ent_fe60a6c64f4797bb973018d0f8cf7747,MENTIONS
art_67b2b8b84c9ac07ef7adb1ff8594bd62,ent_80fd5ad8f3fc7968347407538e7b731c,MENTIONS
art_67b2b8b84c9ac07ef7adb1ff8594bd62,ent_836706b10c06a40d06b343ad5b65ce04,MENTIONS
art_67b2b8b84c9ac07ef7adb1ff8594bd62,ent_1f8c1455ffca42afab20e830cb11f7e1,MENTIONS
art_3f78387365e0a67a057f23c8c66e579d,ent_4dbae908851d89ddef364b8ea7bb455d,MENTIONS
art_3f78387365e0a67a057f23c8c66e579d,ent_efcea41751696d7564207ab9bfeb8fff,MENTIONS
art_f55bf14e55fff77a2b191180d63591b7,ent_edc641d55be346730d71096cbd7722bc,MENTIONS
art_f55bf14e55fff77a2b191180d63591b7,ent_3a6dec86c9c6ed3adb122f77f5969a74,MENTIONS
art_f55bf14e55fff77a2b191180d63591b7,ent_02349980bba8ce563cdf709f74f96fc1,MENTIONS
art_f55bf14e55fff77a2b191180d63591b7,ent_ae04e3b9d65ca7f137ad1d000c4a01df,MENTIONS
art_f55bf14e55fff77a2b191180d63591b7,ent_d36b13410347d500de53637c8b77e430,MENTIONS
art_c5188babe719817fff9cc401ef346a1f,ent_94749f390b7886d31379a1c3f861b83d,MENTIONS
art_c5188babe719817fff9cc401ef346a1f,ent_1eabffe2d3473135c7f4070db60400cd,MENTIONS
art_c5188babe719817fff9cc401ef346a1f,ent_018390bccabfac1631274f4ed696c4e6,MENTIONS
art_c5188babe719817fff9cc401ef346a1f,ent_8c7c58d54976bbee27e6fdedac3406ce,MENTIONS
art_c5188babe719817fff9cc401ef346a1f,ent_5873865a2eb9644795bbebc074c9bc17,MENTIONS
art_c5188babe719817fff9cc401ef346a1f,ent_d36b13410347d500de53637c8b77e430,MENTIONS
art_454176df182016f11c4320f244b95418,ent_312642cda4a86945e21c6ab3175203ec,MENTIONS
art_454176df182016f11c4320f244b95418,ent_02349980bba8ce563cdf709f74f96fc1,MENTIONS
art_454176df182016f11c4320f244b95418,ent_d36b13410347d500de53637c8b77e430,MENTIONS
art_454176df182016f11c4320f244b95418,ent_efcea41751696d7564207ab9bfeb8fff,MENTIONS
art_dad973fb5e08434cc5eb9e9eb1d2e723,ent_4131a0b84ace9429c5862999019004a6,MENTIONS
art_dad973fb5e08434cc5eb9e9eb1d2e723,ent_214163861ed8ac3fdfdb4674bf5536af,MENTIONS
art_dad973fb5e08434cc5eb9e9eb1d2e723,ent_efcea41751696d7564207ab9bfeb8fff,MENTIONS
art_a002f8c4e93037fed652a72e07faba1b,ent_b0c61bd0b8ad6578130089d224e1f209,MENTIONS
art_a5e9d7b34410c4959b62e2f0623b326e,ent_0d05c98717c49eebbf5911089efc09d8,MENTIONS
art_a5e9d7b34410c4959b62e2f0623b326e,ent_d36b13410347d500de53637c8b77e430,MENTIONS
art_a5e9d7b34410c4959b62e2f0623b326e,ent_7fe461592c31b7bf33bf11d21d306ea0,MENTIONS
art_a5e9d7b34410c4959b62e2f0623b326e,ent_02349980bba8ce563cdf709f74f96fc1,MENTIONS
art_224e0a1ae706270aa34e8f6444d09a37,ent_af02c3869714fa50ce544bc2c8c5c30b,MENTIONS
art_224e0a1ae706270aa34e8f6444d09a37,ent_a981867948e8b1e1d43cd1b023a8a7ce,MENTIONS
art_875b869e21c11687fac426d14888fa3b,ent_0d05c98717c49eebbf5911089efc09d8,MENTIONS
art_875b869e21c11687fac426d14888fa3b,ent_6d3207d702c9dc917a10d34060bb5fb3,MENTIONS
art_875b869e21c11687fac426d14888fa3b,ent_312642cda4a86945e21c6ab3175203ec,MENTIONS
art_875b869e21c11687fac426d14888fa3b,ent_227da576e0fee2b41e04ed233a11e238,MENTIONS
art_8b950f3dfe42edcc3b6aff99892152bd,ent_63b93a62d9110b650e60ea401a342af2,MENTIONS
art_8b950f3dfe42edcc3b6aff99892152bd,ent_1eac808d407e82cd81176f64d2912e6d,MENTIONS
art_8b950f3dfe42edcc3b6aff99892152bd,ent_94a008a3f8086d2fe79364370bce1b5a,MENTIONS
art_8b950f3dfe42edcc3b6aff99892152bd,ent_28ef9968a406a1b4c35a452595c9f480,MENTIONS
art_2ce91b8bbb5a75b7ecfb1a4941966771,ent_edb82d9e724eb11669a36d3e8d6c8038,MENTIONS
art_2ce91b8bbb5a75b7ecfb1a4941966771,ent_3066bc7cfd67c5bf2769f00e1924fe5e,MENTIONS
art_2ce91b8bbb5a75b7ecfb1a4941966771,ent_83bcd6b0c1f7411375ec56a03edc60ed,MENTIONS
art_8cede8f0c66942f4a94c202fcd45439a,ent_e9244c247068c1bea69e57a609209684,MENTIONS
art_8cede8f0c66942f4a94c202fcd45439a,ent_0e005ed5a666659e584c6d2ea24d9624,MENTIONS
art_8cede8f0c66942f4a94c202fcd45439a,ent_948f1b4894e10cea4773783fa5d4d551,MENTIONS
art_da34bf2daddafe8969e28a0f9a6d2db7,ent_0d05c98717c49eebbf5911089efc09d8,MENTIONS
art_da34bf2daddafe8969e28a0f9a6d2db7,ent_488b2fe6d4aacea9bbd9181d558b951a,MENTIONS
art_da34bf2daddafe8969e28a0f9a6d2db7,ent_214163861ed8ac3fdfdb4674bf5536af,MENTIONS
art_9fa6a73749415e894dd934f7f03e184f,ent_b413b0f80b8d06ff291ed5a8fcd6db8c,MENTIONS
art_9fa6a73749415e894dd934f7f03e184f,ent_79753c66f753d3739e2b31d292850e41,MENTIONS
art_9393f3e731ba266746a185de7f1cb00a,ent_214163861ed8ac3fdfdb4674bf5536af,MENTIONS
art_9393f3e731ba266746a185de7f1cb00a,ent_d36b13410347d500de53637c8b77e430,MENTIONS
art_9393f3e731ba266746a185de7f1cb00a,ent_45028679d671d607ecc0d8ad080edb59,MENTIONS
art_9393f3e731ba266746a185de7f1cb00a,ent_02349980bba8ce563cdf709f74f96fc1,MENTIONS
art_9393f3e731ba266746a185de7f1cb00a,ent_26e1cded0f8ac5569976a17d84f0e89b,MENTIONS
art_258e7c866e26645ad7a82dbb4c4a846d,ent_0d05c98717c49eebbf5911089efc09d8,MENTIONS
art_258e7c866e26645ad7a82dbb4c4a846d,ent_d36b13410347d500de53637c8b77e430,MENTIONS
art_258e7c866e26645ad7a82dbb4c4a846d,ent_02349980bba8ce563cdf709f74f96fc1,MENTIONS
art_00c450040f726285b0e7d0137c72de4b,ent_02349980bba8ce563cdf709f74f96fc1,MENTIONS
art_00c450040f726285b0e7d0137c72de4b,ent_939718a00177f4a7a8a8caf8e210b494,MENTIONS
art_00c450040f726285b0e7d0137c72de4b,ent_312642cda4a86945e21c6ab3175203ec,MENTIONS
art_00c450040f726285b0e7d0137c72de4b,ent_7fe461592c31b7bf33bf11d21d306ea0,MENTIONS
art_9ddd4d2ea6056c074c23a92c1a64317d,ent_0d05c98717c49eebbf5911089efc09d8,MENTIONS
art_9ddd4d2ea6056c074c23a92c1a64317d,ent_d36b13410347d500de53637c8b77e430,MENTIONS
art_9ddd4d2ea6056c074c23a92c1a64317d,ent_0d49a53868b32e2474c88d3bd3f0cf3d,MENTIONS
art_9ddd4d2ea6056c074c23a92c1a64317d,ent_214163861ed8ac3fdfdb4674bf5536af,MENTIONS
art_9ddd4d2ea6056c074c23a92c1a64317d,ent_4fa2deebbdd08f8db412355fd5c496b0,MENTIONS
art_828a84eeb0961c383c613c3c9cd152e0,ent_0e035125174fa71b767786a8dc9628c6,MENTIONS
art_828a84eeb0961c383c613c3c9cd152e0,ent_312642cda4a86945e21c6ab3175203ec,MENTIONS
art_828a84eeb0961c383c613c3c9cd152e0,ent_02349980bba8ce563cdf709f74f96fc1,MENTIONS
art_828a84eeb0961c383c613c3c9cd152e0,ent_7fe461592c31b7bf33bf11d21d306ea0,MENTIONS
art_828a84eeb0961c383c613c3c9cd152e0,ent_d36b13410347d500de53637c8b77e430,MENTIONS
art_302d131adcf28594b733e540dd8cb96b,ent_0d05c98717c49eebbf5911089efc09d8,MENTIONS
art_302d131adcf28594b733e540dd8cb96b,ent_6d3207d702c9dc917a10d34060bb5fb3,MENTIONS
art_302d131adcf28594b733e540dd8cb96b,ent_312642cda4a86945e21c6ab3175203ec,MENTIONS
art_302d131adcf28594b733e540dd8cb96b,ent_02349980bba8ce563cdf709f74f96fc1,MENTIONS
art_302d131adcf28594b733e540dd8cb96b,ent_227da576e0fee2b41e04ed233a11e238,MENTIONS
art_7e2a0315ef1f1802a3691af56088e53c,ent_0d05c98717c49eebbf5911089efc09d8,MENTIONS
art_7e2a0315ef1f1802a3691af56088e53c,ent_6d3207d702c9dc917a10d34060bb5fb3,MENTIONS
art_7e2a0315ef1f1802a3691af56088e53c,ent_312642cda4a86945e21c6ab3175203ec,MENTIONS
art_7e2a0315ef1f1802a3691af56088e53c,ent_b836e8e394abb4fd3f1c2a993093dd86,MENTIONS
art_7e2a0315ef1f1802a3691af56088e53c,ent_4bfbcdb71247a8e770f178fb80b6d748,MENTIONS
art_9cfd115f2f4bd06e989c852ece596428,ent_f788ae313d37b8f304252ce4ba07039a,MENTIONS
art_9cfd115f2f4bd06e989c852ece596428,ent_67ed4dba57d555ce0ec37d39fbdc5690,MENTIONS
art_9cfd115f2f4bd06e989c852ece596428,ent_73cb9346d4c28ed7183e400772654b27,MENTIONS
art_9cfd115f2f4bd06e989c852ece596428,ent_2b4da846ceb3fb791e7085aff5e20a1b,MENTIONS
art_82d5b5eeaf5997300e4bba53a052646f,ent_0fc893a4bdb64119cfea33a0e50ba5bf,MENTIONS
art_82d5b5eeaf5997300e4bba53a052646f,ent_a23de424f78c101f3b157464d8e6a9c4,MENTIONS
art_82d5b5eeaf5997300e4bba53a052646f,ent_1eac808d407e82cd81176f64d2912e6d,MENTIONS
art_a4ed92bc1b183b970cebad4a85891d5f,ent_c58cc26755914a69abf782799ce5cec1,MENTIONS
art_edf6c5033ed67f3194daf9d49081ac4d,ent_69eb028c12f499307ddcb90338c5b44d,MENTIONS
art_edf6c5033ed67f3194daf9d49081ac4d,ent_e600120867d3c00c4ac0c6e61eacf3f6,MENTIONS
art_edf6c5033ed67f3194daf9d49081ac4d,ent_5c2ca827fb1c46fef727188ec8ec5c1e,MENTIONS
art_edf6c5033ed67f3194daf9d49081ac4d,ent_cd622352ecda3e3c3e7535311a4b5b3e,MENTIONS
art_2f9217e5b440858a64f9daea35d2aa93,ent_2a6d3686110703bc69da3220c6ee6b5f,MENTIONS
art_2f9217e5b440858a64f9daea35d2aa93,ent_02349980bba8ce563cdf709f74f96fc1,MENTIONS
art_671817facccaf8c51638d0fbb4bd100e,ent_783c508954614fa61cb6f7833e5e323e,MENTIONS
art_671817facccaf8c51638d0fbb4bd100e,ent_939718a00177f4a7a8a8caf8e210b494,MENTIONS
art_671817facccaf8c51638d0fbb4bd100e,ent_1f16c2b96c762c794584dbf9ddd3a28e,MENTIONS
art_671817facccaf8c51638d0fbb4bd100e,ent_925ca3c92d3683f1e0c7c327bbcdb0db,MENTIONS
art_feeecd2712833b8037784ba16f1a4ab1,ent_7d62fca88aae8064a6ca41aa3c5ac863,MENTIONS
art_feeecd2712833b8037784ba16f1a4ab1,ent_02349980bba8ce563cdf709f74f96fc1,MENTIONS
art_feeecd2712833b8037784ba16f1a4ab1,ent_488b2fe6d4aacea9bbd9181d558b951a,MENTIONS
art_feeecd2712833b8037784ba16f1a4ab1,ent_2a6d3686110703bc69da3220c6ee6b5f,MENTIONS
art_feeecd2712833b8037784ba16f1a4ab1,ent_312642cda4a86945e21c6ab3175203ec,MENTIONS
art_feeecd2712833b8037784ba16f1a4ab1,ent_97c0baf0167ec035aef378b7a4a636d7,MENTIONS
art_4b834bdee6258e53c0264924e07515d9,ent_bd03c6404b0a4e3bf3f555d1c32f31fb,MENTIONS
art_4b834bdee6258e53c0264924e07515d9,ent_2b4da846ceb3fb791e7085aff5e20a1b,MENTIONS
art_ef24a4490ad03160f965505514bde29e,ent_06e268914dba853f1fac062656165032,MENTIONS
art_ef24a4490ad03160f965505514bde29e,ent_1b5936c2385cb595e319c272d92c5014,MENTIONS
art_ef24a4490ad03160f965505514bde29e,ent_8d3d17b3744d413b7f2d218b9199676d,MENTIONS
art_ef24a4490ad03160f965505514bde29e,ent_946e3886218719e6de2ab8af55542cf9,MENTIONS
art_ef24a4490ad03160f965505514bde29e,ent_226a9421040b7f2d19e6a2ff542e6eac,MENTIONS
art_ef24a4490ad03160f965505514bde29e,ent_076173809b5a7e293c5fb60f9019b3f8,MENTIONS
art_ef24a4490ad03160f965505514bde29e,ent_634d30f1d295382071bc70b8e883717b,MENTIONS
art_ee0c85659e4153821a96664a86cb97fd,ent_d36b13410347d500de53637c8b77e430,MENTIONS
art_ee0c85659e4153821a96664a86cb97fd,ent_02349980bba8ce563cdf709f74f96fc1,MENTIONS
art_ee0c85659e4153821a96664a86cb97fd,ent_0eecfd1e8eb0d1e1c39c767906095157,MENTIONS
art_ee0c85659e4153821a96664a86cb97fd,ent_0585370dfc155ad02f40b8c59efe394e,MENTIONS
art_ee0c85659e4153821a96664a86cb97fd,ent_312642cda4a86945e21c6ab3175203ec,MENTIONS
art_adea8068a85aa6cd57e2824acd2a03d9,ent_0d05c98717c49eebbf5911089efc09d8,MENTIONS
art_adea8068a85aa6cd57e2824acd2a03d9,ent_6d3207d702c9dc917a10d34060bb5fb3,MENTIONS
art_adea8068a85aa6cd57e2824acd2a03d9,ent_312642cda4a86945e21c6ab3175203ec,MENTIONS
art_adea8068a85aa6cd57e2824acd2a03d9,ent_02349980bba8ce563cdf709f74f96fc1,MENTIONS
art_767b4d50f53cb1758b3900f77298f711,ent_733266f2f6fa16d86847930532129ed9,MENTIONS
art_767b4d50f53cb1758b3900f77298f711,ent_144af73a4b9132a11f617cffdb789f18,MENTIONS
art_767b4d50f53cb1758b3900f77298f711,ent_92b2e2915774462fdcf6dc5ff15fe8ba,MENTIONS
art_767b4d50f53cb1758b3900f77298f711,ent_d64020de0a5ccddb56d1077047866e28,MENTIONS
art_767b4d50f53cb1758b3900f77298f711,ent_6b12efb5988a75f58d3182547d9881e4,MENTIONS
art_767b4d50f53cb1758b3900f77298f711,ent_24e58ec54ba0388011ac24906a8c5ef7,MENTIONS
art_e20e55a9c35609a2bd66bb97e63c708d,ent_91e88ee3fd1b4c3ff8ca488e7cc57bd8,MENTIONS
art_e20e55a9c35609a2bd66bb97e63c708d,ent_f5e36b29147e73fa2f19805768760f76,MENTIONS
art_d50482f796deee6ce153096b4fb4dd78,ent_2b4da846ceb3fb791e7085aff5e20a1b,MENTIONS
art_d50482f796deee6ce153096b4fb4dd78,ent_7fa14e566e5371ba55c24b287557c69c,MENTIONS
art_d50482f796deee6ce153096b4fb4dd78,ent_3ede9729ca6674719d9b44decf9bbb8b,MENTIONS
art_d50482f796deee6ce153096b4fb4dd78,ent_0585370dfc155ad02f40b8c59efe394e,MENTIONS
art_d50482f796deee6ce153096b4fb4dd78,ent_d5423ad93e0c18619f4f8f8862b14eb4,MENTIONS
art_724593b1e4a6294ce377b62926771c6b,ent_6d3207d702c9dc917a10d34060bb5fb3,MENTIONS
art_724593b1e4a6294ce377b62926771c6b,ent_312642cda4a86945e21c6ab3175203ec,MENTIONS
art_724593b1e4a6294ce377b62926771c6b,ent_09f5f0effadafdfafe9d08ebdc0d4c4e,MENTIONS
art_1bb6f0847ea683502d3e521872348efd,ent_59dc90185ab259c53429aca8a1d698b2,MENTIONS
art_1bb6f0847ea683502d3e521872348efd,ent_02349980bba8ce563cdf709f74f96fc1,MENTIONS
art_1bb6f0847ea683502d3e521872348efd,ent_4f0548c1b699c374fa247ec80e8c353a,MENTIONS
art_1bb6f0847ea683502d3e521872348efd,ent_0c4c607d19f8f91d86a20d6f852e572e,MENTIONS
art_1bb6f0847ea683502d3e521872348efd,ent_6d3207d702c9dc917a10d34060bb5fb3,MENTIONS
art_1bb6f0847ea683502d3e521872348efd,ent_d36b13410347d500de53637c8b77e430,MENTIONS
art_51de2b6fdd11bf52f011d4d68d62efec,ent_fe60a6c64f4797bb973018d0f8cf7747,MENTIONS
art_51de2b6fdd11bf52f011d4d68d62efec,ent_00dc01ebfbd352baf92e0a2c1067a030,MENTIONS
art_51de2b6fdd11bf52f011d4d68d62efec,ent_bf2eb1b5439441d00d8f571c48181df1,MENTIONS
art_51de2b6fdd11bf52f011d4d68d62efec,ent_bcc08567a1a9e4183bdfefebbdcb79bc,MENTIONS
art_51de2b6fdd11bf52f011d4d68d62efec,ent_877f3ab9de78559307ede5475b524b32,MENTIONS
art_3584cb819fc5cae4946f5d628a78b092,ent_fbe3be3ba4ea075c0db20d3dc124382f,MENTIONS
art_3584cb819fc5cae4946f5d628a78b092,ent_1c819df37062497ee5a8c5b709f93c22,MENTIONS
art_3584cb819fc5cae4946f5d628a78b092,ent_939718a00177f4a7a8a8caf8e210b494,MENTIONS
art_3584cb819fc5cae4946f5d628a78b092,ent_0585370dfc155ad02f40b8c59efe394e,MENTIONS
art_3584cb819fc5cae4946f5d628a78b092,ent_e8a09a5d1b6929a5dba0ed814ff224d7,MENTIONS
art_0aedbdfe589e18d91f61e1562f17d55c,ent_5cc197539bab7da0e6cb73a75cdfa8e0,MENTIONS
art_0aedbdfe589e18d91f61e1562f17d55c,ent_a8990bb9a7b4741ef1663b36a48306e3,MENTIONS
art_430bf5de84a334d739ec906bb19178de,ent_ceaf3ed7472b9d478c04f659ef747bb4,MENTIONS
art_430bf5de84a334d739ec906bb19178de,ent_60c0f8d13ec14be3eacd9673633d3cfe,MENTIONS
art_430bf5de84a334d739ec906bb19178de,ent_6c6b9b2cde4aa93713747e5879be47c5,MENTIONS
art_5057a55056d6b5071b4f35babd55790b,ent_a98b9366ff28e17f7d3d95b3073a665e,MENTIONS
art_5057a55056d6b5071b4f35babd55790b,ent_5a7e16494888a8bebc43bff713c3086d,MENTIONS
art_5057a55056d6b5071b4f35babd55790b,ent_010976902249b32d2ce639c8c245069e,MENTIONS
art_5057a55056d6b5071b4f35babd55790b,ent_c2e946e41f6870e632ef8076177f81dd,MENTIONS
art_7261dd08dae8c267687dc49b746006cc,ent_1b3cb9bf69fb35a023ff46a9f0579ae4,MENTIONS
art_7261dd08dae8c267687dc49b746006cc,ent_4770898cc7fb5246c710c5d353fda89e,MENTIONS
art_7261dd08dae8c267687dc49b746006cc,ent_d180bc14cb1a6d314a0cf0d7cc1c48fd,MENTIONS
art_3e46ec314fabf54e9f03cf555e1f0f43,ent_1b5936c2385cb595e319c272d92c5014,MENTIONS
art_3e46ec314fabf54e9f03cf555e1f0f43,ent_f20011e5270666592304898988523261,MENTIONS
art_3e46ec314fabf54e9f03cf555e1f0f43,ent_d36b13410347d500de53637c8b77e430,MENTIONS
art_3e46ec314fabf54e9f03cf555e1f0f43,ent_946e3886218719e6de2ab8af55542cf9,MENTIONS
art_3e46ec314fabf54e9f03cf555e1f0f43,ent_09654ed4944a7289f941860ba8c5748f,MENTIONS
art_4935d8c15f0ff518ef5c951be3bd53ce,ent_181e85a4e1f19e93d720edd27ca4e858,MENTIONS
art_4935d8c15f0ff518ef5c951be3bd53ce,ent_32d4f14fbff24d901160ff76a2bf4446,MENTIONS
art_4935d8c15f0ff518ef5c951be3bd53ce,ent_0c4c607d19f8f91d86a20d6f852e572e,MENTIONS
art_4935d8c15f0ff518ef5c951be3bd53ce,ent_0585370dfc155ad02f40b8c59efe394e,MENTIONS
art_3fee25a3b25f3ca5e2b4699a0e776082,ent_0d05c98717c49eebbf5911089efc09d8,MENTIONS
art_3fee25a3b25f3ca5e2b4699a0e776082,ent_edc641d55be346730d71096cbd7722bc,MENTIONS
art_3fee25a3b25f3ca5e2b4699a0e776082,ent_d36b13410347d500de53637c8b77e430,MENTIONS
art_3fee25a3b25f3ca5e2b4699a0e776082,ent_02349980bba8ce563cdf709f74f96fc1,MENTIONS
art_3fee25a3b25f3ca5e2b4699a0e776082,ent_56dfc2020c96ae4f546cf50eb77ee0e7,MENTIONS
art_3fee25a3b25f3ca5e2b4699a0e776082,ent_9038c15d088836edbde00820a6294a76,MENTIONS
art_2293cd1ed69f4ad0e39920de68f9d0d5,ent_0d05c98717c49eebbf5911089efc09d8,MENTIONS
art_2293cd1ed69f4ad0e39920de68f9d0d5,ent_6d3207d702c9dc917a10d34060bb5fb3,MENTIONS
art_2293cd1ed69f4ad0e39920de68f9d0d5,ent_02349980bba8ce563cdf709f74f96fc1,MENTIONS
art_48da597dd0f49b8cffdd09b10b6b9151,ent_312642cda4a86945e21c6ab3175203ec,MENTIONS
art_48da597dd0f49b8cffdd09b10b6b9151,ent_4fa2deebbdd08f8db412355fd5c496b0,MENTIONS
art_48da597dd0f49b8cffdd09b10b6b9151,ent_02349980bba8ce563cdf709f74f96fc1,MENTIONS
art_48da597dd0f49b8cffdd09b10b6b9151,ent_dc4fbb000fd99a86fa27b8fcae2ed36b,MENTIONS
art_48da597dd0f49b8cffdd09b10b6b9151,ent_d36b13410347d500de53637c8b77e430,MENTIONS
art_26a11c948387fe32d8509f12b019bf4c,ent_312642cda4a86945e21c6ab3175203ec,MENTIONS
art_26a11c948387fe32d8509f12b019bf4c,ent_02349980bba8ce563cdf709f74f96fc1,MENTIONS
art_26a11c948387fe32d8509f12b019bf4c,ent_2a6d3686110703bc69da3220c6ee6b5f,MENTIONS
art_64fa9fabc9ebe4e84c7449b3661fda05,ent_c705067f07ac2f16b6411ad017ebe8fc,MENTIONS
art_64fa9fabc9ebe4e84c7449b3661fda05,ent_02fcd05384e98e05145f694415e08494,MENTIONS
art_64fa9fabc9ebe4e84c7449b3661fda05,ent_270e088860374aee31af8f076a3cda20,MENTIONS
art_64fa9fabc9ebe4e84c7449b3661fda05,ent_adafd11128e9f209cb13a62c67f4a2b4,MENTIONS
art_64fa9fabc9ebe4e84c7449b3661fda05,ent_b22cff37d834595b2d3853e79d8dcba8,MENTIONS
art_64fa9fabc9ebe4e84c7449b3661fda05,ent_23c57642eebbc76cc1c81befa4001082,MENTIONS
art_64fa9fabc9ebe4e84c7449b3661fda05,ent_cf7ba29d93a72d5a7f571c07f0c1f97f,MENTIONS
art_3054fe346e94d76caf0ca753b3798beb,ent_0585370dfc155ad02f40b8c59efe394e,MENTIONS
art_3054fe346e94d76caf0ca753b3798beb,ent_0771b4ebff8cb1ab2ce26ba17f36535e,MENTIONS
art_6b86d7834c690cae923dd7ad454b47a7,ent_02349980bba8ce563cdf709f74f96fc1,MENTIONS
art_6b86d7834c690cae923dd7ad454b47a7,ent_d36b13410347d500de53637c8b77e430,MENTIONS
art_a6ad067ce634884a4bf86124cc52d9a5,ent_1c819df37062497ee5a8c5b709f93c22,MENTIONS
art_a6ad067ce634884a4bf86124cc52d9a5,ent_ccfca60ce25d39b6ac5bd615a8004352,MENTIONS
art_a6ad067ce634884a4bf86124cc52d9a5,ent_939718a00177f4a7a8a8caf8e210b494,MENTIONS
art_a6ad067ce634884a4bf86124cc52d9a5,ent_a452444cc07ca4d4af95eac135be9f4e,MENTIONS
art_6b34e2564f93be534250d9faa1b4bf20,ent_939718a00177f4a7a8a8caf8e210b494,MENTIONS
art_6b34e2564f93be534250d9faa1b4bf20,ent_1c819df37062497ee5a8c5b709f93c22,MENTIONS
art_6b34e2564f93be534250d9faa1b4bf20,ent_ccfca60ce25d39b6ac5bd615a8004352,MENTIONS
art_7b916d25528bf50cf4790c3184dfe2cc,ent_02349980bba8ce563cdf709f74f96fc1,MENTIONS
art_7b916d25528bf50cf4790c3184dfe2cc,ent_bf42c7585de0c1246587fb69524df7d4,MENTIONS
art_7b916d25528bf50cf4790c3184dfe2cc,ent_edc641d55be346730d71096cbd7722bc,MENTIONS
art_7b916d25528bf50cf4790c3184dfe2cc,ent_fcec4dfb15d3b1bbca330f390cf0b345,MENTIONS
art_7b916d25528bf50cf4790c3184dfe2cc,ent_73cb9346d4c28ed7183e400772654b27,MENTIONS
art_7b916d25528bf50cf4790c3184dfe2cc,ent_efcea41751696d7564207ab9bfeb8fff,MENTIONS
art_7b916d25528bf50cf4790c3184dfe2cc,ent_214163861ed8ac3fdfdb4674bf5536af,MENTIONS
art_7b916d25528bf50cf4790c3184dfe2cc,ent_d36b13410347d500de53637c8b77e430,MENTIONS
art_7b916d25528bf50cf4790c3184dfe2cc,ent_56dfc2020c96ae4f546cf50eb77ee0e7,MENTIONS
art_7b916d25528bf50cf4790c3184dfe2cc,ent_90302092e5979eee194dbf6585d924f3,MENTIONS
art_7b916d25528bf50cf4790c3184dfe2cc,ent_59eb45453f83ad36a3b64e4d5f06d8b8,MENTIONS
art_7b916d25528bf50cf4790c3184dfe2cc,ent_1500adbe59ed64f4e29b7ed9e4a54fc0,MENTIONS
art_7b916d25528bf50cf4790c3184dfe2cc,ent_748ccf11933568d67d958bd3614f5c6b,MENTIONS
art_6f873763f9d5147d41638e6664667830,ent_214163861ed8ac3fdfdb4674bf5536af,MENTIONS
art_6f873763f9d5147d41638e6664667830,ent_02349980bba8ce563cdf709f74f96fc1,MENTIONS
art_6f873763f9d5147d41638e6664667830,ent_78c8fbbfd171ea71cf263254c469b6bb,MENTIONS
art_6f873763f9d5147d41638e6664667830,ent_7951e8eead9900816a8b767fde04dbbf,MENTIONS
art_6f873763f9d5147d41638e6664667830,ent_063c9bc7c795e21aef113d0e31e099f7,MENTIONS
art_6f873763f9d5147d41638e6664667830,ent_d32d3bb3d7702c520acb3c89c3eb93c3,MENTIONS
art_105c3604821900766ae5ec7b34c2a198,ent_97643c03d57bc5a51f0f1eb5f59247b0,MENTIONS
art_105c3604821900766ae5ec7b34c2a198,ent_fcec4dfb15d3b1bbca330f390cf0b345,MENTIONS
art_105c3604821900766ae5ec7b34c2a198,ent_29c5a3a85665d45755d9c9e8a9c3f356,MENTIONS
art_7cae571bac5af0d128a006f97dfc854a,ent_b413b0f80b8d06ff291ed5a8fcd6db8c,MENTIONS
art_7cae571bac5af0d128a006f97dfc854a,ent_d3a2f1c67520a7b37cb5653e93fe281f,MENTIONS
art_7cae571bac5af0d128a006f97dfc854a,ent_c8243ac10a7228bcfe01354058a97feb,MENTIONS
art_1d95c05575a930c4a5a1f71a0541ff0c,ent_02349980bba8ce563cdf709f74f96fc1,MENTIONS
art_1d95c05575a930c4a5a1f71a0541ff0c,ent_312642cda4a86945e21c6ab3175203ec,MENTIONS
art_1d95c05575a930c4a5a1f71a0541ff0c,ent_bf42c7585de0c1246587fb69524df7d4,MENTIONS
art_1d95c05575a930c4a5a1f71a0541ff0c,ent_214163861ed8ac3fdfdb4674bf5536af,MENTIONS
art_1d95c05575a930c4a5a1f71a0541ff0c,ent_634d30f1d295382071bc70b8e883717b,MENTIONS
art_1d95c05575a930c4a5a1f71a0541ff0c,ent_022dceeb82c260e3c1e10672e0f27a2e,MENTIONS
art_1d95c05575a930c4a5a1f71a0541ff0c,ent_edc3ef846ebc2c369164a55b359c7a6f,MENTIONS
art_1d95c05575a930c4a5a1f71a0541ff0c,ent_1cb317c560936f0e886cc81e8adc06fe,MENTIONS
art_1d95c05575a930c4a5a1f71a0541ff0c,ent_59eb45453f83ad36a3b64e4d5f06d8b8,MENTIONS
art_1d95c05575a930c4a5a1f71a0541ff0c,ent_1500adbe59ed64f4e29b7ed9e4a54fc0,MENTIONS
art_1d95c05575a930c4a5a1f71a0541ff0c,ent_748ccf11933568d67d958bd3614f5c6b,MENTIONS
art_fa6e87761ef360647b1bf72207e3f26f,ent_02349980bba8ce563cdf709f74f96fc1,MENTIONS
art_fa6e87761ef360647b1bf72207e3f26f,ent_bf42c7585de0c1246587fb69524df7d4,MENTIONS
art_fa6e87761ef360647b1bf72207e3f26f,ent_d36b13410347d500de53637c8b77e430,MENTIONS
art_fa6e87761ef360647b1bf72207e3f26f,ent_214163861ed8ac3fdfdb4674bf5536af,MENTIONS
art_fa6e87761ef360647b1bf72207e3f26f,ent_fcec4dfb15d3b1bbca330f390cf0b345,MENTIONS
art_fa6e87761ef360647b1bf72207e3f26f,ent_edc3ef846ebc2c369164a55b359c7a6f,MENTIONS
art_fa6e87761ef360647b1bf72207e3f26f,ent_312642cda4a86945e21c6ab3175203ec,MENTIONS
art_fa6e87761ef360647b1bf72207e3f26f,ent_4fa2deebbdd08f8db412355fd5c496b0,MENTIONS
art_fa6e87761ef360647b1bf72207e3f26f,ent_470fa942b7b129b91b40749055e7ca59,MENTIONS
art_fa6e87761ef360647b1bf72207e3f26f,ent_03126ed3349e597ca1fda8277e9affc0,MENTIONS
art_fa6e87761ef360647b1bf72207e3f26f,ent_1aa56d377053eeb79dbd86ee248ce7a7,MENTIONS
art_fa6e87761ef360647b1bf72207e3f26f,ent_1f566db4d2cd7698cecaf043f73a965b,MENTIONS
art_fa6e87761ef360647b1bf72207e3f26f,ent_1991b5f978c452783cd8cfe462f007db,MENTIONS
art_fa6e87761ef360647b1bf72207e3f26f,ent_748ccf11933568d67d958bd3614f5c6b,MENTIONS
art_7b2ffa7c6297f822bc6eb8f3082137a0,ent_b413b0f80b8d06ff291ed5a8fcd6db8c,MENTIONS
art_7b2ffa7c6297f822bc6eb8f3082137a0,ent_022dceeb82c260e3c1e10672e0f27a2e,MENTIONS
art_3cf8a71ead191c8e5a613ef93afd769b,ent_d36b13410347d500de53637c8b77e430,MENTIONS
art_3cf8a71ead191c8e5a613ef93afd769b,ent_02349980bba8ce563cdf709f74f96fc1,MENTIONS
art_3cf8a71ead191c8e5a613ef93afd769b,ent_db35fcf77e14a84788afef1d64f48b4c,MENTIONS
art_3cf8a71ead191c8e5a613ef93afd769b,ent_1eb5e5aada330055296b29ad6ee166e7,MENTIONS
art_3cf8a71ead191c8e5a613ef93afd769b,ent_59eb45453f83ad36a3b64e4d5f06d8b8,MENTIONS
art_3cf8a71ead191c8e5a613ef93afd769b,ent_0dee9458023f412988d67f0e8891ef7c,MENTIONS
art_3cf8a71ead191c8e5a613ef93afd769b,ent_312642cda4a86945e21c6ab3175203ec,MENTIONS
art_3cf8a71ead191c8e5a613ef93afd769b,ent_1e81f1ff2acf8ca28f440f4b7d04d0dd,MENTIONS
art_3cf8a71ead191c8e5a613ef93afd769b,ent_dda3e0224afd70330f5ebc63745cc225,MENTIONS
art_881cd5541d6302c4767a9a6ff1bdaa4e,ent_404bb6d1c1f7cf0dd0e1c6ab3b4089ff,MENTIONS
art_881cd5541d6302c4767a9a6ff1bdaa4e,ent_b413b0f80b8d06ff291ed5a8fcd6db8c,MENTIONS
art_881cd5541d6302c4767a9a6ff1bdaa4e,ent_e2596131226e78db8078a1f40e45191e,MENTIONS
art_881cd5541d6302c4767a9a6ff1bdaa4e,ent_187637e500c890030e423bc3c9c30f93,MENTIONS
art_881cd5541d6302c4767a9a6ff1bdaa4e,ent_d36b13410347d500de53637c8b77e430,MENTIONS
art_881cd5541d6302c4767a9a6ff1bdaa4e,ent_076173809b5a7e293c5fb60f9019b3f8,MENTIONS
art_881cd5541d6302c4767a9a6ff1bdaa4e,ent_afa48c445b226c43fa6de1aadeb0bff4,MENTIONS
art_881cd5541d6302c4767a9a6ff1bdaa4e,ent_9d05e4c957403af7e10a3bb2c2ad2736,MENTIONS
art_881cd5541d6302c4767a9a6ff1bdaa4e,ent_59eb45453f83ad36a3b64e4d5f06d8b8,MENTIONS
art_881cd5541d6302c4767a9a6ff1bdaa4e,ent_a387296051853b412c173e894b34ae00,MENTIONS
art_881cd5541d6302c4767a9a6ff1bdaa4e,ent_adafd11128e9f209cb13a62c67f4a2b4,MENTIONS
art_e59a0baf2d5ca0cca6ada1f50df263c1,ent_7fe461592c31b7bf33bf11d21d306ea0,MENTIONS
art_e59a0baf2d5ca0cca6ada1f50df263c1,ent_02349980bba8ce563cdf709f74f96fc1,MENTIONS
art_e59a0baf2d5ca0cca6ada1f50df263c1,ent_f44f27c0ba6fe5f5f48ce867c4523f5a,MENTIONS
art_e59a0baf2d5ca0cca6ada1f50df263c1,ent_adafd11128e9f209cb13a62c67f4a2b4,MENTIONS
art_e59a0baf2d5ca0cca6ada1f50df263c1,ent_9f9becccd1bbc77f14d0e3ffbb99d9e6,MENTIONS
art_e59a0baf2d5ca0cca6ada1f50df263c1,ent_efcea41751696d7564207ab9bfeb8fff,MENTIONS
art_e59a0baf2d5ca0cca6ada1f50df263c1,ent_214163861ed8ac3fdfdb4674bf5536af,MENTIONS
art_e59a0baf2d5ca0cca6ada1f50df263c1,ent_c7db7ed831c8b187a69d1f7b24f8ac8a,MENTIONS
art_e59a0baf2d5ca0cca6ada1f50df263c1,ent_5d0b991f0155a3ab1532881db2db7a0d,MENTIONS
art_e59a0baf2d5ca0cca6ada1f50df263c1,ent_72498cc746a9cd7636c5e6f8e53f49c9,MENTIONS
art_e59a0baf2d5ca0cca6ada1f50df263c1,ent_59eb45453f83ad36a3b64e4d5f06d8b8,MENTIONS
art_e59a0baf2d5ca0cca6ada1f50df263c1,ent_b413b0f80b8d06ff291ed5a8fcd6db8c,MENTIONS
art_e59a0baf2d5ca0cca6ada1f50df263c1,ent_312642cda4a86945e21c6ab3175203ec,MENTIONS
art_e59a0baf2d5ca0cca6ada1f50df263c1,ent_5c4a4a363b1c733e8c523b83779ac3db,MENTIONS
art_e59a0baf2d5ca0cca6ada1f50df263c1,ent_afa48c445b226c43fa6de1aadeb0bff4,MENTIONS
art_e59a0baf2d5ca0cca6ada1f50df263c1,ent_d36b13410347d500de53637c8b77e430,MENTIONS
art_e59a0baf2d5ca0cca6ada1f50df263c1,ent_9a19c3e397b8906c41cd0471680b9e4d,MENTIONS
art_e545629c1265ea58d0a6e1359a62a011,ent_7fe461592c31b7bf33bf11d21d306ea0,MENTIONS
art_e545629c1265ea58d0a6e1359a62a011,ent_efcea41751696d7564207ab9bfeb8fff,MENTIONS
art_e545629c1265ea58d0a6e1359a62a011,ent_214163861ed8ac3fdfdb4674bf5536af,MENTIONS
art_e545629c1265ea58d0a6e1359a62a011,ent_312642cda4a86945e21c6ab3175203ec,MENTIONS
art_e545629c1265ea58d0a6e1359a62a011,ent_9f9becccd1bbc77f14d0e3ffbb99d9e6,MENTIONS
art_e545629c1265ea58d0a6e1359a62a011,ent_022dceeb82c260e3c1e10672e0f27a2e,MENTIONS
art_e545629c1265ea58d0a6e1359a62a011,ent_edc3ef846ebc2c369164a55b359c7a6f,MENTIONS
art_e545629c1265ea58d0a6e1359a62a011,ent_4f0548c1b699c374fa247ec80e8c353a,MENTIONS
art_e545629c1265ea58d0a6e1359a62a011,ent_40eac71b4841827260446956393af9f2,MENTIONS
art_e545629c1265ea58d0a6e1359a62a011,ent_44f22d89c8f969f81fa642ac9aa6a9e0,MENTIONS
art_e545629c1265ea58d0a6e1359a62a011,ent_11dc04fc8061ad5c8c40bcd861b257b3,MENTIONS
art_f94f7493b292c30c9ef7323338c079e3,ent_7d62fca88aae8064a6ca41aa3c5ac863,MENTIONS
art_f94f7493b292c30c9ef7323338c079e3,ent_214163861ed8ac3fdfdb4674bf5536af,MENTIONS
art_f94f7493b292c30c9ef7323338c079e3,ent_02349980bba8ce563cdf709f74f96fc1,MENTIONS
art_f94f7493b292c30c9ef7323338c079e3,ent_59eb45453f83ad36a3b64e4d5f06d8b8,MENTIONS
art_f94f7493b292c30c9ef7323338c079e3,ent_6d3207d702c9dc917a10d34060bb5fb3,MENTIONS
art_f94f7493b292c30c9ef7323338c079e3,ent_c39a80caedd0e5143e5d048725331d9e,MENTIONS
art_f94f7493b292c30c9ef7323338c079e3,ent_d0cfae4f179e4b735ec384c7cb983c00,MENTIONS
art_f94f7493b292c30c9ef7323338c079e3,ent_d36b13410347d500de53637c8b77e430,MENTIONS
art_f94f7493b292c30c9ef7323338c079e3,ent_efcea41751696d7564207ab9bfeb8fff,MENTIONS
art_f94f7493b292c30c9ef7323338c079e3,ent_312642cda4a86945e21c6ab3175203ec,MENTIONS
art_f94f7493b292c30c9ef7323338c079e3,ent_9f9becccd1bbc77f14d0e3ffbb99d9e6,MENTIONS
art_f94f7493b292c30c9ef7323338c079e3,ent_56223953b1be983c383865d5576bb10a,MENTIONS
art_f94f7493b292c30c9ef7323338c079e3,ent_7fe461592c31b7bf33bf11d21d306ea0,MENTIONS
art_b0ec1f65eea318729983a1e686f4bf4d,ent_ac34b479cacc4c51af16978f0bf38538,MENTIONS
art_b0ec1f65eea318729983a1e686f4bf4d,ent_d624fa8a1fc24b7e46288316f5420116,MENTIONS
art_b0ec1f65eea318729983a1e686f4bf4d,ent_32a36a7e3a9823fa7c1cda1a2b968462,MENTIONS
art_b0ec1f65eea318729983a1e686f4bf4d,ent_aa338843e3afdc9a02d3db24f72269a9,MENTIONS
art_f58c455a6556886d3c7f24a3b1b61b7c,ent_2b6e55a335cfcb269fec654f21700791,MENTIONS
art_f58c455a6556886d3c7f24a3b1b61b7c,ent_4fa2deebbdd08f8db412355fd5c496b0,MENTIONS
art_f58c455a6556886d3c7f24a3b1b61b7c,ent_01beab074bd0e20ed0e0e2ceea1262de,MENTIONS
art_f58c455a6556886d3c7f24a3b1b61b7c,ent_d36b13410347d500de53637c8b77e430,MENTIONS
art_f58c455a6556886d3c7f24a3b1b61b7c,ent_02349980bba8ce563cdf709f74f96fc1,MENTIONS
art_f58c455a6556886d3c7f24a3b1b61b7c,ent_a5e4561bf9aa49e5298f90645a37a1aa,MENTIONS
art_f58c455a6556886d3c7f24a3b1b61b7c,ent_8db22b10e63cc699a5940f4981b84d3e,MENTIONS
art_f58c455a6556886d3c7f24a3b1b61b7c,ent_99d949302ac41499ce77bcf93513e48e,MENTIONS
art_f58c455a6556886d3c7f24a3b1b61b7c,ent_cbd232b1efe80cb37000cbd54fb3e0ad,MENTIONS
art_5775e8d1edbe2b87fca00a2915445d1f,ent_97643c03d57bc5a51f0f1eb5f59247b0,MENTIONS
art_5775e8d1edbe2b87fca00a2915445d1f,ent_227da576e0fee2b41e04ed233a11e238,MENTIONS
art_5775e8d1edbe2b87fca00a2915445d1f,ent_2aebcaaac90c0721e953d36546658e28,MENTIONS
art_2d7e0bc46e522ef8618aca625baa415f,ent_925ca3c92d3683f1e0c7c327bbcdb0db,MENTIONS
art_2d7e0bc46e522ef8618aca625baa415f,ent_b68abaedec86d36bca01549c37104dad,MENTIONS
art_2d7e0bc46e522ef8618aca625baa415f,ent_06e268914dba853f1fac062656165032,MENTIONS
art_2d7e0bc46e522ef8618aca625baa415f,ent_aef093590269a1fbdd7a6a8d191d148b,MENTIONS
art_2d7e0bc46e522ef8618aca625baa415f,ent_939718a00177f4a7a8a8caf8e210b494,MENTIONS
art_2d7e0bc46e522ef8618aca625baa415f,ent_b90d25f919cc4d4a4f5625e9c5c7d2c8,MENTIONS
art_2d7e0bc46e522ef8618aca625baa415f,ent_7382169892c499dbdc75318e3b0c7af2,MENTIONS
art_2d7e0bc46e522ef8618aca625baa415f,ent_249e9167ba5ffbdf59428f6a4919ed9a,MENTIONS
art_2d7e0bc46e522ef8618aca625baa415f,ent_fe60a6c64f4797bb973018d0f8cf7747,MENTIONS
art_2d7e0bc46e522ef8618aca625baa415f,ent_b0cf174f6be0d1824ba454ecd526c681,MENTIONS
art_02046fee5e72c9f9aebd253d9aa5b837,ent_878597f7f74f20ff66a02c7a77aa5a4c,MENTIONS
art_02046fee5e72c9f9aebd253d9aa5b837,ent_908086923ee6e6a967598673ca0010d5,MENTIONS
art_02046fee5e72c9f9aebd253d9aa5b837,ent_b25862cc8d5110b444dc6f111519ea6b,MENTIONS
art_02046fee5e72c9f9aebd253d9aa5b837,ent_05f2a9d802e0eadc7d4f3075cef990ed,MENTIONS
art_02046fee5e72c9f9aebd253d9aa5b837,ent_471394ace83d5b4db4fb120c6fec5110,MENTIONS
art_02046fee5e72c9f9aebd253d9aa5b837,ent_7891311058f850682f1b4503c00a5f02,MENTIONS
art_02046fee5e72c9f9aebd253d9aa5b837,ent_02349980bba8ce563cdf709f74f96fc1,MENTIONS
art_1ab51287b7fc39803938309ef64ffb75,ent_e1aa27557fc873c9cd1ef326424a6fef,MENTIONS
art_1ab51287b7fc39803938309ef64ffb75,ent_8d3d17b3744d413b7f2d218b9199676d,MENTIONS
art_1ab51287b7fc39803938309ef64ffb75,ent_6aa7cbb3eaafb3aac81464a639b86e23,MENTIONS
art_1ab51287b7fc39803938309ef64ffb75,ent_3c09221d3466d531fc4791356b36cfb0,MENTIONS
art_1ab51287b7fc39803938309ef64ffb75,ent_05f2a9d802e0eadc7d4f3075cef990ed,MENTIONS
art_1ab51287b7fc39803938309ef64ffb75,ent_6089f524dbc457558a74a70bdbaf2ee5,MENTIONS
art_5d9cc49a7b599d18d780557039fcb600,ent_497c30fa30db039779c1448d6bf1ba67,MENTIONS
art_5d9cc49a7b599d18d780557039fcb600,ent_82d80c91aac2f1f2b619d20f919f2e35,MENTIONS
art_5d9cc49a7b599d18d780557039fcb600,ent_784918ca091f1b571a8f66117b1c25dc,MENTIONS
art_5d9cc49a7b599d18d780557039fcb600,ent_7fe461592c31b7bf33bf11d21d306ea0,MENTIONS
art_5d9cc49a7b599d18d780557039fcb600,ent_fa793f815287af88c8d61dda9d59b1db,MENTIONS
art_5d9cc49a7b599d18d780557039fcb600,ent_adafd11128e9f209cb13a62c67f4a2b4,MENTIONS
art_5d9cc49a7b599d18d780557039fcb600,ent_b7f45ebed8112c419ef68177b9981551,MENTIONS
art_5d9cc49a7b599d18d780557039fcb600,ent_9f9becccd1bbc77f14d0e3ffbb99d9e6,MENTIONS
art_5d9cc49a7b599d18d780557039fcb600,ent_efcea41751696d7564207ab9bfeb8fff,MENTIONS
art_5d9cc49a7b599d18d780557039fcb600,ent_214163861ed8ac3fdfdb4674bf5536af,MENTIONS
art_5d9cc49a7b599d18d780557039fcb600,ent_022dceeb82c260e3c1e10672e0f27a2e,MENTIONS
art_5d9cc49a7b599d18d780557039fcb600,ent_3a2918de879bbfb39c7bd80124412985,MENTIONS
art_5d9cc49a7b599d18d780557039fcb600,ent_73cb9346d4c28ed7183e400772654b27,MENTIONS
art_5d9cc49a7b599d18d780557039fcb600,ent_d36b13410347d500de53637c8b77e430,MENTIONS
art_5d9cc49a7b599d18d780557039fcb600,ent_dcd35590b56b56cc1cfa6c0108664bf9,MENTIONS
art_d608094efdaef39ac971531ad829295a,ent_19ba06ca2a6c48d6113d49aaf628739a,MENTIONS
art_d608094efdaef39ac971531ad829295a,ent_63816f71ce77f99432b7ace50a20e02b,MENTIONS
art_d608094efdaef39ac971531ad829295a,ent_527b975f0be69a3416b20d69353ec439,MENTIONS
art_d608094efdaef39ac971531ad829295a,ent_f3f7b0b2b74594383f30b13fc6a26ccf,MENTIONS
art_d608094efdaef39ac971531ad829295a,ent_a387296051853b412c173e894b34ae00,MENTIONS
art_d608094efdaef39ac971531ad829295a,ent_05f2a9d802e0eadc7d4f3075cef990ed,MENTIONS
art_db7fdb3819b89d2c39108a24d253ce1f,ent_214163861ed8ac3fdfdb4674bf5536af,MENTIONS
art_db7fdb3819b89d2c39108a24d253ce1f,ent_312642cda4a86945e21c6ab3175203ec,MENTIONS
art_db7fdb3819b89d2c39108a24d253ce1f,ent_02349980bba8ce563cdf709f74f96fc1,MENTIONS
art_db7fdb3819b89d2c39108a24d253ce1f,ent_78c8fbbfd171ea71cf263254c469b6bb,MENTIONS
art_7b916d25528bf50cf4790c3184dfe2cc,ent_d7f1fc376ababbe6cde8c8b809c46f0b,MENTIONS
art_7b916d25528bf50cf4790c3184dfe2cc,ent_05f2a9d802e0eadc7d4f3075cef990ed,MENTIONS
art_7b916d25528bf50cf4790c3184dfe2cc,ent_4fa2deebbdd08f8db412355fd5c496b0,MENTIONS
art_7b916d25528bf50cf4790c3184dfe2cc,ent_312642cda4a86945e21c6ab3175203ec,MENTIONS
art_7b916d25528bf50cf4790c3184dfe2cc,ent_4051a6d0edadc64386464ea40850b645,MENTIONS
art_7b916d25528bf50cf4790c3184dfe2cc,ent_076173809b5a7e293c5fb60f9019b3f8,MENTIONS
art_7b916d25528bf50cf4790c3184dfe2cc,ent_63b93a62d9110b650e60ea401a342af2,MENTIONS
art_7b916d25528bf50cf4790c3184dfe2cc,ent_67ed4dba57d555ce0ec37d39fbdc5690,MENTIONS
art_7b916d25528bf50cf4790c3184dfe2cc,ent_7416136b26f04fe26f14c9bc8ee30d64,MENTIONS
art_7b916d25528bf50cf4790c3184dfe2cc,ent_4aeeaee6f10ce23abb02678618fb5d19,MENTIONS
art_7b916d25528bf50cf4790c3184dfe2cc,ent_1f566db4d2cd7698cecaf043f73a965b,MENTIONS
art_7b916d25528bf50cf4790c3184dfe2cc,ent_48ea79dff880c7682258bb0a3bae8178,MENTIONS
art_6497350eae0cf46f6959b5dbf1cd92aa,ent_fe60a6c64f4797bb973018d0f8cf7747,MENTIONS
art_6497350eae0cf46f6959b5dbf1cd92aa,ent_8599474bd3b1ee85eda772c43df95168,MENTIONS
art_6497350eae0cf46f6959b5dbf1cd92aa,ent_bae8fed9d8cec31f17dc2667221ef689,MENTIONS
art_6497350eae0cf46f6959b5dbf1cd92aa,ent_92e953f82c77947f4a14331711b380f3,MENTIONS
art_6497350eae0cf46f6959b5dbf1cd92aa,ent_8555d1294b7efec41b859df3aeecd31d,MENTIONS
art_6497350eae0cf46f6959b5dbf1cd92aa,ent_b3c5e4dc349819b7d639f507752d2635,MENTIONS
art_6497350eae0cf46f6959b5dbf1cd92aa,ent_31073dbdd23de8a528ca658bdcfafee3,MENTIONS
art_6497350eae0cf46f6959b5dbf1cd92aa,ent_0bf651b68c9d907e39b4a5e1f8e6b95f,MENTIONS
art_104db1e09d010ed2275ebe70236c8f46,ent_d0db905ed8b1d1c64a9dc5dd9640d0a2,MENTIONS
art_104db1e09d010ed2275ebe70236c8f46,ent_56223953b1be983c383865d5576bb10a,MENTIONS
art_104db1e09d010ed2275ebe70236c8f46,ent_226a9421040b7f2d19e6a2ff542e6eac,MENTIONS
art_104db1e09d010ed2275ebe70236c8f46,ent_d36b13410347d500de53637c8b77e430,MENTIONS
art_104db1e09d010ed2275ebe70236c8f46,ent_4036784fa75364e8a1344fffc5177deb,MENTIONS
art_104db1e09d010ed2275ebe70236c8f46,ent_8bc679ebb373b128ccf98bb41b26b0a1,MENTIONS
art_104db1e09d010ed2275ebe70236c8f46,ent_02349980bba8ce563cdf709f74f96fc1,MENTIONS
art_104db1e09d010ed2275ebe70236c8f46,ent_312642cda4a86945e21c6ab3175203ec,MENTIONS
art_104db1e09d010ed2275ebe70236c8f46,ent_e82268efe978706e6e3a961b902f9dbf,MENTIONS
art_104db1e09d010ed2275ebe70236c8f46,ent_04f6e22967041b8631b4ae2616fe4270,MENTIONS
art_104db1e09d010ed2275ebe70236c8f46,ent_adafd11128e9f209cb13a62c67f4a2b4,MENTIONS
art_104db1e09d010ed2275ebe70236c8f46,ent_2b735f64bee9d5960493c9204401b105,MENTIONS
art_104db1e09d010ed2275ebe70236c8f46,ent_9fa5522fae6c6237198051983e6fbe33,MENTIONS
art_288bb74c1e1bc3e29c3f274c485d18cd,ent_214163861ed8ac3fdfdb4674bf5536af,MENTIONS
art_288bb74c1e1bc3e29c3f274c485d18cd,ent_312642cda4a86945e21c6ab3175203ec,MENTIONS
art_288bb74c1e1bc3e29c3f274c485d18cd,ent_4f0548c1b699c374fa247ec80e8c353a,MENTIONS
art_288bb74c1e1bc3e29c3f274c485d18cd,ent_227da576e0fee2b41e04ed233a11e238,MENTIONS
art_288bb74c1e1bc3e29c3f274c485d18cd,ent_0bf3e699a86656c433ec26910a66ccaa,MENTIONS
art_288bb74c1e1bc3e29c3f274c485d18cd,ent_44f22d89c8f969f81fa642ac9aa6a9e0,MENTIONS
art_288bb74c1e1bc3e29c3f274c485d18cd,ent_d1f64bc475e40fff8275e5dd925398f6,MENTIONS
art_288bb74c1e1bc3e29c3f274c485d18cd,ent_1f566db4d2cd7698cecaf043f73a965b,MENTIONS
art_288bb74c1e1bc3e29c3f274c485d18cd,ent_48ea79dff880c7682258bb0a3bae8178,MENTIONS
art_288bb74c1e1bc3e29c3f274c485d18cd,ent_748ccf11933568d67d958bd3614f5c6b,MENTIONS
art_d99c315bc8a4929bac9df1f001d5c8ad,ent_bb09d402ca5579e1a46ddbf784c8b435,MENTIONS
art_d99c315bc8a4929bac9df1f001d5c8ad,ent_26121f618dc9e586d6dcce5440f4d865,MENTIONS
art_d99c315bc8a4929bac9df1f001d5c8ad,ent_cb79098c0205570e347f14b91c7ef9e3,MENTIONS
art_d99c315bc8a4929bac9df1f001d5c8ad,ent_b3c5e4dc349819b7d639f507752d2635,MENTIONS
art_d99c315bc8a4929bac9df1f001d5c8ad,ent_fbae06fab5c35a1fa486a4acf12e0d38,MENTIONS
art_d99c315bc8a4929bac9df1f001d5c8ad,ent_227da576e0fee2b41e04ed233a11e238,MENTIONS
art_5025eee583832a6908b4f09fc84c1dcf,ent_02349980bba8ce563cdf709f74f96fc1,MENTIONS
art_5025eee583832a6908b4f09fc84c1dcf,ent_312642cda4a86945e21c6ab3175203ec,MENTIONS
art_5025eee583832a6908b4f09fc84c1dcf,ent_6aa7cbb3eaafb3aac81464a639b86e23,MENTIONS
art_5025eee583832a6908b4f09fc84c1dcf,ent_323edab1d36d461c0b535b7f4b4951f5,MENTIONS
art_5025eee583832a6908b4f09fc84c1dcf,ent_c71eed919f7e95a99bff36368967d361,MENTIONS
art_5025eee583832a6908b4f09fc84c1dcf,ent_6d3207d702c9dc917a10d34060bb5fb3,MENTIONS
art_5025eee583832a6908b4f09fc84c1dcf,ent_e90ab5a01509143abcd2888563f63002,MENTIONS
art_5025eee583832a6908b4f09fc84c1dcf,ent_214163861ed8ac3fdfdb4674bf5536af,MENTIONS
art_fae14570046c02bcced073dde97626c3,ent_06e268914dba853f1fac062656165032,MENTIONS
art_fae14570046c02bcced073dde97626c3,ent_1b7ab7dc755ae953dfefce0ac0004cf7,MENTIONS
art_fae14570046c02bcced073dde97626c3,ent_02349980bba8ce563cdf709f74f96fc1,MENTIONS
art_fae14570046c02bcced073dde97626c3,ent_226a9421040b7f2d19e6a2ff542e6eac,MENTIONS
art_fae14570046c02bcced073dde97626c3,ent_9d8775e1835f8d9f5314fc40d8c007d8,MENTIONS
art_fae14570046c02bcced073dde97626c3,ent_d36b13410347d500de53637c8b77e430,MENTIONS
art_fae14570046c02bcced073dde97626c3,ent_b0cf174f6be0d1824ba454ecd526c681,MENTIONS
art_fae14570046c02bcced073dde97626c3,ent_022dceeb82c260e3c1e10672e0f27a2e,MENTIONS
art_7a54f8502ae2e43ff62dcca2a15b5678,ent_bead14595696c2141cfce4f499b3e7ff,MENTIONS
art_7a54f8502ae2e43ff62dcca2a15b5678,ent_ebfe6ec0549e9ea9fa33650a5e2e9722,MENTIONS
art_7a54f8502ae2e43ff62dcca2a15b5678,ent_5896435641e080a25147ac4cfb248525,MENTIONS
art_7a54f8502ae2e43ff62dcca2a15b5678,ent_65422057bda63fed396e0dbf3ffc94b4,MENTIONS
art_7a54f8502ae2e43ff62dcca2a15b5678,ent_cbda2711de97aa8de726b46a88e92d39,MENTIONS
art_7a54f8502ae2e43ff62dcca2a15b5678,ent_815c8a83f4965a65185dde74b713ed31,MENTIONS
art_7a54f8502ae2e43ff62dcca2a15b5678,ent_ad495d310a90946fb54eaa16bdf191f3,MENTIONS
art_7a54f8502ae2e43ff62dcca2a15b5678,ent_59eb45453f83ad36a3b64e4d5f06d8b8,MENTIONS
art_7a54f8502ae2e43ff62dcca2a15b5678,ent_adafd11128e9f209cb13a62c67f4a2b4,MENTIONS
art_7a54f8502ae2e43ff62dcca2a15b5678,ent_bab41f4da430bd439eafd667836cbe87,MENTIONS
art_23928b0c76fefb6da10d9db7108d7d05,ent_e7362cc534d7805a2388f0ce42ef2198,MENTIONS
art_23928b0c76fefb6da10d9db7108d7d05,ent_b7f45ebed8112c419ef68177b9981551,MENTIONS
art_23928b0c76fefb6da10d9db7108d7d05,ent_8599474bd3b1ee85eda772c43df95168,MENTIONS
art_23928b0c76fefb6da10d9db7108d7d05,ent_fe60a6c64f4797bb973018d0f8cf7747,MENTIONS
art_23928b0c76fefb6da10d9db7108d7d05,ent_2b4da846ceb3fb791e7085aff5e20a1b,MENTIONS
art_23928b0c76fefb6da10d9db7108d7d05,ent_23316b9c6c3878ec2e56ecea69fc9a85,MENTIONS
art_23928b0c76fefb6da10d9db7108d7d05,ent_fbd96363ef425ee203022d94254364f5,MENTIONS
art_23928b0c76fefb6da10d9db7108d7d05,ent_226a9421040b7f2d19e6a2ff542e6eac,MENTIONS
art_23928b0c76fefb6da10d9db7108d7d05,ent_099285919b579aeb33136d9f7d2072c1,MENTIONS
art_e510cd9cd48d57b28c2d218add36a626,ent_d1f64bc475e40fff8275e5dd925398f6,MENTIONS
art_e510cd9cd48d57b28c2d218add36a626,ent_f20011e5270666592304898988523261,MENTIONS
art_e510cd9cd48d57b28c2d218add36a626,ent_22f647855e4f60d09c862940ba2b0e84,MENTIONS
art_e510cd9cd48d57b28c2d218add36a626,ent_b413b0f80b8d06ff291ed5a8fcd6db8c,MENTIONS
art_e510cd9cd48d57b28c2d218add36a626,ent_badadcb8606ff834dbc3a1b48f3e573a,MENTIONS
art_e510cd9cd48d57b28c2d218add36a626,ent_2ae92551672b5c8437d31670a82d9aa6,MENTIONS
art_e510cd9cd48d57b28c2d218add36a626,ent_2db13b94754d4c0e7a0a0d5a3d029cb6,MENTIONS
art_e510cd9cd48d57b28c2d218add36a626,ent_8181d433c7e3b3d52e9f71782c5dced5,MENTIONS
art_e510cd9cd48d57b28c2d218add36a626,ent_5a7e16494888a8bebc43bff713c3086d,MENTIONS
art_e510cd9cd48d57b28c2d218add36a626,ent_634d30f1d295382071bc70b8e883717b,MENTIONS
art_02b767848565984ba22cc68bf750dc01,ent_0dd4d29ba8b11bf042206575fc9241b5,MENTIONS
art_02b767848565984ba22cc68bf750dc01,ent_0d49a53868b32e2474c88d3bd3f0cf3d,MENTIONS
art_02b767848565984ba22cc68bf750dc01,ent_d79d62133af396a99b97e50d707927b2,MENTIONS
art_02b767848565984ba22cc68bf750dc01,ent_d36b13410347d500de53637c8b77e430,MENTIONS
art_02b767848565984ba22cc68bf750dc01,ent_02349980bba8ce563cdf709f74f96fc1,MENTIONS
art_02b767848565984ba22cc68bf750dc01,ent_fda659ab053d9c873db2791409dbc39a,MENTIONS
art_02b767848565984ba22cc68bf750dc01,ent_022dceeb82c260e3c1e10672e0f27a2e,MENTIONS
art_02b767848565984ba22cc68bf750dc01,ent_60e9b489a129ab3643b3b7970120a3e2,MENTIONS
art_02b767848565984ba22cc68bf750dc01,ent_51e7f1a67081f20a06fa6196e49bbdb0,MENTIONS
art_02b767848565984ba22cc68bf750dc01,ent_634d30f1d295382071bc70b8e883717b,MENTIONS
art_02b767848565984ba22cc68bf750dc01,ent_9bcb30593a2e5744a194398c46822934,MENTIONS
art_02b767848565984ba22cc68bf750dc01,ent_34d5d4f0e315be47753a215950b0675d,MENTIONS
art_f97474820bba5dc8ef5a0eebd0a74e28,ent_7fe461592c31b7bf33bf11d21d306ea0,MENTIONS
art_f97474820bba5dc8ef5a0eebd0a74e28,ent_0dd4d29ba8b11bf042206575fc9241b5,MENTIONS
art_f97474820bba5dc8ef5a0eebd0a74e28,ent_02349980bba8ce563cdf709f74f96fc1,MENTIONS
art_f97474820bba5dc8ef5a0eebd0a74e28,ent_fda659ab053d9c873db2791409dbc39a,MENTIONS
art_f97474820bba5dc8ef5a0eebd0a74e28,ent_022dceeb82c260e3c1e10672e0f27a2e,MENTIONS
art_f97474820bba5dc8ef5a0eebd0a74e28,ent_9f9becccd1bbc77f14d0e3ffbb99d9e6,MENTIONS
art_ddd767f5bb2383780bf411228833ac0a,ent_59eb45453f83ad36a3b64e4d5f06d8b8,MENTIONS
art_ddd767f5bb2383780bf411228833ac0a,ent_214163861ed8ac3fdfdb4674bf5536af,MENTIONS
art_ddd767f5bb2383780bf411228833ac0a,ent_4f0548c1b699c374fa247ec80e8c353a,MENTIONS
art_ddd767f5bb2383780bf411228833ac0a,ent_02349980bba8ce563cdf709f74f96fc1,MENTIONS
art_ddd767f5bb2383780bf411228833ac0a,ent_fbd96363ef425ee203022d94254364f5,MENTIONS
art_ddd767f5bb2383780bf411228833ac0a,ent_4c45067c071e509c048a6fb657986593,MENTIONS
art_ddd767f5bb2383780bf411228833ac0a,ent_bd59adf494fdb31d8a71bf3f2343d95d,MENTIONS
art_ddd767f5bb2383780bf411228833ac0a,ent_4fa2deebbdd08f8db412355fd5c496b0,MENTIONS
art_ddd767f5bb2383780bf411228833ac0a,ent_19f155ac62ae94bd2d077974e3b63e78,MENTIONS
art_ddd767f5bb2383780bf411228833ac0a,ent_063c9bc7c795e21aef113d0e31e099f7,MENTIONS
art_5933664c3dfa348f1007ae46242d46cf,ent_d36b13410347d500de53637c8b77e430,MENTIONS
art_5933664c3dfa348f1007ae46242d46cf,ent_7fe461592c31b7bf33bf11d21d306ea0,MENTIONS
art_5933664c3dfa348f1007ae46242d46cf,ent_a67c70a137f737b2a66222e70b761179,MENTIONS
art_5933664c3dfa348f1007ae46242d46cf,ent_312642cda4a86945e21c6ab3175203ec,MENTIONS
art_5933664c3dfa348f1007ae46242d46cf,ent_9f9becccd1bbc77f14d0e3ffbb99d9e6,MENTIONS
art_5933664c3dfa348f1007ae46242d46cf,ent_022dceeb82c260e3c1e10672e0f27a2e,MENTIONS
art_5933664c3dfa348f1007ae46242d46cf,ent_2a6d3686110703bc69da3220c6ee6b5f,MENTIONS
art_5933664c3dfa348f1007ae46242d46cf,ent_bccc642ac9be25934ad89685473a42c7,MENTIONS
art_5933664c3dfa348f1007ae46242d46cf,ent_a7d6e837655258b94e2878188bcbd28b,MENTIONS
art_5933664c3dfa348f1007ae46242d46cf,ent_6dda48d4a7a13a370d36693daf685205,MENTIONS
art_5933664c3dfa348f1007ae46242d46cf,ent_02349980bba8ce563cdf709f74f96fc1,MENTIONS
art_5933664c3dfa348f1007ae46242d46cf,ent_1f566db4d2cd7698cecaf043f73a965b,MENTIONS
art_5933664c3dfa348f1007ae46242d46cf,ent_1500adbe59ed64f4e29b7ed9e4a54fc0,MENTIONS
art_5933664c3dfa348f1007ae46242d46cf,ent_748ccf11933568d67d958bd3614f5c6b,MENTIONS
art_2d4e1ae228460ae1a9c888cd3fa2d2c0,ent_b413b0f80b8d06ff291ed5a8fcd6db8c,MENTIONS
art_2d4e1ae228460ae1a9c888cd3fa2d2c0,ent_7fe45cdb8925c0f02461dc3820436884,MENTIONS
art_2d4e1ae228460ae1a9c888cd3fa2d2c0,ent_d6f5ec28256de3c08f61f9eb51a9afeb,MENTIONS
art_2d4e1ae228460ae1a9c888cd3fa2d2c0,ent_a67f0af9afbada6a57009265fcc2c281,MENTIONS
art_2d4e1ae228460ae1a9c888cd3fa2d2c0,ent_022dceeb82c260e3c1e10672e0f27a2e,MENTIONS
art_2d4e1ae228460ae1a9c888cd3fa2d2c0,ent_226a9421040b7f2d19e6a2ff542e6eac,MENTIONS
art_2d4e1ae228460ae1a9c888cd3fa2d2c0,ent_6b6a5ab6654528c46ff398246e913d29,MENTIONS
art_e7be2bbd05d1cb735e65348b6406f5f7,ent_226a9421040b7f2d19e6a2ff542e6eac,MENTIONS
art_e7be2bbd05d1cb735e65348b6406f5f7,ent_939718a00177f4a7a8a8caf8e210b494,MENTIONS
art_e7be2bbd05d1cb735e65348b6406f5f7,ent_b68abaedec86d36bca01549c37104dad,MENTIONS
art_e7be2bbd05d1cb735e65348b6406f5f7,ent_fe60a6c64f4797bb973018d0f8cf7747,MENTIONS
art_e7be2bbd05d1cb735e65348b6406f5f7,ent_b0cf174f6be0d1824ba454ecd526c681,MENTIONS
art_e7be2bbd05d1cb735e65348b6406f5f7,ent_97643c03d57bc5a51f0f1eb5f59247b0,MENTIONS
art_e7be2bbd05d1cb735e65348b6406f5f7,ent_b90d25f919cc4d4a4f5625e9c5c7d2c8,MENTIONS
art_e7be2bbd05d1cb735e65348b6406f5f7,ent_fbd96363ef425ee203022d94254364f5,MENTIONS
art_e7be2bbd05d1cb735e65348b6406f5f7,ent_1d25db1d79dd667ed08ef6666ffbdf46,MENTIONS
art_54f0cf5386946f5817ce4e1a1d38fc0f,ent_312642cda4a86945e21c6ab3175203ec,MENTIONS
art_54f0cf5386946f5817ce4e1a1d38fc0f,ent_4fa2deebbdd08f8db412355fd5c496b0,MENTIONS
art_54f0cf5386946f5817ce4e1a1d38fc0f,ent_02349980bba8ce563cdf709f74f96fc1,MENTIONS
art_54f0cf5386946f5817ce4e1a1d38fc0f,ent_16f14936416d49c3962b8dc2cec06d17,MENTIONS
art_54f0cf5386946f5817ce4e1a1d38fc0f,ent_9f9becccd1bbc77f14d0e3ffbb99d9e6,MENTIONS
art_9e937e882e76b6cfd01bcd21fb18f42f,ent_d79d62133af396a99b97e50d707927b2,MENTIONS
art_9e937e882e76b6cfd01bcd21fb18f42f,ent_db29018e7a0520e1f3b1466a9dd1521f,MENTIONS
art_9e937e882e76b6cfd01bcd21fb18f42f,ent_ba0403674a248430d1eabfbf60bc8a11,MENTIONS
art_9e937e882e76b6cfd01bcd21fb18f42f,ent_7fe461592c31b7bf33bf11d21d306ea0,MENTIONS
art_9e937e882e76b6cfd01bcd21fb18f42f,ent_02349980bba8ce563cdf709f74f96fc1,MENTIONS
art_9e937e882e76b6cfd01bcd21fb18f42f,ent_a066c8abcf9c272b520560173df00b19,MENTIONS
art_9e937e882e76b6cfd01bcd21fb18f42f,ent_59eb45453f83ad36a3b64e4d5f06d8b8,MENTIONS
art_9e937e882e76b6cfd01bcd21fb18f42f,ent_214163861ed8ac3fdfdb4674bf5536af,MENTIONS
art_9e937e882e76b6cfd01bcd21fb18f42f,ent_fd7301e87a6741f087e2b21408d043fc,MENTIONS
art_9e937e882e76b6cfd01bcd21fb18f42f,ent_f9bb5a18a183ea4195a752150e619000,MENTIONS
art_9e937e882e76b6cfd01bcd21fb18f42f,ent_9ba567a1fc156295ad8fb5e0ccdf17de,MENTIONS
art_9e937e882e76b6cfd01bcd21fb18f42f,ent_a4856edb8a9f711c201c227e64b0d2f7,MENTIONS
art_9e937e882e76b6cfd01bcd21fb18f42f,ent_1cdb9e03d2d4d28bced6bbecffa5e13e,MENTIONS
art_9e937e882e76b6cfd01bcd21fb18f42f,ent_1584c45e6f3c8687a666439eb5e13f14,MENTIONS
art_9e937e882e76b6cfd01bcd21fb18f42f,ent_8d3d17b3744d413b7f2d218b9199676d,MENTIONS
art_279f5ccca698e36c21d40bc4ccc21b5c,ent_226a9421040b7f2d19e6a2ff542e6eac,MENTIONS
art_279f5ccca698e36c21d40bc4ccc21b5c,ent_488b2fe6d4aacea9bbd9181d558b951a,MENTIONS
art_279f5ccca698e36c21d40bc4ccc21b5c,ent_02349980bba8ce563cdf709f74f96fc1,MENTIONS
art_279f5ccca698e36c21d40bc4ccc21b5c,ent_fe60a6c64f4797bb973018d0f8cf7747,MENTIONS
art_279f5ccca698e36c21d40bc4ccc21b5c,ent_fbd96363ef425ee203022d94254364f5,MENTIONS
art_279f5ccca698e36c21d40bc4ccc21b5c,ent_d36b13410347d500de53637c8b77e430,MENTIONS
art_279f5ccca698e36c21d40bc4ccc21b5c,ent_adafd11128e9f209cb13a62c67f4a2b4,MENTIONS
art_15dd6d943daa7fe089a94faeb11a540f,ent_fe60a6c64f4797bb973018d0f8cf7747,MENTIONS
art_15dd6d943daa7fe089a94faeb11a540f,ent_e7362cc534d7805a2388f0ce42ef2198,MENTIONS
art_15dd6d943daa7fe089a94faeb11a540f,ent_471ead5029b88ad1b38fb1c0ba664ef0,MENTIONS
art_15dd6d943daa7fe089a94faeb11a540f,ent_b3c5e4dc349819b7d639f507752d2635,MENTIONS
art_15dd6d943daa7fe089a94faeb11a540f,ent_fbd96363ef425ee203022d94254364f5,MENTIONS
art_b15db564c1d72311c2a856b71ac0f3eb,ent_226a9421040b7f2d19e6a2ff542e6eac,MENTIONS
art_b15db564c1d72311c2a856b71ac0f3eb,ent_b0cf174f6be0d1824ba454ecd526c681,MENTIONS
art_9c94cf641b41c952633c78b9b1430c70,ent_4cab5ca06bcefea9c81bc7968053b01f,MENTIONS
art_9c94cf641b41c952633c78b9b1430c70,ent_aa5737cd0656a95e3c9b3ec2059a5774,MENTIONS
art_9c94cf641b41c952633c78b9b1430c70,ent_69ec4cbb98876f329a8e6508fdaf7fd8,MENTIONS
art_9c94cf641b41c952633c78b9b1430c70,ent_fcec4dfb15d3b1bbca330f390cf0b345,MENTIONS
art_4f9c3664d6f0f643244286324d962f56,ent_076173809b5a7e293c5fb60f9019b3f8,MENTIONS
art_4f9c3664d6f0f643244286324d962f56,ent_946e3886218719e6de2ab8af55542cf9,MENTIONS
art_4f9c3664d6f0f643244286324d962f56,ent_fcec4dfb15d3b1bbca330f390cf0b345,MENTIONS
art_4f9c3664d6f0f643244286324d962f56,ent_7abae9600e78693e1b6a8ef3eaccddd4,MENTIONS
art_935decd5fee5645d03658a02911d53c6,ent_ed5355bfd1934112dea28cde7727fdb8,MENTIONS
art_935decd5fee5645d03658a02911d53c6,ent_2550243cf7bace4d51064ab4fc1110ec,MENTIONS
art_935decd5fee5645d03658a02911d53c6,ent_8d3d17b3744d413b7f2d218b9199676d,MENTIONS
art_935decd5fee5645d03658a02911d53c6,ent_b5d182b1a73839b4488b0948b730e36b,MENTIONS
art_935decd5fee5645d03658a02911d53c6,ent_227da576e0fee2b41e04ed233a11e238,MENTIONS
art_935decd5fee5645d03658a02911d53c6,ent_fe60a6c64f4797bb973018d0f8cf7747,MENTIONS
art_935decd5fee5645d03658a02911d53c6,ent_2b4da846ceb3fb791e7085aff5e20a1b,MENTIONS
art_935decd5fee5645d03658a02911d53c6,ent_10a36c552005f64908c54d45d5708dbf,MENTIONS
art_f2892cd9ea935fdf17ee4deba7eb6570,ent_3a5800fc9c001d908c0ee5aad4b389a0,MENTIONS
art_f2892cd9ea935fdf17ee4deba7eb6570,ent_b459a89d6be72fd7ba147d6da5091f84,MENTIONS
art_f2892cd9ea935fdf17ee4deba7eb6570,ent_d36b13410347d500de53637c8b77e430,MENTIONS
art_f2892cd9ea935fdf17ee4deba7eb6570,ent_634d30f1d295382071bc70b8e883717b,MENTIONS
art_f2892cd9ea935fdf17ee4deba7eb6570,ent_312642cda4a86945e21c6ab3175203ec,MENTIONS
art_f2892cd9ea935fdf17ee4deba7eb6570,ent_fcec4dfb15d3b1bbca330f390cf0b345,MENTIONS
art_f2892cd9ea935fdf17ee4deba7eb6570,ent_44f22d89c8f969f81fa642ac9aa6a9e0,MENTIONS
art_f2892cd9ea935fdf17ee4deba7eb6570,ent_02349980bba8ce563cdf709f74f96fc1,MENTIONS
art_f2892cd9ea935fdf17ee4deba7eb6570,ent_1f566db4d2cd7698cecaf043f73a965b,MENTIONS
art_f2892cd9ea935fdf17ee4deba7eb6570,ent_48ea79dff880c7682258bb0a3bae8178,MENTIONS
art_f2892cd9ea935fdf17ee4deba7eb6570,ent_c417b5c036b8fa2832d4404aa7a91250,MENTIONS
art_fb0700878ef76550e49dd7304096d872,ent_d0c8770ba039a6ae69fe5ae77ecf20bd,MENTIONS
art_fb0700878ef76550e49dd7304096d872,ent_cac9b4ad5d73fd3242936af8512dd787,MENTIONS
art_fb0700878ef76550e49dd7304096d872,ent_da6e770eb80f2ac89443f0417817cb9f,MENTIONS
art_fb0700878ef76550e49dd7304096d872,ent_4fa2deebbdd08f8db412355fd5c496b0,MENTIONS
art_fb0700878ef76550e49dd7304096d872,ent_bab41f4da430bd439eafd667836cbe87,MENTIONS
art_afcf6ccbc11b376753e957b5f33ace8b,ent_5cdbc176f3c2aae2f6919a301a779fe0,MENTIONS
art_a91c8e9c2aff20562257595b343f09a0,ent_b0672e2da8d7e2d40c7240bcbcf2a517,MENTIONS
art_a91c8e9c2aff20562257595b343f09a0,ent_304ec9b750a539ad8bc6b66a2ec5ef6a,MENTIONS
art_a91c8e9c2aff20562257595b343f09a0,ent_471394ace83d5b4db4fb120c6fec5110,MENTIONS
art_a91c8e9c2aff20562257595b343f09a0,ent_ea602814d9d4ad2a83d88ce2cfc37117,MENTIONS
art_20a6e2cb42b675372d7fa653a959561f,ent_02349980bba8ce563cdf709f74f96fc1,MENTIONS
art_20a6e2cb42b675372d7fa653a959561f,ent_d7f1fc376ababbe6cde8c8b809c46f0b,MENTIONS
art_20a6e2cb42b675372d7fa653a959561f,ent_90ecbd4fa8f021e7f2413c6395f6fb59,MENTIONS
art_20a6e2cb42b675372d7fa653a959561f,ent_520879b12184eff55794745908a761c2,MENTIONS
art_20a6e2cb42b675372d7fa653a959561f,ent_6d3207d702c9dc917a10d34060bb5fb3,MENTIONS
art_9e20c57874f74e115a16864273e78709,ent_b413b0f80b8d06ff291ed5a8fcd6db8c,MENTIONS
art_9e20c57874f74e115a16864273e78709,ent_73cb9346d4c28ed7183e400772654b27,MENTIONS
art_9e20c57874f74e115a16864273e78709,ent_5cdbc176f3c2aae2f6919a301a779fe0,MENTIONS
art_44d2bfb2d4fb4862598e9e1ad386bcc4,ent_91e88ee3fd1b4c3ff8ca488e7cc57bd8,MENTIONS
art_44d2bfb2d4fb4862598e9e1ad386bcc4,ent_076173809b5a7e293c5fb60f9019b3f8,MENTIONS
art_44d2bfb2d4fb4862598e9e1ad386bcc4,ent_adcf83931919164add0c401b97aea4fe,MENTIONS
art_4e08f5a75bf14d608b4f337e5bead48e,ent_2a6d3686110703bc69da3220c6ee6b5f,MENTIONS
art_4e08f5a75bf14d608b4f337e5bead48e,ent_d36b13410347d500de53637c8b77e430,MENTIONS
art_4e08f5a75bf14d608b4f337e5bead48e,ent_312642cda4a86945e21c6ab3175203ec,MENTIONS
art_4e08f5a75bf14d608b4f337e5bead48e,ent_6edada8905614474066139c51a6b9a9c,MENTIONS
art_f79e449823b0b3ebe541e11d143e71f0,ent_5e59ad66759572621fabc25e69be6f72,MENTIONS
art_f79e449823b0b3ebe541e11d143e71f0,ent_848015af8766cb8f2e66510ab1145bd0,MENTIONS
art_f79e449823b0b3ebe541e11d143e71f0,ent_214163861ed8ac3fdfdb4674bf5536af,MENTIONS
art_f79e449823b0b3ebe541e11d143e71f0,ent_d36b13410347d500de53637c8b77e430,MENTIONS
art_99bd7b3ac3fdf076cf5e125239f40309,ent_c2b5e8831f2e29bf529045c5c487b023,MENTIONS
art_99bd7b3ac3fdf076cf5e125239f40309,ent_10738ed7d12fea1726aa36bb6681b936,MENTIONS
art_1b304bf2041b402963d6ff3c07100f07,ent_02349980bba8ce563cdf709f74f96fc1,MENTIONS
art_1b304bf2041b402963d6ff3c07100f07,ent_d7f1fc376ababbe6cde8c8b809c46f0b,MENTIONS
art_1b304bf2041b402963d6ff3c07100f07,ent_4051a6d0edadc64386464ea40850b645,MENTIONS
art_e64d96ee633783bf824efb1fec02f682,ent_7fe461592c31b7bf33bf11d21d306ea0,MENTIONS
art_e64d96ee633783bf824efb1fec02f682,ent_312642cda4a86945e21c6ab3175203ec,MENTIONS
art_d19008705a7f988b8ec7e189a4f90782,ent_edb82d9e724eb11669a36d3e8d6c8038,MENTIONS
art_d19008705a7f988b8ec7e189a4f90782,ent_4d6db930b7a8fd786022647feccae95d,MENTIONS
art_a27185ca7a9de06cacbda133c740aff6,ent_330fb7acbe2bb3b21a2434d633d48dcf,MENTIONS
art_a27185ca7a9de06cacbda133c740aff6,ent_1a25aad71156a3720f6f0a02bd066d39,MENTIONS
art_99578a5e1d211fc074cabcc1d55e9264,ent_4d747165c23bcff834e013931d18e59b,MENTIONS
art_99578a5e1d211fc074cabcc1d55e9264,ent_1ba5816bc551d0306ae762b63878e68d,MENTIONS
art_99578a5e1d211fc074cabcc1d55e9264,ent_4364fd8a6e8d9e2e226cec2aa162bc24,MENTIONS
art_99578a5e1d211fc074cabcc1d55e9264,ent_09bdc4111eb145f2cafac7ea883310fd,MENTIONS
art_99578a5e1d211fc074cabcc1d55e9264,ent_c4bb89b860ff9c0e775d8368a85f3b25,MENTIONS
art_fb609ddbc64d9e7fa9fda960029977d3,ent_d36b13410347d500de53637c8b77e430,MENTIONS
art_fb609ddbc64d9e7fa9fda960029977d3,ent_d1f64bc475e40fff8275e5dd925398f6,MENTIONS
art_fb609ddbc64d9e7fa9fda960029977d3,ent_6d2048a8c3082b26efaa575b26de581b,MENTIONS
art_fb609ddbc64d9e7fa9fda960029977d3,ent_4fa2deebbdd08f8db412355fd5c496b0,MENTIONS
art_5aba8ce9d4314e268fb2b5ebea095804,ent_edb82d9e724eb11669a36d3e8d6c8038,MENTIONS
art_5aba8ce9d4314e268fb2b5ebea095804,ent_4d6db930b7a8fd786022647feccae95d,MENTIONS
art_5aba8ce9d4314e268fb2b5ebea095804,ent_2b4da846ceb3fb791e7085aff5e20a1b,MENTIONS
art_5aba8ce9d4314e268fb2b5ebea095804,ent_ed0e7ab099c4bb98567cf5a43ddaba95,MENTIONS
art_5aba8ce9d4314e268fb2b5ebea095804,ent_fcec4dfb15d3b1bbca330f390cf0b345,MENTIONS
art_3e9f60258e7979e8e67b8a0846c69415,ent_d36b13410347d500de53637c8b77e430,MENTIONS
art_3e9f60258e7979e8e67b8a0846c69415,ent_bf42c7585de0c1246587fb69524df7d4,MENTIONS
art_3e9f60258e7979e8e67b8a0846c69415,ent_a8deac9d517fc0fd2ad6f05328be9830,MENTIONS
art_3e9f60258e7979e8e67b8a0846c69415,ent_7d62fca88aae8064a6ca41aa3c5ac863,MENTIONS
art_3e9f60258e7979e8e67b8a0846c69415,ent_4fa2deebbdd08f8db412355fd5c496b0,MENTIONS
art_3e9f60258e7979e8e67b8a0846c69415,ent_6d3207d702c9dc917a10d34060bb5fb3,MENTIONS
art_3e9f60258e7979e8e67b8a0846c69415,ent_312642cda4a86945e21c6ab3175203ec,MENTIONS
art_3e9f60258e7979e8e67b8a0846c69415,ent_02349980bba8ce563cdf709f74f96fc1,MENTIONS
art_b22cc7d52fe94c5694ebf45bfe0012a4,ent_d36b13410347d500de53637c8b77e430,MENTIONS
art_b22cc7d52fe94c5694ebf45bfe0012a4,ent_44f22d89c8f969f81fa642ac9aa6a9e0,MENTIONS
art_b22cc7d52fe94c5694ebf45bfe0012a4,ent_214163861ed8ac3fdfdb4674bf5536af,MENTIONS
art_b22cc7d52fe94c5694ebf45bfe0012a4,ent_7832ceccd76debb063018d9adceac982,MENTIONS
art_b22cc7d52fe94c5694ebf45bfe0012a4,ent_58ae9922be13216f5869d8fb37e8306a,MENTIONS
art_b22cc7d52fe94c5694ebf45bfe0012a4,ent_312642cda4a86945e21c6ab3175203ec,MENTIONS
art_b22cc7d52fe94c5694ebf45bfe0012a4,ent_022dceeb82c260e3c1e10672e0f27a2e,MENTIONS
art_b22cc7d52fe94c5694ebf45bfe0012a4,ent_c0015b00e038c555ee78fbfa65756d1a,MENTIONS
art_b2245df05abde6e7eee2f2a049d5e0af,ent_d0c8770ba039a6ae69fe5ae77ecf20bd,MENTIONS
art_b2245df05abde6e7eee2f2a049d5e0af,ent_7fe461592c31b7bf33bf11d21d306ea0,MENTIONS
art_b2245df05abde6e7eee2f2a049d5e0af,ent_312642cda4a86945e21c6ab3175203ec,MENTIONS
art_b2245df05abde6e7eee2f2a049d5e0af,ent_02349980bba8ce563cdf709f74f96fc1,MENTIONS
art_49456a0eeb2b37e2f32ad313c29c6872,ent_3d756d26be9bb6cc5343ebcef63d202e,MENTIONS
art_49456a0eeb2b37e2f32ad313c29c6872,ent_b765119c57ba3422d87f78f5f2da338b,MENTIONS
art_49456a0eeb2b37e2f32ad313c29c6872,ent_0d6cc0799f872846e8b036e0d6c2fe7f,MENTIONS
art_49456a0eeb2b37e2f32ad313c29c6872,ent_5d603652353ec0e16fd4866a173a5f3c,MENTIONS
art_49456a0eeb2b37e2f32ad313c29c6872,ent_cbd2c6df401c1bde9b135f053e48273d,MENTIONS
art_49456a0eeb2b37e2f32ad313c29c6872,ent_fe13b985c6ee171752736a9a49f555e4,MENTIONS
art_a11d9a0db08ac7ffcc6f5913fe22c8a0,ent_4d747165c23bcff834e013931d18e59b,MENTIONS
art_a11d9a0db08ac7ffcc6f5913fe22c8a0,ent_1ba5816bc551d0306ae762b63878e68d,MENTIONS
art_a11d9a0db08ac7ffcc6f5913fe22c8a0,ent_4364fd8a6e8d9e2e226cec2aa162bc24,MENTIONS
art_a11d9a0db08ac7ffcc6f5913fe22c8a0,ent_0a60b72830397b4ac2dc8da4bc6acc93,MENTIONS
art_ac0d086a93b4845ed4021b49419096a0,ent_908623f289adf30c0f6c8ffe83471818,MENTIONS
art_ac0d086a93b4845ed4021b49419096a0,ent_878597f7f74f20ff66a02c7a77aa5a4c,MENTIONS
art_ac0d086a93b4845ed4021b49419096a0,ent_02e2900c7bc2c839b4390279476a3fce,MENTIONS
art_67f2e09c9caba65dbe30839362058d97,ent_2a6d3686110703bc69da3220c6ee6b5f,MENTIONS
art_67f2e09c9caba65dbe30839362058d97,ent_5e59ad66759572621fabc25e69be6f72,MENTIONS
art_67f2e09c9caba65dbe30839362058d97,ent_06476b735ac260b9eff5423b7d5c97e9,MENTIONS
art_54ed0690e8c15990a2bd6deaf957689f,ent_f79b6cad1b7ebf91b5c673db2f8855d0,MENTIONS
art_54ed0690e8c15990a2bd6deaf957689f,ent_ea9d523588d7e60d26dc6c38693de98b,MENTIONS
art_54ed0690e8c15990a2bd6deaf957689f,ent_d7f1fc376ababbe6cde8c8b809c46f0b,MENTIONS
art_54ed0690e8c15990a2bd6deaf957689f,ent_d36b13410347d500de53637c8b77e430,MENTIONS
art_54ed0690e8c15990a2bd6deaf957689f,ent_02349980bba8ce563cdf709f74f96fc1,MENTIONS
art_aaeea3fd6741988b601c86425162da08,ent_7fe461592c31b7bf33bf11d21d306ea0,MENTIONS
art_aaeea3fd6741988b601c86425162da08,ent_2a6d3686110703bc69da3220c6ee6b5f,MENTIONS
art_b91c0391ef98057f7066db724d494e86,ent_fe60a6c64f4797bb973018d0f8cf7747,MENTIONS
art_b91c0391ef98057f7066db724d494e86,ent_3d756d26be9bb6cc5343ebcef63d202e,MENTIONS
art_b91c0391ef98057f7066db724d494e86,ent_b765119c57ba3422d87f78f5f2da338b,MENTIONS
art_b91c0391ef98057f7066db724d494e86,ent_022dceeb82c260e3c1e10672e0f27a2e,MENTIONS
art_c1ee06901ff8472a8e592f084175dc38,ent_939718a00177f4a7a8a8caf8e210b494,MENTIONS
art_c1ee06901ff8472a8e592f084175dc38,ent_1a25aad71156a3720f6f0a02bd066d39,MENTIONS
art_c1ee06901ff8472a8e592f084175dc38,ent_b876b5964d8ef88255a90c82d9054086,MENTIONS
art_c1ee06901ff8472a8e592f084175dc38,ent_b90d25f919cc4d4a4f5625e9c5c7d2c8,MENTIONS
art_c1ee06901ff8472a8e592f084175dc38,ent_0462b73a3f425a462e74be1b14d684a5,MENTIONS
art_b86a1fff3d622ac109c2e48fccdf3721,ent_cb5446ec42ce5d0014238d02d185ab64,MENTIONS
art_b86a1fff3d622ac109c2e48fccdf3721,ent_0e9425b8be11b5b31d016971decff4ef,MENTIONS
art_c10b8b3ea99459743eae3810f2dfa686,ent_127c2994160c342711c41d09efe71af5,MENTIONS
art_c10b8b3ea99459743eae3810f2dfa686,ent_8756b534020d8b97a90508b60137c101,MENTIONS
art_c10b8b3ea99459743eae3810f2dfa686,ent_ebd60e713d30cce4d15ab4a2fd79e140,MENTIONS
art_c10b8b3ea99459743eae3810f2dfa686,ent_b2e6a5212f3219677ec3bd4da54ca90a,MENTIONS
art_c10b8b3ea99459743eae3810f2dfa686,ent_2b4da846ceb3fb791e7085aff5e20a1b,MENTIONS
art_fc5276f2a9a208409da90138daebae53,ent_8fea612c254dac31de096b5bf2c1d2be,MENTIONS
art_fc5276f2a9a208409da90138daebae53,ent_d36b13410347d500de53637c8b77e430,MENTIONS
art_fc5276f2a9a208409da90138daebae53,ent_edc3ef846ebc2c369164a55b359c7a6f,MENTIONS
art_fc5276f2a9a208409da90138daebae53,ent_214163861ed8ac3fdfdb4674bf5536af,MENTIONS
art_fc5276f2a9a208409da90138daebae53,ent_29c5a3a85665d45755d9c9e8a9c3f356,MENTIONS
art_819a0ca28e26a8971cefff799b9b4ae3,ent_b90d25f919cc4d4a4f5625e9c5c7d2c8,MENTIONS
art_cea41ead00e13afd0e2a768152500228,ent_b413b0f80b8d06ff291ed5a8fcd6db8c,MENTIONS
art_cea41ead00e13afd0e2a768152500228,ent_bab41f4da430bd439eafd667836cbe87,MENTIONS
art_cea41ead00e13afd0e2a768152500228,ent_d36b13410347d500de53637c8b77e430,MENTIONS
art_a695a8a264a080f5796134f674971340,ent_02349980bba8ce563cdf709f74f96fc1,MENTIONS
art_a695a8a264a080f5796134f674971340,ent_7fe461592c31b7bf33bf11d21d306ea0,MENTIONS
art_8b22ac4e834e84773ae4a8d0fb442a40,ent_a2b13fe085db7cfde703bc83a43ab0e3,MENTIONS
art_210bf4f9553354d9f18d3079630394f6,ent_7d62fca88aae8064a6ca41aa3c5ac863,MENTIONS
art_210bf4f9553354d9f18d3079630394f6,ent_b459a89d6be72fd7ba147d6da5091f84,MENTIONS
art_210bf4f9553354d9f18d3079630394f6,ent_c2754ff991f2d2ad86b0248053370f54,MENTIONS
art_210bf4f9553354d9f18d3079630394f6,ent_ba78776772d7362012b17294d1a5ec8c,MENTIONS
art_210bf4f9553354d9f18d3079630394f6,ent_4fa2deebbdd08f8db412355fd5c496b0,MENTIONS
art_e256395fa6fcb72889c4d85477949fde,ent_8fea612c254dac31de096b5bf2c1d2be,MENTIONS
art_e256395fa6fcb72889c4d85477949fde,ent_3a6dec86c9c6ed3adb122f77f5969a74,MENTIONS
art_e256395fa6fcb72889c4d85477949fde,ent_02349980bba8ce563cdf709f74f96fc1,MENTIONS
art_e256395fa6fcb72889c4d85477949fde,ent_ae04e3b9d65ca7f137ad1d000c4a01df,MENTIONS
art_62f1cd1b9f39bcb4c1a03618a39b4023,ent_02349980bba8ce563cdf709f74f96fc1,MENTIONS
art_62f1cd1b9f39bcb4c1a03618a39b4023,ent_56223953b1be983c383865d5576bb10a,MENTIONS
art_62f1cd1b9f39bcb4c1a03618a39b4023,ent_4fa2deebbdd08f8db412355fd5c496b0,MENTIONS
art_cea2de2bad119052539ba20e4355c37c,ent_06e268914dba853f1fac062656165032,MENTIONS
art_cea2de2bad119052539ba20e4355c37c,ent_88ffa272d2a13bb85cbf25e67b2b02e1,MENTIONS
art_5541eca2f4267f7451a19f3e15ab3324,ent_51926bcf6d06b08dd083aee78fac4b81,MENTIONS
art_5541eca2f4267f7451a19f3e15ab3324,ent_312642cda4a86945e21c6ab3175203ec,MENTIONS
art_5541eca2f4267f7451a19f3e15ab3324,ent_58ae9922be13216f5869d8fb37e8306a,MENTIONS
art_5541eca2f4267f7451a19f3e15ab3324,ent_022dceeb82c260e3c1e10672e0f27a2e,MENTIONS
art_5541eca2f4267f7451a19f3e15ab3324,ent_c0015b00e038c555ee78fbfa65756d1a,MENTIONS
art_8a7f9d69022119a5ada7ff6a68eb61c8,ent_aa5737cd0656a95e3c9b3ec2059a5774,MENTIONS
art_8a7f9d69022119a5ada7ff6a68eb61c8,ent_eede178232a362cad9ed21cf2a73bf79,MENTIONS
art_8a7f9d69022119a5ada7ff6a68eb61c8,ent_69d2400364801dc7dbe0b9b77e4683e5,MENTIONS
art_8a7f9d69022119a5ada7ff6a68eb61c8,ent_939718a00177f4a7a8a8caf8e210b494,MENTIONS
art_ecbfaab536d0137bc35e49d3520f1e90,ent_63b93a62d9110b650e60ea401a342af2,MENTIONS
art_ecbfaab536d0137bc35e49d3520f1e90,ent_1eac808d407e82cd81176f64d2912e6d,MENTIONS
art_ecbfaab536d0137bc35e49d3520f1e90,ent_a23de424f78c101f3b157464d8e6a9c4,MENTIONS
art_a796555839a50050e930f750d212f8a0,ent_b90d25f919cc4d4a4f5625e9c5c7d2c8,MENTIONS
art_a796555839a50050e930f750d212f8a0,ent_939718a00177f4a7a8a8caf8e210b494,MENTIONS
art_a796555839a50050e930f750d212f8a0,ent_fb456754d5870ebb593d291f7c098f58,MENTIONS
art_a796555839a50050e930f750d212f8a0,ent_3ca50e31bcc2416b5889f2e61ec78d85,MENTIONS
art_a796555839a50050e930f750d212f8a0,ent_b68abaedec86d36bca01549c37104dad,MENTIONS
art_a0ff565ef0a98357d3577820b1d78fea,ent_1c819df37062497ee5a8c5b709f93c22,MENTIONS
art_a0ff565ef0a98357d3577820b1d78fea,ent_48bee8ba2bfbe6d5cd3de39880222716,MENTIONS
art_a0ff565ef0a98357d3577820b1d78fea,ent_1f7e337033646fe1ceb25b4634e5bc51,MENTIONS
art_a0ff565ef0a98357d3577820b1d78fea,ent_bf9906dfae17f3e3c033408ba9f3dc84,MENTIONS
art_a0ff565ef0a98357d3577820b1d78fea,ent_bab41f4da430bd439eafd667836cbe87,MENTIONS
art_bdf1e677671a2a54fc9855f91b630bdb,ent_1f7e337033646fe1ceb25b4634e5bc51,MENTIONS
art_bdf1e677671a2a54fc9855f91b630bdb,ent_b413b0f80b8d06ff291ed5a8fcd6db8c,MENTIONS
art_bdf1e677671a2a54fc9855f91b630bdb,ent_afeb42466cf007c00275e362a1198cb1,MENTIONS
art_bdf1e677671a2a54fc9855f91b630bdb,ent_ccd47ea92addcba988e5e556fe0b35c8,MENTIONS
art_bdf1e677671a2a54fc9855f91b630bdb,ent_1d4c4f46562bc1cba9cece97f5c924e3,MENTIONS
art_bdf1e677671a2a54fc9855f91b630bdb,ent_714b16de15b2486a2740b244134cd838,MENTIONS
art_bdf1e677671a2a54fc9855f91b630bdb,ent_925ca3c92d3683f1e0c7c327bbcdb0db,MENTIONS
art_7449e18de6194882478249db5c61f5ad,ent_c02f48967620b1601d67bacac4df3bc5,MENTIONS
art_7449e18de6194882478249db5c61f5ad,ent_1f7e337033646fe1ceb25b4634e5bc51,MENTIONS
art_7449e18de6194882478249db5c61f5ad,ent_02349980bba8ce563cdf709f74f96fc1,MENTIONS
art_7449e18de6194882478249db5c61f5ad,ent_bab41f4da430bd439eafd667836cbe87,MENTIONS
art_7449e18de6194882478249db5c61f5ad,ent_d36b13410347d500de53637c8b77e430,MENTIONS
art_835938045f7f9039820c2bae0b6066ad,ent_3a6dec86c9c6ed3adb122f77f5969a74,MENTIONS
art_835938045f7f9039820c2bae0b6066ad,ent_97b49ddcf197687597eead2f3b8ae62b,MENTIONS
art_835938045f7f9039820c2bae0b6066ad,ent_836706b10c06a40d06b343ad5b65ce04,MENTIONS
art_efcb67fff58023f477db380635a84d14,ent_e433a0ae69c329034bcae5ca06d07bbe,MENTIONS
art_efcb67fff58023f477db380635a84d14,ent_a2b13fe085db7cfde703bc83a43ab0e3,MENTIONS
art_efcb67fff58023f477db380635a84d14,ent_330fb7acbe2bb3b21a2434d633d48dcf,MENTIONS
art_efcb67fff58023f477db380635a84d14,ent_b7f45ebed8112c419ef68177b9981551,MENTIONS
art_efcb67fff58023f477db380635a84d14,ent_2a6d3686110703bc69da3220c6ee6b5f,MENTIONS
art_efcb67fff58023f477db380635a84d14,ent_939718a00177f4a7a8a8caf8e210b494,MENTIONS
art_f8e05fb10e12f40616bb041adef8a0c2,ent_b413b0f80b8d06ff291ed5a8fcd6db8c,MENTIONS
art_f8e05fb10e12f40616bb041adef8a0c2,ent_d36b13410347d500de53637c8b77e430,MENTIONS
art_f8e05fb10e12f40616bb041adef8a0c2,ent_7fe461592c31b7bf33bf11d21d306ea0,MENTIONS
art_f8e05fb10e12f40616bb041adef8a0c2,ent_e90ab5a01509143abcd2888563f63002,MENTIONS
art_13f7dcdb4cb4d37207fca98624b76175,ent_076173809b5a7e293c5fb60f9019b3f8,MENTIONS
art_13f7dcdb4cb4d37207fca98624b76175,ent_734ec75b049b5acf1df1e7452c713848,MENTIONS
art_13f7dcdb4cb4d37207fca98624b76175,ent_91e88ee3fd1b4c3ff8ca488e7cc57bd8,MENTIONS
art_13f7dcdb4cb4d37207fca98624b76175,ent_6874ce187ce7bbf3104ea4742dd4471a,MENTIONS
art_13f7dcdb4cb4d37207fca98624b76175,ent_c163a684e1a9e9e2b88dba216dea28d9,MENTIONS
art_13f7dcdb4cb4d37207fca98624b76175,ent_bc44c838d56a032aad08418f4afea879,MENTIONS
art_ef02730f4f06130723e45ed5b9cae0c1,ent_41c0e16d79ff281bcaf10d1d9c96b819,MENTIONS
art_ef02730f4f06130723e45ed5b9cae0c1,ent_0d49a53868b32e2474c88d3bd3f0cf3d,MENTIONS
art_ef02730f4f06130723e45ed5b9cae0c1,ent_efcea41751696d7564207ab9bfeb8fff,MENTIONS
