event_id,article_id,type,trigger_word,char_start,char_end,confidence
evt_4f6c0031cc0deab1e93093e53e6ebebb,art_a04ec10c7789f053484f8eb0d8b597cd,Conflict.MilitaryOperation,sending,33,40,0.8
evt_1112911805032379c1d0d9a5c767d552,art_a04ec10c7789f053484f8eb0d8b597cd,Conflict.Attack,defend,52,58,0.8
evt_49ee93d1bda76d552e8e546aa2e14536,art_a04ec10c7789f053484f8eb0d8b597cd,Conflict.Attack,sending,133,140,0.8
evt_b8e438d4470dd2b44d5214c3f28b0260,art_89bb21a62d8edd6405d5055351ba481e,Justice.Arrest,charge,24,30,0.9
evt_7c7da0093bb59acace92f871876edb83,art_89bb21a62d8edd6405d5055351ba481e,Justice.Trial,convicted,79,88,0.9
evt_33596a898d6f63f588f9ccfc0bab2076,art_89bb21a62d8edd6405d5055351ba481e,Justice.Arrest,face,129,133,0.9
evt_73c0cf771d595ffd36e23fbab15c52b3,art_6bc361f87dacb8ac91ce5b15b1269095,Disaster.Natural,kill,31,35,0.9
evt_0117347840dcf7ef39751bfcf041d5c1,art_6bc361f87dacb8ac91ce5b15b1269095,Disaster.Natural,hit,141,144,0.9
evt_92877c66478b670330fb262627e90ff1,art_bbf3b7728650ef3fceeab64a4494331f,Conflict.MilitaryOperation,fires,19,24,0.9
evt_9a32196689e4029ca823479fa97af552,art_bbf3b7728650ef3fceeab64a4494331f,Conflict.Attack,missiles,25,33,0.95
evt_fd7f8b4afee2f51e704a9beace12888c,art_bbf3b7728650ef3fceeab64a4494331f,Conflict.MilitaryOperation,conducted,85,94,0.85
evt_cff53ca1ac2fae352d55a8de4e4e890d,art_adb25e269d597f8a93d84041f7d6f7e2,Justice.Arrest,deported,130,138,0.8
evt_40ab82e4c20cf66e3411af914d8e2230,art_5e13cd1d6c81fb190d71c70070c0ba28,Justice.Trial,found,41,46,0.8
evt_00a2a56301c325ec2e35a2432f689934,art_5e13cd1d6c81fb190d71c70070c0ba28,Justice.Trial,called,91,97,0.8
evt_606998af8297c735a4caf3226b091fa3,art_3236adc33869f25dc8a21b9394d9c392,Disaster.Natural,erupting,120,128,0.9
evt_6780f5aabafa90674a136f785e8968da,art_3236adc33869f25dc8a21b9394d9c392,Conflict.Attack,triggered,147,156,0.6
evt_549a39cfdccbc470b69cc6a7927d463d,art_91a343d9d7ba09b028ab21c3eb31f940,Diplomacy.Meeting,hold,38,42,0.9
evt_bebbba7e5262ebed932c7c5d5925ac6b,art_91a343d9d7ba09b028ab21c3eb31f940,Diplomacy.Meeting,pursue,103,109,0.9
evt_6c7313e0518c88104dcefb46e68023ef,art_96f13b258569da4579f832ff0fea52f7,Conflict.Attack,killed,14,20,0.9
evt_bed7769f8d38ff54092d2f48d888b289,art_96f13b258569da4579f832ff0fea52f7,Conflict.MilitaryOperation,destroyed,136,145,0.9
evt_a8555371a4014723c305dba2e227d8a2,art_2162787bfa47402941f1bd60b9a64bb1,Conflict.Attack,kidnapped,106,115,0.85
evt_1b237556a5bbdf64283c9e6e8710229b,art_f641c425ead655fbc7ca1fcb2417d68d,Conflict.MilitaryOperation,hit,165,168,0.7
evt_7d4af184edbfb62b7af2cedddebad55b,art_ac7776e641458668ddbcb6df67f70c3b,Government.Law,revokes,14,21,0.9
evt_fb51df017282a36b15e9a73a3d9e8cc5,art_ac7776e641458668ddbcb6df67f70c3b,Conflict.Demonstrate,following,53,62,0.8
evt_b5c091bfc573f246f5537a737dac3b37,art_ac7776e641458668ddbcb6df67f70c3b,Government.Law,cancels,93,100,0.9
evt_89a4afcc17993141f777d3282a2e7903,art_21a8c6c0ad0c4e3eb834d81bd546a1a0,Conflict.Demonstrate,protest,34,41,0.9
evt_10984c4ee51a10889013e33f5e6a3e7b,art_21a8c6c0ad0c4e3eb834d81bd546a1a0,Justice.Arrest,',63,64,0.9
evt_aefacb1b52ed63b66dd7e5324bea6f3d,art_21a8c6c0ad0c4e3eb834d81bd546a1a0,Justice.Arrest,being,111,116,0.9
evt_758decb6cb32a03b089de7c8830156df,art_21a8c6c0ad0c4e3eb834d81bd546a1a0,Justice.Arrest,arrested,117,125,0.9
evt_07c8e9c0df9ff9d7af6aba0b3cf2d8d3,art_21a8c6c0ad0c4e3eb834d81bd546a1a0,Justice.Arrest,beaten,130,136,0.8
evt_d396aba97cebe09e3934f4477de57c98,art_21a8c6c0ad0c4e3eb834d81bd546a1a0,Conflict.Attack,crack,147,152,0.8
evt_3450ef6eb67b786cfa7b261df0438af9,art_115d0758eec3392575c0495b56085205,Justice.Arrest,could,31,36,0.9
evt_57885467074a5b3a012a0b17cbedb963,art_115d0758eec3392575c0495b56085205,Justice.Arrest,go,37,39,0.9
evt_9039a9f5e6017502480ad513d3b4108a,art_115d0758eec3392575c0495b56085205,Justice.Arrest,posting,52,59,0.9
evt_65d53087ebfe7aaa3e1f942b1b8601ae,art_115d0758eec3392575c0495b56085205,Justice.Arrest,might,154,159,0.8
evt_36b12b6dc8ba7d56b304f981b1e86ac3,art_115d0758eec3392575c0495b56085205,Justice.Arrest,find,160,164,0.85
evt_e8f1d6cceeec995146ca7fe7c2a16ca1,art_20ddd2628857e6ec0b0539b1951118ef,Government.Election,challenging,146,157,0.8
evt_6d3fdf804eee1b9b1dbb27f124273034,art_ae39758cda3a315027d5176d285cb21b,Diplomacy.Agreement,joins,13,18,0.9
evt_e3b17cd255dbc7bca667014ce0c7f5a0,art_ae39758cda3a315027d5176d285cb21b,Diplomacy.Agreement,opposing,29,37,0.8
evt_f1b551a130fe24d55be7b30d379cfc04,art_ae39758cda3a315027d5176d285cb21b,Diplomacy.Agreement,release,81,88,0.9
evt_9f3800a22f219abbaf5be3fbd188eecf,art_9741698c9b0181433456d52a57e40e7b,Movement.Transport,disrupts,20,28,0.8
evt_a5693439a929a8750bfe865915d31eba,art_9741698c9b0181433456d52a57e40e7b,Movement.Transport,travel,29,35,0.9
evt_dd4ad9e9604a9b44950ecabfe7f71708,art_9741698c9b0181433456d52a57e40e7b,Disaster.Natural,causes,40,46,0.9
evt_b55a7c5240cd19229e9ee3184ea89525,art_b340048ada90aa34eb2a7d4e0e53cff6,Justice.Arrest,suing,91,96,0.7
evt_ae006341ac4ba3be73fde7acab9554f8,art_9beaedac18de9b4cf2e1bbe9cc833acc,Justice.Arrest,smuggled,23,31,0.9
evt_368cc1e836aad7656fc9ab86c6d79bf9,art_9beaedac18de9b4cf2e1bbe9cc833acc,Justice.Arrest,have,103,107,0.9
evt_fef98d2125d07633276d9fdaaa2cf21e,art_9beaedac18de9b4cf2e1bbe9cc833acc,Justice.Arrest,been,108,112,0.9
evt_c8df1f53a4e87cabf8aa28cf8dbda00a,art_9beaedac18de9b4cf2e1bbe9cc833acc,Justice.Arrest,arrested,113,121,0.9
evt_c2c9b1d76fe7af6554d2a17ce3d01691,art_a4c8cc4d51dd4a4d4bbdaeb83d0ed801,Diplomacy.Meeting,heads,89,94,0.8
evt_f8a91357787a49975af4994ce74f5a16,art_2771e62022717cd00f2971ec9f51d051,Conflict.MilitaryOperation,depicts,15,22,0.9
evt_3300e5de15dc8906dfcf841fdd0c9da3,art_2771e62022717cd00f2971ec9f51d051,Conflict.MilitaryOperation,show,79,83,0.9
evt_a4d19173a190a63b596542907a7ee07a,art_2771e62022717cd00f2971ec9f51d051,Conflict.MilitaryOperation,targeted,115,123,0.95
evt_8467776c5526358a0e2164d60dfc9e9b,art_89ea4b4631766b1c38c4866df23d7c15,Conflict.MilitaryOperation,confirms,23,31,0.8
evt_db04b2d7da6cc0a9b748d3f59cdeb6b7,art_89ea4b4631766b1c38c4866df23d7c15,Conflict.Attack,killed,53,59,0.9
evt_afd0e56d3f3c09431773b9fe3c13657b,art_89ea4b4631766b1c38c4866df23d7c15,Conflict.MilitaryOperation,sent,99,103,0.9
evt_cb481394cb9b4969430c663465e4f755,art_89ea4b4631766b1c38c4866df23d7c15,Conflict.Attack,blew,163,167,0.9
evt_11714de1de8c9a9c50b0067c1810b3db,art_a2ff748c72fa7e27b95d24a3270aa16f,Conflict.Demonstrate,demands,40,47,0.9
evt_423991312f073d706c8c7966b40d7d90,art_a2ff748c72fa7e27b95d24a3270aa16f,Conflict.Demonstrate,trucker,58,65,0.8
evt_a95df2f56412a30e8ad2f9ac23181636,art_448aeb8cbebfe737a98d1fed93fa0f7b,Diplomacy.Meeting,indicates,106,115,0.8
evt_ea151a4eb7a41b30319bacad9b2c9f23,art_448aeb8cbebfe737a98d1fed93fa0f7b,Diplomacy.Meeting,made,134,138,0.9
evt_7d787672022fe8cde3216da1d79e5258,art_9067a161cfd03e60c3c6964155fb9d95,Conflict.Attack,rape,71,75,0.9
evt_aada9ecfc6f1fdc7a8f382c73862ef73,art_9067a161cfd03e60c3c6964155fb9d95,Conflict.Attack,attacked,123,131,0.9
evt_1a39d563ba1e124a726ed266f1d3b08f,art_9067a161cfd03e60c3c6964155fb9d95,Conflict.Attack,sparked,176,183,0.85
evt_99de662effaa208268d7b34dd5344c26,art_e3b21b7ca617de00a5b0df8d3d260a4c,Conflict.Attack,encroaching,13,24,0.7
evt_bb74d592238e838e63d8759893b44c59,art_aa4fd6f2eff08d26be67233c2ecdc27f,Justice.Arrest,launches,25,33,0.7
evt_c7f3c9cc84a69b0ab46eb67985694577,art_0f840f881bfe7f8357c1e0a662967464,Government.Election,will,151,155,0.9
evt_1bb15d4180903f0e6aa3ecad108168a3,art_0f840f881bfe7f8357c1e0a662967464,Government.Election,start,161,166,0.9
evt_d5497415f62e6a2096da0a298eba9661,art_87fc007d8392effefab1c32919e563a6,Conflict.Demonstrate,protesting,109,119,0.9
evt_ebb82bb8ac4fe71f82700845acafdfd7,art_87fc007d8392effefab1c32919e563a6,Conflict.Demonstrate,blocking,150,158,0.9
evt_a5329340210c4816e25b7edcb242a65d,art_298687906012df0f38386d1a56b09416,Conflict.Demonstrate,protest,23,30,0.9
evt_0582b408ec991abec591c6adfec6420a,art_8414696de48d18661fe70826ae22fd8d,Conflict.Attack,captured,136,144,0.85
evt_df0536a7bd0fc02077df3e8b5f547f19,art_e5a63f9d5cf98d2b9174d492c6da6bc4,Diplomacy.Sanction,warned,107,113,0.8
evt_f72aa86808cd5df6752ec5ffe119181e,art_e5a63f9d5cf98d2b9174d492c6da6bc4,Diplomacy.Sanction,impose,137,143,0.8
evt_9cdb6e8f1be6f61df29e83f91c04d79f,art_e31b24303e11e8864bc5cf9843a8e249,Conflict.Attack,throw,48,53,0.9
evt_61a7f2d1b70659f4271f4f62236b1cd1,art_e31b24303e11e8864bc5cf9843a8e249,Conflict.Attack,continued,122,131,0.9
evt_ed5c5e7957c34271312654da4bc4ced8,art_88e7d8a6515eeba3f1ed58883b836092,Movement.Transport,evacuate,32,40,0.85
evt_d7d9b4ff83f497d292de6e54906ac0a9,art_88e7d8a6515eeba3f1ed58883b836092,Conflict.Attack,destroyed,68,77,0.9
evt_3558d5491a2dcc2ee00303b292b8e7d1,art_88e7d8a6515eeba3f1ed58883b836092,Conflict.Attack,shelling,148,156,0.9
evt_690427e7ee89dc5884ef2e5c851d5996,art_88e7d8a6515eeba3f1ed58883b836092,Conflict.Attack,strikes,157,164,0.9
evt_c2f197bdb447edfa41163e42c3535626,art_c3ecc3681d660e3821d1d850af7b7eaa,Economy.Trade,suspend,32,39,0.85
evt_e2e4de676f06b9c3edc299dd351f6533,art_467619fd06d98f92a22fba3e67a4225c,Justice.Arrest,detained,35,43,0.9
evt_d5b4e4330fd6a3b6a610b1f189b1dc25,art_467619fd06d98f92a22fba3e67a4225c,Justice.Arrest,detained,176,184,0.9
evt_a2173117997c640e4f8095078afa6f8f,art_6b160ab14190782a28620c4f9d438569,Conflict.Attack,suspends,27,35,0.6
evt_c57dbe56398fa8703bb9b4bf92bcdabe,art_6b160ab14190782a28620c4f9d438569,Conflict.Attack,threatens,147,156,0.6
evt_ec6b57c5f0f0e5531bc5d739b5eedf5f,art_a5ca3976c55a74d0352a1e7754162074,Conflict.Attack,shot,63,67,0.9
evt_1fb59c2d3cd214b98f1c301dde0bb3d9,art_a5ca3976c55a74d0352a1e7754162074,Conflict.Attack,fired,173,178,0.9
evt_97d3e25e5ddaabed62bd49637c35689a,art_c9968c2cb285f29b4d51ad2ec6b262ac,Conflict.Attack,battling,28,36,0.8
evt_299ccedb54258ea1fbcd39d8813455fe,art_6851b1fb5d52e58286ad3d97a08d3777,Diplomacy.Sanction,oligarchs,14,23,0.8
evt_e4161dfcb3ce63789ff822b6456be030,art_6851b1fb5d52e58286ad3d97a08d3777,Diplomacy.Sanction,facing,43,49,0.85
evt_bfd2070a87b1bcb4fc7c4cc6b2a2b225,art_744e78bb4cbeff7076ca47cfb9b499d8,Conflict.MilitaryOperation,shot,42,46,0.9
evt_967ed1ca3abe0249ecb2dcdbaf44414d,art_744e78bb4cbeff7076ca47cfb9b499d8,Conflict.Attack,being,138,143,0.9
evt_c872981c7fea23960bc1aaeb2c94f44f,art_744e78bb4cbeff7076ca47cfb9b499d8,Conflict.Attack,hit,144,147,0.9
evt_41bdca29d2e347fb253a38dd9046f030,art_cd9aa34dc00dfa59b51c3957fcfc0399,Conflict.Demonstrate,show,150,154,0.8
evt_5dff72e047bd5a1b2b7ce3e6bff34f61,art_d900e99cc64f6f42b7b17493b7429a7c,Conflict.Attack,bombing,31,38,0.9
evt_4614819236552ce0a1efb9948013608e,art_fa0f287a6bf3ec6025fba978a25bee2e,Conflict.Attack,sheltering,167,177,0.9
evt_e0851e5c0a5f8d81d46288876908402b,art_416cc2b0b048e69fa38da429019dd6b7,Movement.Transport,return,51,57,0.8
evt_775b6165e208e7514f9c37ec8ca28531,art_416cc2b0b048e69fa38da429019dd6b7,Conflict.Attack,aid,66,69,0.8
evt_ea3a9a3db96af1c91ea8e5f9251affde,art_1d53a961aafaf48cf3dcf01cad459703,Economy.Trade,cut,42,45,0.8
evt_ee045b3adb8ca4208923906ead18e2d7,art_1d53a961aafaf48cf3dcf01cad459703,Economy.Trade,close,121,126,0.7
evt_028304cb79f70c788be7faedbf55eaf3,art_d8daba45c56581b29c1ba949ea0e6d4a,Economy.Finance,approves,34,42,0.9
evt_80a8ee263ac78a5926ae1f8f2f490b0a,art_d8daba45c56581b29c1ba949ea0e6d4a,Economy.Finance,m,47,48,0.9
evt_629803298a06bc0fa126e355547a1cec,art_9092d6a54bd82d0d1ee3377146a36f03,Conflict.MilitaryOperation,seized,110,116,0.9
evt_b8219f0db35f99f199bad164d5b203c8,art_48f96cffa8399db39f65d3178c04827b,Movement.Transport,try,36,39,0.8
evt_e49e95e5ab10aab0a077ab333ee9307a,art_48f96cffa8399db39f65d3178c04827b,Movement.Transport,arrive,134,140,0.9
evt_c0831ccfa7a574e814bd1655ca1b9a2c,art_48f96cffa8399db39f65d3178c04827b,Movement.Transport,fleeing,147,154,0.9
evt_da2255defb462ff840daf64713062062,art_48f96cffa8399db39f65d3178c04827b,Conflict.Attack,bombed,155,161,0.9
evt_7aae03e2e1fe4fcc800d2e222cdbdb4f,art_78183ca154daa28438fed9ad59efb251,Disaster.Natural,killed,26,32,0.9
evt_107ba564fcf944c5e4c408c6633d0819,art_78183ca154daa28438fed9ad59efb251,Disaster.Natural,forced,47,53,0.9
evt_8ed0879c3f72c1e00d42d4e8362862e2,art_78183ca154daa28438fed9ad59efb251,Disaster.Natural,evacuate,57,65,0.9
evt_5bed021e6e997ff6124257b9fc6a87ae,art_78183ca154daa28438fed9ad59efb251,Disaster.Natural,die,86,89,0.9
evt_c865e2974b3e7908941cefb3cf6075f5,art_78183ca154daa28438fed9ad59efb251,Disaster.Natural,inundates,108,117,0.9
evt_1d1a0018dead94744afb4a3a11a20bff,art_7bc05f3f0ff0acf9ccddda147092b8f2,Justice.Trial,begin,38,43,0.9
evt_81d42e97f291fa4a2232c72bbb6b7329,art_7bc05f3f0ff0acf9ccddda147092b8f2,Justice.Trial,accused,97,104,0.9
evt_5dc0128022e6fe9ab76d3f95246792af,art_7bc05f3f0ff0acf9ccddda147092b8f2,Justice.Trial,trying,108,114,0.9
evt_c307a8ae63001f5db1b71a655881ed44,art_7bc05f3f0ff0acf9ccddda147092b8f2,Justice.Trial,kidnap,118,124,0.9
evt_8df5ef2662eb9ca5704b70916e66348d,art_f8f69578a0053c611d18f0f17b3e4b45,Technology.CyberAttack,leading,139,146,0.85
evt_8b91845f89f3b26b183f42428e411000,art_aa7dd60f009b2f20b3153cf971c93780,Conflict.Attack,fighting,149,157,0.9
evt_c5e496096fa45cedb045dc37d6f6bfae,art_c3d41757f31c94e0405cfb8a1c18e5ea,Conflict.Attack,destroyed,94,103,0.9
evt_723bb93b0c470e9eafac912db0416ac5,art_c3d41757f31c94e0405cfb8a1c18e5ea,Conflict.Attack,shelling,107,115,0.9
evt_27fdddfe7c5e8f5c21c680c377fb89bf,art_bef288c916d38ccc5923769f223aba8b,Conflict.Demonstrate,stood,48,53,0.9
evt_d94f7401e1b9245ba0eb55b280a2af3a,art_bef288c916d38ccc5923769f223aba8b,Conflict.Demonstrate,show,103,107,0.8
evt_ca4ba6fbb482c9728a22fe6a0e72f15b,art_bef288c916d38ccc5923769f223aba8b,Conflict.Demonstrate,protesting,151,161,0.9
evt_a14b3e0cb9e30638f2969cd3cad8d777,art_9773966fe015267270dedc9842a01108,Conflict.Attack,shelled,115,122,0.9
evt_10f3fc1bec94fb728d7e71f3fd3af306,art_f38831e4060308677290554a335a66e8,Disaster.Natural,tornadoes,12,21,0.9
evt_22e100f575db7aed9c11386f4273708b,art_f38831e4060308677290554a335a66e8,Disaster.Natural,killed,36,42,0.9
evt_59bc9cd55c979607c1f82c655d27db54,art_f38831e4060308677290554a335a66e8,Disaster.Natural,packing,114,121,0.9
evt_2a47b93dbdaa7db16dd6f09b462ba0a6,art_f38831e4060308677290554a335a66e8,Disaster.Natural,tore,154,158,0.95
evt_3e8016416a54028d07833b4b3e641947,art_c251a41c13338b04ffe67048554c272c,Conflict.Attack,hit,49,52,0.9
evt_4347a026eaf8e11982dc7e84df3b77a1,art_88f4c0f2873fad240158f9ea547efea8,Conflict.Attack,accused,38,45,0.8
evt_eaf8596d441e4199bfbc8e2aab789117,art_88f4c0f2873fad240158f9ea547efea8,Conflict.Attack,abducting,49,58,0.85
evt_ff755ef794577215c1f1e357a7b9aa37,art_a6ed9b6cc4eb29e5b9ac83722dba8f4e,Conflict.Attack,killed,49,55,0.9
evt_0f846a5e3e4cd54ceeec1df3698033e9,art_631642d1de5fcbe446c9f62a288be5b6,Conflict.Attack,shelling,59,67,0.9
evt_2d9f72369f27a0d49501690191c78033,art_631642d1de5fcbe446c9f62a288be5b6,Conflict.Attack,bombed,128,134,0.9
evt_b32ee17d134e2643198394b2d8fb4260,art_fbdbffcd759fa35db79061a75ad34645,Conflict.Attack,launches,26,34,0.9
evt_aa12fe2635dae26060020f65203dcf91,art_fbdbffcd759fa35db79061a75ad34645,Conflict.Attack,hit,120,123,0.9
evt_8c5daf531b17dfab2ec2699952013552,art_84c2ef60e3df4668ba287c2a1bbe9093,Conflict.Attack,winning,36,43,0.9
evt_0854becd1d894299a3c6bf68d019084a,art_84c2ef60e3df4668ba287c2a1bbe9093,Conflict.Attack,battling,138,146,0.9
evt_4b44d9578c100512ce3c61b693dc07d2,art_84c2ef60e3df4668ba287c2a1bbe9093,Conflict.Attack,stop,150,154,0.85
evt_f06210ff68a3fcef2de667c55e93c055,art_e9362e0cea7411ab6917223980fe9a11,Justice.Sentence,executes,20,28,0.9
evt_e354ce760d90508ec5c362793909f8df,art_e9362e0cea7411ab6917223980fe9a11,Justice.Sentence,convicted,99,108,0.9
evt_dd941921b8e1f75caf4593decbf1f2f9,art_30cfcf2fe494b535661d826f465718c8,Justice.Arrest,investigated,137,149,0.7
evt_c205c664d244c0b0f0d23085ad69a488,art_f2e5bf4f835d91be6b411b894701b3e2,Conflict.MilitaryOperation,swap,102,106,0.9
evt_4a2b99619dba2c0fa014a2c6e32f2a69,art_f2e5bf4f835d91be6b411b894701b3e2,Conflict.MilitaryOperation,prepare,148,155,0.8
evt_30285766ba2cd1151b1a315e6b0a4a77,art_f2e5bf4f835d91be6b411b894701b3e2,Conflict.MilitaryOperation,defend,159,165,0.8
evt_c474b081478c58a76602c976ad2e1ce4,art_5a551dba24f0ce83e825533042a9dd22,Conflict.Attack,prepares,25,33,0.9
evt_94b9993aa67d65af4081b24a4eeddc4c,art_5a551dba24f0ce83e825533042a9dd22,Conflict.Attack,continue,80,88,0.9
evt_b4f47f73a808b34abe096dba8a65d773,art_95911fce2336ab37be787a1cb903ea8d,Diplomacy.Sanction,affecting,165,174,0.85
evt_47aad29e8a12fdeab8bf6626cfb53bd8,art_ca7713c78a770f3d34b5d692d69f930e,Movement.Transport,fled,158,162,0.9
evt_ec763b209112ccae364b050a2a409c35,art_a202c1614adbb2d07c11a9f478fbefe5,Conflict.Attack,recruiting,37,47,0.8
evt_bc3110cd43715c0127d0c97c8501092c,art_a202c1614adbb2d07c11a9f478fbefe5,Conflict.Attack,used,130,134,0.8
evt_034e6174c0ec5395a914d254988c2812,art_a202c1614adbb2d07c11a9f478fbefe5,Conflict.Attack,recruit,138,145,0.7
evt_04f0cbea59ac5422067ba3977c56eeff,art_a3dedef55e85547090ed3f38b19d33e5,Conflict.Attack,begun,57,62,0.8
evt_a9cce7e5eee69b577d761a46b9b56e23,art_bb2c9a7848c04b60e6234b109cdb3e95,Conflict.Attack,destroyed,35,44,0.9
evt_1d9a5a78b66a3eebeb020dd3ea28bb3e,art_bb2c9a7848c04b60e6234b109cdb3e95,Conflict.Attack,shelling,69,77,0.9
evt_c9fd8bedd28bb2ad469f7470e9c0ca52,art_bb2c9a7848c04b60e6234b109cdb3e95,Conflict.Attack,destroyed,181,190,0.9
evt_a64a94e31e23e796f876e35e016eee44,art_6d64f9bebc3c7d39cc68ef50d3c651d9,Conflict.MilitaryOperation,volunteered,118,129,0.8
evt_0e78e01204706a2b40e9fded47440d60,art_457315a6796ef0572fd41ee2ba06708e,Conflict.Attack,flee,30,34,0.8
evt_6f68f651cd934723f225e270231c03e6,art_457315a6796ef0572fd41ee2ba06708e,Conflict.MilitaryOperation,destroyed,58,67,0.9
evt_51a03944c658b73ed23507b8e4b81489,art_96e864e1b394ba12b87c4a31e24330c2,Conflict.Attack,targets,14,21,0.9
evt_b5d64e035d5539f5aebaff6955cd32c4,art_a400e4f729ef40152a56509c45f74943,Conflict.Attack,verified,114,122,0.9
evt_8ea2235a098f5b0f67801df176d318dd,art_c024f352a6f3c7e50546bc5410bc04bf,Conflict.Attack,liberate,122,130,0.8
evt_3c7c1d94e7247597ea0b7482e7d5d57b,art_b58915a4d0737766252e695ffcddf585,Conflict.Attack,ready,129,134,0.8
evt_89e810c67be3242d11e9dfb3afc33733,art_3baf952864e9c27f1b42877f721b90b1,Conflict.MilitaryOperation,bolster,123,130,0.8
evt_af7fa4261fd384a08f4764f6dcbaee28,art_e854e31a790fb09bbf4248819523f0e4,Diplomacy.Agreement,signs,10,15,0.9
evt_b1cd2e138543971d99a91ade2f4c0a4a,art_2d9ae71d9249e9fd6ddbb54b071a1b11,Conflict.Attack,ordered,17,24,0.85
evt_1b85a66618fbff76e3812ef26e9e73e3,art_2d9ae71d9249e9fd6ddbb54b071a1b11,Conflict.Attack,hanging,85,92,0.8
evt_61c82eaecdf71c10300b35124fd54f65,art_2a62c7731fba00311fa80878a99d5c53,Conflict.Attack,abduct,56,62,0.9
evt_ea7d5df32b0705f4f0088e2c8b191371,art_9defb3742efdeffb97bce037cc6174b8,Conflict.Attack,used,142,146,0.9
evt_35d3a6a2c40c22d5a98320a768273130,art_7efc11d0777a080f0989addd8b7e1ccc,Conflict.Attack,abducted,30,38,0.85
evt_cc351e9c13269f40215940b2d9c310bb,art_7efc11d0777a080f0989addd8b7e1ccc,Conflict.Attack,tries,49,54,0.8
evt_88eb11110c957eb591945870d24d21be,art_7efc11d0777a080f0989addd8b7e1ccc,Conflict.Attack,assert,58,64,0.8
evt_877293e95d893c4090aa06f6d4b4a3f6,art_7efc11d0777a080f0989addd8b7e1ccc,Justice.Arrest,abducted,168,176,0.85
evt_585b1514413fcea0f58d1d61d833f044,art_278c6690d22b7deb58dca81e5cb15534,Conflict.Attack,shot,31,35,0.9
evt_f0811b1ab579fd68fdb14f5a4b4a49c6,art_fd2dd4a2b5490a105cf0a85858f8ddae,Movement.Transport,evacuated,118,127,0.9
evt_c0f1f300bd2c043c0ae3b71e79346f29,art_39371e1042aa4bf9bd52631954963d25,Conflict.MilitaryOperation,pushing,164,171,0.85
evt_9b7bec88991da772e974908848b6ed8f,art_2ee6c66d80c62e82550b90b9e1316857,Conflict.MilitaryOperation,show,127,131,0.85
evt_782fb191b61714c1e7a43fbcf5ff8419,art_110c150310258a09e4f674a75104591a,Conflict.Attack,stationed,174,183,0.9
evt_8eb586b8f8bead9070b2e3b7554deb87,art_01b98a6c3a463c09408e29836980e8be,Conflict.Attack,accuses,30,37,0.9
evt_099d55771f401a111bfc813fff4f33eb,art_01b98a6c3a463c09408e29836980e8be,Conflict.Attack,attacking,49,58,0.9
evt_26b9ec59b4f8d491de3a5691ff7bea94,art_01b98a6c3a463c09408e29836980e8be,Conflict.Attack,claims,85,91,0.9
evt_9afb8eedeb91866fc3faf08194286889,art_01b98a6c3a463c09408e29836980e8be,Conflict.Attack,set,120,123,0.9
evt_6f8eecbabc6adddff349d60955c9e73e,art_3c6e30e2354a5a38b3c8a7f7743b1d4f,Conflict.MilitaryOperation,left,133,137,0.85
evt_b4d483f8760cdc8a5af1c2b9ab5e697b,art_2f079916bbd741acca6bbfc3d9d723b8,Justice.Arrest,were,26,30,0.9
evt_53100815ded3c606e7ef473bbeca8005,art_2f079916bbd741acca6bbfc3d9d723b8,Justice.Arrest,arrest,40,46,0.9
evt_ea8a08830125944e76ba0a7b4db22747,art_1e43024290f06afca57c717cd4a5bb10,Justice.Arrest,find,14,18,0.7
evt_e3aad444e83c70f9af613a81daf1e86f,art_1e43024290f06afca57c717cd4a5bb10,Justice.Arrest,discovered,102,112,0.6
evt_53d056dc11c2d27e1988ac266b3f7d28,art_ea5ad3e76e85a6dca52a25c5476bdda2,Conflict.MilitaryOperation,blocks,27,33,0.9
evt_1491b921d9fabd95f49311ab874d72fd,art_ea5ad3e76e85a6dca52a25c5476bdda2,Conflict.Attack,blocked,94,101,0.8
evt_ad5b17b715d48b703921229397252314,art_ea5ad3e76e85a6dca52a25c5476bdda2,Conflict.Attack,rescue,134,140,0.8
evt_a664e53a6dfdd15c506434fdb2eda3e3,art_15d22f1c81b289da40dfcde83390c236,Conflict.Demonstrate,fired,92,97,0.9
evt_b5961ce76a8ff5394d91f0d78dbd14ee,art_15d22f1c81b289da40dfcde83390c236,Conflict.Demonstrate,protesting,115,125,0.9
evt_a5068d8e148e361390fe2f5bce11278c,art_3bb432952bf9de944f589bb944ca3ff3,Conflict.Attack,regrouping,35,45,0.8
evt_b4d7b7ed31dd7a1a1660666ca7dddc7f,art_3bb432952bf9de944f589bb944ca3ff3,Conflict.Attack,bringing,95,103,0.9
evt_bcb78d81d7bae5bec6896fae9b025e8d,art_1cb8363d4cc733e69724d81b71b87491,Justice.Arrest,fired,40,45,0.7
evt_6cff8fc957ce8a644f848863516f5d90,art_1cb8363d4cc733e69724d81b71b87491,Justice.Arrest,loses,97,102,0.7
evt_92b3d50460ddfa614300a394b5676a52,art_3276df286617cb0774373a5377e2d8be,Justice.Trial,Call,24,28,0.9
evt_e6fd4ae371cdd4dc1af56b6ff36a31a0,art_3276df286617cb0774373a5377e2d8be,Justice.Trial,halted,59,65,0.9
evt_dc95e721ff085198b5ed83032a480c79,art_3276df286617cb0774373a5377e2d8be,Justice.Trial,should,130,136,0.9
evt_67978baed9508c97fa8e665055608851,art_3276df286617cb0774373a5377e2d8be,Justice.Trial,transferred,140,151,0.9
evt_0e6af797961fb1ae344286f0b496bbbf,art_3729e924038648f033efbb5cff16fb78,Economy.Finance,investing,89,98,0.8
evt_b85eadb9dda2b5ca378e5c31728f9078,art_47a7a2b178d72644e360069c4bcfdcab,Diplomacy.Meeting,Meeting,7,14,0.9
evt_411c264d9d44c71bcbfe2207e0e278b9,art_47a7a2b178d72644e360069c4bcfdcab,Diplomacy.Meeting,stepping,28,36,0.8
evt_66f67f08c43fe3df27c01dfa244c9488,art_47a7a2b178d72644e360069c4bcfdcab,Diplomacy.Meeting,seeking,112,119,0.8
evt_6dd05812d44d1f7cb9734ca7f678786e,art_cff7f7b9ec54a2273b86338350fe30fe,Conflict.Attack,signing,32,39,0.7
evt_5d1c8169e5064c5381746ac1ca3a36f0,art_cff7f7b9ec54a2273b86338350fe30fe,Conflict.MilitaryOperation,fight,46,51,0.9
evt_c5f9e2acb82f298493214235f389c8ca,art_cff7f7b9ec54a2273b86338350fe30fe,Conflict.MilitaryOperation,deployed,126,134,0.85
evt_a65d456118dd18b8693deb0709a74a86,art_af9086383bc68317f76113500ad6b5d7,Conflict.MilitaryOperation,found,94,99,0.8
evt_49f73261932d0cdd17a7d7c22e2e6877,art_af2c9dd27c3622d984b300e39f8dfa57,Movement.Transport,leaving,107,114,0.9
evt_9aaa94d19bcd675120970521bf07690a,art_70d5a54991d2e2a02d58ce6dab5138b8,Government.Election,fight,46,51,0.85
evt_445f636dfc2812d33b5b15a32b549287,art_70d5a54991d2e2a02d58ce6dab5138b8,Government.Election,wins,92,96,0.9
evt_77cd5589c89e32e8538b597df00c87f4,art_5b34f6300f32d918242be7b8a868f4c8,Government.Election,wo,37,39,0.95
evt_4373b42563e74e65fb80d0a8565eb8e4,art_5b34f6300f32d918242be7b8a868f4c8,Government.Election,be,43,45,0.9
evt_0c6950b3a89d780dc35b43ccbdd69650,art_5b34f6300f32d918242be7b8a868f4c8,Government.Election,will,93,97,0.8
evt_3900ef03b6a1dd9ea063e8b2f9fc4393,art_5b34f6300f32d918242be7b8a868f4c8,Government.Election,face,98,102,0.9
evt_deca6092c71c4d56bc697ea6a99be79d,art_24de26549012217c964f50d9d9b8193f,Conflict.MilitaryOperation,retreat,85,92,0.9
evt_085f8de26254b79c7c7ea832c640a5f1,art_63efa938ea1ebc368b14681521d3e949,Government.Election,vote,30,34,0.9
evt_95b1a1630c8d975055c4d7d0da5c2259,art_63efa938ea1ebc368b14681521d3e949,Government.Election,ousting,62,69,0.8
evt_e8596386cdc3c4d27b56c4b8672c8afd,art_c51559c2954a9b7d3387166519b2c9d8,Conflict.Attack,killed,81,87,0.9
evt_718cc1e27bb1dd4a4d4d730fcdd9669a,art_c51559c2954a9b7d3387166519b2c9d8,Conflict.MilitaryOperation,defend,142,148,0.85
evt_68a2df621e911b107c446ab256315194,art_c51559c2954a9b7d3387166519b2c9d8,Conflict.MilitaryOperation,redeployed,172,182,0.8
evt_809e6293b9df0e048d87548d10016015,art_af03c7d601fd2ec9ca84b9294425fa96,Justice.Arrest,seize,22,27,0.8
evt_b0bdcac86827aa2e6934ba79e89889e3,art_af03c7d601fd2ec9ca84b9294425fa96,Justice.Arrest,found,92,97,0.7
evt_62ac0f472899a9ab09bc3ddf3a490d78,art_b9f8971a9474668c188ea2ebf4e31686,Government.Election,calls,45,50,0.9
evt_ec18f430d2d4ead22df92d4cf2fcc722,art_b9f8971a9474668c188ea2ebf4e31686,Government.Election,announced,106,115,0.9
evt_61761d48faf757bbe188ee21cd7c22e0,art_2d462fef531ee0574f566fe0cf6262f1,Justice.Arrest,investigating,23,36,0.8
evt_1eca71f8680cf922c58b0b345042581b,art_2d462fef531ee0574f566fe0cf6262f1,Justice.Arrest,break,80,85,0.6
evt_ad34d7da6438fa2ebbeb2503c87473e2,art_2d462fef531ee0574f566fe0cf6262f1,Justice.Arrest,investigating,129,142,0.8
evt_ac6b7c33ddae812bbfaf101bae9d5206,art_2d462fef531ee0574f566fe0cf6262f1,Justice.Arrest,break,224,229,0.8
evt_59440d7c3f9c5490a2a049a447d31996,art_7143429003f324bdd480992d3ae28479,Conflict.Attack,escalate,42,50,0.7
evt_ed401c3a55f258d91778406fa91a5a1a,art_7143429003f324bdd480992d3ae28479,Conflict.Attack,drag,55,59,0.7
evt_4e0782bb19701967c5e5c0de18366bfe,art_10171b6c8c310e082889390ec223f5f9,Government.Election,will,119,123,0.9
evt_495762c73345d761f9de9aaf909fa764,art_10171b6c8c310e082889390ec223f5f9,Government.Election,defined,127,134,0.8
evt_ed8cdd8261f5cbb5a0237376b9191bb6,art_254eb3094b357ced7480676d081675fe,Conflict.Attack,ca,42,44,0.9
evt_baaf1ea670f8b10d6d19ba81dc08ad3e,art_79fc6878c94efac84049c3e4e05d754e,Diplomacy.Meeting,negotiate,146,155,0.8
evt_4333c91446155c569746a751b4cfef08,art_79fc6878c94efac84049c3e4e05d754e,Conflict.MilitaryOperation,took,176,180,0.8
evt_9c386e96050f4a0938afe4fd13b60810,art_e170e8d98540695038c42e0b735395bd,Government.Election,win,27,30,0.9
evt_fcdbdb22dd9745271bba63c32d610402,art_e170e8d98540695038c42e0b735395bd,Government.Election,will,76,80,0.9
evt_ac6cc4633748e6bfa6df865729fa518e,art_e170e8d98540695038c42e0b735395bd,Government.Election,go,81,83,0.9
evt_eb6d7faad3da3bcdeb9af99bb1c16346,art_e170e8d98540695038c42e0b735395bd,Government.Election,head,84,88,0.9
evt_d9be2f5abb0f966110457d29f83454bc,art_4c8edcb7b6c78336b4c9e9720b39850b,Conflict.Attack,usurping,39,47,0.8
evt_67773e61bb60bc8a1f3f28d00dcc02a9,art_4c8edcb7b6c78336b4c9e9720b39850b,Conflict.Attack,said,93,97,0.7
evt_da53454f7c8dbfe61ec6707663b27512,art_4c8edcb7b6c78336b4c9e9720b39850b,Conflict.Attack,will,101,105,0.8
evt_a69a57622cd1f94049639af7c761129d,art_4c8edcb7b6c78336b4c9e9720b39850b,Conflict.Attack,keep,106,110,0.7
evt_0b4cadadbda6b7de83244b961f83d9fc,art_4c8edcb7b6c78336b4c9e9720b39850b,Conflict.Attack,fighting,111,119,0.8
evt_281f331455a1e03c66f78e6d6e9684b9,art_24300a99f0361c591b5918fbf9cc84cd,Conflict.Attack,supporting,148,158,0.8
evt_edf7dfc5c8b04ef0ec1abbf5723ff128,art_98ef4665b1e77cdd84a679cf251ffcf7,Government.Election,pledges,31,38,0.9
evt_1e4635e74c62dc83327d28e9fa901f51,art_98ef4665b1e77cdd84a679cf251ffcf7,Government.Election,create,42,48,0.9
evt_a8c82317e819061072a13a444f52519c,art_98ef4665b1e77cdd84a679cf251ffcf7,Government.Election,will,96,100,0.9
evt_cab27aba4c0ff356a005912596489655,art_98ef4665b1e77cdd84a679cf251ffcf7,Government.Election,unite,101,106,0.9
evt_a89e6465b84cd94266425f7c1ec10e5a,art_98ef4665b1e77cdd84a679cf251ffcf7,Government.Election,re,154,156,0.9
evt_9d94f18bc57b22da2a0b9bfb11bb9d48,art_98ef4665b1e77cdd84a679cf251ffcf7,Government.Election,-,156,157,0.9
evt_684d792faf5d742ccd079c43aeb170fb,art_98ef4665b1e77cdd84a679cf251ffcf7,Government.Election,elected,157,164,0.9
evt_c5118fbe4b561205d5b31f21c8a59715,art_b49785b54371a158a1c66aad5b9aa723,Diplomacy.Meeting,makes,96,101,0.9
evt_067f4aca12571f05a81999faa16bade9,art_b49785b54371a158a1c66aad5b9aa723,Diplomacy.Meeting,meets,145,150,0.9
evt_3d42c2d6b469f33d78676a7163a4426e,art_76cbe51774d316eb644eb93f39674053,Conflict.Attack,accuses,13,20,0.8
evt_6d201467c28cde4176383e03461b8db3,art_02a9dcb3aef3d3072710b59a49a6fc38,Conflict.Attack,capturing,115,124,0.9
evt_aca2d84d4415d62e71e7d84c20f738ba,art_d2f8ab34530470c512340fbb8f668127,Justice.Arrest,arrested,47,55,0.95
evt_05c92412318aa7677dfe04f595d1c58e,art_d2f8ab34530470c512340fbb8f668127,Justice.Arrest,accused,129,136,0.9
evt_42de24a805b5b692567dc1a07863df40,art_d2f8ab34530470c512340fbb8f668127,Justice.Arrest,pictured,153,161,0.9
evt_44b89941defa43c4579dc559a49d682e,art_4d6b765deb8f442614a070030f368819,Conflict.Attack,killed,32,38,0.9
evt_a3488d249cdd21a8253c070436edcc15,art_4d6b765deb8f442614a070030f368819,Conflict.Attack,cause,135,140,0.9
evt_6cab51824daa185a8e86cc04ba74895b,art_4d6b765deb8f442614a070030f368819,Conflict.Attack,being,172,177,0.9
evt_24dbf568f991cf23748085ffc2e684f2,art_4d6b765deb8f442614a070030f368819,Conflict.Attack,used,178,182,0.9
evt_2530f2d00f1b82ed1bece53ae389cba6,art_3093ecb918008ec51a7b4853c99f2fbd,Justice.Trial,Heard,36,41,0.9
evt_9557df7538ebb1f100d2e7e3156d6a3c,art_3093ecb918008ec51a7b4853c99f2fbd,Justice.Trial,giving,42,48,0.8
evt_60cabb1ee60167ae7559f64eb701eeec,art_3093ecb918008ec51a7b4853c99f2fbd,Justice.Trial,concocted,97,106,0.8
evt_414d116db593d38fbbb75c5fd0457baa,art_5d8d664b5b57e8d5292994ad20bfe0ee,Conflict.Attack,press,21,26,0.8
evt_986f8fb71c2d8dea296b0a380a36bce4,art_3ac7263dbc77248cd8ae990f28cfdb93,Disaster.Natural,find,45,49,0.9
evt_1315364a325623d6b8037885c822fbd3,art_3ac7263dbc77248cd8ae990f28cfdb93,Disaster.Natural,rises,74,79,0.9
evt_fb31d842c92a62e64fa36e387a46faac,art_3ac7263dbc77248cd8ae990f28cfdb93,Disaster.Natural,killed,134,140,0.9
evt_c27593d7ea038542997efa34ec567c6c,art_3244de4dbdcb48e7fda288dcce34fa9b,Movement.Transport,heading,47,54,0.8
evt_32bb7da81cce0a6b884566eacfb00bf2,art_3244de4dbdcb48e7fda288dcce34fa9b,Conflict.Attack,leaving,132,139,0.7
evt_8d4eb9a490e1250908ac7c1607ae6750,art_ac37f914de16ee92e4ef15a715cbce8c,Justice.Sentence,jailed,32,38,0.9
evt_a46b54133c1676db8e07af303b510ef6,art_ac37f914de16ee92e4ef15a715cbce8c,Justice.Sentence,evade,63,68,0.9
evt_ace6773bf167abedfeb57402ca9d7760,art_ac37f914de16ee92e4ef15a715cbce8c,Justice.Sentence,was,104,107,0.9
evt_d2c6cf91501df6cf4dd10d7773fb0135,art_ac37f914de16ee92e4ef15a715cbce8c,Justice.Sentence,sentenced,108,117,0.9
evt_19cd767a22ba14fa26a4e080761055de,art_dfa74ff45615b932cb221fa695ecbc23,Conflict.Attack,killed,151,157,0.8
evt_c9d42547f972e3f21d8f84206670c6e8,art_a45264d631131950ba3db004027d9310,Conflict.MilitaryOperation,turns,162,167,0.9
evt_585c4a9a1d04d3e0dc587ec737aa2f94,art_cf3a685cdd745f6edbf7f802580f6b9b,Economy.Finance,sanctioned,98,108,0.8
evt_928f5e7ddded78934901ac8baad6bfdf,art_23241500bdc7a2c4c6887c8cd018640f,Conflict.Attack,fired,80,85,0.9
evt_7be8d1062b6b0ecdfe5870c2fe1ec797,art_0510392a0e98f3cfce6fbe754c46727c,Justice.Trial,stand,165,170,0.9
evt_7e316e6e30e200e45fabda16e8b6a7db,art_4efddefbbec5ab717b00b58d75e70f24,Conflict.Demonstrate,overthrow,44,53,0.7
evt_46056314323fb5dd3eaef0f941284137,art_70daad3040e0176bfbd8240151be9f8d,Disaster.Natural,ca,109,111,0.9
evt_da9d0f59a82591f26a16eb81beca1bc7,art_70daad3040e0176bfbd8240151be9f8d,Disaster.Natural,destroyed,175,184,0.85
evt_b9f80592d62798fe2d3ab218423bc54f,art_fc7981f2fe797a2dac18fb63b6f7040c,Conflict.Attack,spiral,56,62,0.8
evt_5f944150609b7da7e41f1e768d71edcd,art_fc7981f2fe797a2dac18fb63b6f7040c,Conflict.Attack,killed,81,87,0.9
evt_3eff4f5e05cbf76bb8d993e78ede65a6,art_fc7981f2fe797a2dac18fb63b6f7040c,Conflict.MilitaryOperation,carries,110,117,0.9
evt_3b380000d6745b3c0acfad4d6497bed7,art_bb617d251ee44b6ddf34a8934df70782,Government.Election,do,46,48,0.9
evt_175cb36576c6935bfeb8ba6f1e640687,art_bb617d251ee44b6ddf34a8934df70782,Government.Election,vote,52,56,0.9
evt_27e84a6e6321e5fe270b57b18c87ebe9,art_bb617d251ee44b6ddf34a8934df70782,Government.Election,sworn,96,101,0.85
evt_f0af88dddfcc89ee601771a2525687ef,art_bb617d251ee44b6ddf34a8934df70782,Government.Election,following,105,114,0.9
evt_47ae4b7726b7580cfa163c57c0588c2c,art_bb617d251ee44b6ddf34a8934df70782,Government.Election,did,147,150,0.9
evt_f3111fdb0cb328b657aff8fa41ce9e81,art_bb617d251ee44b6ddf34a8934df70782,Government.Election,vote,155,159,0.9
evt_2e6a9d0520208a6b1015f283310c10d9,art_45877da13e953bc6ee55046d71db64d7,Conflict.Attack,mine,163,167,0.8
evt_db38bfd29649d3c8ad06cd6b53a09f4e,art_84dece001c701f1dc468f8030804fd2c,Conflict.MilitaryOperation,declares,24,32,0.9
evt_c337e53dde94d357417bbe6495088ef8,art_ac80655ab83da9550571b4052d22cdd7,Health.DiseaseOutbreak,confirmed,27,36,0.9
evt_dd6865e77d3ddc167b6783a0f7d5ed41,art_ac80655ab83da9550571b4052d22cdd7,Health.DiseaseOutbreak,suspected,73,82,0.9
evt_7f71249cefe2e71d9e9f4deb7e2a589c,art_ac80655ab83da9550571b4052d22cdd7,Health.DiseaseOutbreak,being,113,118,0.9
evt_fd7e150c50be6ca9a75a80a4606a939c,art_ac80655ab83da9550571b4052d22cdd7,Health.DiseaseOutbreak,investigated,119,131,0.9
evt_50173d2d5a4fb0ee3b0e5f883d412a2d,art_0963c7b93bb48d6d6ca3d6b8a3ab67ff,Conflict.MilitaryOperation,occupies,89,97,0.9
evt_24f576a83caca5ca0be7b29c47e4a068,art_025d7b7d411471469e0f2f934bea0b3c,Justice.Sentence,gets,33,37,0.9
evt_1a5a40568e8f29b0b8446855c8f8b0c9,art_025d7b7d411471469e0f2f934bea0b3c,Justice.Sentence,setting,51,58,0.9
evt_ae4f36dbdf54e85e337962fb35568903,art_025d7b7d411471469e0f2f934bea0b3c,Justice.Sentence,killed,70,76,0.9
evt_fb1ac4c1d7eaadbed91e835b68f3de48,art_025d7b7d411471469e0f2f934bea0b3c,Justice.Sentence,set,113,116,0.9
evt_28f260e5595921742444b6008a8500ac,art_60f5801ba5bba532eb810a8c22f8d799,Justice.Trial,played,170,176,0.9
evt_53187d15bd83507bd3b672cd4d951dc1,art_685c9d558526195339fec560695b87c3,Economy.Finance,default,125,132,0.8
evt_5312e7b0c3b306e058a5bfb6cc60bca0,art_d7c5d366cf9806c5e761d97bc84e70fc,Government.Law,ban,17,20,0.9
evt_bc125e27001fa61dfb55fec6f3d5ce1f,art_d7c5d366cf9806c5e761d97bc84e70fc,Government.Law,barred,106,112,0.9
evt_fc898f9c6274097453c1f74c4a54a053,art_09e7bdfacc2aeb89850851c19e9ef48b,Justice.Arrest,accused,22,29,0.8
evt_2415c03ff97716a45a737407f731b230,art_09e7bdfacc2aeb89850851c19e9ef48b,Conflict.Attack,shot,50,54,0.85
evt_c946d2740b001e8790be5ae3a5fe3899,art_09e7bdfacc2aeb89850851c19e9ef48b,Conflict.Attack,say,95,98,0.8
evt_64b39a7b029f99bad5f33be1aa5c08ca,art_ae8a0ec11f9aa65c4c443284d87ac664,Conflict.Attack,evacuating,103,113,0.9
evt_4cc8b785763882bf26ac38f5b8bb280d,art_0fe331c22b3bc66aa8aeeaf653e075fc,Government.Law,outlawed,145,153,0.9
evt_9caaf52b3a9fe48f44a68b0c102e4e49,art_d082cb72076de83697aaa3fa3b07a44a,Conflict.Demonstrate,listed,116,122,0.8
evt_fd983799a531f1d2bd766ab34e0e795b,art_d082cb72076de83697aaa3fa3b07a44a,Conflict.Attack,attacked,143,151,0.9
evt_f2b900edbb6bd4fe113c26e7ab1b5cd0,art_35d5337d3ad3230ca93840b5d3ed0673,Government.Election,speaks,81,87,0.9
evt_ca2c9414e06061c643f95bf42ad52f91,art_91ebd8ed30c3e0cd167d7ec462ea0b72,Conflict.Attack,killed,39,45,0.8
evt_bbf5a54ee0f1ea0776a436e4f44883f6,art_1a768d1841484b246eecfc4f08a9ec6e,Conflict.Demonstrate,stripped,92,100,0.9
evt_2b535ef9cc4d2c7ccfeb84a613d67377,art_1a768d1841484b246eecfc4f08a9ec6e,Conflict.Demonstrate,show,129,133,0.9
evt_b0e58b0f693992aefaa54dd9c94bc3b8,art_1a768d1841484b246eecfc4f08a9ec6e,Conflict.Demonstrate,stop,145,149,0.85
evt_29037e2e0e9e0bba17247294bc4b2b32,art_1a768d1841484b246eecfc4f08a9ec6e,Conflict.Demonstrate,raping,150,156,0.9
evt_0b121a98d41d347979edc5f28f80e4d5,art_88ff1cb34cdb137039fbda2692e8afdb,Conflict.Attack,carrying,136,144,0.9
evt_5aa7148db2526482e683699a424790dd,art_87f73b123f1db9df29c970e345b32cee,Justice.Trial,investigate,109,120,0.8
evt_5fa57aeca9bc53e5a46593daa4430ec7,art_87f73b123f1db9df29c970e345b32cee,Conflict.Attack,tackle,158,164,0.85
evt_f9c18b2a483a20d236bca865378305fb,art_e0aea1bc73d6e0276dcecd4ee1230c1a,Government.Election,lead,119,123,0.9
evt_84c60dfbfd2de1cfa912ad73ae3dc49e,art_ce16a763bda4cb0dc296f3906fc8e02f,Justice.Arrest,sprayed,182,189,0.8
evt_d452884915607dff30e609e6ebf378df,art_6828a348a2afdaefc1365e087301b996,Justice.Sentence,lift,55,59,0.7
evt_0541d84e1c562b75410d9c93fb652e46,art_6828a348a2afdaefc1365e087301b996,Economy.Finance,announced,125,134,0.8
evt_8c7e04f8c44749839139beb912dbb845,art_25dc592b0097af8f2204131492fa0687,Conflict.Attack,kidnapped,54,63,0.85
evt_49d7eb7c4e8b183038fa022854f4fcf4,art_25dc592b0097af8f2204131492fa0687,Conflict.Attack,taken,89,94,0.9
evt_01d5f7c99a1dcd19811d30acd31f7fbd,art_53ada0480b9d985177fa4aee0161dd44,Justice.Arrest,arrested,35,43,0.95
evt_d254646b54bf349243e081547aea7dfd,art_53ada0480b9d985177fa4aee0161dd44,Justice.Arrest,is,121,123,0.9
evt_ae4951593dbcbd06cb61a36dc6cbd1d5,art_53ada0480b9d985177fa4aee0161dd44,Justice.Arrest,bailed,124,130,0.9
evt_3190f1a3880733cfbf1ac4a0e9f1bc8b,art_1b0836687caefa007792a6b9ea1b22db,Conflict.Attack,shot,105,109,0.9
evt_6c6e5cc1c2092c6667d37582e536c053,art_78184201f3295d4eeaa4391e5f52d08f,Disaster.Natural,kill,37,41,0.9
evt_318cd7a8712a2c7e0fee3838fd43f361,art_78184201f3295d4eeaa4391e5f52d08f,Disaster.Natural,died,147,151,0.9
evt_49d226490b9e14d6edc56c7963e64e1b,art_225e4d554993c3b710dcea69c1b16b56,Conflict.Attack,send,90,94,0.8
evt_2c14bfe91a2b1eb6b751157464707f3f,art_2998ee3c1f2b44fe3f762148d193c06c,Conflict.Attack,die,52,55,0.8
evt_10fd79396cfa60f9e4447d969690c482,art_cb68bba4c91c2e9efda088dbecd5042f,Government.Election,shared,138,144,0.9
evt_03c6565412f5ee084a0a6cbb232552f9,art_8705b4d7d4f6ae1f4f325dee98e0b4b6,Diplomacy.Meeting,meeting,140,147,0.9
evt_ad3cdc1a6fbdc04110368239018dd6fb,art_8705b4d7d4f6ae1f4f325dee98e0b4b6,Conflict.Demonstrate,presenting,161,171,0.8
evt_68f6da9709387373b15e2b22a632dde2,art_3c47055783b331ae402ad7e15df83ea0,Conflict.Attack,committing,152,162,0.8
evt_dcb60dbf733049a0d62094320bc9da9d,art_7ef00f0d659114d2d21c670e01448c04,Conflict.Attack,clash,44,49,0.85
evt_51effbbd03cac1a69b096eb6454a02cd,art_7ef00f0d659114d2d21c670e01448c04,Conflict.Attack,wielding,94,102,0.9
evt_36859f73c360c0d73b02bb00983eb4e4,art_7ef00f0d659114d2d21c670e01448c04,Conflict.Attack,thrown,156,162,0.9
evt_fc49ede597b9ae3fc34d61e4a596707a,art_75cd4fc4fa46b8b64410c432e04021ea,Conflict.Attack,gassed,58,64,0.9
evt_442fb6778fd618182db76bcf2afea5f2,art_75cd4fc4fa46b8b64410c432e04021ea,Conflict.Attack,fired,110,115,0.85
evt_a77befd0f3d6e5fc719c0fdb3c4930ab,art_0a67d71c427cf4ad8af00f323a64740a,Conflict.MilitaryOperation,send,26,30,0.85
evt_c28524a0d984056a1e6961ed7a122ec1,art_cd3804bd31011db0e6065dfe204972a5,Justice.Trial,trials,14,20,0.9
evt_df1004dbf961435138f4a35712013a87,art_cd3804bd31011db0e6065dfe204972a5,Government.Law,decriminalising,21,36,0.9
evt_84e0df087f6154f2ea5b7fdf0b95cc01,art_da3400bc8720c8d922df4e9d466fa874,Economy.Finance,get,15,18,0.8
evt_88ff761aa6bf1a2d59bc80284d5cee1e,art_da3400bc8720c8d922df4e9d466fa874,Economy.Finance,cut,140,143,0.8
evt_e3e32ae30a3d2124b4873f746f453509,art_b4dda25d9c458fb8484f21d8564b9742,Disaster.Natural,missing,44,51,0.9
evt_9a8213db893278b7d5252ed48fa2163f,art_b4dda25d9c458fb8484f21d8564b9742,Disaster.Natural,caused,101,107,0.9
evt_89f3530f3bf3ddab8f583735e994ef44,art_b4dda25d9c458fb8484f21d8564b9742,Disaster.Natural,caused,126,132,0.9
evt_7ae9fb43aad46a6bc9aabbdc165c8f15,art_eda34b8f8afcb8bf57a8a563daf9a381,Government.Election,holds,15,20,0.85
evt_6b6c1111efb385e09d3de936a8468a1e,art_eda34b8f8afcb8bf57a8a563daf9a381,Government.Election,dropping,35,43,0.8
evt_112176b59c647f5bf901473d3eedef7b,art_eda34b8f8afcb8bf57a8a563daf9a381,Government.Election,reassess,112,120,0.7
evt_521e957f503d7cd936c2eeabfa2a0d49,art_8541ae5c0feff6740a545b89c0b1dfca,Justice.Arrest,cleared,22,29,0.7
evt_4c4f0cb16b59c1ad66d94b94773c7203,art_8541ae5c0feff6740a545b89c0b1dfca,Justice.Trial,charged,88,95,0.8
evt_ee7e3c9993c62bd8a3dd59840638e0b6,art_4387cb73f8204db176a7fe66df6bf2fd,Disaster.Accident,recover,36,43,0.9
evt_10efb7fb4d8cd731ecb52e1b35b35dfb,art_4387cb73f8204db176a7fe66df6bf2fd,Disaster.Accident,found,167,172,0.9
evt_3b6962a067dde70a82324db6251155ba,art_72e76ae637eeba74c0a26109572864b5,Conflict.Attack,occupied,115,123,0.8
evt_14a536b4bfdfada7b891f63ec577702f,art_72e76ae637eeba74c0a26109572864b5,Conflict.Attack,kidnapped,149,158,0.85
evt_505a900e9f976023b11127bdded5d115,art_86a54e379e7c3099499fbefa8c7205ac,Conflict.Attack,fight,36,41,0.9
evt_4f8e01476e0db1541f3cd08e70c22d45,art_556cf534cc09542482071b0527b1c543,Conflict.Attack,entering,186,194,0.9
evt_be0b9beba9bd88536699a605b218417c,art_1c529c4674730c10cbfa827e2a65dc0d,Diplomacy.Sanction,announces,70,79,0.8
evt_0b4f7faa1cfddd69364513574a198ee1,art_97182c4f0ae53882c9b0c452169cdc42,Conflict.Attack,murdered,156,164,0.9
evt_46464dcb8732b1a522c39e6b25d1682d,art_78184201f3295d4eeaa4391e5f52d08f,Disaster.Natural,landslides,37,47,0.95
evt_d4bf05c8216298c69f0e34ea4ddbac8d,art_78184201f3295d4eeaa4391e5f52d08f,Disaster.Natural,died,151,155,0.9
evt_a662c51ef14da1cc54e334cb83cc4baf,art_60938eaa328051f3a26245510a5c0960,Conflict.Attack,training,30,38,0.8
evt_f2c84151c7a50996558e7b9594bb5c5d,art_60938eaa328051f3a26245510a5c0960,Conflict.Attack,leading,113,120,0.8
evt_8738018fa493da082e6fd052e96dac78,art_60938eaa328051f3a26245510a5c0960,Conflict.Attack,plotting,156,164,0.8
evt_11f6ecef76a69577018c3056f8a9ed29,art_a0f0ae8acc8edede95ec9e2d380660f2,Movement.Transport,heads,23,28,0.9
evt_285dae96fef5727db44d0a928640f0e4,art_a0f0ae8acc8edede95ec9e2d380660f2,Diplomacy.Meeting,begins,49,55,0.85
evt_9cd655f71dc26fbfa6c7a91c5a06bebe,art_a0f0ae8acc8edede95ec9e2d380660f2,Movement.Transport,headed,91,97,0.9
evt_4cc9f1e35a19f14d7a6a757f7f7758ea,art_d4e159d2b9bad20af804f10eb3b18771,Government.Law,agreed,84,90,0.85
evt_a7fc4648678e9b690bea95ba85a9e5d6,art_f810eeaf31633a953bfabd1c06442627,Conflict.Attack,subjected,144,153,0.85
evt_cca3240aaf2a9672ed6d0125185d93a7,art_6d9badf9c98e86cf95df15a5979a6a36,Conflict.MilitaryOperation,Wounded,23,30,0.85
evt_da4845a5a9a51017eeaa2f92d83c9994,art_6d9badf9c98e86cf95df15a5979a6a36,Conflict.Attack,fight,55,60,0.8
evt_7500ca639ae1e9c765a2b2e8aa619fb9,art_4633e11bdfa550e56effa4f4adc32a75,Conflict.Attack,kill,45,49,0.8
evt_8d5a6dc557142575090ed50c460cb16e,art_d0e958135d3eed97f0e58800323415f4,Conflict.Demonstrate,call,39,43,0.8
evt_293890324397eaac330af9360f912f36,art_82bb60cc0d0ca9245b3c3b2856c3cefb,Conflict.Attack,killed,91,97,0.9
evt_bebb435ec160446b16cf3faf07470abb,art_17e0fae00a1fe6ede69507943ba161d4,Economy.Trade,leave,28,33,0.7
evt_6bb9873fc10e922f86988897d75c0cdb,art_fbbac4d3437198a8d29feb3793768707,Justice.Sentence,receive,83,90,0.9
evt_7ab2c58fae72c108eefd0e8e00595062,art_fbbac4d3437198a8d29feb3793768707,Justice.Sentence,stolen,131,137,0.9
evt_47eabacafae864bb3b67820a4996c4f4,art_d56a38f5e600a3d886117eb6c8dd8579,Justice.Arrest,accused,40,47,0.8
evt_0e518eecddf17192fa4e79e909127e78,art_d56a38f5e600a3d886117eb6c8dd8579,Justice.Arrest,arranged,113,121,0.8
evt_5630b8f542e85e1ac5e1fd004fff47d0,art_262ba33c144cfd16d0b1e8dedc0e854f,Conflict.Attack,shooting,19,27,0.85
evt_e54f76fe762d6bfabe2cdc349e8a538d,art_24bcadf694959d6425ad060a4d5797be,Government.Law,bans,16,20,0.9
evt_f110c95349ddc7e7ca66a4608aeba890,art_347c0e27f5951fbe709ac3a094f89484,Economy.Finance,cuts,15,19,0.8
evt_91ead4bba649a6d4f44e48b32eb2bc7d,art_2639286514280fa84f5b0388eacdaf0c,Justice.Arrest,sent,43,47,0.9
evt_25370108b879f9261691faf061db4233,art_2639286514280fa84f5b0388eacdaf0c,Justice.Arrest,deposed,91,98,0.9
evt_1c55680fad760ab12ce1d554174c187e,art_2639286514280fa84f5b0388eacdaf0c,Justice.Arrest,was,127,130,0.9
evt_4b880183ac29dab60b0326e87137e77e,art_2639286514280fa84f5b0388eacdaf0c,Justice.Arrest,arrested,131,139,0.9
evt_5a7a171dc4697cfa2cf7bd09b41f8c6a,art_024e27b3bc9d87f3bb8af21b15fd0a93,Movement.Transport,heading,112,119,0.85
evt_e952b93de9f8ca8b0f4283d213cf636c,art_f06e9b9a2d2e1b7a451545a29e09e87e,Economy.Trade,brought,40,47,0.8
evt_c4a4488a9849a0eaf9c3ca2b508b0f5c,art_f06e9b9a2d2e1b7a451545a29e09e87e,Economy.Trade,leave,95,100,0.85
evt_1e627cc95ff696beace7fdfbfa6f993a,art_f06e9b9a2d2e1b7a451545a29e09e87e,Economy.Trade,struggling,138,148,0.8
evt_39e7eda24791d89a4cb695ea97a0ef3a,art_f06e9b9a2d2e1b7a451545a29e09e87e,Economy.Trade,trade,152,157,0.9
evt_de863da2389120603b3e8ffce8449f92,art_88bfd06b4abc18a7e30c22928886bf99,Diplomacy.Meeting,push,29,33,0.8
evt_3ec5babf0b7c3cb107830126241fac73,art_88bfd06b4abc18a7e30c22928886bf99,Diplomacy.Meeting,meet,136,140,0.9
evt_868bea837b4a9367b7b6971a95b066ac,art_74363440d102114f08b1ea558e569bda,Conflict.Attack,besieged,25,33,0.85
evt_f538e4c8646831ba1de5bff46b14716d,art_74363440d102114f08b1ea558e569bda,Conflict.Attack,flee,117,121,0.8
evt_20a0620f3893898c793f7080499e6b19,art_74363440d102114f08b1ea558e569bda,Conflict.Attack,close,150,155,0.85
evt_0582b17e0a08d40205b9d21cea4375b4,art_21e0c3fd11369eb6c52ea1e54dcbc0db,Conflict.Attack,bombed,155,161,0.9
evt_e38f14277bb0e3e2e05cba7b4a09a929,art_db178c31b00811eab983acc7ea9e0aaa,Disaster.Natural,rocked,19,25,0.9
evt_7d9955d52391556cf77b62ee1347ea2d,art_db178c31b00811eab983acc7ea9e0aaa,Disaster.Natural,shaken,102,108,0.9
evt_b4ff08c5eade3332dc007ad30133e6d8,art_79b246eb89f206b3f382671f31b361b1,Conflict.Attack,competing,144,153,0.8
evt_2666fa8a21ec184de25308dbafd8db8a,art_79b246eb89f206b3f382671f31b361b1,Conflict.Attack,fighting,164,172,0.9
evt_2ec08351656f0a53dc7000e193e69e88,art_2c550b7a2829f25f872bb8942d9e35af,Conflict.Attack,shoots,14,20,0.9
evt_a24a849480c68c791b03ea2815319e70,art_d10f2260019d0e38edd9466d5ba4a132,Justice.Arrest,die,20,23,0.7
evt_0097a522a7750c5293f149b6ef9c9b36,art_d10f2260019d0e38edd9466d5ba4a132,Conflict.Attack,shooting,48,56,0.95
evt_769736a3aac11aea5eb0ad94ab88eaa8,art_d10f2260019d0e38edd9466d5ba4a132,Justice.Arrest,killed,83,89,0.8
evt_1a5090ff2ebf5dfc455529aed95b1199,art_d10f2260019d0e38edd9466d5ba4a132,Justice.Arrest,try,122,125,0.8
evt_9f557d03faa74bad15e287f65bd57753,art_d10f2260019d0e38edd9466d5ba4a132,Justice.Arrest,serve,129,134,0.8
evt_b658c470fb9ba610d9ea7e9c5ac8f8bc,art_dcbb183600ccc5c1410e89f751291b6f,Justice.Arrest,freed,14,19,0.9
evt_010fe3e84fd3e6a1f18f4cc8cc4be2d2,art_dcbb183600ccc5c1410e89f751291b6f,Justice.Arrest,free,89,93,0.9
evt_a574894ead743dc4d763b0215b049e6a,art_e36b3c8b751665f1d582b3955a334e53,Disaster.Natural,kills,49,54,0.9
evt_294276076d2d96621b70bf88142d3049,art_e36b3c8b751665f1d582b3955a334e53,Disaster.Natural,killing,115,122,0.9
evt_395c04da773ebb1aa4511f505d70a917,art_e36b3c8b751665f1d582b3955a334e53,Disaster.Natural,wrecking,132,140,0.9
evt_2a77950e21e8444d62eaefc5846595cc,art_a0c0ec5ce0845bac183c1f7c8e303088,Conflict.Attack,hit,38,41,0.9
evt_8c0718f616f850fc1d0588ae88cd9dfd,art_a0c0ec5ce0845bac183c1f7c8e303088,Conflict.Attack,sank,106,110,0.9
evt_e6c012845cf34b1ca83ea91cd4313529,art_d644bf5ba03e9a11666c07a713d35691,Disaster.Accident,sinking,22,29,0.9
evt_8ef400d3df72ed5ffbf611fd18b2e116,art_d644bf5ba03e9a11666c07a713d35691,Disaster.Accident,airlifted,35,44,0.9
evt_85a41cbbeef3689498be326707a9fff9,art_a0854c3198617e34f4ef9cddc4fa11fc,Conflict.Demonstrate,storm,24,29,0.9
evt_f20dff24080a8fcd8cfaf502f5cdbf22,art_a0854c3198617e34f4ef9cddc4fa11fc,Conflict.Demonstrate,take,77,81,0.8
evt_7e93a17e7296609319ae2cdc30fb2801,art_85799a8778145402da9beff0363b3613,Government.Election,voted,113,118,0.9
evt_1301c107c6f42c3062f19c0122a4eae1,art_d928031b6a3b576294a58457b48e527a,Disaster.Natural,descends,37,45,0.9
evt_12a70d7fb4cde08066fb95e8d3175713,art_d928031b6a3b576294a58457b48e527a,Disaster.Natural,searching,134,143,0.8
evt_032272111899edbad9b3373befa438f5,art_d928031b6a3b576294a58457b48e527a,Disaster.Natural,missing,166,173,0.8
evt_c8bd05087f7dacfccefef3ace3f35753,art_7389a84705d2dfb3fb97022078bb3d7c,Justice.Arrest,held,42,46,0.9
evt_3c4566ba03f196d0da654cb5cbfc15a1,art_7389a84705d2dfb3fb97022078bb3d7c,Justice.Arrest,detained,95,103,0.9
evt_9bd6aa98c67ad5b5cfd4d91f98067485,art_7389a84705d2dfb3fb97022078bb3d7c,Justice.Arrest,arrested,160,168,0.9
evt_3ef614760f612dd6944b9510942e0542,art_9dac2d5f06728b03120ac949d70c86fe,Conflict.Demonstrate,force,149,154,0.8
evt_11cc2ae6ecca76919ad88378f05cc422,art_0672c35cd93a10a0526459e11917c59b,Conflict.Attack,freed,152,157,0.7
evt_7e158b50bc641cdc1c97a0d012240f26,art_c91b0858c72292848a7a170f4fd5bc24,Justice.Arrest,threatening,92,103,0.6
evt_222607c67af570b4181e7a13d96a0c87,art_ceef66deb2f6a2f2a04e31d442559002,Disaster.Natural,spread,143,149,0.9
evt_d7501c98cd917458cc889e42dc520059,art_5889568ea6b2db2bee2383ef767205ca,Conflict.Attack,shooting,46,54,0.8
evt_7c602aaf8466453948310ef8a7b5f1a0,art_a0048f56e856ac9378a753f2fc81ef92,Conflict.Attack,destroyed,36,45,0.9
evt_a60c0e8295cc5f221efcc652fd78e8a3,art_a0048f56e856ac9378a753f2fc81ef92,Conflict.Attack,killed,112,118,0.9
evt_99fdb1a7e2c58d58a4f13956ada35879,art_58623f4edcdd3dcda51897d55393c68f,Conflict.Demonstrate,take,39,43,0.9
evt_6493ad197479802b84b4a9e8205db1d4,art_58623f4edcdd3dcda51897d55393c68f,Conflict.Demonstrate,set,147,150,0.9
evt_21be6338bd0f72c0d93a7779e4fab93b,art_f7bb069e8f9bd014d47d3d03c2172a39,Movement.Transport,fled,112,116,0.9
evt_42bffdec6dff4345470cb69846498b99,art_ae8e0004da26ce2332fad525f8b51ceb,Conflict.Demonstrate,do,38,40,0.8
evt_58ae4594d59c030cf2c8d276d602b88a,art_ae8e0004da26ce2332fad525f8b51ceb,Conflict.Demonstrate,restore,63,70,0.8
evt_d2397ad2118177a4c9d981a7ea54968b,art_ae8e0004da26ce2332fad525f8b51ceb,Conflict.Demonstrate,stormed,110,117,0.9
evt_7dc36f22b3ba38f98a90fe2dc481f52a,art_c372b055332eab59433c79ca5d5e0a90,Conflict.Demonstrate,storming,40,48,0.9
evt_209335d84cc9d9fcdd7315fd6f4b0f39,art_ac6b4c358cf09c9fb9784b7b46bdcfaa,Justice.Arrest,charged,11,18,0.9
evt_0b255d570d91ae3d5a7110cda07c1c22,art_ac6b4c358cf09c9fb9784b7b46bdcfaa,Justice.Arrest,raping,24,30,0.9
evt_f5697bf2e9c1232ff3c50155802d4e66,art_ac6b4c358cf09c9fb9784b7b46bdcfaa,Justice.Arrest,denied,54,60,0.85
evt_842a0d1f295ab5e9016aa321e1bd5a16,art_ac6b4c358cf09c9fb9784b7b46bdcfaa,Justice.Arrest,was,95,98,0.9
evt_5787f9ffbeee07993e0f921f60d26684,art_ac6b4c358cf09c9fb9784b7b46bdcfaa,Justice.Arrest,barred,107,113,0.8
evt_02ff63e79709accfe161c759042cade0,art_ac6b4c358cf09c9fb9784b7b46bdcfaa,Justice.Arrest,terminating,119,130,0.8
evt_5fb64a0b432c7eb8e9f644332dcfcd02,art_db11ef7a24421ec303bde7dab9456958,Conflict.Attack,reported,35,43,0.9
evt_a053f519c920c8a80982c697875f69ca,art_db11ef7a24421ec303bde7dab9456958,Conflict.Attack,held,133,137,0.7
evt_af3da91e2422976fb7941a52c24e21a2,art_e6c592e02ee1c330ef860a061a159956,Justice.Trial,sued,28,32,0.9
evt_2a7a7a14650ac86ebe367c5a03067aa3,art_e40c30f6235f743fb16aab1cbfb8d1fb,Justice.Trial,convicted,41,50,0.9
evt_2737c3bd23ca6bd18ce941d8d88304bf,art_e40c30f6235f743fb16aab1cbfb8d1fb,Conflict.Attack,leaked,114,120,0.8
evt_0e97cb7b1132e43222f2aab9c4240d80,art_25cadeeccac343c3ef3c29c1fdbc2444,Disaster.Natural,sparked,150,157,0.9
evt_049f64306dcfb18aa8ae1b5c57af6a59,art_061853d5535c729749157207768e2411,Conflict.Attack,removing,98,106,0.7
evt_06c14cefe19260fd6b278aa7b0fb1b18,art_061853d5535c729749157207768e2411,Diplomacy.Agreement,breaks,129,135,0.7
evt_9b541feab5d9460333d40f5bd21635b1,art_67535bd7c40c6e35892ed76ea0f8b70a,Conflict.Attack,confront,172,180,0.9
evt_c3ad5c136e1c253fa440e4d8e1603fae,art_e81a91603f4593f36a3eb93c8d804f7d,Justice.Arrest,made,46,50,0.9
evt_140547377b0f3144b4b6984ba514fd20,art_e81a91603f4593f36a3eb93c8d804f7d,Justice.Arrest,detain,92,98,0.9
evt_6a693dd3c40c2a756a7b1a0164b199cb,art_e81a91603f4593f36a3eb93c8d804f7d,Justice.Arrest,including,115,124,0.9
evt_6a8ca8361d0338bc2138e2754bcc95c3,art_23bf3282c629370ca406bfb13d671e08,Justice.Arrest,sued,12,16,0.75
evt_8f2b25bb124ebe275ec554bf1fe57712,art_9ada4c2609eb5152eb420ac104cdae54,Conflict.Attack,fighting,12,20,0.8
evt_f0e6b84056a5260999eef41b8ce833e6,art_9ada4c2609eb5152eb420ac104cdae54,Conflict.Demonstrate,growing,98,105,0.7
evt_3ee90ae31cadf13a54ba1a199baf7fd1,art_9ada4c2609eb5152eb420ac104cdae54,Conflict.Attack,sent,163,167,0.8
evt_d8bf716ac4b31aa960cca7619e543ddc,art_c7e72b0ac7eaed6bc4e84f21fd097c1b,Justice.Trial,faced,132,137,0.9
evt_7bf04181e8f20de6b36e3ac4d6cc1adf,art_8d2aacccc4ee029b6f26ddf06b0c6aa2,Conflict.Demonstrate,broke,85,90,0.85
evt_68fa048fcf38fa18a88d3aa8ca461091,art_8c5f998874ea2e8149128f1073ec847e,Conflict.Demonstrate,stormed,53,60,0.95
evt_3604e028b446072de70cd126f744bce1,art_8c5f998874ea2e8149128f1073ec847e,Conflict.Demonstrate,flooded,141,148,0.9
evt_130b1657701fca5c7a8f3919d7b8bb4c,art_33952e83dc72fcda0738b062ebcdd328,Conflict.Demonstrate,storm,53,58,0.8
evt_6b02cf5559af072782663d4bf99e5a6e,art_33952e83dc72fcda0738b062ebcdd328,Conflict.Demonstrate,fled,124,128,0.9
evt_5c5815eb91a8c7ec8026ff969557b415,art_33952e83dc72fcda0738b062ebcdd328,Conflict.Demonstrate,declared,178,186,0.85
evt_8cecef0eccfcfb10622d8c952b57aed6,art_6fc02b7113691b3ea3a170422cb6b7dd,Economy.Trade,leave,42,47,0.85
evt_fc4a1f10f2442dddb82b12194a4d06c6,art_6fc02b7113691b3ea3a170422cb6b7dd,Economy.Trade,leave,113,118,0.8
evt_8b7a92134bfbd1a94844b868829cfd33,art_6fc02b7113691b3ea3a170422cb6b7dd,Economy.Trade,set,164,167,0.8
evt_b30057d4637432a2eab5c63b424f7467,art_86b2b8731f424ec48c76dc8765d58baf,Conflict.Attack,hits,18,22,0.8
evt_23acf3ecd58b6ff3a34fb2b8f8ad6085,art_86b2b8731f424ec48c76dc8765d58baf,Conflict.Attack,rehearsed,166,175,0.9
evt_6f8e5188c52277dbf37b9808dbe853a6,art_001acd5d8aa3e661f6762cc657e50ff8,Disaster.Accident,trapped,41,48,0.85
evt_30255df4cc1057967a893d3a5db20dbe,art_001acd5d8aa3e661f6762cc657e50ff8,Disaster.Accident,collapsed,139,148,0.9
evt_4fa317813b7d8432719ae89f4848cfd4,art_ee587786bba067c07e7380a4dca62d06,Government.Law,shuts,38,43,0.9
evt_1dc97cb453c968363e61dc986e5566ba,art_d982d16ab292d4dd873cd3eb7660be22,Disaster.Natural,causes,24,30,0.9
evt_b4816b88b07aa172624bcfd463fb88f6,art_d982d16ab292d4dd873cd3eb7660be22,Disaster.Accident,injured,82,89,0.8
evt_8999f74cf3d8ced69040127a02c5b25d,art_275ed6c97ba82563db563a3b876620c8,Disaster.Accident,killed,49,55,0.9
evt_d6cabff12bde85c476be4f36021c7cc5,art_275ed6c97ba82563db563a3b876620c8,Disaster.Accident,injured,63,70,0.85
evt_d88f66780f17c1d2d047d7a972248c71,art_275ed6c97ba82563db563a3b876620c8,Disaster.Accident,injured,112,119,0.9
evt_9c00e99663bfd44b2449a0be375d8243,art_5f0a4c711e83e60488b5c11c4d13739e,Health.DiseaseOutbreak,tests,13,18,0.9
evt_e97b5db4e8cdfe7e9e0fc274ebae07f7,art_2628f272af3a453f191aeaee80d43647,Conflict.Attack,forced,21,27,0.7
evt_55a41494351217597640e33be7df3997,art_2628f272af3a453f191aeaee80d43647,Conflict.Demonstrate,forced,127,133,0.7
evt_bf8aabd5010d38393b575b18b175f4f9,art_adbe00aa6decbbd577dcb941626c3325,Conflict.Attack,bombed,55,61,0.9
evt_5acd9ab387e378a8a4122a722238c621,art_379f9253f62c224b7edfde16303e2d4b,Conflict.Attack,recruit,52,59,0.8
evt_73925af1e6814e75a59e7b534f30aa1d,art_379f9253f62c224b7edfde16303e2d4b,Conflict.Attack,target,105,111,0.9
evt_ff8fe995e990e506fe482d64eee92648,art_379f9253f62c224b7edfde16303e2d4b,Conflict.Attack,fails,169,174,0.8
evt_95d1878021be1ef971d1a875fd2d5bd1,art_379f9253f62c224b7edfde16303e2d4b,Conflict.Attack,bring,178,183,0.8
evt_9c31224c1b1d7acf3cecda533d35b3c9,art_25f1da11acfaa90edb14c07d876b95e5,Conflict.Attack,fly,158,161,0.9
evt_c46e2137e6230b8f10efe7f7f0900d7d,art_870e934ea230f174bd33214ec96f4121,Movement.Transport,leaves,26,32,0.85
evt_923907a5096e18ce52287d65b3373894,art_870e934ea230f174bd33214ec96f4121,Movement.Transport,leaving,101,108,0.8
evt_2cb1a1989daf216c61a51adae6f63159,art_83cf8bb80cb1cf40c54bbad4deb18972,Disaster.Natural,closed,146,152,0.9
evt_ae50f817f59585a96d9e264e824832c7,art_9cf5fbd400add7cdc150b150b93f9dff,Conflict.Attack,hit,48,51,0.9
evt_c63383969573b2546352475acbf891fc,art_9cf5fbd400add7cdc150b150b93f9dff,Conflict.Attack,killed,89,95,0.9
evt_06444f8c55e499b541bd13b4a9a16717,art_03dafa4d37d04753a160127c0e1a6a58,Disaster.Natural,been,94,98,0.9
evt_db8cce24f6f779384fd23bde44b31186,art_03dafa4d37d04753a160127c0e1a6a58,Disaster.Natural,damaged,99,106,0.9
evt_01c63521b4814824d69df85744f3afed,art_c94681055c6f9c7a1aeec36adc71545e,Government.Election,wins,43,47,0.9
evt_25534cd20d6cfd9693b0863cc8d33f9c,art_c94681055c6f9c7a1aeec36adc71545e,Government.Election,marred,96,102,0.85
evt_dfd32b3f43bc8049c7f47b12e8b393aa,art_d3a84ba2096b5d4cea33ee7b38bae68b,Conflict.Attack,hits,15,19,0.9
evt_dd7372b79d0f720efec9823fb4d43c93,art_d3a84ba2096b5d4cea33ee7b38bae68b,Conflict.Attack,targeted,86,94,0.9
evt_4d89f6387f364e286c6dd89667eaa483,art_5954bde22db20fdbd64bee28d3f8934a,Conflict.Demonstrate,flee,37,41,0.8
evt_d4f3f1cb8e34b3a1e50e010351503ec5,art_8dee6b5a67eb2f3b90c17a0e37a3586f,Disaster.Accident,rescued,55,62,0.9
evt_905aee0f28baae28ee3cb67a09e111a1,art_8dee6b5a67eb2f3b90c17a0e37a3586f,Disaster.Accident,rescued,110,117,0.9
evt_7495dbc775821c6a8fcdcb9455cd6ed8,art_8dee6b5a67eb2f3b90c17a0e37a3586f,Disaster.Accident,collapsed,133,142,0.9
evt_dabbff3f23837245bd6a63280a230ecc,art_651758f3f74082b13ee454dd14b1d23f,Health.DiseaseOutbreak,surge,40,45,0.9
evt_cf09103215f21f93fccdcee742f55dac,art_651758f3f74082b13ee454dd14b1d23f,Health.DiseaseOutbreak,surged,90,96,0.9
evt_8fb11177825d8eaff4b63cf063dc1499,art_651758f3f74082b13ee454dd14b1d23f,Health.DiseaseOutbreak,confirmed,143,152,0.9
evt_bcb182068c2acece489868e84e836983,art_b064b34295385671facf376820f9b953,Conflict.Attack,declared,138,146,0.9
evt_79c2bebe053ae960ae64f431aacd0399,art_0701a92799ae7e891e841c69bb24ac27,Diplomacy.Agreement,vows,14,18,0.8
evt_f3b8e8bd6f5655563224d5c7e52f5eef,art_bce8eb3cd7e8d9060d34ef0d6fbdd247,Diplomacy.Agreement,make,15,19,0.8
evt_63febc8d2165e122a450906aca7a46ad,art_bce8eb3cd7e8d9060d34ef0d6fbdd247,Diplomacy.Agreement,pass,37,41,0.8
evt_0e932b89dbfe3ddd506ee5f8b66f1653,art_bce8eb3cd7e8d9060d34ef0d6fbdd247,Diplomacy.Agreement,agree,90,95,0.9
evt_ef17d884bb92c10c0bda7e15c3ec6cfe,art_b9e1e56c130f3823630083a15a7535f8,Disaster.Accident,',48,49,0.9
evt_9a3ccd637df481d6557ca016193e27c2,art_b9e1e56c130f3823630083a15a7535f8,Disaster.Accident,died,96,100,0.9
evt_4cdb663785da48ceb219e88a5e171075,art_b0d93737569ea87d09f9a2e7f8fa1c02,Conflict.Attack,fled,33,37,0.9
evt_a5e16d75e75b592447a3ced24bb375ef,art_29fda688ec794cacad0caf0e7d874eab,Conflict.Attack,killed,128,134,0.8
evt_636e885cadee02630b31334009c283ba,art_51e3ac63bdbbd96264b8d509da223526,Conflict.Demonstrate,stop,42,46,0.85
evt_4edad34ea41e40e86796716ccf6d4642,art_8f8aae2f65b6f05e19f95fd5e7a6a3ce,Conflict.MilitaryOperation,trying,106,112,0.8
evt_b7bccdbc02fd055bd4125210da1fa9c8,art_8f8aae2f65b6f05e19f95fd5e7a6a3ce,Conflict.MilitaryOperation,seize,116,121,0.9
evt_a968924394ce089ad82ff8039110497c,art_e3ad1b37bb9dba5a3d4aea700eefe8ae,Economy.Trade,shuts,29,34,0.8
evt_d3d963b274d90c9d37ece9e4133af3b6,art_d3fd50ef57b179edf21d05005d446a64,Health.DiseaseOutbreak,fuelled,138,145,0.8
evt_d91a6c151aba78044d21c29972dab2c1,art_4ad3f6f6ed27941a6af968df4f8dd826,Conflict.Attack,killed,113,119,0.9
evt_91730822e38d0bb06868b84dc0f83fb6,art_795a52ba94d84211d06084460f7ceb2e,Justice.Arrest,Kidnapped,25,34,0.7
evt_2eda84ed49065ecf9a2bb0e1cd07329a,art_795a52ba94d84211d06084460f7ceb2e,Justice.Arrest,freed,51,56,0.8
evt_8941904198d8644f708adc310af54996,art_795a52ba94d84211d06084460f7ceb2e,Justice.Arrest,taken,108,113,0.7
evt_926f97d8622fac55a5c85f06250b9bc3,art_ea1e4db31e3481d769ea58bff0f0df1a,Justice.Sentence,seeks,53,58,0.9
evt_602b8349a5c63e7ef9f53ab93f21eb57,art_ea1e4db31e3481d769ea58bff0f0df1a,Justice.Sentence,force,62,67,0.9
evt_1d84a5578dc0ea4951a788741ce064ce,art_ea1e4db31e3481d769ea58bff0f0df1a,Justice.Sentence,serving,120,127,0.9
evt_0365565330c03ca1599837afa84f5b1e,art_2d27b2847d3f69109b4aa3eab6fc5e7e,Justice.Arrest,seizes,20,26,0.85
evt_df9e640ecc1adfde89e54e9804fb5f01,art_2d27b2847d3f69109b4aa3eab6fc5e7e,Justice.Arrest,confiscated,127,138,0.9
evt_5188d85f5d4526d10a4b46a529c803e0,art_b0d5ebfc1f997e60b8de4ba86192e59b,Conflict.Attack,resumed,44,51,0.75
evt_6de915fc0066904c338070f9b78498a5,art_b0d5ebfc1f997e60b8de4ba86192e59b,Conflict.Attack,resumed,166,173,0.8
evt_b2102f072c9f0aad24d4437665198fea,art_2d77b7d0d9193155de8110cbaa0772f2,Health.DiseaseOutbreak,dies,45,49,0.7
evt_a56389d57397a8084b1c8d3472d47525,art_64825ca14caa18d5e6626ea7da71a087,Conflict.Attack,ravaged,90,97,0.8
evt_b452e2f0e8a787a25c7f8a8967523780,art_64825ca14caa18d5e6626ea7da71a087,Conflict.Attack,destroyed,154,163,0.85
evt_26e85b29747405fccf8d2df8066d48e5,art_144a2b208a39cea019e412a85eedaee4,Conflict.MilitaryOperation,enters,34,40,0.9
evt_73c69040e681cb688a57ea3e1c3c8c26,art_144a2b208a39cea019e412a85eedaee4,Conflict.MilitaryOperation,gathers,68,75,0.9
evt_f4d6cb08be4825f1dfe85af978981cc7,art_144a2b208a39cea019e412a85eedaee4,Conflict.MilitaryOperation,enter,97,102,0.9
evt_143271213bba698ff9026887398d13b5,art_144a2b208a39cea019e412a85eedaee4,Conflict.MilitaryOperation,fell,144,148,0.8
evt_e746b9b56c5a5d3348d38888a10d1d7a,art_d8898868e53eee73d42f8100485c4e46,Disaster.Accident,caused,35,41,0.9
evt_a0e2b20dc25b65dfd33e8987b4ae53f7,art_d8898868e53eee73d42f8100485c4e46,Disaster.Accident,flip,47,51,0.9
evt_12228764e1af69bd8dc8c47c93622cf4,art_d8898868e53eee73d42f8100485c4e46,Disaster.Accident,killed,57,63,0.9
evt_0ef13f26ffaa44db9c5ecd43633caa78,art_d8898868e53eee73d42f8100485c4e46,Disaster.Accident,surfaced,121,129,0.9
evt_0dcd7a88a9de8432310a821c579d55fc,art_d8898868e53eee73d42f8100485c4e46,Disaster.Accident,causing,147,154,0.85
evt_e2a1d9185366c320d0d7f5892703a52f,art_d8898868e53eee73d42f8100485c4e46,Disaster.Accident,capsize,161,168,0.9
evt_69729810ba6e550b7842a31ac7f37380,art_e3e2400e9d8567f35fa7414ad998c7a4,Government.Election,going,110,115,0.9
evt_9191dd700d8698272b269ecb10aced28,art_43107ca4f2c79200c469ce3367f6c353,Health.DiseaseOutbreak,declares,16,24,0.9
evt_82c29a0552193fe1d4546e657e5d9163,art_43107ca4f2c79200c469ce3367f6c353,Health.DiseaseOutbreak,declared,103,111,0.85
evt_141b78cbb69c3e06ae3affdf3f0eef95,art_43107ca4f2c79200c469ce3367f6c353,Health.DiseaseOutbreak,spreading,140,149,0.9
evt_3d69c27358002d3c5e820cbeddabd32b,art_a6e1aa522db7f7cec4c942734a87bd45,Conflict.MilitaryOperation,retaken,19,26,0.9
evt_0439719674174e0fc63bb9e4da60078a,art_a6e1aa522db7f7cec4c942734a87bd45,Conflict.MilitaryOperation,has,121,124,0.9
evt_f4afdd692e25f7dff7e759a9d67bdf94,art_a6e1aa522db7f7cec4c942734a87bd45,Conflict.MilitaryOperation,recaptured,125,135,0.9
evt_ce3221ebdb247eccf207ba9224c825ef,art_f23524d0fa94e6ad6789546533b8ce44,Justice.Arrest,held,43,47,0.85
evt_eed5fee1bd61a4cb939dd95940405303,art_0f600c6dd45f30bbe2e750435bb08a93,Movement.Transport,Blinken,7,14,0.85
evt_c29bd3aa6c75fa2101936a402970296d,art_0f600c6dd45f30bbe2e750435bb08a93,Movement.Transport,flies,15,20,0.9
evt_ee9c5d1b03b4dd827e94c73afabb0cc4,art_0f600c6dd45f30bbe2e750435bb08a93,Conflict.Demonstrate,rally,27,32,0.8
evt_9e311aea7e1859b27c2df2ae9d7a429e,art_a675fc1af4ff039aef771e3b59221391,Government.Election,tackle,49,55,0.9
evt_2511ec262d11124dc6128155ab7a2e8a,art_a675fc1af4ff039aef771e3b59221391,Government.Election,announce,157,165,0.9
evt_913f4188166531d6242ef24e02e45cdb,art_af68f360c5ed1906834d4ea647579ea5,Conflict.Attack,threatened,170,180,0.8
evt_002480b77f2da519d9b7f187f274108d,art_af68f360c5ed1906834d4ea647579ea5,Conflict.Attack,hit,185,188,0.8
evt_f1291bf9476117daeacc94145518decf,art_f1dcc449888e791898280fb86179d870,Conflict.MilitaryOperation,visits,39,45,0.9
evt_2cb5309acf3ce7f7094b91489da84324,art_f1dcc449888e791898280fb86179d870,Conflict.MilitaryOperation,recaptured,51,61,0.85
evt_079ed8481e3fb968d2894a79d8fcd70e,art_f1dcc449888e791898280fb86179d870,Conflict.MilitaryOperation,targeting,116,125,0.85
evt_16b379c811cf941a6f31e155c46da2a1,art_09d2e0a0f0378582c6b7a66b61820881,Conflict.Attack,shot,156,160,0.85
evt_87e09524acdc30e983a3f8ad5df8dee3,art_a4e6c0246691fa52c07bfeed1ead9963,Diplomacy.Meeting,discuss,23,30,0.9
evt_a58b5d97d252fc9df829ebdb369821cf,art_5da1a87252aa7c7d6aab095de67d553a,Economy.Finance,moves,23,28,0.8
evt_27328dc8009182cb13bbc3886b9e38d9,art_5698d370dd53c0724f492a561a44cb96,Conflict.Attack,killed,24,30,0.9
evt_ecea525752af0681139eca6e9f5ab2ef,art_5698d370dd53c0724f492a561a44cb96,Conflict.Attack,allowed,146,153,0.9
evt_36b58372cf2dbf56ecbf91fe9e2403a1,art_c9200dbf98ec060d406acd6ac0792c27,Disaster.Accident,trapped,20,27,0.8
evt_6b116035d8fa03cae8fa83b001bf304b,art_c9200dbf98ec060d406acd6ac0792c27,Justice.Sentence,fined,45,50,0.9
evt_23d82d4b101a2d9c5c9747b8ef865e35,art_c9200dbf98ec060d406acd6ac0792c27,Justice.Sentence,found,134,139,0.9
evt_05515908482243866dd820bb6b0e1265,art_c9200dbf98ec060d406acd6ac0792c27,Justice.Sentence,given,167,172,0.9
evt_e2d693b60319882a99c4ed157be7d17c,art_c9200dbf98ec060d406acd6ac0792c27,Justice.Sentence,suspended,175,184,0.9
evt_dfa9d116034643c3eaa3dacce909c9e7,art_e581bce694caff854d8e8f6c9ef76be3,Justice.Sentence,killed,21,27,0.9
evt_5df101ca02bbfda62aa28e4ae34f5e29,art_e581bce694caff854d8e8f6c9ef76be3,Justice.Sentence,sentenced,43,52,0.9
evt_d5a0c661309cfbaaf063a124995635f4,art_e581bce694caff854d8e8f6c9ef76be3,Justice.Sentence,fined,57,62,0.9
evt_7627c0c33e4b174c8c8f47292ca04939,art_e581bce694caff854d8e8f6c9ef76be3,Justice.Sentence,is,94,96,0.9
evt_fd79635d7113d60d3447680ad82a9fdf,art_e581bce694caff854d8e8f6c9ef76be3,Justice.Sentence,put,97,100,0.9
evt_9f6f8449d4b230023d35f33401f57519,art_5a6c1401adbf06c475f552b22ff97adf,Disaster.Natural,hit,127,130,0.9
evt_7bcf07d0e9fbc4e3de138d66bbbcbe02,art_a20da51a81600b5b114733b20fc7ef77,Government.Election,move,33,37,0.7
evt_41a48a91b21e967f341360cc06330842,art_a20da51a81600b5b114733b20fc7ef77,Government.Election,becoming,160,168,0.7
evt_319e30890bac3f15bbc32b2df94790fb,art_b2f4e5ad85d51eb6e77c6b8a6e46daf9,Conflict.MilitaryOperation,liberated,43,52,0.8
evt_447a3eec66aa933a78283818cb3062a1,art_a840b5f23cdc84d876579631ec099106,Conflict.MilitaryOperation,flee,29,33,0.8
evt_ae8c6310998b57d93911408dbcb7b215,art_a840b5f23cdc84d876579631ec099106,Conflict.MilitaryOperation,flee,159,163,0.8
evt_12e02cfb9cfea7778668a0c768b46f5f,art_6f8b125d0df6eec8d86362b9015f35b1,Conflict.Attack,mobilised,29,38,0.8
evt_85fc0330f5cf668b2249012f153335a2,art_6f8b125d0df6eec8d86362b9015f35b1,Conflict.MilitaryOperation,leave,51,56,0.9
evt_3da1365f77ddf4a54c4d233b4ad22293,art_6f8b125d0df6eec8d86362b9015f35b1,Conflict.MilitaryOperation,fight,60,65,0.9
evt_1be11fc257c14bb2b8a11f60400eee24,art_6f8b125d0df6eec8d86362b9015f35b1,Conflict.Attack,heard,90,95,0.7
evt_79ec5ea13ebff96e994b828181b68e37,art_42702344ea54971f0d6ff2e9a2635070,Conflict.Demonstrate,sparks,142,148,0.8
evt_08ac2ebda6d823ba9d988cb32ee6101f,art_80c924394486c08806df3fcbe5a85725,Technology.CyberAttack,exposes,38,45,0.9
evt_e91ba506bbd8cad26b552e487863e34d,art_80c924394486c08806df3fcbe5a85725,Technology.CyberAttack,looking,78,85,0.9
evt_1ad24df102ed2ffddc06bd489a26cc83,art_7a0bf16e73009855992a21f7c8f94c90,Conflict.Attack,killed,26,32,0.8
evt_14fb1f11a1e711e2f67ed3766defb579,art_7a0bf16e73009855992a21f7c8f94c90,Disaster.Accident,sinks,41,46,0.9
evt_b0fd79df5102406da3ab5e0d7393dbbd,art_0cb925459cf991b2f0b336b753633c41,Justice.Arrest,recaptured,58,68,0.9
evt_40cbf47cfdbc9b2f67c21d5e2c913028,art_fddb89c2784c16de99d9ffcc60849d1f,Justice.Arrest,jails,13,18,0.9
evt_2e26665b8c8322b2859fe1aed55cb3dc,art_fddb89c2784c16de99d9ffcc60849d1f,Justice.Arrest,had,79,82,0.8
evt_73ae4bdb17bd6a9f9ae3e18d0ee09be6,art_fddb89c2784c16de99d9ffcc60849d1f,Justice.Arrest,fighting,122,130,0.9
evt_4ae7b4658f632df71dbee91e77509c62,art_ba5d9ab9fbc4aaa5e42f292a4f28c09b,Conflict.Demonstrate,resist,133,139,0.8
evt_904b6b2fff6e0275d5a0c3514d8e37c1,art_8e93d4384122eab4165f3a98b45e6802,Conflict.Demonstrate,sparked,106,113,0.85
evt_5998624d8edc2e85dc408e878244a83d,art_7b226330cc00327be9c3c8f46594b140,Conflict.Demonstrate,protest,52,59,0.9
evt_cd09cc16561f44fc1f732e177d6f1b41,art_d39347008162b3233c85adad80a2d398,Conflict.Attack,fight,150,155,0.7
evt_13de5ea7c598039dc4593edc09054ada,art_bdad89b205c5ef68d21af4fd1bcbba94,Conflict.MilitaryOperation,mobilise,171,179,0.8
evt_cf7afedf20f947abafbc24abe3c157a8,art_70fafe95aec23bee8f6433fab535f39b,Justice.Arrest,demands,26,33,0.7
evt_4e8c0803e736fe0afb956567a9e78d92,art_70fafe95aec23bee8f6433fab535f39b,Justice.Sentence,must,128,132,0.8
evt_2ba70a54eeebc4ffeb48a42b38f4917b,art_54ddd335c9241e3ce242b3960d52e15b,Conflict.Attack,holding,93,100,0.7
evt_8a4497628cfb6556d26c19d5e47650c8,art_54ddd335c9241e3ce242b3960d52e15b,Conflict.Attack,claim,161,166,0.7
evt_23fac3a4fee111add79fa23d44db0100,art_13d3abf286e7b6208a3b188c0e62c401,Conflict.Attack,call,58,62,0.75
evt_0cce1b00ce3aded32be40b680cb61631,art_5abfc426f24c514d3b048e5e73aa5240,Conflict.Demonstrate,protests,12,20,0.85
evt_4d26b0197789ca7300506b41e170eb53,art_5abfc426f24c514d3b048e5e73aa5240,Conflict.Demonstrate,tries,96,101,0.8
evt_e17f8caf99fee3c559ab19a4c3205e2f,art_490b43754db68898b68ad444fe22df3d,Government.Election,hold,93,97,0.9
evt_ae114201b8d490c119ca236e0b738d3a,art_490b43754db68898b68ad444fe22df3d,Government.Election,could,140,145,0.9
evt_25688263c9bfa658e203b06ef12835ba,art_490b43754db68898b68ad444fe22df3d,Government.Election,bring,146,151,0.9
evt_c47e9ab2cd9272554b3c0c5ce1af6fcd,art_11addab4ab9b27cfcdc956234995f459,Health.DiseaseOutbreak,masked,31,37,0.8
evt_6742da9e6aace946aa8b68b49e7558f3,art_680d651e1c78908a4e770b431987bcb0,Conflict.Demonstrate,seeing,85,91,0.8
evt_eaeba4ed5361fb6b04ca3f64081bfa5e,art_5b338f2e5648bdad7ccccf203fd36c29,Government.Election,held,58,62,0.85
evt_12777cb3e368613ebfcdbbdb6df2cff9,art_5b338f2e5648bdad7ccccf203fd36c29,Government.Election,Voting,80,86,0.9
evt_669402e3e0dcb5b542b733b8529c7b27,art_5b338f2e5648bdad7ccccf203fd36c29,Government.Election,use,133,136,0.8
evt_f67e52b8570becacabb2e9f497fd5d4e,art_5b338f2e5648bdad7ccccf203fd36c29,Government.Election,annex,151,156,0.8
evt_629e1685b02af701e3ebcfbce8a2570d,art_1602111fc34bb6b65e2d8a3229fea5cb,Conflict.Attack,accuses,28,35,0.9
evt_088351b8a17f3794a46693358eea9498,art_1a33fd98d489bf4f934bb24c7d8829bf,Conflict.MilitaryOperation,open,30,34,0.9
evt_d408a6566ca907691e739d0000640f4f,art_1a33fd98d489bf4f934bb24c7d8829bf,Conflict.Attack,enlisting,39,48,0.75
evt_55c4d8be9493328f630d72ec827b94e9,art_1a33fd98d489bf4f934bb24c7d8829bf,Conflict.Attack,formed,100,106,0.85
evt_8790bd32f3fd03bf35530023915a031c,art_1a33fd98d489bf4f934bb24c7d8829bf,Conflict.Attack,try,126,129,0.8
evt_7a16c0308ae006630c34b49c7d704e1b,art_1a33fd98d489bf4f934bb24c7d8829bf,Conflict.Attack,flee,133,137,0.8
evt_27c767fe3e1925b8ba2019196c42cd1e,art_1a33fd98d489bf4f934bb24c7d8829bf,Conflict.Attack,being,154,159,0.9
evt_7813aa80b272cd718983b01c2706bc17,art_1a33fd98d489bf4f934bb24c7d8829bf,Conflict.Attack,sent,160,164,0.9
evt_c725f945f5d43a5b234cbbfbde580694,art_1a33fd98d489bf4f934bb24c7d8829bf,Conflict.Attack,fight,168,173,0.8
evt_a2fc04be4a14f9b1a8de7be1dcee6c2f,art_51b9db0635b30c6e0e47b7c2f0832053,Conflict.Demonstrate,protests,12,20,0.9
evt_e9fbe01b5d16dcc9c5fb1eb81ec6f8ae,art_51b9db0635b30c6e0e47b7c2f0832053,Conflict.Attack,firing,130,136,0.9
evt_dd4c831769c6777117d3f39dfe2cc2b0,art_81d91fcdd45c7e7d5270702c6f1b3527,Government.Election,gets,33,37,0.9
evt_55756e6e9ac22bc780ce0a8282b4841c,art_81d91fcdd45c7e7d5270702c6f1b3527,Government.Election,picking,49,56,0.8
evt_f2e08d3cf7842f52d3d1e7c9987cc057,art_81d91fcdd45c7e7d5270702c6f1b3527,Government.Election,winning,162,169,0.9
evt_0414f6176f38bf894c15e6e28ca5d1d0,art_5093e54dc7f7bf7c00e7b8cbad1d2558,Disaster.Natural,are,102,105,0.9
evt_fe22ec6e04741132e176a7f499bfa10a,art_5093e54dc7f7bf7c00e7b8cbad1d2558,Disaster.Natural,hits,153,157,0.95
evt_493daf42f002f8378988b69ffe4c8080,art_345af2d03f2479bc1072be2fa6a84c61,Conflict.MilitaryOperation,removed,16,23,0.8
evt_77ad202360895f908dbd87127943c8ad,art_43fb7fc0d784b4fe86371d70879bf28d,Government.Law,annex,104,109,0.9
evt_822b10bfe47ee75c1c48519d7bf47978,art_36b779b49e77581115872f6ef2f079db,Conflict.Demonstrate,marched,88,95,0.85
evt_eb01ca4da8f04e459deb0f07cec2e80d,art_262825eb0ab85f17afc8c9cfba57d1de,Diplomacy.Meeting,demands,95,102,0.8
evt_afa895c9925a51bc9b98d89662db1717,art_7ff043e6650a2a3e0d5b9a5b3337cb9a,Economy.Finance,unveils,38,45,0.8
evt_5e376406ecb2cf2a4f62061c39fea17e,art_7ff043e6650a2a3e0d5b9a5b3337cb9a,Economy.Finance,do,115,117,0.8
evt_26b0958ed692e3338cd5f9463cedf93b,art_ee8d996504accb94235ea23ae2053d41,Conflict.Demonstrate,protester,12,21,0.9
evt_dc0afde52d10b8cac2d0fe5f2c2a1d84,art_ee8d996504accb94235ea23ae2053d41,Conflict.Demonstrate,keep,47,51,0.8
evt_e4c2367e757dad398950466598aea4ed,art_ee8d996504accb94235ea23ae2053d41,Conflict.Demonstrate,rape,70,74,0.8
evt_bf18b2bf163250a530aa42b116f74146,art_ee8d996504accb94235ea23ae2053d41,Justice.Arrest,detained,119,127,0.9
evt_8396d50688cb02ef7ba1d3fca6ca6a82,art_88fa682b31fb8872a343d670198c4759,Justice.Arrest,hanging,97,104,0.7
evt_c93be55082e7a8b7b1ed8b63a50ccc72,art_5ea8d935d3ff560b887e6260f658a972,Disaster.Accident,took,137,141,0.9
evt_cf6d7f5cf5eaae038bd8f7ecf52df258,art_4933c801c566cdf792e15321562acd15,Conflict.MilitaryOperation,ordered,152,159,0.8
evt_54ddf76b043c33823c60426652ef082d,art_1c58d52ae90d6616c5f8a09d4bc57266,Government.Election,govern,33,39,0.9
evt_910d16a75c3d44a66378d144a81d208e,art_1c58d52ae90d6616c5f8a09d4bc57266,Government.Election,claims,89,95,0.9
evt_83d348047c681bf3366dccfb9828b156,art_5b338f2e5648bdad7ccccf203fd36c29,Government.Election,claims,27,33,0.8
evt_e05dc0f570b0462c0d7a7b645070c162,art_5b338f2e5648bdad7ccccf203fd36c29,Government.Election,joining,175,182,0.8
evt_5968c7bff249dd17fcbd8b11849d5267,art_56e61e955672484b1a359bb85a368d2e,Justice.Trial,stand,18,23,0.9
evt_307bf66ff02309895aef29d9196b8e34,art_56e61e955672484b1a359bb85a368d2e,Justice.Trial,is,75,77,0.9
evt_66fa83890ab73d885077457393f36296,art_56e61e955672484b1a359bb85a368d2e,Justice.Trial,accused,78,85,0.9
evt_05babe26ec59055ede4422f55dd5e5ce,art_56e61e955672484b1a359bb85a368d2e,Justice.Trial,failing,89,96,0.9
evt_df09fd49763846032a965756951976ff,art_56e61e955672484b1a359bb85a368d2e,Justice.Trial,pay,100,103,0.9
evt_0d92ebf44f46c8e5193c8f3af3389388,art_56e61e955672484b1a359bb85a368d2e,Justice.Trial,could,131,136,0.9
evt_c631a8f0a048afa92f34ec2218527c7d,art_56e61e955672484b1a359bb85a368d2e,Justice.Trial,face,137,141,0.9
evt_5321cb7f43f016b98595ca365b98df16,art_851bfe1a80fe6260b17893ec86e61e0e,Disaster.Natural,taking,127,133,0.9
evt_7aa0eaf36b1cd331401f80c0902a968b,art_4b5081fb56e8dc634d77cdae08045cb0,Conflict.Attack,targeted,126,134,0.95
evt_57e59a745ef62117fb8fda42115633d4,art_5c03664252c3fbbe4ca570435e0c6988,Conflict.Attack,seizes,91,97,0.85
evt_f2681f2ff628a3372ef78b8f17d04e78,art_1c4f41f0c95d2ac51f8dfcd07cadd28e,Conflict.Attack,vows,80,84,0.8
evt_b6e3c61ba57641f10ab9a0cfce0c849b,art_1c4f41f0c95d2ac51f8dfcd07cadd28e,Conflict.Attack,joining,178,185,0.85
evt_0a60b096c43e3d1e86af3e0b2a0b0983,art_b2cd252d5902d623df8099ac3992fbb6,Personnel.Appoint,step,22,26,0.9
evt_21ccae71fdc1755883c6b8ccecd06a62,art_b2cd252d5902d623df8099ac3992fbb6,Personnel.Appoint,announces,121,130,0.7
evt_d446e7ae95d016d1ff94abeca9b0ab57,art_0bc365138cb486eec923bec4e7a0a0ad,Justice.Arrest,charged,51,58,0.9
evt_62ea295b6b1b3cc62c1a2ee4c04b86eb,art_0bc365138cb486eec923bec4e7a0a0ad,Justice.Arrest,charged,146,153,0.9
evt_9b46c735f10e13ff3f2539c0840aedad,art_aaafbd65b0db1218c39387e5613c08e1,Justice.Trial,convicted,43,52,0.9
evt_008568830e3467b56c7d2cc5ae48a762,art_aaafbd65b0db1218c39387e5613c08e1,Justice.Trial,rules,91,96,0.9
evt_4f18189fb7fa0c09c3b3c6be0504a02d,art_aaafbd65b0db1218c39387e5613c08e1,Justice.Trial,incited,121,128,0.8
evt_816200bd2ff323c0c07e21924f4853e1,art_aaafbd65b0db1218c39387e5613c08e1,Justice.Trial,calling,161,168,0.9
evt_60241b9612312fe9c39c71e5e24f5c8e,art_a6984034ddd63aad6fa46e6047a0b361,Government.Election,Do,24,26,0.9
evt_8e7a191c8d5c7315d356c6f6e3094fd4,art_a6984034ddd63aad6fa46e6047a0b361,Government.Election,lead,43,47,0.8
evt_8713aac84bac7299f5079b914bea7bbc,art_a6984034ddd63aad6fa46e6047a0b361,Government.Election,used,112,116,0.8
evt_51bbb59530a2c551fcdea32b55794941,art_21d9aa15b74b815d8e8a40e4a6e19975,Government.Election,politicised,179,190,0.8
evt_c12a118be27f9a2da6b96cc38e5774c7,art_c9d091fe2354aa9e2bd09d98d56840db,Justice.Arrest,arrested,146,154,0.9
evt_ecfa8f4daad0afeec30d5d7968c0c167,art_7c04ef228ee29c77e6beb5f8bb10fc0b,Conflict.Demonstrate,protests,62,70,0.9
evt_ca7b23be0590d5caac36ca93ca02cf6a,art_7c04ef228ee29c77e6beb5f8bb10fc0b,Conflict.Demonstrate,sparked,156,163,0.8
evt_17c3cee5f9fd2bdc1243ea518279e200,art_51fe69a12b8190378747f4bcf7ca5945,Disaster.Natural,submerged,27,36,0.9
evt_f882ce519791f128a42ee2311b19eb96,art_51fe69a12b8190378747f4bcf7ca5945,Disaster.Natural,deluged,82,89,0.9
evt_1bc337075191d14d68b57289e0fd73c5,art_51fe69a12b8190378747f4bcf7ca5945,Disaster.Natural,downing,105,112,0.9
evt_62e9799435acf6440293068475f74ee8,art_c8deb2330d70e1288a5a3d02dbc31094,Movement.Transport,fleeing,53,60,0.85
evt_403ddf75bcca70080a92ec818ca1d656,art_3f2a891086945d3dd445c94b97c679c9,Disaster.Natural,lash,13,17,0.9
evt_b2303f207a491b7f50cf49bc16a864e6,art_3f2a891086945d3dd445c94b97c679c9,Disaster.Natural,boarding,79,87,0.9
evt_866c3d78719ca047135c9b96e133dd1f,art_3f2a891086945d3dd445c94b97c679c9,Disaster.Natural,evacuating,112,122,0.9
evt_95a0bc3821c0781006e4d6c4d34a410f,art_3f2a891086945d3dd445c94b97c679c9,Disaster.Natural,rolls,155,160,0.9
evt_62d9406f527d62b4d8466260f5c7930e,art_2a391855949dcd9fbe548e7a4858bc8a,Conflict.MilitaryOperation,forced,35,41,0.85
evt_6af9ca40e432f6894254d6e66f293e69,art_2a391855949dcd9fbe548e7a4858bc8a,Conflict.MilitaryOperation,encircled,136,145,0.85
evt_5dd6c4ac18b806f9cd3736086834487d,art_b8a22da256bce17aa2a94473de55d7c0,Conflict.Attack,condemns,102,110,0.8
evt_ebca51aff440767c39cd2172dc3b2060,art_e54fc855e0d88285eb4eb7ea62f5581e,Justice.Arrest,detained,53,61,0.9
evt_14011e820f3b375b740b9a05e44ce01a,art_e54fc855e0d88285eb4eb7ea62f5581e,Justice.Arrest,led,153,156,0.85
evt_07f417320475fe1549a5193cbf0b30ef,art_9936b8d78e4e7219e979b0d456448140,Conflict.MilitaryOperation,hits,44,48,0.8
evt_4e7ce8cff9343017880fbee73b11f8d1,art_9936b8d78e4e7219e979b0d456448140,Conflict.MilitaryOperation,comes,101,106,0.9
evt_26262f44dcb6d2824e23d0162e41afd1,art_9d9d450c00f2455e5c90a3e95223502c,Justice.Arrest,arrested,38,46,0.9
evt_60afa430affe2bc60e21e3ee9c272e93,art_9d9d450c00f2455e5c90a3e95223502c,Justice.Arrest,freed,69,74,0.9
evt_fca4a5a52628c7b367e9d447e89a1176,art_83adbb2fb9634e708eb619fef800216b,Disaster.Natural,batters,19,26,0.9
evt_33f7beb4e60eefb97579407bf920c4fd,art_83adbb2fb9634e708eb619fef800216b,Disaster.Natural,smashes,117,124,0.9
evt_57ce37178f1bf32c3035d5e6bc3edc56,art_72fc5044ddded1683cb8f7725e087e39,Conflict.Demonstrate,protests,12,20,0.9
evt_a4ead3bee99ea8a38cfdb9ab0ef1ebb9,art_72fc5044ddded1683cb8f7725e087e39,Justice.Arrest,arrested,39,47,0.9
evt_334d616d6a6cbeba0275805cc12bdcd9,art_72fc5044ddded1683cb8f7725e087e39,Justice.Arrest,warned,119,125,0.85
evt_807167f138a89942f841391ccbea12a9,art_16e97922cdcfa79e8eeaf34d89344a31,Government.Election,overshadows,34,45,0.9
evt_1b72a80f4e178424775eacb788e8f513,art_55481d77fa2d381471eed5237ed8203a,Diplomacy.Agreement,agree,106,111,0.9
evt_55e207a5362be9d9a9d63b33441ebfe5,art_55481d77fa2d381471eed5237ed8203a,Diplomacy.Meeting,investigate,115,126,0.7
evt_ff98e6d1c79b40f6c60bfe80d0df623f,art_1b95117aafa637edf5eaa38b98f40449,Government.Election,is,37,39,0.9
evt_e069a185e1f708d8976fa29eed071b46,art_1b95117aafa637edf5eaa38b98f40449,Government.Election,beats,59,64,0.9
evt_161f620b98952b90884cf8103263d15a,art_1b95117aafa637edf5eaa38b98f40449,Government.Election,want,157,161,0.9
evt_290d573800a292eceb178e0c67cbda9c,art_1b95117aafa637edf5eaa38b98f40449,Government.Election,keep,165,169,0.9
evt_783fe17fe59e989789c08461d64994cb,art_1b95117aafa637edf5eaa38b98f40449,Government.Election,want,186,190,0.8
evt_4ee2b365fa5ca93059435c0efea0f1e2,art_078f1ea11ca77df7e51b68671ff2a7d7,Movement.Transport,reach,189,194,0.8
evt_8ba7b6e91539df300699e6a58a2467df,art_ae8580dd9cbf318de2ec560e04756d19,Disaster.Natural,drives,28,34,0.9
evt_9f0d7152caf4507160130f79e1979820,art_ae8580dd9cbf318de2ec560e04756d19,Disaster.Natural,drove,152,157,0.9
evt_df10a69cc85cbda3dde6b3f648fdd0f7,art_fc60696ecb4595905fab9b4f652aa713,Justice.Arrest,Tortured,20,28,0.8
evt_8dc5e09b9f63404ec0bd662d9b35a782,art_fc60696ecb4595905fab9b4f652aa713,Conflict.Attack,occupied,101,109,0.8
evt_efcd8b4d6f44042c5a4ecf8110feb0e9,art_fc60696ecb4595905fab9b4f652aa713,Conflict.Attack,beaten,132,138,0.85
evt_b7d6f20a259b2a29720efedb0c12f939,art_fc60696ecb4595905fab9b4f652aa713,Conflict.Attack,forced,143,149,0.8
evt_30f19d4f90cc25bdfaeccbc38aa1e761,art_fc60696ecb4595905fab9b4f652aa713,Conflict.Attack,destroy,153,160,0.8
evt_8baa7a2b35a04dfb38e504b621732e92,art_233e2c4be98c7b7323bcaa4404306339,Justice.Trial,sued,106,110,0.8
evt_be13503742743579480ff5b97ee82e22,art_b8ef38e64c3a27590799b5d79836e4d3,Conflict.MilitaryOperation,conducts,86,94,0.85
evt_92e7fdc5d16b0e663c836188b4c06738,art_0ec3501c6e68624196df19e999625518,Conflict.Demonstrate,protests,12,20,0.95
evt_11a281cf9104900d823ff456d7add167,art_0ec3501c6e68624196df19e999625518,Conflict.Attack,clash,31,36,0.85
evt_6d0255cc0ff86204fddcee243333189e,art_0ec3501c6e68624196df19e999625518,Conflict.Attack,clash,104,109,0.85
evt_0048f17f39bbcb4326066f746b4b50a0,art_cc7f17ef56ab10602ae11b3a81a61082,Government.Election,set,22,25,0.9
evt_d474594bea87c550993678bd7f8090e2,art_cc7f17ef56ab10602ae11b3a81a61082,Government.Election,win,29,32,0.9
evt_427033ec3c5743ab469035ab91b961ce,art_cc7f17ef56ab10602ae11b3a81a61082,Government.Election,faces,76,81,0.9
evt_adcd1495c1238d445837d4b47bae4e7c,art_cc7f17ef56ab10602ae11b3a81a61082,Government.Election,forming,95,102,0.9
evt_dd23c769f8376c855970ae40858c0751,art_145d0f8bea808744cf1354961c475848,Personnel.Appoint,agrees,38,44,0.8
evt_5b9c8cbd5b1d15e0d1c5eae1da222f76,art_145d0f8bea808744cf1354961c475848,Personnel.Appoint,step,48,52,0.8
evt_e69075a7ce5a6152308456a19174bfb9,art_145d0f8bea808744cf1354961c475848,Government.Election,pledges,144,151,0.7
evt_1985b990de9d36b7e00e7b0016cef1bc,art_145d0f8bea808744cf1354961c475848,Government.Election,restore,155,162,0.8
evt_53ada54ef05aa6c16a0288c56973ffd5,art_082cc231d7c6966b353e2c3fb445bfe7,Government.Election,go,91,93,0.9
evt_707169fdab4a34bc7939218d0c01e7a3,art_bcc83323165a5db03871d111d54e02e5,Conflict.Attack,fight,154,159,0.85
evt_4871083705cf66c840c7b0432ab27a67,art_8014c42f25e7aaf177f0996c75ff9e01,Disaster.Accident,killed,14,20,0.9
evt_fa592e0e52be8ad659f08d1d9369084b,art_8014c42f25e7aaf177f0996c75ff9e01,Disaster.Accident,have,78,82,0.9
evt_5e21f9c42a1baa86528e36304052110e,art_8014c42f25e7aaf177f0996c75ff9e01,Disaster.Accident,died,83,87,0.9
evt_832ceab613770e0a02a43586a0e17a63,art_ea257dcb57dd6651302b65cd8772b65d,Diplomacy.Meeting,referenced,114,124,0.7
evt_28b120aaaf96fd21b9fc4c91444fe1f4,art_ea257dcb57dd6651302b65cd8772b65d,Diplomacy.Meeting,spoke,143,148,0.8
evt_9960d86e8323ce587ee88cacba7255fa,art_dcfacb520c2effd136eb1b3fe53257bb,Conflict.Demonstrate,support,21,28,0.8
evt_d9ca15de8beb02b68d9937e7086bee02,art_dcfacb520c2effd136eb1b3fe53257bb,Conflict.Demonstrate,take,86,90,0.9
evt_3a59556755775d3fcdce1b85cebea424,art_5d48e09877465d0debaa3c7e9ca3bb8d,Disaster.Natural,hit,128,131,0.9
evt_5e4770042c87bc1c5d4c629d8c351c18,art_4e1451e945ea764c93c225c9ffea71b5,Conflict.MilitaryOperation,recaptured,146,156,0.9
evt_bda54ed72c535d59696264e30614968e,art_a4262dab44cd42c609dcf286c771a19a,Conflict.MilitaryOperation,makes,15,20,0.9
evt_91c9c7aae5d99cf28e181c588ae76aa9,art_656cc660e04cf8fada608b59cb8d7dd2,Conflict.Demonstrate,schoolgirls,12,23,0.9
evt_928ec45b195e1dc66480029e0d157bc0,art_656cc660e04cf8fada608b59cb8d7dd2,Conflict.Demonstrate,remove,24,30,0.9
evt_ccadb191ded3889a5fc53e2d88a7358e,art_7bfb8210ef46c4c131f5eefacce62d3c,Conflict.Attack,fires,19,24,0.9
evt_c5ef14de4879e21f3a4f9047172464d0,art_6350e85d683a1ca31d3d0b2a66211dbc,Justice.Arrest,demand,164,170,0.8
evt_fcf2eab6b968a90d027029d4ecdfc2ee,art_cb2243567995ee2d6659ecfe23ba23f1,Justice.Trial,accused,37,44,0.9
evt_7622e58252630c9c92b0eb1433b762a6,art_cb2243567995ee2d6659ecfe23ba23f1,Justice.Trial,begins,75,81,0.9
evt_d09d0b129ab2375e8b891aafc6cdfe50,art_cb2243567995ee2d6659ecfe23ba23f1,Justice.Trial,accused,109,116,0.9
evt_47a0b78db08851b7c6fe65b8e518290d,art_cb2243567995ee2d6659ecfe23ba23f1,Justice.Trial,assaulting,120,130,0.9
evt_ecca09a514deb81f4a1dc4cf32c34e3f,art_b1d028e0b2f2011a4ed0c051ccac7ac6,Conflict.Attack,bombing,107,114,0.85
evt_7f90c15de1ecade67f2a992a90b1c6f2,art_64d78ede754f7666c5491102cde6ca64,Conflict.Attack,killing,115,122,0.8
evt_09cc52fa6bc158e7bda96fc736d209f9,art_d52a33e9f47cc5dea36f9e5ff59b65b7,Conflict.Attack,occupied,39,47,0.8
evt_89736c5f9dd4c44ba95dedcc89d15bcd,art_e4be466a41067c15d623d4235cd44aba,Conflict.MilitaryOperation,seize,122,127,0.8
evt_078d88048a9439baa2ebfe0be7c9d25c,art_322b5ec7cb443b8ea02f9d214c9d9429,Conflict.Demonstrate,happening,40,49,0.9
evt_9acc0713735bd19c7118c4ac57c65781,art_322b5ec7cb443b8ea02f9d214c9d9429,Conflict.Demonstrate,happening,86,95,0.9
evt_6108494e251500a287d1a97fdc5379ff,art_322b5ec7cb443b8ea02f9d214c9d9429,Conflict.Demonstrate,following,96,105,0.9
evt_bc87895199449bfec1145fd88643e340,art_322b5ec7cb443b8ea02f9d214c9d9429,Justice.Arrest,detained,127,135,0.9
evt_88fa8899082d086680c27bece445aab2,art_7c6702bdcd21fcb821866e30bbf6f4a2,Conflict.Attack,died,109,113,0.9
evt_cac35bdc87df6fb5f8683d924a440caf,art_7c6702bdcd21fcb821866e30bbf6f4a2,Conflict.Attack,fired,127,132,0.9
evt_99b5389d8655d3c3475a053f3c41b74f,art_7c6702bdcd21fcb821866e30bbf6f4a2,Conflict.Attack,ran,163,166,0.8
evt_3e2a746f8ff743b59d4f11c7258fd69b,art_2f9d127741f7ee1c346c2ab2919cc02e,Conflict.MilitaryOperation,annexes,96,103,0.85
evt_8d6644ca42ac54cc5d808132e77fae74,art_e6357db7d86efe883c9728eec6c41684,Conflict.Attack,killed,48,54,0.95
evt_c77c0aa182d5b1d6b3ee1dfe2c081539,art_e6357db7d86efe883c9728eec6c41684,Conflict.Attack,killed,102,108,0.9
evt_646bcabd878ed5557574d5895dbf20e0,art_e6357db7d86efe883c9728eec6c41684,Conflict.Attack,killing,157,164,0.9
evt_7f408ebe9bdae5863bd1db172739f092,art_df70d87e945984966f434d5147120254,Diplomacy.Meeting,declares,13,21,0.8
evt_81a4cff4f0bf52beceee144a69760d2b,art_df70d87e945984966f434d5147120254,Diplomacy.Meeting,working,52,59,0.9
evt_5338fca371d6d0479726c63de73369b8,art_ae56c728f944602bf22daf220994283c,Movement.Transport,sail,20,24,0.8
evt_480bc77f87473239be0c25226cfaf6e9,art_ae56c728f944602bf22daf220994283c,Conflict.Attack,conscripted,131,142,0.8
evt_bc56d2b32a20fa3905b6d4b725878f31,art_ae56c728f944602bf22daf220994283c,Conflict.Attack,fight,146,151,0.8
evt_8342c3b0f6b01c21870134bc552c51df,art_7fff0c19a1ae4c27a6a5d3be5395c026,Conflict.Attack,killed,28,34,0.8
evt_2aa625996764b8f84d9e880aa7465cb1,art_7fff0c19a1ae4c27a6a5d3be5395c026,Conflict.Attack,killed,140,146,0.9
evt_40f4e1f8446a6770121bb149ee0edcac,art_f3bb6b27ea97a3535445ffb43dc1a8b6,Justice.Arrest,pardon,16,22,0.8
evt_593294b1e6cb8e2ddf8918e1f20d04c4,art_a7c0dd55930a03fa2a2e399363c8e169,Justice.Arrest,be,26,28,0.75
evt_0b66be831460cf840106abe3d0c304b4,art_a7c0dd55930a03fa2a2e399363c8e169,Justice.Arrest,charged,29,36,0.8
evt_13f6c1184691d975499e090e7608c252,art_a7c0dd55930a03fa2a2e399363c8e169,Justice.Arrest,investigating,77,90,0.8
evt_d010674d89600d11ec6fe3bbea81a96c,art_a759e9392d6285fec36a2780b7a7d4bf,Conflict.Demonstrate,forced,47,53,0.8
evt_a3dc0e913469f0bc5dc76139bf3b6dc8,art_0a51231f97f15d9eeba7fcfbdc4904fa,Health.DiseaseOutbreak,made,140,144,0.85
evt_10f4b7ff48fe01ea31d1198f19607c9b,art_0d1f0bd842cbf117137ab51735122bb9,Conflict.Attack,assassinated,20,32,0.9
evt_5cf372c99b63969c149681dd1fa6a71f,art_0d1f0bd842cbf117137ab51735122bb9,Conflict.Attack,killed,87,93,0.9
evt_88969d09fae76d45abc96641d601da1f,art_418bbeb75824486316b7d4357a7166dc,Conflict.Attack,devastated,61,71,0.9
evt_837cf17a53caa5dcdb22b015dabd2b61,art_98b3044a6df3c681af8f509fd4ef5eb0,Conflict.Attack,might,32,37,0.9
evt_a00ff7ea44a5ee312aa81eeb041ea7b6,art_98b3044a6df3c681af8f509fd4ef5eb0,Conflict.Attack,be,38,40,0.9
evt_9528ab8bc01c9d8ea4b7dfeb9e05593f,art_98b3044a6df3c681af8f509fd4ef5eb0,Conflict.Attack,killed,41,47,0.9
evt_e79009ac0458cc909f74d442385e390a,art_98b3044a6df3c681af8f509fd4ef5eb0,Conflict.Attack,will,57,61,0.9
evt_fe2724777cf520b77b527f7837c573dc,art_98b3044a6df3c681af8f509fd4ef5eb0,Conflict.Attack,died,103,107,0.9
evt_6df2dceecafbe9b620a0b3d2473c0960,art_05f3412017c89bd6dfe93c90ae6e83ba,Diplomacy.Meeting,agree,27,32,0.8
evt_63d6290db08276dd309eb3804beeed12,art_97b55ce672e188cfbdad345053a0649e,Conflict.Attack,shot,97,101,0.9
evt_f66e57325845f5212607330b78ab6c85,art_1a474f1894692a99e7af6125ffb3de9c,Disaster.Accident,killed,129,135,0.85
evt_64d0464b45bed6d1e6f27b65c52fb6c4,art_a25b5df577de3b84cb5b2e91918fdbf6,Economy.Finance,robbing,44,51,0.8
evt_b630f7c076d1f50042e52d4d4cf5e87f,art_a25b5df577de3b84cb5b2e91918fdbf6,Economy.Finance,withdraw,123,131,0.9
evt_81a3024a30e5daa2789f8c8c5611b40b,art_3234ee2510fe17ddc2f129cd1b37e169,Conflict.Demonstrate,sparked,42,49,0.8
evt_35d28d6915fc29e9295c65213b8fba2c,art_3234ee2510fe17ddc2f129cd1b37e169,Conflict.Demonstrate,protests,55,63,0.9
evt_8dbfa4732b0234c85a76abc6bdee3f19,art_3234ee2510fe17ddc2f129cd1b37e169,Conflict.Demonstrate,analysed,85,93,0.85
evt_891f445b7cfa336b46b87b001c1cd7ec,art_3234ee2510fe17ddc2f129cd1b37e169,Conflict.Demonstrate,following,138,147,0.85
evt_03908623a2bb8731bc77c39c2d6e55d6,art_a9c849d60f287c306d6240304a86c5a2,Government.Election,vote,45,49,0.9
evt_ee6fd11b2edbca1151a78978478478d5,art_a9c849d60f287c306d6240304a86c5a2,Government.Election,upend,102,107,0.9
evt_af33142e407985f9e5bce8c54799d462,art_a9c849d60f287c306d6240304a86c5a2,Government.Election,send,147,151,0.9
evt_5333f423c8a3cbaccdd1b9cdd0fcb389,art_073c1132a09992967506b8172df2b26a,Diplomacy.Meeting,confirms,23,31,0.8
evt_349abd85abdbce86e9ee4d841c92877c,art_073c1132a09992967506b8172df2b26a,Diplomacy.Meeting,held,96,100,0.9
evt_9412a4e59a3c7f1979ef412ff31e83a1,art_b20f72e5aa00f75cb1453da451fff89e,Justice.Sentence,jailed,47,53,0.9
evt_3e6687630bd7663dfcb9305793807974,art_082148f858cd535836d02bb155707933,Government.Election,accuses,15,22,0.8
evt_1926a2dbcdcdc7dc01a4ccb328055dd4,art_082148f858cd535836d02bb155707933,Government.Election,identified,111,121,0.9
evt_4113620e750c34ec4693da1f7d67f6dd,art_d60099f30aaa3448c49a96ad81dbf2b4,Justice.Arrest,accused,92,99,0.8
evt_8600ab3b67f794e73610269634df3eab,art_d60099f30aaa3448c49a96ad81dbf2b4,Justice.Arrest,shot,156,160,0.8
evt_e1d8dfedea113f9a2588e62031c6d97d,art_70a1fb55f8d89cbdf3d596eb1bba8186,Justice.Trial,convicted,49,58,0.9
evt_ad319f031f0d2cb7025f37211d2d8cb3,art_9e1b7b8e7c78bd1b2bb63b8b06adf2ec,Justice.Arrest,held,43,47,0.8
evt_a4a76c83fc9c3d40cd860297684bcac2,art_9e1b7b8e7c78bd1b2bb63b8b06adf2ec,Justice.Arrest,refused,123,130,0.8
evt_1f8c8d107aa04a410bbf670c8943d32e,art_9e1b7b8e7c78bd1b2bb63b8b06adf2ec,Justice.Arrest,allow,134,139,0.8
evt_36d74a61ecf03a82394db53f408e7e8a,art_b853f3ebb77d73a757f591486199e01d,Justice.Arrest,accused,47,54,0.8
evt_64a4503e99db7d2c05efb6ab356255f1,art_b853f3ebb77d73a757f591486199e01d,Justice.Arrest,abused,100,106,0.8
evt_82ca6b3862cfe68590a72f625149a56a,art_46923a0b048ab4b74770b6553eceace2,Conflict.MilitaryOperation,capture,138,145,0.9
evt_3479f935a4d04d57909ab1a4a6d367e3,art_46923a0b048ab4b74770b6553eceace2,Conflict.MilitaryOperation,defend,164,170,0.9
evt_1d10dd2f97e67a854d039209620e676b,art_6eece1bac8839b25138a65974f58c8d8,Disaster.Accident,search,46,52,0.9
evt_94a4be8218f34f8e1160a5dfbcadde1a,art_e474beb70db4aca95ac8c6a4857a2c79,Conflict.Demonstrate,march,91,96,0.9
evt_9e124c3caa42df3b15ad0f0533d3c380,art_e474beb70db4aca95ac8c6a4857a2c79,Conflict.Demonstrate,demanding,110,119,0.9
evt_28657c825a19d91d42d411454838b739,art_23e93a7c7943165623c895c9b62fab51,Government.Election,hails,27,32,0.9
evt_10408e474056fc06198762f3fe46eb61,art_23e93a7c7943165623c895c9b62fab51,Government.Election,materialise,140,151,0.8
evt_2bf098c071a31a067198339f2ee03e4a,art_95f13746e8b3388c44b47ed04c9345f8,Disaster.Natural,hits,54,58,0.9
evt_4ef3a6848ef5f372bf5fc1e339b9603b,art_0c2288b87840d09fa184c5f857464d14,Justice.Arrest,jailed,117,123,0.9
evt_cb55b2e3e9cacdb3725af8c3d791e128,art_9ba56ea1bc45af49ed14b9908eda0da1,Disaster.Accident,killed,33,39,0.9
evt_0f7af9a4ec78e488d52ef6bb5ad14c44,art_9ba56ea1bc45af49ed14b9908eda0da1,Disaster.Accident,blamed,50,56,0.9
evt_4c1a92d9b840eacf727b22cf816d3f50,art_9ba56ea1bc45af49ed14b9908eda0da1,Disaster.Accident,contributed,144,155,0.9
evt_c92f23fb9a41e705349bf595bfd65b24,art_9ba56ea1bc45af49ed14b9908eda0da1,Disaster.Accident,killed,179,185,0.9
evt_438f0e78f4bac11993b8d3e8871980e6,art_e6dd0812a76ba693b7665bc4d935ef81,Conflict.Demonstrate,called,136,142,0.7
evt_d3aa6fcf435c9a85425c9ff2209b6d73,art_447a88482f412b86bfe91be2d8825e19,Technology.CyberAttack,release,25,32,0.9
evt_5acf600bc6861f0fc914eb08ba552c7c,art_447a88482f412b86bfe91be2d8825e19,Technology.CyberAttack,stealing,53,61,0.9
evt_f4014e3ec3f1522359505c5807ca1d0b,art_447a88482f412b86bfe91be2d8825e19,Technology.CyberAttack,targeted,155,163,0.9
evt_d3845415989860f86a48a470efbf1155,art_3a449dc4e9cb47dfb04b9b1ddde59651,Economy.Trade,lift,109,113,0.8
evt_bff426a2f28f13a81cc9847ae0c14bf3,art_a6016406dc2665b284f37ca51531fea4,Government.Election,counted,127,134,0.9
evt_fc6e1064599308767c1ba8907ceb8020,art_a6016406dc2665b284f37ca51531fea4,Government.Election,emerge,147,153,0.8
evt_8c07b5114a3f201bcd3cd150189e2f6b,art_c7f4b6688d83074b2baa94d47db2ded1,Justice.Arrest,removed,98,105,0.8
evt_89232194e50ad5e45a07df21ba6d37d8,art_a17a9853d7b7fda0cdf51b53f9c0e694,Diplomacy.Meeting,gifted,89,95,0.7
evt_4659aa9f398b52a9ccfd96ce515086c7,art_fca7e35fadc6f9e60cd8bcddf791905e,Economy.Finance,set,23,26,0.9
evt_6f240db4d7282f9d1a60f46d74bd5e2d,art_fca7e35fadc6f9e60cd8bcddf791905e,Economy.Finance,approve,30,37,0.85
evt_dcf7f3b20c62271cbdf2fe94ab3d0eea,art_fca7e35fadc6f9e60cd8bcddf791905e,Economy.Trade,exported,126,134,0.8
evt_1799935b89ce9ed703a24979efaf82d7,art_624bd9f08a74d8ef82516e408a68dfab,Diplomacy.Meeting,begin,49,54,0.8
evt_bef935b2da2e653662467209f855329f,art_624bd9f08a74d8ef82516e408a68dfab,Diplomacy.Meeting,sit,97,100,0.9
evt_15bbf67a77310e7337c049b960b299fe,art_624bd9f08a74d8ef82516e408a68dfab,Diplomacy.Meeting,take,154,158,0.8
evt_e4656e2ce655cff8d66374738198824f,art_99473f85f07980fa96fa0711e1b3e6c1,Justice.Sentence,pay,97,100,0.8
evt_33c4b7cd1c2d4508d9610e3d3e1e729b,art_8f4ab5880cf6025a893c645451189b51,Government.Law,set,17,20,0.9
evt_5c5dc12b6ec6b6fa059519a9faa0ea83,art_8f4ab5880cf6025a893c645451189b51,Government.Law,punish,24,30,0.9
evt_c9f8114ff2e69c68bb29fad3dd376c1c,art_8f4ab5880cf6025a893c645451189b51,Government.Law,is,90,92,0.9
evt_10dd4df26f05450f4a8ac6278ee6bcc6,art_8f4ab5880cf6025a893c645451189b51,Government.Law,set,93,96,0.9
evt_b242c2e18f4c373c370cf8ee7b7ad37c,art_8f4ab5880cf6025a893c645451189b51,Government.Law,pass,100,104,0.9
evt_a055cd75bf510b77138bf37fb095b7dd,art_8f4ab5880cf6025a893c645451189b51,Government.Law,would,121,126,0.9
evt_58736f6026aa2be6e446e4c4a111a34e,art_8f4ab5880cf6025a893c645451189b51,Government.Law,outlaw,132,138,0.9
evt_002fe13c720225746f8f8d3bd045c376,art_044a6838f04c67f1a0d19ef2fa98c81d,Conflict.Demonstrate,recognised,47,57,0.7
evt_26ea4a672be9cfa66e94966cffa2c879,art_044a6838f04c67f1a0d19ef2fa98c81d,Diplomacy.Meeting,recognise,119,128,0.7
evt_ba8bbd8446f5d7eec0f23c312285c93f,art_48ba5db1295f3415e510191f57e0ae5b,Disaster.Natural,displaced,101,110,0.9
evt_2b8b69b761728a7f3ffe79881e335bd7,art_4ae0313c94d6fbe943e03c85e3ce6a56,Justice.Sentence,jailed,52,58,0.9
evt_f1d3f2581c5284e0ba1e430078fb4c18,art_4ae0313c94d6fbe943e03c85e3ce6a56,Justice.Sentence,sentenced,95,104,0.95
evt_3e4a839af1ba0297e6787d77c4e78606,art_4ae0313c94d6fbe943e03c85e3ce6a56,Justice.Sentence,killing,109,116,0.9
evt_556252ce206f65ed46c85ff0b6a31711,art_4ae0313c94d6fbe943e03c85e3ce6a56,Justice.Sentence,disappeared,146,157,0.9
evt_2f67908358389ac3b0ca44a6d6bd5aa3,art_272d4361965adeff15c55ee8e5fd336d,Conflict.Attack,hit,165,168,0.9
evt_900f526ef7277fda97b2e56f17b5ac4a,art_7fef93e2ebd71445bb0ac094864696e4,Economy.Finance,spending,89,97,0.8
evt_7b67498821d2308993f74ded2871c19f,art_e8bc8ee34f275f581b843a33b9b781cb,Conflict.Demonstrate,protests,13,21,0.9
evt_6d8a3e5d0b39cae7b06f456a75255a59,art_e8bc8ee34f275f581b843a33b9b781cb,Conflict.Demonstrate,powering,40,48,0.8
evt_7f211b002f92d1a9331914c493a2dcf4,art_e8bc8ee34f275f581b843a33b9b781cb,Conflict.Demonstrate,Driven,77,83,0.9
evt_716e0c70cd4150024de0c1810a467a7d,art_8f8f434dbe53aab6553f460ef4ca2af5,Conflict.Demonstrate,clamped,120,127,0.8
evt_7b73995060ffc4a572d2b3719d7784d1,art_3688de39d36c51a8125e69eb8d41ec3e,Disaster.Natural,erupts,44,50,0.95
evt_c418f2d1676d95da796a554486dc2e92,art_3688de39d36c51a8125e69eb8d41ec3e,Disaster.Natural,spewing,128,135,0.9
evt_c2bad955f01fbe00678214e9d82736f7,art_e85d44edaaeaf4ee602c16a125cd594b,Conflict.Demonstrate,demanding,131,140,0.9
evt_348106c57a08dc37f3b25177e185ec1c,art_6f0ecc43538c0154e118fee6876c3c39,Conflict.Attack,force,44,49,0.9
evt_e6473f76c33cc1e56e39c2c5180cb9dd,art_96bbbf8fcd0164228f47d7b123b9b7df,Conflict.Demonstrate,protest,30,37,0.9
evt_ac39bc95358b727db501091cdc3505c7,art_da1860b45ef8053f48e4f55dbe03730e,Government.Law,passes,17,23,0.9
evt_c6586c5faccc46713a84b85ef52dd882,art_da1860b45ef8053f48e4f55dbe03730e,Government.Law,banning,38,45,0.9
evt_b265cd18030c0504697308974be91632,art_da1860b45ef8053f48e4f55dbe03730e,Government.Law,will,92,96,0.9
evt_66921cdc9e4580a1168902f55d4632b8,art_ed1aaab0cad9d5ae898be3a70be0ac4a,Government.Law,threatens,12,21,0.8
evt_372e6e3db098909b359e0d2a5028e8a1,art_ed1aaab0cad9d5ae898be3a70be0ac4a,Government.Law,remove,25,31,0.9
evt_1420764c45fcfbccbba1d377f3479b31,art_ed1aaab0cad9d5ae898be3a70be0ac4a,Government.Law,passes,59,65,0.9
evt_d005508d238c25d638bf7670c97bc837,art_ed1aaab0cad9d5ae898be3a70be0ac4a,Government.Law,will,109,113,0.9
evt_566d35e1cc86c24c489b0ecb28e8531a,art_ed1aaab0cad9d5ae898be3a70be0ac4a,Government.Law,pull,114,118,0.9
evt_3596ae37a399e513f75ab10b538ab0c3,art_ed1aaab0cad9d5ae898be3a70be0ac4a,Government.Law,passes,171,177,0.9
evt_42a76442a4478e8c07dbc884c65814f3,art_09e9dd55903dd477d6a189117ba25eaf,Conflict.Attack,killed,18,24,0.9
evt_8a2b7a5444dd8afc403fe88d511726bc,art_09e9dd55903dd477d6a189117ba25eaf,Conflict.Attack,attacked,112,120,0.9
evt_6bb5d2b0dd55d0caeab2526c503f677e,art_ef328deea568a02d66c34a27c017d7b7,Conflict.Attack,killed,60,66,0.9
evt_7c7bf5baa4264ef111b4a1b0232d7b05,art_ef328deea568a02d66c34a27c017d7b7,Conflict.Attack,murdered,158,166,0.9
evt_550c04f982663f436d3b118c085d7bca,art_43772f313ac33904b9f3a47ecc045af0,Justice.Arrest,being,106,111,0.8
evt_e64008a922b46e5544e17c7a1288969e,art_43772f313ac33904b9f3a47ecc045af0,Justice.Arrest,pulled,112,118,0.8
evt_61b0a68471cdc37e24be35c989e604f5,art_fa85a4f902542ebfa763b733f405688e,Conflict.Demonstrate,weighs,24,30,0.8
evt_23a6cbcf335bea5772f72228a463fdec,art_8cc0dca0d0a76b0af1faa11d927b3a52,Justice.Trial,begins,31,37,0.95
evt_e54f4dc4185152bd05765eef5c3bb941,art_8cc0dca0d0a76b0af1faa11d927b3a52,Justice.Trial,killed,61,67,0.9
evt_a37ecfc3231dffeefe153abb2f2456c6,art_8cc0dca0d0a76b0af1faa11d927b3a52,Justice.Trial,go,98,100,0.9
evt_0d82933c7186111ea7647541d2813572,art_22c1e9b0c3d05de53ed786f7a7757de9,Conflict.Demonstrate,protests,13,21,0.85
evt_ea7540d30df9e47c0cc350916dc0c1cf,art_6064e244ed8cb7878f1cdb4a75b40224,Disaster.Natural,volcano,32,39,0.9
evt_cd08a0bebe2901a61fb925cd245a3c9c,art_6064e244ed8cb7878f1cdb4a75b40224,Disaster.Natural,evacuated,103,112,0.9
evt_884dd8e9050d065e185cabe8ae1ad8a7,art_e3ecdf2a424fd658dd6671fafb2b29a2,Conflict.Attack,hits,44,48,0.9
evt_160bf39f0a0c8736c59cf09fd2e77750,art_e3ecdf2a424fd658dd6671fafb2b29a2,Conflict.Attack,hit,106,109,0.85
evt_d285cae17238da5c79f02f5a015860fd,art_257e86e24bd5d54716e09483005c8080,Justice.Arrest,arrests,15,22,0.9
evt_f6ab8d5b418bc092939d1f944f95e39c,art_257e86e24bd5d54716e09483005c8080,Justice.Arrest,accused,26,33,0.95
evt_39f0fe5fe05457352ee53f92e02f3816,art_257e86e24bd5d54716e09483005c8080,Justice.Arrest,plotting,37,45,0.9
evt_a8dbb39e3dae3aaa3b09963691b00937,art_257e86e24bd5d54716e09483005c8080,Justice.Arrest,suspected,81,90,0.9
evt_2a5a6ab05795e0e1339cb251c6c6de0b,art_257e86e24bd5d54716e09483005c8080,Justice.Arrest,planning,94,102,0.95
evt_5336aa6d9f6dd39e581abc7c6072efdf,art_257e86e24bd5d54716e09483005c8080,Justice.Arrest,install,127,134,0.9
evt_c2a8074810b4d7b64b10d0d7f56ece6a,art_a2bffe570d5291b8d47e4a0de293b012,Justice.Sentence,conduct,15,22,0.9
evt_216ab67b8aef5b6cb9226a7a5285b44d,art_a2bffe570d5291b8d47e4a0de293b012,Justice.Sentence,carried,94,101,0.9
evt_391734a0393d553a74b5b45d95dc05e2,art_4465d11682ea53762b0a4a9cdcbfa3ac,Justice.Arrest,freed,76,81,0.7
evt_7d2e2078eb8c66611d87c8ba4f0a399e,art_85f5c4cacf5fa46107c3cbd2055dec85,Justice.Arrest,places,19,25,0.7
evt_e965abd58a0a8374b5377a89490a734c,art_5ba0f3680a429645f82072c66c319201,Justice.Sentence,jailed,66,72,0.9
evt_56a889ed2ec07e6686f7ff1d363baaa8,art_5ba0f3680a429645f82072c66c319201,Justice.Sentence,found,133,138,0.9
evt_d0bce941fe819142bdba5a789a10507b,art_cc099a7112fb23a9e63095029754b53b,Health.DiseaseOutbreak,infect,117,123,0.7
evt_a34d8ae0e10fa6be05e20f0f52089c74,art_0644913b866df60f9a2864238d4c3907,Government.Law,passes,39,45,0.9
evt_ba503d148afeaefb93700c828ab2b4e3,art_0644913b866df60f9a2864238d4c3907,Government.Law,curb,54,58,0.9
evt_c95a2781caad79da312d16389297aff0,art_c21e3d4da0e59a65300a58d67dfd7113,Government.Law,reverses,81,89,0.85
evt_ae469bec9abd229bfb5483ff260f9c88,art_dc687464301cee86acd77a1a4789266d,Government.Election,hears,20,25,0.9
evt_50326df2cdf6499420a85597ff23e9c7,art_dc687464301cee86acd77a1a4789266d,Government.Election,reshape,42,49,0.9
evt_ee2b7df9ac9cac608ee791672ab3dda5,art_dc687464301cee86acd77a1a4789266d,Government.Election,increase,110,118,0.9
evt_cf2d0ecdb4bf28077a55c63bcb1eeebf,art_ae85a45cbf0c5c88ef2b6097d11ea13b,Justice.Arrest,detained,89,97,0.85
evt_dffc7ad37daa0ae922ddecf6888b112d,art_96d7272d92075840227db05c43fa031a,Conflict.Attack,clashed,153,160,0.8
evt_d8be3d994b3458c446ae6229232c1500,art_06ca9328725937c4570d33c527ee0024,Diplomacy.Agreement,frees,31,36,0.85
evt_64a0945387695fc52b873992f51efeaa,art_06ca9328725937c4570d33c527ee0024,Diplomacy.Agreement,returns,179,186,0.8
evt_99a5552b2ea2fbbe0029d4a8d4b82d84,art_4e666912ebf5fae5c0fd7905b358ccff,Justice.Arrest,freed,80,85,0.8
evt_c1cf8564c5d99f218e2cfe41cce01dff,art_2aed1f412ca8dff98c943479bae4648a,Justice.Trial,convicted,98,107,0.9
evt_92979cd3683080e32107ca8420338424,art_39c7ba72a02c62b2f12d81635bd573c7,Health.DiseaseOutbreak,postpones,19,28,0.8
evt_f866606e36194b684172a8a74f9754f2,art_39c7ba72a02c62b2f12d81635bd573c7,Health.DiseaseOutbreak,reveals,47,54,0.8
evt_30b829c24c914fa36a64f222efd8f2c1,art_39c7ba72a02c62b2f12d81635bd573c7,Health.DiseaseOutbreak,has,100,103,0.8
evt_37a9092917b99a6f53262f33515dde88,art_c297c4274a06e77e8e658380c34b4f1c,Conflict.Attack,vows,13,17,0.9
evt_9eb354d5b0b88e6d87310a982b56a7a1,art_c297c4274a06e77e8e658380c34b4f1c,Conflict.Attack,continue,21,29,0.9
evt_07e52f57a83a098f8bcadea8ed8fe124,art_c297c4274a06e77e8e658380c34b4f1c,Conflict.Attack,hitting,30,37,0.9
evt_b1a2cb6aedc961d5de12796fff1365d1,art_c297c4274a06e77e8e658380c34b4f1c,Conflict.Attack,vowed,94,99,0.9
evt_8ffc0f31cc7db5b4b16beb69adb5a47a,art_c297c4274a06e77e8e658380c34b4f1c,Conflict.Attack,continue,103,111,0.9
evt_cdea6defa23a1cce414b47091813c913,art_c297c4274a06e77e8e658380c34b4f1c,Conflict.Attack,attacking,112,121,0.9
evt_d7793cf48c0955b2de61453f6062b07f,art_fc218ba2d37af24f8f207ddb7d6e97e8,Personnel.Appoint,sworn,91,96,0.9
evt_69d68133c4ace04d2f8206d6ef22c947,art_fc218ba2d37af24f8f207ddb7d6e97e8,Justice.Arrest,impeached,146,155,0.8
evt_c6b0601a59742980e95cdc0fc5895337,art_937918dcdf086f40c031b20cd8fb935d,Justice.Arrest,identify,119,127,0.8
evt_e726214e86f9b5bd23d4f5b4d09b70cb,art_607dac7415571fdfb5edbe17f41acf71,Government.Law,voted,98,103,0.9
evt_9683a6d1eae7b94af46a14a48f7f893b,art_f8bcc417bf02789bccfcab6d454cd1b4,Conflict.Attack,executed,37,45,0.9
evt_4fca8b89b40fcff30d6a1f418e6e49c4,art_f8bcc417bf02789bccfcab6d454cd1b4,Conflict.Attack,executed,155,163,0.9
evt_87f62d48629872bf80e89457e18eb027,art_620b60d54ddd59d71b8e0d98f99d2068,Justice.Trial,opens,36,41,0.9
evt_2251c23dc5796d19e0deeb9f7ccc0748,art_620b60d54ddd59d71b8e0d98f99d2068,Justice.Trial,presided,125,133,0.9
evt_9cac447d29bbf7cc38e6784a6d4c830b,art_8abdf50eca4f7d819eec49f330175db4,Justice.Arrest,freed,62,67,0.8
evt_3a82ee2c946a38a76a53dcc5d272b2a8,art_88df0101423d2f1ac453d380ae45cb35,Justice.Arrest,freed,86,91,0.7
evt_81c4a4bf76f9a35e792bf98944118432,art_6b14b21343cff5be28ec584ce97657ca,Government.Law,approved,101,109,0.9
evt_45c5f0458aa1437d885892edf3b49d83,art_5ada1e68661e47704e4c774b2cf357e5,Justice.Arrest,impeached,78,87,0.8
evt_125936e90c18d4f1bd21c72b08516728,art_5ada1e68661e47704e4c774b2cf357e5,Personnel.Appoint,replaced,92,100,0.8
evt_53d2c8a7503d90c3855e06fe9e0fafaf,art_5ada1e68661e47704e4c774b2cf357e5,Government.Law,dissolve,146,154,0.8
evt_df366b4e75a744ae024569b95a0f5c1c,art_21bc0c0f3438ddded7b5422a4a2885ce,Conflict.Attack,vows,31,35,0.9
evt_d088fb93751e554308ba2da8ad3841b0,art_21bc0c0f3438ddded7b5422a4a2885ce,Conflict.Attack,punish,39,45,0.8
evt_22873374e048b0cb2f85d296bb1ebe23,art_21bc0c0f3438ddded7b5422a4a2885ce,Conflict.Attack,murder,152,158,0.9
evt_b4134aa95601cb46f0c2d0c36ab4610e,art_dad973fb5e08434cc5eb9e9eb1d2e723,Diplomacy.Agreement,offer,52,57,0.7
evt_2f416a8f8ec53aa72a535155ab7ab890,art_ef99ce53df6ca20902a0f4db316793ab,Conflict.Attack,Taking,23,29,0.9
evt_f1b17ce9e0d6ee9dd535b0d3c2917bdc,art_ef99ce53df6ca20902a0f4db316793ab,Conflict.Attack,came,125,129,0.9
evt_6f372b96433e3bf11c6bab94b4b87673,art_ef99ce53df6ca20902a0f4db316793ab,Conflict.Attack,flee,165,169,0.9
evt_3b881ac85091fd005cee99bb4859379d,art_ee6b1b889b5aa1da89bebd0b047eee0b,Justice.Arrest,investigated,94,106,0.8
evt_8d42ae187385c7c44765702146875a15,art_7a5bf1c400aa398ffa43c83e65e250f0,Conflict.Attack,fleeing,142,149,0.85
evt_d10128e6595fd3693f95c8923b77cfd7,art_7a5bf1c400aa398ffa43c83e65e250f0,Conflict.Attack,bombed,154,160,0.9
evt_6eb8b640659b1c8073d0a2cb3577e810,art_52990231d6b07aef5d0f3ba6a8fb83e0,Conflict.Attack,flee,32,36,0.85
evt_de41eb8f13c033f89d3417a29a9bdd01,art_52990231d6b07aef5d0f3ba6a8fb83e0,Conflict.Attack,shelling,57,65,0.9
evt_59243f866a80f89d06adf99b29a85ce9,art_e418690b0439761c01b71db433111495,Conflict.Attack,separated,14,23,0.9
evt_1d806072c95ded01cfab58f46d7fe32a,art_e418690b0439761c01b71db433111495,Conflict.Attack,reunited,50,58,0.9
evt_accaffb105a64e49b2228d935a4833d2,art_e418690b0439761c01b71db433111495,Conflict.Attack,invaded,126,133,0.9
evt_6065358676bbdbaba363481cfc34a7e2,art_e418690b0439761c01b71db433111495,Conflict.Attack,'ve,180,183,0.9
evt_6e758dcde089c293961fabf9754b10ad,art_e418690b0439761c01b71db433111495,Conflict.Attack,reunited,197,205,0.8
evt_30e9b0206ddfeb72f57c0e3793ab651b,art_95fb6cd093d964f21645f5f6ae76a555,Conflict.Attack,',36,37,0.9
evt_6f76533827e649f9bd59afedb2532e83,art_95fb6cd093d964f21645f5f6ae76a555,Conflict.Attack,offered,132,139,0.8
evt_3bc0877178965bf0e0740c290ec7836e,art_43b98107eaf8fbf0ef86a62af209ea4b,Health.DiseaseOutbreak,spreading,113,122,0.9
evt_5a023845d680be7d867357f225f47196,art_be225492665d4e1870239fad505873ae,Government.Election,takes,14,19,0.8
evt_3f86b4df5633a3785e993d00e42537b5,art_be225492665d4e1870239fad505873ae,Government.Election,looms,60,65,0.9
evt_d4e29200530aa695860cb18ee3703e78,art_be225492665d4e1870239fad505873ae,Government.Election,takes,82,87,0.85
evt_030a4137dc0dc00f8ef9a823e30f37e3,art_be225492665d4e1870239fad505873ae,Government.Election,affording,152,161,0.9
evt_38e7a6d7ba460837e59185c313db0d68,art_61f5cf0b9f744c8c43e7c32abf85b780,Health.DiseaseOutbreak,registering,252,263,0.9
evt_f0f09e5022701caa509fe4c8a33eba8c,art_61f5cf0b9f744c8c43e7c32abf85b780,Health.DiseaseOutbreak,recorded,332,340,0.9
evt_4b77dd784522909f2dca2cade3b2d2f6,art_e51b4235c2febd56f67098e366ce347d,Conflict.Attack,killed,178,184,0.9
evt_7395f66cf2442469d19ce59019b3e9dd,art_e51b4235c2febd56f67098e366ce347d,Justice.Trial,will,217,221,0.9
evt_e0a196f10b3fcd30fa08951d5d9178d4,art_e51b4235c2febd56f67098e366ce347d,Justice.Trial,paused,225,231,0.9
evt_b0d462aeffee873344f2af05da5bb06d,art_47c5788d159154561d4aaec0bceb0802,Government.Law,introduces,14,24,0.9
evt_936092d277bd00034b75e8138447aa9d,art_47c5788d159154561d4aaec0bceb0802,Government.Law,will,118,122,0.9
evt_cf997bf5ab6bf942d23cd370728bc77d,art_47c5788d159154561d4aaec0bceb0802,Government.Law,expanding,161,170,0.8
evt_13694a40c352358888a5a0748a969c9f,art_22b65d1aa7bb5ec1938b6718eaa0b83f,Government.Law,required,41,49,0.9
evt_f15b3988c409aa7460485ac7f99128e1,art_22b65d1aa7bb5ec1938b6718eaa0b83f,Government.Law,back,53,57,0.9
evt_559263bf32517eb45059664ea468e175,art_22b65d1aa7bb5ec1938b6718eaa0b83f,Government.Law,will,126,130,0.8
evt_b3aff95fc7d05ea6affbf54707674f38,art_22b65d1aa7bb5ec1938b6718eaa0b83f,Government.Law,have,131,135,0.9
evt_50ac2471994f064ee2525fe6c6993a4a,art_22b65d1aa7bb5ec1938b6718eaa0b83f,Government.Law,include,139,146,0.9
evt_7e3605c92ab16252fadd622902ec0368,art_22b65d1aa7bb5ec1938b6718eaa0b83f,Government.Law,encouraging,156,167,0.9
evt_da8501d9deb41dbfac18fbddfe7d3cd2,art_22b65d1aa7bb5ec1938b6718eaa0b83f,Government.Law,consider,178,186,0.9
evt_e34b913f2eb59c8c15aaf5820a9ad9bc,art_22b65d1aa7bb5ec1938b6718eaa0b83f,Government.Law,rein,269,273,0.9
evt_039864f5ad4bb3f91719f1fa2d3e33ea,art_693527f38dbb4d2af2b5b66535fb30d1,Diplomacy.Meeting,backs,15,20,0.7
evt_ad6a51ae9d04d5fdf114327a69a53fec,art_693527f38dbb4d2af2b5b66535fb30d1,Government.Election,assumes,214,221,0.6
evt_673268318fdfe173ecfb055d347f0c15,art_82bfe0b9dcf18463137ecce0fc967eac,Health.DiseaseOutbreak,is,25,27,0.9
evt_2add7e577860f4766160822042d6c621,art_82bfe0b9dcf18463137ecce0fc967eac,Health.DiseaseOutbreak,become,84,90,0.9
evt_bf89ca61070bd496fcc39a0671ea4171,art_82bfe0b9dcf18463137ecce0fc967eac,Health.DiseaseOutbreak,topped,169,175,0.9
evt_a345f12bec391a6f2fd598b795c70d9a,art_9e1731c8548daf1fc2d5486a85a082bb,Movement.Transport,entering,61,69,0.8
evt_45fd72c0eccb4c3eded466aa4a410248,art_018e08d2d2b8fae3b7f33070ca379749,Justice.Arrest,declared,114,122,0.8
evt_727cf24672f5ca9bd8fcd0f8a4b854c1,art_e4f0f7a4a408afa67e0f8767298a714c,Health.DiseaseOutbreak,Wearing,7,14,0.9
evt_98b87cd87943c0cc6d66836f5d49278e,art_e4f0f7a4a408afa67e0f8767298a714c,Health.DiseaseOutbreak,will,111,115,0.9
evt_dfa65909aad9c48c5801352ef60832e6,art_e4f0f7a4a408afa67e0f8767298a714c,Health.DiseaseOutbreak,be,116,118,0.9
evt_96ab9861048ebc4266116b3d1e792357,art_e4f0f7a4a408afa67e0f8767298a714c,Health.DiseaseOutbreak,starting,138,146,0.9
evt_336d2a99e5bcd7434d584272b8ff9450,art_e4f0f7a4a408afa67e0f8767298a714c,Health.DiseaseOutbreak,struggles,208,217,0.9
evt_6fb531f7a49361127a47827c4c77ab0d,art_e4f0f7a4a408afa67e0f8767298a714c,Health.DiseaseOutbreak,come,221,225,0.9
evt_20eb4e5c3be216bef9a669a710fa7b4d,art_e4f0f7a4a408afa67e0f8767298a714c,Health.DiseaseOutbreak,leading,268,275,0.9
evt_b69c49ce4e0be278022ca0759c2cad4a,art_e4f0f7a4a408afa67e0f8767298a714c,Health.DiseaseOutbreak,confirmed,334,343,0.85
evt_1f0ece157ed846daded063f891ebd2a0,art_dc0a80eea7a3d6b6d60d93b76c4a2ae9,Health.DiseaseOutbreak,breaks,24,30,0.9
evt_c99717a21d4f4fef5dcaacd4ab1d73c7,art_dc0a80eea7a3d6b6d60d93b76c4a2ae9,Health.DiseaseOutbreak,hit,123,126,0.9
evt_b6179a96484e09c623bb8c055863ae47,art_db9d4c31e82365bcbc4b7042963f0a4b,Conflict.Demonstrate,disperse,20,28,0.9
evt_f6eebbf52f67f0fa118697cf8ebb026d,art_db9d4c31e82365bcbc4b7042963f0a4b,Conflict.Demonstrate,protesting,39,49,0.9
evt_116163172a2a869f7404b407d5c68a00,art_db9d4c31e82365bcbc4b7042963f0a4b,Conflict.Demonstrate,broke,131,136,0.9
evt_902f239450e0f1da684335ef757c19c1,art_db9d4c31e82365bcbc4b7042963f0a4b,Conflict.Demonstrate,gathered,176,184,0.9
evt_edf8331ec08d2fc5d40147fa4879a79d,art_db9d4c31e82365bcbc4b7042963f0a4b,Conflict.Demonstrate,protest,211,218,0.9
evt_ac8ca92af2795cfb4391af4a1069d494,art_cda000b526c9ca043fe1601fdd5ad485,Justice.Arrest,persecute,56,65,0.7
evt_ab7b1947a0210c30c88e9109ca372d69,art_71a594e6c8121d5910e69b83b4df3853,Government.Law,announced,90,99,0.9
evt_d914e6ad18946e0231d40dfab4bd26f2,art_3994640598a493d400b76abeca021d4c,Government.Law,pass,32,36,0.9
evt_8649c7e139d9c241514a4509be61fa17,art_3994640598a493d400b76abeca021d4c,Government.Law,require,150,157,0.9
evt_3363c7cfa8a6cd6048fa48d60c8ec912,art_3994640598a493d400b76abeca021d4c,Government.Law,vaccinated,176,186,0.9
evt_c9bb6a733e4f759ac2b3dcad23711dd8,art_15c5b2e5518b848d941fb50adf8d6d60,Health.DiseaseOutbreak,runs,62,66,0.9
evt_799e79bc8de4f3de5d5d44611b43397a,art_15c5b2e5518b848d941fb50adf8d6d60,Health.DiseaseOutbreak,headed,119,125,0.85
evt_f0e76115d45881e3c81e4a08bbf0f41b,art_15c5b2e5518b848d941fb50adf8d6d60,Health.DiseaseOutbreak,confirmed,363,372,0.9
evt_019f66124ec9a01ed3479af6b0dccdae,art_15c5b2e5518b848d941fb50adf8d6d60,Health.DiseaseOutbreak,stem,468,472,0.9
evt_1b460e315aa5ff4cd8b83dc309bfa279,art_49fe4e62dc9cdf807ac86b3d5a3e6642,Government.Law,ruling,125,131,0.9
evt_e8d6f6159f234f7d8807fa577fcaab3c,art_49fe4e62dc9cdf807ac86b3d5a3e6642,Government.Law,hold,219,223,0.9
evt_219a2ec83b6ce12387e09ca3389b2990,art_49fe4e62dc9cdf807ac86b3d5a3e6642,Government.Law,make,245,249,0.9
evt_753b2e75fa94de5b5ef4dbc3f7947b81,art_49fe4e62dc9cdf807ac86b3d5a3e6642,Government.Law,show,277,281,0.8
evt_3523378ccd84726c23866f829e57cf0b,art_49fe4e62dc9cdf807ac86b3d5a3e6642,Government.Law,vaccinated,297,307,0.9
evt_76b6c49fddaa55a19faed56f49480079,art_7346e7f65d0a3f106d53769ec9b7e06b,Movement.Transport,crossed,33,40,0.85
evt_aa6e12c2f2c94d295b83a6339dd1e55f,art_7346e7f65d0a3f106d53769ec9b7e06b,Movement.Transport,crossed,144,151,0.9
evt_8fc4360ceb7228c0f5d4dc9044a54bfb,art_e0de9218c5003b0e210048ffb1aaa158,Economy.Finance,surged,109,115,0.9
evt_7653a5f77e9901411318f2261be9f86c,art_e0de9218c5003b0e210048ffb1aaa158,Economy.Finance,propelled,178,187,0.8
evt_8728fbb2a32691284106dd9e8f5541c5,art_e0de9218c5003b0e210048ffb1aaa158,Economy.Finance,linked,209,215,0.8
evt_4fb61f98de843bb34c525fadf603467f,art_4adc7823daa0d31bbfdcd727265dfb23,Government.Law,approve,24,31,0.9
evt_2547611677257ef584f5f427c73e76da,art_4adc7823daa0d31bbfdcd727265dfb23,Government.Law,approved,212,220,0.9
evt_39105a71bbc2c28e141792ef4d2c1b9c,art_4adc7823daa0d31bbfdcd727265dfb23,Government.Law,transform,262,271,0.9
evt_e7e53e277c592dd594d68d585ae259ff,art_3fda035ae8758f74413e67337c6a1c3a,Health.DiseaseOutbreak,infected,24,32,0.9
evt_6fea9fa19432d80b8fcac2886ed1fba6,art_3fda035ae8758f74413e67337c6a1c3a,Health.DiseaseOutbreak,reported,88,96,0.9
evt_2711f2a25f19727724b30bf1922ee578,art_3fda035ae8758f74413e67337c6a1c3a,Health.DiseaseOutbreak,infected,184,192,0.9
evt_dc0a2faf1bf7ceadd0b29e6490404b24,art_8d344a9ae79466df4c874520d3117b7f,Health.DiseaseOutbreak,announced,131,140,0.9
evt_57d809a8ddb24929fbc0095271417d8a,art_8d344a9ae79466df4c874520d3117b7f,Health.DiseaseOutbreak,emerging,290,298,0.85
evt_f5aa303890ed98a6c7626e80e5d307d4,art_fbac5a2b23d58df51776990bf63f2573,Diplomacy.Meeting,warned,86,92,0.85
evt_1303f8566bb84ef921711f8f2b389b40,art_fbac5a2b23d58df51776990bf63f2573,Diplomacy.Meeting,could,210,215,0.85
evt_0b42765b525712336d7e299091a9255f,art_fbac5a2b23d58df51776990bf63f2573,Conflict.Demonstrate,force,216,221,0.8
evt_d2ca1778cf4168271aaf67b6132f93b3,art_fbac5a2b23d58df51776990bf63f2573,Conflict.MilitaryOperation,move,230,234,0.8
evt_ecb0b653c2b756354ddcd1c369a0c7c3,art_59c37e969b722756329358806a1f1e93,Health.DiseaseOutbreak,jabbed,79,85,0.8
evt_9000c1370c3afef3204e07413aec81f3,art_59c37e969b722756329358806a1f1e93,Health.DiseaseOutbreak,',164,165,0.9
evt_776f26e14dbbd0636acf909ea17d4872,art_826874d0644752d05eed4a60fc71f533,Health.DiseaseOutbreak,return,160,166,0.8
evt_dd0218cef4d84975d74681b4878727d3,art_aa04457b8f8c34f925cd67a254fdc47c,Health.DiseaseOutbreak,testing,115,122,0.85
evt_872db8deb3b770f5f4ad9c9bf614951b,art_74e64a904c8d1a76f473f9b4d0795069,Health.DiseaseOutbreak,COVID,19,24,0.9
evt_4ee7eb9e34212da99ae896965e81d009,art_74e64a904c8d1a76f473f9b4d0795069,Health.DiseaseOutbreak,Unvaccinated,76,88,0.8
evt_91e3f3a9947e3cb6c1fe72a12b6e7a41,art_74e64a904c8d1a76f473f9b4d0795069,Health.DiseaseOutbreak,infected,135,143,0.9
evt_9231eebac8daf4ab97a17ff2fce0e87e,art_ee713ecdaca1b8e9deaa2b3fe1fc5c0c,Diplomacy.Agreement,strike,61,67,0.7
evt_0ff0ae6a96684d9948dac2d77248c8d9,art_ecbb15fc768c54e7e6c2076fae853eca,Government.Election,endorses,13,21,0.9
evt_caf0338cd2910ae51a869b92851a9003,art_1e9374d2df0dc0b2f76426fe416a0529,Health.DiseaseOutbreak,fail,162,166,0.8
evt_54f9a58026847967851cf5887ca71178,art_06d821ece1e0b865c3426edc122bab39,Diplomacy.Meeting,reaffirms,13,22,0.8
evt_a2c955ebd964a713f2f41a31c1d9c935,art_06d821ece1e0b865c3426edc122bab39,Diplomacy.Meeting,will,160,164,0.8
evt_92f4545a76a381d55afaa60d0965703b,art_06d821ece1e0b865c3426edc122bab39,Conflict.Attack,respond,165,172,0.8
evt_6e6bdd6aaee2ecd80c4332cfb4a8402a,art_06d821ece1e0b865c3426edc122bab39,Conflict.Attack,invades,202,209,0.9
evt_a8f1b3dde3c15ea14f98d64ddddbb253,art_06d821ece1e0b865c3426edc122bab39,Diplomacy.Meeting,said,236,240,0.8
evt_c56627623987acfc3247c1a1deb66a29,art_8ff5d90344b21a49249a6792d8d4c030,Diplomacy.Meeting,calls,12,17,0.9
evt_da099ed72b70318c46ac09d0b91b08e9,art_8ff5d90344b21a49249a6792d8d4c030,Diplomacy.Meeting,discuss,43,50,0.9
evt_86cc5e7ee29991cfede38cebca4bda22,art_8ff5d90344b21a49249a6792d8d4c030,Diplomacy.Meeting,discuss,97,104,0.9
evt_f1debb0dc948ac64a173814a655a8af4,art_7d0db9f409c0e593006d8bb1959e43b6,Justice.Trial,faces,31,36,0.9
evt_8976e1df712bc3bd9c241a00ea5b6a51,art_7d0db9f409c0e593006d8bb1959e43b6,Justice.Arrest,laundering,60,70,0.8
evt_5251868f10a7c0e3a7cb216efe0d9ddc,art_7d0db9f409c0e593006d8bb1959e43b6,Justice.Arrest,accused,109,116,0.8
evt_f3edb0381141c6b9cff909130c2c02f2,art_7d0db9f409c0e593006d8bb1959e43b6,Justice.Arrest,breaking,120,128,0.7
evt_31c6f73d53c46d7b0afd602ee7ee314e,art_7d0db9f409c0e593006d8bb1959e43b6,Justice.Arrest,played,146,152,0.8
evt_bffb6092541ee3bc8498b3b1a44fafdd,art_c0cf3bb545e003281cd59e8e7ae294de,Economy.Trade,push,23,27,0.85
evt_6995cbfde03e2bececb3b2109b8a8be7,art_c0cf3bb545e003281cd59e8e7ae294de,Economy.Trade,get,151,154,0.8
evt_c078847f482613a955eb6362f4d5bfbb,art_472de152bb499ab2cce3bf8fa473f1e5,Government.Election,set,31,34,0.9
evt_6feda594873ecc527c2138aa3e58daae,art_aed2ae782388e8b771ffe073cbeed7d8,Government.Election,set,26,29,0.9
evt_8c5393e161959b4f35335de0f8e1aa47,art_aed2ae782388e8b771ffe073cbeed7d8,Government.Election,vote,33,37,0.9
evt_32e5f14ea105537e875043bcfe673b0a,art_aed2ae782388e8b771ffe073cbeed7d8,Government.Election,include,103,110,0.9
evt_40eaed95355517f79b54afe822e7296f,art_90db8a04542b529e9bf1120baa88eb56,Government.Election,bring,204,209,0.9
evt_4b4ba313524540be5f19175c4ee33714,art_fe11155cf5109b4a8e663d75503b7981,Diplomacy.Agreement,offers,57,63,0.7
evt_b9dd552f76643759fd8037dd374e0165,art_5a96b4ab22e8ce3138695814445a643e,Economy.Finance,rising,193,199,0.8
evt_6bcc635851279814810dd7edf0ebb936,art_5a96b4ab22e8ce3138695814445a643e,Economy.Finance,allowed,306,313,0.8
evt_2273ccc1ce0c6bb9b82fad302f201e3d,art_5a96b4ab22e8ce3138695814445a643e,Government.Law,take,317,321,0.7
evt_962e972105e5bb3f9ffefac09ec29b3a,art_5a96b4ab22e8ce3138695814445a643e,Economy.Finance,decouple,428,436,0.7
evt_5e25a82b738fefb2bb58a993d27d8a20,art_616dbaf57fc446fcdd33b1b3b6e7c6d9,Conflict.MilitaryOperation,support,137,144,0.8
evt_cf5a090d4ad7ab43ca01157ab84a6131,art_616dbaf57fc446fcdd33b1b3b6e7c6d9,Government.Election,joining,145,152,0.7
evt_8e17d09dbb43dd98ad1b644d098e54c1,art_616dbaf57fc446fcdd33b1b3b6e7c6d9,Conflict.MilitaryOperation,stop,418,422,0.7
evt_a1c38f19f505555aa9e1a71239468ae6,art_616dbaf57fc446fcdd33b1b3b6e7c6d9,Conflict.Attack,do,574,576,0.7
evt_fe521ec562fccad23750c9f37eb85cb3,art_5fee7fcd1830222a832125f5c5ae1603,Conflict.Attack,rages,37,42,0.8
evt_ef0b7f0b816a79861db68a634b98014a,art_5fee7fcd1830222a832125f5c5ae1603,Conflict.Attack,have,119,123,0.8
evt_b0c8d219b1f4222f58fda0796be1a6d3,art_5fee7fcd1830222a832125f5c5ae1603,Movement.Transport,fled,128,132,0.8
evt_deb79a40a654b3e677304a88406d8bd3,art_5fee7fcd1830222a832125f5c5ae1603,Conflict.Attack,fighting,191,199,0.8
evt_d4772081781d18f619b228af70d3880b,art_5fee7fcd1830222a832125f5c5ae1603,Conflict.Attack,rages,221,226,0.8
evt_cce05889b416a69f4d364c1c8fe07b25,art_5fee7fcd1830222a832125f5c5ae1603,Movement.Transport,return,258,264,0.85
evt_766f27ae322c93d13af85eb3d018b02d,art_e6543b7ac9c979364bbe4a3712139f6a,Conflict.Attack,caught,40,46,0.9
evt_00546fdbf41fb88427d32ed739bb2c10,art_e6543b7ac9c979364bbe4a3712139f6a,Conflict.Attack,continuing,95,105,0.9
evt_f93e9ac738a0ff7c93abbb20ef47fece,art_e6543b7ac9c979364bbe4a3712139f6a,Conflict.Attack,bomb,109,113,0.9
evt_a1d91033b83e7b8948a6162bf6c570a5,art_e6543b7ac9c979364bbe4a3712139f6a,Conflict.Attack,fled,284,288,0.9
evt_24a100e61b80bc28eb2257e3e90b9fcc,art_928799c9a7391408b9152f88433ed458,Government.Election,faces,26,31,0.9
evt_1fcba1a9838f1d1e80e3c2512cf24e7c,art_928799c9a7391408b9152f88433ed458,Government.Election,dominated,101,110,0.9
evt_b1bca6b408d6a61e5bab77ed80d8294e,art_928799c9a7391408b9152f88433ed458,Government.Election,will,168,172,0.9
evt_d442fbb84a86e75d8d81b21959095be8,art_928799c9a7391408b9152f88433ed458,Government.Election,vote,173,177,0.95
evt_09bda6788a422201c0a31abbd7898002,art_928799c9a7391408b9152f88433ed458,Government.Election,giving,221,227,0.9
evt_1511b6e121c624800a7649656ba4b0c2,art_1d38147e1ad75946be38041532ce587c,Conflict.MilitaryOperation,sent,107,111,0.8
evt_bb5efe5f99d563cbbf9828f89022486b,art_1d38147e1ad75946be38041532ce587c,Conflict.Attack,besieged,148,156,0.8
evt_d735461ee2fd1cd6da2632fac8ca871d,art_1d38147e1ad75946be38041532ce587c,Conflict.Attack,forced,193,199,0.8
evt_ae069b5c8959351ca092be8e69584a86,art_1d38147e1ad75946be38041532ce587c,Conflict.MilitaryOperation,turn,203,207,0.8
evt_eeacbb95fe5e17919955ef0ff3b65f28,art_1d38147e1ad75946be38041532ce587c,Conflict.MilitaryOperation,made,232,236,0.8
evt_c4ed400c59e113dee95e3a5215a76732,art_1d38147e1ad75946be38041532ce587c,Conflict.Attack,accused,284,291,0.8
evt_cbbbfec67690dfc5dc33e185e9640d05,art_e28f2f96965966a7dda97ce7998aa2e8,Diplomacy.Agreement,reject,23,29,0.8
evt_9a2439d16f5413c2989e3bf6c8664e42,art_e1039c9d1b6495e897e939a9077e13c5,Movement.Transport,get,60,63,0.9
evt_0698040ba91ae9add17e05107c8b382c,art_e1039c9d1b6495e897e939a9077e13c5,Movement.Transport,crossed,134,141,0.9
evt_345a0769fcec0e4cfd66eeb43fb53c51,art_e1039c9d1b6495e897e939a9077e13c5,Movement.Transport,returned,189,197,0.8
evt_5ab9e0cc62ae68bc89a50d3687734584,art_fc004227fc0618034f4187573fb7bfb2,Diplomacy.Agreement,pledges,30,37,0.8
evt_14fea1d7589feed94f9250bc121a344a,art_fc004227fc0618034f4187573fb7bfb2,Diplomacy.Agreement,allow,41,46,0.8
evt_812843c5c0da5c27877dafaa621126ab,art_fc004227fc0618034f4187573fb7bfb2,Diplomacy.Agreement,would,129,134,0.8
evt_d22fde25b0ce3bfc6f7cf5b9385946ff,art_fc004227fc0618034f4187573fb7bfb2,Diplomacy.Agreement,allow,135,140,0.85
evt_9a0819627d62c10955d07ffb1a386f6e,art_fc004227fc0618034f4187573fb7bfb2,Diplomacy.Meeting,be,168,170,0.8
evt_78d54ddf4197ef931c1916915fa5afdc,art_fc004227fc0618034f4187573fb7bfb2,Diplomacy.Agreement,established,171,182,0.85
evt_3f0797a71792ec11b22e253e1c8a1f2d,art_43493679f1ecd0fcf07af0eebaf9cd6d,Diplomacy.Meeting,said,208,212,0.8
evt_929314c33ad2b37e69232f6b9836d9ef,art_43493679f1ecd0fcf07af0eebaf9cd6d,Diplomacy.Meeting,made,336,340,0.7
evt_b32ed6cd84d7b36852a50c676a4e584e,art_43493679f1ecd0fcf07af0eebaf9cd6d,Diplomacy.Meeting,warned,381,387,0.7
evt_262c5073f0a9ef1ebefb0112d37b48cd,art_3f96bd6b59897d23c3a73eb8925df2d9,Government.Election,faces,45,50,0.8
evt_baff4dc28d4cf0da268e885cecee3a09,art_3f96bd6b59897d23c3a73eb8925df2d9,Government.Election,will,120,124,0.9
evt_659c9388194caf2eb26218c68e2bbc35,art_3f96bd6b59897d23c3a73eb8925df2d9,Government.Election,vote,125,129,0.9
evt_0562d688acba4b3f8e274ab5bc7e3e8e,art_3f96bd6b59897d23c3a73eb8925df2d9,Government.Election,giving,179,185,0.9
evt_e0371d6a9385e3056847f3d70d83822c,art_3f96bd6b59897d23c3a73eb8925df2d9,Government.Election,incumbent,198,207,0.9
evt_60e08641ea56d302469adbf7c078ef66,art_3f96bd6b59897d23c3a73eb8925df2d9,Government.Election,ruling,290,296,0.9
evt_f62c41ffdc751706ffc911891ab03d77,art_3f96bd6b59897d23c3a73eb8925df2d9,Government.Election,will,310,314,0.9
evt_0aa893ea32e7527b4a2279b0f5b74924,art_3f96bd6b59897d23c3a73eb8925df2d9,Government.Election,face,315,319,0.9
evt_28b4d871fd56eb16118b5822aae14703,art_3f96bd6b59897d23c3a73eb8925df2d9,Government.Election,led,350,353,0.9
evt_623ca9dbd211c3fc067d7d7353fe272b,art_f53896a550d181d8fc1a8bd8536fd80e,Conflict.MilitaryOperation,regained,21,29,0.9
evt_00b7d4266fc2298a3fb1068e58dcf30b,art_f53896a550d181d8fc1a8bd8536fd80e,Conflict.MilitaryOperation,regained,104,112,0.9
evt_a35e56b38e9fc4873ad151b38d1dacd0,art_f53896a550d181d8fc1a8bd8536fd80e,Conflict.Attack,invading,154,162,0.9
evt_a8fd9b63ab1c2806580ffd36dff108da,art_f53896a550d181d8fc1a8bd8536fd80e,Conflict.MilitaryOperation,retreated,178,187,0.9
evt_3c810114ecee2610ef4f5f2fb2bf2026,art_f53896a550d181d8fc1a8bd8536fd80e,Conflict.MilitaryOperation,retreated,314,323,0.9
evt_1d7ffbb63b2d0f84d3a7b4e10cc5e4a8,art_1d38147e1ad75946be38041532ce587c,Conflict.Attack,attacking,38,47,0.9
evt_4f1edcbfbdeedfdedacc1a4ce104dbca,art_1d38147e1ad75946be38041532ce587c,Conflict.Attack,accused,283,290,0.85
evt_b03ebab3de1f498fbca297acf2a7bc4a,art_645fb6714912a39732225faddaf7a072,Government.Election,declares,42,50,0.9
evt_0e71c311a9744576aa9e50338cf501ca,art_645fb6714912a39732225faddaf7a072,Government.Election,claimed,110,117,0.9
evt_c42a1c5d83317ae4f6ef951834b4315d,art_645fb6714912a39732225faddaf7a072,Government.Election,paving,166,172,0.9
evt_1947c96294ba6d0226a672249bcf02b3,art_645fb6714912a39732225faddaf7a072,Government.Election,extending,215,224,0.9
evt_17f7bb11fed6de8dfdb0ffdc687a08d1,art_64fc2a94b9315c405906c7820d5ebd23,Government.Election,wins,51,55,0.9
evt_09b2db7fe3200593b6ed5bc61b47cc00,art_64fc2a94b9315c405906c7820d5ebd23,Government.Election,claimed,147,154,0.9
evt_1b6a3ea401c8729dd1e649ca3df53c1f,art_64fc2a94b9315c405906c7820d5ebd23,Government.Election,gave,222,226,0.9
evt_d6683e93e4f0395797b7acf163d062f9,art_c204ceebcda5d43794baa88d29da0145,Government.Election,vote,16,20,0.9
evt_d4d87cc7aeaf17f2fa899f9a90536026,art_c204ceebcda5d43794baa88d29da0145,Government.Election,overshadowed,30,42,0.9
evt_58c60e63a17a9d1eb2884f6ac8886d81,art_c204ceebcda5d43794baa88d29da0145,Government.Election,flocked,79,86,0.9
evt_b3787cf77da8e4460a7040fb365a681a,art_c204ceebcda5d43794baa88d29da0145,Government.Election,will,128,132,0.9
evt_273c6eb18031cc4f8cc75c5acd6e5cc7,art_c204ceebcda5d43794baa88d29da0145,Government.Election,see,140,143,0.9
evt_55bdf39dad730da7b282652662a3c06f,art_c204ceebcda5d43794baa88d29da0145,Government.Election,extend,180,186,0.9
evt_6c8b8541eb0384d2ac7fc4092b259a7e,art_c204ceebcda5d43794baa88d29da0145,Government.Election,provide,233,240,0.9
evt_ec07eb84db8b65557aaded06aff93414,art_c204ceebcda5d43794baa88d29da0145,Conflict.Attack,raging,260,266,0.8
evt_b9f722621fcca92af4eb568120b129a8,art_b0e95a36d0faa57976392de30922c6b8,Conflict.Attack,killing,412,419,0.85
evt_cb199e4fbadbd62018f9bdbcfa337b8c,art_c92a4232e25fd9597a893911fffa3380,Government.Election,seeks,14,19,0.8
evt_bb04a6fd8d9be17806304d7dc0b4facf,art_c92a4232e25fd9597a893911fffa3380,Government.Election,running,143,150,0.9
evt_7688dac0e0a3446b399c214e46664779,art_c92a4232e25fd9597a893911fffa3380,Government.Election,hosted,302,308,0.9
evt_3f2d01e2a1078863410b18baa8764c05,art_c92a4232e25fd9597a893911fffa3380,Government.Election,go,379,381,0.9
evt_e49bb59285fecd5de9140550db5acb17,art_c92a4232e25fd9597a893911fffa3380,Government.Election,focusing,441,449,0.8
evt_213576ea80dddcc1ae13a79213397376,art_c92a4232e25fd9597a893911fffa3380,Government.Election,need,551,555,0.9
evt_84513de48b4023105252d94d87c2912a,art_c92a4232e25fd9597a893911fffa3380,Government.Election,beat,584,588,0.9
evt_a9fb942d3689a730b81fdcbf7e1e752f,art_da616edd59df7d7568e7f16be0170794,Government.Election,Hungarians,7,17,0.95
evt_24096ce553c3b6a54afeef0ea4a95e44,art_da616edd59df7d7568e7f16be0170794,Government.Election,flock,18,23,0.9
evt_d803e2e19284c160a8adcd83a98410c5,art_da616edd59df7d7568e7f16be0170794,Government.Election,seeks,78,83,0.95
evt_77ab44baca55ce501d37b7bea43b9a9e,art_da616edd59df7d7568e7f16be0170794,Government.Election,taken,169,174,0.9
evt_e9b70f8bf6cc5f3b6504e8f834ea5145,art_f2ebd9a77f056301fcf31d4b68b4b6d2,Government.Election,warns,14,19,0.85
evt_8e64a6936878cdb332615b9360619d5c,art_f2ebd9a77f056301fcf31d4b68b4b6d2,Government.Election,tighten,78,85,0.9
evt_94c09a68b5eca751a2064e010f560a33,art_f2ebd9a77f056301fcf31d4b68b4b6d2,Government.Election,called,128,134,0.9
evt_3da812a39b9212b31c04ae772054ec6c,art_f2ebd9a77f056301fcf31d4b68b4b6d2,Government.Election,help,207,211,0.9
evt_4df7f6ccfd5603ea9005cc3770c92a12,art_f2ebd9a77f056301fcf31d4b68b4b6d2,Government.Election,win,216,219,0.9
evt_fd53a09cf4606029d1ad4c5c90626080,art_3f96bd6b59897d23c3a73eb8925df2d9,Government.Election,vote,110,114,0.95
evt_f3e53ebc41719c8be78c64ad3cca57a9,art_3f96bd6b59897d23c3a73eb8925df2d9,Government.Election,giving,164,170,0.9
evt_e4e5ce49f3da6e13ccd23d39bb9be88e,art_3f96bd6b59897d23c3a73eb8925df2d9,Government.Election,incumbent,183,192,0.9
evt_43624f3905f5f4ff06000c61c0c37051,art_3f96bd6b59897d23c3a73eb8925df2d9,Government.Election,ruling,275,281,0.9
evt_8a8e4c9978588534a4a8cca6fe25e2e0,art_3f96bd6b59897d23c3a73eb8925df2d9,Government.Election,will,295,299,0.9
evt_9ad26f20b95346ad569308548c0602a6,art_3f96bd6b59897d23c3a73eb8925df2d9,Government.Election,face,300,304,0.9
evt_606e66bcbb4d69f671efa01bd5bb88a1,art_3f96bd6b59897d23c3a73eb8925df2d9,Government.Election,led,335,338,0.9
evt_a5daa991df1cc58984093ffcdac59aab,art_f53896a550d181d8fc1a8bd8536fd80e,Conflict.Attack,regained,15,23,0.9
evt_ba8579ed8677d5529c889206da17a59b,art_f53896a550d181d8fc1a8bd8536fd80e,Conflict.MilitaryOperation,regained,98,106,0.9
evt_688aff360d53636335eaec5988be7ff8,art_f53896a550d181d8fc1a8bd8536fd80e,Conflict.Attack,invading,148,156,0.85
evt_b6d1ef5c156160ccc0f7e985b266bd98,art_f53896a550d181d8fc1a8bd8536fd80e,Conflict.MilitaryOperation,retreated,172,181,0.9
evt_2279b1d6e56ea36a8c587451a5ae7b21,art_f53896a550d181d8fc1a8bd8536fd80e,Conflict.MilitaryOperation,retreated,308,317,0.9
evt_2d8565c80dc47e8c920768e34859a69e,art_9a9f27426bff628a9b59a46ffd2d6431,Conflict.Attack,killed,300,306,0.9
evt_82be293a71998874e59f246ec4f0e2ac,art_b5f7fac6f99f61cd7cc777fe2cdd3751,Conflict.MilitaryOperation,find,26,30,0.8
evt_7330ad9c7de20ecffd08f6c9ba8d8ba8,art_b5f7fac6f99f61cd7cc777fe2cdd3751,Conflict.MilitaryOperation,retaking,55,63,0.9
evt_dfb76cec9ca3cd64a2d595488049d7e5,art_b5f7fac6f99f61cd7cc777fe2cdd3751,Conflict.MilitaryOperation,left,125,129,0.9
evt_acf346d2aaa9cef2377b584130d293f9,art_b5f7fac6f99f61cd7cc777fe2cdd3751,Conflict.Attack,leaving,154,161,0.8
evt_c00011e86e51d42905dcb7d319ff858a,art_b5f7fac6f99f61cd7cc777fe2cdd3751,Conflict.MilitaryOperation,found,192,197,0.85
evt_bd20ce44f2b482890cee826c7ec58f72,art_57c76bd5ba3f212287a4883f7eafb26e,Conflict.Demonstrate,clash,59,64,0.9
evt_af02be8d370717328c26b185ede8286c,art_57c76bd5ba3f212287a4883f7eafb26e,Conflict.Demonstrate,turned,203,209,0.9
evt_75cf3770892ce68d5093dc346efa3453,art_71bc3b53afe81c583e84d7c1c4d33f1f,Diplomacy.Sanction,expel,23,28,0.9
evt_516ebe1a463dc19bbb1700a9228bc132,art_71bc3b53afe81c583e84d7c1c4d33f1f,Diplomacy.Sanction,expel,125,130,0.9
evt_24e4008d6a80c629ca63428aecefd503,art_71bc3b53afe81c583e84d7c1c4d33f1f,Diplomacy.Sanction,decided,231,238,0.9
evt_0c1946a633e4ccaf6b86bd22f0deb1ab,art_71bc3b53afe81c583e84d7c1c4d33f1f,Diplomacy.Sanction,expel,255,260,0.85
evt_81778cff64db7bbd6fd702ec94cf0d91,art_645fb6714912a39732225faddaf7a072,Government.Election,claimed,111,118,0.95
evt_d88bcfc48befb1cc302166191bc92fa2,art_645fb6714912a39732225faddaf7a072,Government.Election,paving,167,173,0.9
evt_12dc0c822e4f600b832d173f33985161,art_645fb6714912a39732225faddaf7a072,Government.Election,extending,216,225,0.9
evt_1e06fe16a788b787bea1f761d8627854,art_64fc2a94b9315c405906c7820d5ebd23,Government.Election,wins,49,53,0.9
evt_76fcacec88328aed8e837c388d2af919,art_64fc2a94b9315c405906c7820d5ebd23,Government.Election,claimed,136,143,0.9
evt_1db00f37171eeda8341f28cf51574f8f,art_64fc2a94b9315c405906c7820d5ebd23,Government.Election,gave,211,215,0.9
evt_16e591e206b0643b05853a05bce4c13d,art_8a57d2d8a554d7ba2bb0f6201ef1da62,Conflict.Attack,found,243,248,0.85
evt_fe2bf3e9ee95841021f706bb11640cc6,art_8a57d2d8a554d7ba2bb0f6201ef1da62,Conflict.Attack,following,267,276,0.9
evt_1b419c43d07c0ea1b8a05a13b95f3b42,art_2a6c7ee827cda2bffb35c4560ccc55b8,Conflict.MilitaryOperation,controls,11,19,0.9
evt_0efa60fdba7801640e12cbe2723c8a9e,art_2a6c7ee827cda2bffb35c4560ccc55b8,Conflict.MilitaryOperation,escalates,45,54,0.8
evt_548837f45a0e6bf57e628c405521dedd,art_2a6c7ee827cda2bffb35c4560ccc55b8,Conflict.MilitaryOperation,besieged,58,66,0.8
evt_4441ccff5ed44e326c79093b7fcd0680,art_29a002cb63adb0aca7001fa149b92123,Conflict.MilitaryOperation,began,138,143,0.9
evt_409a476f9f4f79a3b41924b9244372cb,art_29a002cb63adb0aca7001fa149b92123,Conflict.MilitaryOperation,liberated,479,488,0.9
evt_5300bccdde6cbb4e23fc7e9bb7146a74,art_574f7023a9a16afe75cd9859f2b7a045,Conflict.Attack,collecting,392,402,0.85
evt_6748df1f0ff084713a2c900238fed010,art_b5df4dfad236befb9c18c15e904412c2,Conflict.Attack,lost,457,461,0.7
evt_72517d177d40b055a3762a90bbad6fc4,art_b5df4dfad236befb9c18c15e904412c2,Conflict.MilitaryOperation,retreating,642,652,0.8
evt_4f42de39e4775bcb04b783012a74f9f0,art_c65586a70c93933af133868175967d68,Justice.Trial,committed,157,166,0.8
evt_cfcab0be37ed4228f921f16240aa3e75,art_c65586a70c93933af133868175967d68,Justice.Trial,urged,254,259,0.9
evt_c00af4dc19d81f88e603d44628aa8be7,art_c65586a70c93933af133868175967d68,Justice.Trial,hold,287,291,0.9
evt_2cf40490841e6a27c2f919e6301f3d0d,art_c65586a70c93933af133868175967d68,Justice.Trial,does,336,340,0.8
evt_ea2bb5c2491d597a92c786b5334906cc,art_c65586a70c93933af133868175967d68,Justice.Trial,put,480,483,0.9
evt_dfa0dfe6de0f9554a2648731dd652db6,art_c79ca9b68ed0c2e69efe614020e8c01b,Diplomacy.Sanction,announces,16,25,0.9
evt_848e9d8a5fe7964444b84d5005670227,art_c79ca9b68ed0c2e69efe614020e8c01b,Diplomacy.Sanction,targeting,49,58,0.9
evt_3980c61a630eea38ae7a4d2cdf503281,art_c79ca9b68ed0c2e69efe614020e8c01b,Diplomacy.Sanction,announced,113,122,0.9
evt_8347b8acc38f3412d1ab2f39e2a4b4fc,art_c79ca9b68ed0c2e69efe614020e8c01b,Diplomacy.Sanction,targeting,146,155,0.9
evt_b50c171c0db1c10a8a73936a450ab8f6,art_69551506f3717a4e95d7021283d61f96,Conflict.Attack,accused,292,299,0.8
evt_aaabc5dc460fd9deb81c9f7c67bd8394,art_69551506f3717a4e95d7021283d61f96,Conflict.Attack,committing,303,313,0.8
evt_0f8cabc9bf6af9c0285385a274bc5226,art_c58bbe6d04f6ebed20a6aab3f8012824,Government.Law,launched,119,127,0.85
evt_68c74674446048aedc01489c53b257e3,art_23e253556609d6710d632b0af718229f,Diplomacy.Sanction,rejects,45,52,0.8
evt_e9decda65fe44d71223899ea02740b2a,art_23e253556609d6710d632b0af718229f,Conflict.Attack,mount,236,241,0.8
evt_f09585c0102a6f99a4c0b93493aac2a2,art_9b18ea4783811b213c8aa3021e05a80e,Government.Election,rallies,86,93,0.9
evt_3fa74bc8c6d2da7e5f046f1a41399da5,art_9b18ea4783811b213c8aa3021e05a80e,Government.Election,left,172,176,0.9
evt_840b794f6164fd013ade00870b0cadb7,art_9b18ea4783811b213c8aa3021e05a80e,Government.Election,is,206,208,0.9
evt_0fdb293a51a5e36345be8db370850eac,art_9b18ea4783811b213c8aa3021e05a80e,Government.Election,rally,286,291,0.9
evt_9bbca46335694bc8ad7d7d4bcb3e695c,art_9b18ea4783811b213c8aa3021e05a80e,Government.Election,will,387,391,0.9
evt_3a2a6c52a6e01d3b1de8b0672d6a6b8d,art_a6e56f85a996f4bbfc70c9b3c7c8be3c,Conflict.Attack,defy,41,45,0.8
evt_7e545fa4355515d89061ebe9ddd8b4a4,art_a6e56f85a996f4bbfc70c9b3c7c8be3c,Conflict.Attack,fallen,153,159,0.9
evt_ffc94b4f370e30b35d3506be3161b4a0,art_a6e56f85a996f4bbfc70c9b3c7c8be3c,Conflict.Attack,continue,241,249,0.9
evt_988a3a7d01efe2b28e537193851e9833,art_a6e56f85a996f4bbfc70c9b3c7c8be3c,Conflict.Attack,looms,299,304,0.9
evt_35ea9298e02ad13984cbf163c2959124,art_16cf3ed82575b7d901b57067ac083412,Diplomacy.Sanction,expel,17,22,0.9
evt_83b39bda914383ad9841ee7e9708cc7b,art_16cf3ed82575b7d901b57067ac083412,Diplomacy.Sanction,expelled,118,126,0.9
evt_078c59e0c6fe6ca1cea0e95aa3764b08,art_1008e3f97b11ca2c3d53993e9ecd2018,Diplomacy.Sanction,plan,14,18,0.9
evt_1f1803604d40a6e3ffe27006355d98f8,art_1008e3f97b11ca2c3d53993e9ecd2018,Conflict.MilitaryOperation,planning,105,113,0.8
evt_a6778847447e51e172eb3371d163c3f6,art_1008e3f97b11ca2c3d53993e9ecd2018,Diplomacy.Sanction,punish,142,148,0.9
evt_7d60f2f78ca921ca39b9973630fbcbb5,art_1008e3f97b11ca2c3d53993e9ecd2018,Diplomacy.Sanction,seized,281,287,0.8
evt_d624b317d03ce45bc4afa89efa7c803d,art_d8df29050779d14f6297a4f4c76289c5,Government.Election,unseat,51,57,0.9
evt_a65bde8cf478d88839313a93851f426b,art_955eccb0873ecd621bf5f3599a81fd26,Diplomacy.Meeting,visit,56,61,0.9
evt_f1208d9521cc8ea2614ccca640ff2c42,art_955eccb0873ecd621bf5f3599a81fd26,Diplomacy.Meeting,will,84,88,0.8
evt_248f80fce1d5a6fc54f3ce702f6a31a8,art_955eccb0873ecd621bf5f3599a81fd26,Diplomacy.Meeting,',89,90,0.85
evt_b7b6a6618c9db6f77050b1cccc92b248,art_955eccb0873ecd621bf5f3599a81fd26,Diplomacy.Meeting,pass,90,94,0.8
evt_fa3e4d5ff8c47998d4948132cf0f7e4d,art_bf3dfd0c8a9ff1302270764ce90448da,Diplomacy.Meeting,discussed,124,133,0.8
evt_4872cd322778ace831d6606d029f24c3,art_e40879c12076bbd865753d0b36988a83,Government.Election,facing,124,130,0.9
evt_aaf0d7a0aa732118d64acff0f073614a,art_e40879c12076bbd865753d0b36988a83,Government.Election,is,156,158,0.9
evt_bcaf5a3faaae32cbc8a5b48a16157467,art_7b506dabf96b91d2c3bd0f5676781d58,Diplomacy.Sanction,warns,10,15,0.8
evt_6a72039904c522c8f41a585915c59ad2,art_7b506dabf96b91d2c3bd0f5676781d58,Diplomacy.Agreement,help,29,33,0.7
evt_56223f8900213c4ba38dc3dbd4b308b3,art_eca80a96425f142b9dc31bde10575aae,Diplomacy.Sanction,bans,38,42,0.8
evt_9ce39d292b82cc032180d7ee35514aeb,art_eca80a96425f142b9dc31bde10575aae,Diplomacy.Sanction,targets,88,95,0.8
evt_d00c31b925975083dcd2bc0165b2e422,art_f29337f8097c09a8c966681774c368fd,Diplomacy.Sanction,threatens,14,23,0.8
evt_83d9947d101ddc40300e2f14031d19d2,art_330380d2c734e071d821594567fd5550,Diplomacy.Meeting,will,161,165,0.85
evt_f5f052f3ac4a2c53827aa4addd7c7639,art_6cc8ef49482c15f0309b078690a3f98f,Personnel.Appoint,leave,53,58,0.8
evt_a1a71007e7ef2f39e6ddefe56cda5e23,art_6cc8ef49482c15f0309b078690a3f98f,Personnel.Appoint,announced,108,117,0.8
evt_06c82fc62f9fa08be7efdd74a10ff5a2,art_155ecca4c91ff6edb518d2c77431bc4c,Conflict.MilitaryOperation,sending,42,49,0.85
evt_d6198c5c0a3c6887f00e590a11e4281b,art_155ecca4c91ff6edb518d2c77431bc4c,Conflict.MilitaryOperation,conduct,115,122,0.8
evt_734e81097a1308250d59cb90f589a3d7,art_d0d9361961a50784e1cfdac3661ec4b1,Government.Election,set,26,29,0.9
evt_46df99b31d2d25f8614096fea3d5d180,art_8fde0183e9b55a027bbd7cd933750472,Conflict.Attack,continues,54,63,0.9
evt_19ef73182292628498a7dfbef8d47854,art_a59346e9a161abc5a5b69db7a0d29477,Conflict.MilitaryOperation,winning,15,22,0.9
evt_7f0432013df09b23f0b0e63921ce09d6,art_a59346e9a161abc5a5b69db7a0d29477,Conflict.Attack,won,50,53,0.8
evt_eb0154baf7fabce486707ecc461aa27e,art_2d81ba1e8d1220442dbc9fcb55465bf5,Diplomacy.Sanction,warns,10,15,0.8
evt_8e784ac8851e68cd8f3487031572db59,art_17de8906cec749da5838253d0711952b,Diplomacy.Sanction,expel,26,31,0.8
evt_a1852826612ba202ac40d4281558a03f,art_d5ee7eac5225f9641537e1286451bf89,Government.Law,puts,15,19,0.8
evt_ea85abc1c0612926db209e5f219adbe9,art_4e1451e945ea764c93c225c9ffea71b5,Conflict.MilitaryOperation,recaptured,149,159,0.9
evt_a8d64397e4d29e97ea75036e1f0f6636,art_229dafddc2e6e1e6eb266a30efb08b69,Justice.Trial,investigated,39,51,0.8
evt_023033fe2f7afe27fdb849882dbaed5a,art_67b2b8b84c9ac07ef7adb1ff8594bd62,Government.Law,approves,21,29,0.9
evt_f888a2af842411271ac0482fae9e6a51,art_67b2b8b84c9ac07ef7adb1ff8594bd62,Government.Law,make,88,92,0.8
evt_22d74ce9e05ef72c89129562abcdbb7a,art_67b2b8b84c9ac07ef7adb1ff8594bd62,Government.Law,use,112,115,0.9
evt_7d71ba3e74a6ae0415de171a4ed11881,art_f55bf14e55fff77a2b191180d63591b7,Conflict.Demonstrate,asked,87,92,0.7
evt_39b83658d67a185ed2e481e6c4ace5a6,art_c5188babe719817fff9cc401ef346a1f,Conflict.MilitaryOperation,vows,38,42,0.8
evt_f1caf8a93e42b8ab86fe0a8199cd46aa,art_c5188babe719817fff9cc401ef346a1f,Conflict.Attack,send,46,50,0.8
evt_c0bd0eee4c873db50c1a59ac34d77c81,art_c5188babe719817fff9cc401ef346a1f,Conflict.Attack,fight,169,174,0.8
evt_c09537c65fb1b6237ec20c3ef1bd2194,art_454176df182016f11c4320f244b95418,Conflict.MilitaryOperation,annex,84,89,0.8
evt_5284aa83bbe21413525563e522112a9f,art_454176df182016f11c4320f244b95418,Conflict.MilitaryOperation,occupied,95,103,0.85
evt_011958c998a4fa94c7c99fe028f5db68,art_454176df182016f11c4320f244b95418,Conflict.MilitaryOperation,control,130,137,0.85
evt_743a5c632e7d83c6c0e45b314286d5fd,art_dad973fb5e08434cc5eb9e9eb1d2e723,Conflict.MilitaryOperation,taken,84,89,0.85
evt_8914ead38dd7ed993c28dc467e7c3c57,art_a5e9d7b34410c4959b62e2f0623b326e,Conflict.Attack,use,33,36,0.85
evt_ef7a9bc9aaa9ffce7de14203ad500923,art_a5e9d7b34410c4959b62e2f0623b326e,Conflict.MilitaryOperation,use,124,127,0.8
evt_311153a95a95cb70e2145b4cfc9eb40c,art_8b950f3dfe42edcc3b6aff99892152bd,Government.Election,left,32,36,0.9
evt_c0b7f2d9ba2764715963f3e34903baaa,art_8b950f3dfe42edcc3b6aff99892152bd,Government.Election,get,126,129,0.9
evt_39f25e0e31af4a5666a18ffc90a902cc,art_2ce91b8bbb5a75b7ecfb1a4941966771,Government.Law,criminalise,40,51,0.9
evt_2198ef811b78a75742341f578eac043a,art_2ce91b8bbb5a75b7ecfb1a4941966771,Government.Law,is,86,88,0.9
evt_9314bdb43ae27a5bc2394006d01b58ba,art_2ce91b8bbb5a75b7ecfb1a4941966771,Government.Law,shut,89,93,0.9
evt_61ceb487dbbe498e28db1f9c0d3add8d,art_2ce91b8bbb5a75b7ecfb1a4941966771,Government.Law,proposes,135,143,0.9
evt_f57a12f8c183cb695b9e43b4ec5dac4b,art_8cede8f0c66942f4a94c202fcd45439a,Conflict.Demonstrate,strains,126,133,0.7
evt_232cc630a769c7b0423f1d4a1813ef66,art_9fa6a73749415e894dd934f7f03e184f,Government.Law,open,24,28,0.8
evt_f7fd125ba66b8cc96895e978ac4409d6,art_9fa6a73749415e894dd934f7f03e184f,Government.Law,curb,102,106,0.9
evt_6f0c2389d72161576753a3f9a336b3af,art_9393f3e731ba266746a185de7f1cb00a,Conflict.Attack,launched,76,84,0.9
evt_0c3a8a93a7f07a4613332addf8b3ec30,art_00c450040f726285b0e7d0137c72de4b,Technology.CyberAttack,defend,118,124,0.8
evt_280ae0d8113b7fd4b6979e377894964a,art_00c450040f726285b0e7d0137c72de4b,Technology.CyberAttack,revealed,149,157,0.8
evt_412a4f0fab8faf06e81154472bebcb20,art_9ddd4d2ea6056c074c23a92c1a64317d,Movement.Transport,leave,91,96,0.9
evt_f1d7218cd7a2ccb2389d412019ba0f5f,art_828a84eeb0961c383c613c3c9cd152e0,Conflict.Attack,condemns,111,119,0.8
evt_e4ae08edb7f1415c536672e2c37fd438,art_7e2a0315ef1f1802a3691af56088e53c,Conflict.Attack,leave,119,124,0.9
evt_fe91e3c760519079c328a1a01505b1d6,art_7e2a0315ef1f1802a3691af56088e53c,Conflict.Attack,facing,136,142,0.9
evt_17980844c84635e95e748300ec8f3bef,art_82d5b5eeaf5997300e4bba53a052646f,Government.Election,fighting,101,109,0.85
evt_a91565a6dddc1ad7b14b0cf3f509f70c,art_2f9217e5b440858a64f9daea35d2aa93,Technology.CyberAttack,hunts,97,102,0.85
evt_9b930e3b2072c9830754ef5f537ecec8,art_2f9217e5b440858a64f9daea35d2aa93,Technology.CyberAttack,protect,133,140,0.8
evt_421c660e7a9d762aaa7e9d1fc1e77853,art_ee0c85659e4153821a96664a86cb97fd,Conflict.Attack,sabotaging,25,35,0.9
evt_be10a80c6fb2e75e4fc4495bed8097fe,art_ee0c85659e4153821a96664a86cb97fd,Conflict.Attack,destroyed,144,153,0.9
evt_c245c3a086779529011e49eef381aa70,art_adea8068a85aa6cd57e2824acd2a03d9,Conflict.Attack,struck,81,87,0.9
evt_f69c73676ddc03b0aed13fb23ebce994,art_e20e55a9c35609a2bd66bb97e63c708d,Government.Law,demolishes,14,24,0.8
evt_9791591970fbf2c1b568f70f992901a6,art_e20e55a9c35609a2bd66bb97e63c708d,Government.Law,prohibits,108,117,0.9
evt_82a61c79dd7e6cb949f4d532a33048d2,art_724593b1e4a6294ce377b62926771c6b,Conflict.Attack,killed,169,175,0.9
evt_e9b5d00f3cf34c63a8646175c1af6726,art_1bb6f0847ea683502d3e521872348efd,Conflict.Attack,recapture,159,168,0.85
evt_057a2a8d930f91bca9c40d8df308ab74,art_51de2b6fdd11bf52f011d4d68d62efec,Justice.Arrest,suspended,38,47,0.7
evt_bbc8a95be87ded9c742b8d49e2752ecd,art_430bf5de84a334d739ec906bb19178de,Conflict.Demonstrate,sent,137,141,0.85
evt_249a38efbde3aad9966c126ed7319012,art_7261dd08dae8c267687dc49b746006cc,Justice.Arrest,banned,39,45,0.8
evt_ea6957b4b6a1b5629a17d86f4aa5f03e,art_3e46ec314fabf54e9f03cf555e1f0f43,Diplomacy.Meeting,asks,14,18,0.85
evt_be094fbbdc0c255493c23b4cc4c96b5f,art_3e46ec314fabf54e9f03cf555e1f0f43,Diplomacy.Meeting,press,28,33,0.8
evt_9d1379929eaff61e7a97e8ad0f8da8ee,art_3e46ec314fabf54e9f03cf555e1f0f43,Diplomacy.Meeting,end,44,47,0.9
evt_f19863943136c046ce27baf8454767de,art_3e46ec314fabf54e9f03cf555e1f0f43,Diplomacy.Meeting,urge,112,116,0.8
evt_9397a6fd18d303f660d25483e23bc3dd,art_3e46ec314fabf54e9f03cf555e1f0f43,Diplomacy.Meeting,persuade,128,136,0.9
evt_dbabf3ffeca76ac42c47b864022dcdec,art_3e46ec314fabf54e9f03cf555e1f0f43,Diplomacy.Meeting,halt,147,151,0.8
evt_d9e0ea0d87071c7e5dd1835d26ea375e,art_48da597dd0f49b8cffdd09b10b6b9151,Conflict.Attack,accusing,86,94,0.8
evt_8af61d6bf36daafa0c672d1f98b65ef5,art_48da597dd0f49b8cffdd09b10b6b9151,Conflict.Attack,attack,135,141,0.9
evt_e45a3a9e38b9acf7c9d1e8719c5ca997,art_26a11c948387fe32d8509f12b019bf4c,Conflict.MilitaryOperation,discussed,26,35,0.8
evt_790cf73ab039c18abb68eaedcdb702da,art_26a11c948387fe32d8509f12b019bf4c,Conflict.MilitaryOperation,using,36,41,0.9
evt_ee155054b96620a27494e5c4d7b3640b,art_26a11c948387fe32d8509f12b019bf4c,Conflict.MilitaryOperation,have,113,117,0.9
evt_83cfb29ce1b796dd33ba4c92d9f2e03f,art_26a11c948387fe32d8509f12b019bf4c,Conflict.MilitaryOperation,use,155,158,0.9
evt_a30d56c5652f49b82d979043c7d2f126,art_6b86d7834c690cae923dd7ad454b47a7,Economy.Trade,shipped,31,38,0.85
evt_4a028d2537465c8bb5028e2a1ddb5088,art_6b86d7834c690cae923dd7ad454b47a7,Diplomacy.Agreement,rejoining,72,81,0.85
evt_3f4df528f3b7c81bd0e5634af4188ec4,art_6b86d7834c690cae923dd7ad454b47a7,Diplomacy.Agreement,let,94,97,0.8
evt_a6c6c96879e3b298dc837cdc0e6cffc1,art_7b916d25528bf50cf4790c3184dfe2cc,Conflict.MilitaryOperation,enter,28,33,0.9
evt_f7dafcec25c1982dda630c6f8dfcf517,art_7b916d25528bf50cf4790c3184dfe2cc,Conflict.MilitaryOperation,vows,50,54,0.85
evt_7516f1eaece4398cb44e69468656d7af,art_7b916d25528bf50cf4790c3184dfe2cc,Conflict.MilitaryOperation,recapture,58,67,0.9
evt_5811ce5e94f1a2c6f1e960eabe575c78,art_7b916d25528bf50cf4790c3184dfe2cc,Conflict.MilitaryOperation,begun,126,131,0.9
evt_03ab35e0689b97d325fa20f939e11ea0,art_7b916d25528bf50cf4790c3184dfe2cc,Conflict.MilitaryOperation,moving,132,138,0.85
evt_d35395b17850149e1f0b8ce8ad83a276,art_7b916d25528bf50cf4790c3184dfe2cc,Conflict.Attack,annexed,232,239,0.8
evt_b72d8010edc08eee3ef07f4dc05c1a79,art_7b916d25528bf50cf4790c3184dfe2cc,Conflict.MilitaryOperation,pledging,275,283,0.9
evt_7a3d2682c2e38796829c9eaf24c9c9fc,art_6f873763f9d5147d41638e6664667830,Conflict.Attack,firing,23,29,0.9
evt_30625d503dd751bf8bee29ef98f0402e,art_6f873763f9d5147d41638e6664667830,Conflict.MilitaryOperation,defend,49,55,0.85
evt_6339200c4b7d02efd031269b6c5bccd4,art_6f873763f9d5147d41638e6664667830,Conflict.MilitaryOperation,defend,165,171,0.85
evt_76a9532373d72a609e51dc052d36c025,art_6f873763f9d5147d41638e6664667830,Conflict.MilitaryOperation,regained,301,309,0.9
evt_911882e5f51ab8c144d29ce0879963ab,art_6f873763f9d5147d41638e6664667830,Conflict.MilitaryOperation,moving,344,350,0.8
evt_28756d4e8b6e50cb77d33dbc89388b1a,art_6f873763f9d5147d41638e6664667830,Conflict.Attack,fire,419,423,0.8
evt_22f0ffa5e23890c37660527cd23707a1,art_105c3604821900766ae5ec7b34c2a198,Conflict.Demonstrate,resume,55,61,0.8
evt_96c7a90c30688f275bd3fe56ede3709c,art_105c3604821900766ae5ec7b34c2a198,Conflict.Demonstrate,ground,97,103,0.8
evt_7c514ddd58d84cc5bedae9490cc5d7c6,art_7cae571bac5af0d128a006f97dfc854a,Government.Law,take,95,99,0.8
evt_2ea477b06f2dd292788d5f15f6d833cd,art_7cae571bac5af0d128a006f97dfc854a,Justice.Trial,court,109,114,0.8
evt_fa6751d7d9b3277e3ba905c43385eb97,art_1d95c05575a930c4a5a1f71a0541ff0c,Conflict.MilitaryOperation,edging,33,39,0.9
evt_eb047815b6de2b3e1b788f337cac07de,art_1d95c05575a930c4a5a1f71a0541ff0c,Conflict.MilitaryOperation,retaking,50,58,0.9
evt_b244144bda54262cfb9712e957286103,art_1d95c05575a930c4a5a1f71a0541ff0c,Conflict.MilitaryOperation,held,67,71,0.9
evt_4c0a8c15c37b890065e4442140782496,art_1d95c05575a930c4a5a1f71a0541ff0c,Conflict.MilitaryOperation,captured,123,131,0.9
evt_71af4ba097dcbd47b115e9c418f33cd5,art_1d95c05575a930c4a5a1f71a0541ff0c,Conflict.MilitaryOperation,occupied,188,196,0.85
evt_312d74cc98b5cee8be769edbe12768be,art_1d95c05575a930c4a5a1f71a0541ff0c,Conflict.MilitaryOperation,fall,289,293,0.8
evt_22f0636fcaac13c3852bebb3d3ed2c62,art_fa6e87761ef360647b1bf72207e3f26f,Conflict.MilitaryOperation,enter,24,29,0.9
evt_0230ebaef43aadef95bb4f87675a30d8,art_fa6e87761ef360647b1bf72207e3f26f,Conflict.MilitaryOperation,entered,121,128,0.9
evt_9487612b8fd8c8ac95532f4d9c5a2899,art_fa6e87761ef360647b1bf72207e3f26f,Conflict.MilitaryOperation,withdrawn,354,363,0.9
evt_87ff1b50e70f6d37118fb4a9e0cf5325,art_fa6e87761ef360647b1bf72207e3f26f,Conflict.MilitaryOperation,encircled,418,427,0.8
evt_b526bb30d64d5bad4d315c110b6e922a,art_7b2ffa7c6297f822bc6eb8f3082137a0,Government.Law,agrees,10,16,0.9
evt_471b456fe7b38e1cd063d2f4fd671ced,art_7b2ffa7c6297f822bc6eb8f3082137a0,Government.Law,agreed,103,109,0.9
evt_f2f3dbe01158bbadb28d0418c90db6e0,art_3cf8a71ead191c8e5a613ef93afd769b,Conflict.Demonstrate,urged,207,212,0.7
evt_1f9606651086f7020f7c018f3acb1c99,art_3cf8a71ead191c8e5a613ef93afd769b,Conflict.Attack,said,250,254,0.7
evt_1359743b3c3c0956124c64c58e72a49c,art_e59a0baf2d5ca0cca6ada1f50df263c1,Conflict.Attack,annexes,120,127,0.9
evt_6d82e1fa3f44a503daacc5bf65e998ca,art_e545629c1265ea58d0a6e1359a62a011,Diplomacy.Agreement,signs,13,18,0.9
evt_f30924ed7746a855ef0f930b1558e7be,art_e545629c1265ea58d0a6e1359a62a011,Government.Law,annexing,26,34,0.9
evt_b5409c8f196c200a78b8884915776878,art_e545629c1265ea58d0a6e1359a62a011,Diplomacy.Agreement,signed,138,144,0.9
evt_d950d01d0411cb1795e7767ebafda48c,art_e545629c1265ea58d0a6e1359a62a011,Government.Election,incorporate,166,177,0.8
evt_8e23c34e374c2851277a3c1f84dfe3ad,art_e545629c1265ea58d0a6e1359a62a011,Conflict.Demonstrate,occupied,191,199,0.9
evt_796326f9fc12c50fa083043c3ccd69b1,art_f94f7493b292c30c9ef7323338c079e3,Conflict.Attack,die,556,559,0.7
evt_f45984925a22441bd057a934eb868a43,art_f94f7493b292c30c9ef7323338c079e3,Conflict.Attack,ca,581,583,0.8
evt_f0463b5837a95b5132df53d41c811e37,art_5775e8d1edbe2b87fca00a2915445d1f,Government.Law,scrapped,109,117,0.9
evt_e1f474936d74d98c271b5b62d2faf676,art_5775e8d1edbe2b87fca00a2915445d1f,Government.Law,axe,127,130,0.8
evt_5c86b2f61c4c004b7c7cdb5830e69d0d,art_2d7e0bc46e522ef8618aca625baa415f,Diplomacy.Meeting,join,140,144,0.85
evt_09e040bebf33e33f7b7ec640d7cb4af8,art_2d7e0bc46e522ef8618aca625baa415f,Diplomacy.Meeting,given,207,212,0.8
evt_f5bae8d4a46cda2c47c40a3410463b2f,art_02046fee5e72c9f9aebd253d9aa5b837,Government.Election,looked,160,166,0.9
evt_cdb36507fcd78b788025b448e2870454,art_02046fee5e72c9f9aebd253d9aa5b837,Government.Election,set,167,170,0.9
evt_90243cf4152bdc432b062579f11851c1,art_02046fee5e72c9f9aebd253d9aa5b837,Government.Election,sought,250,256,0.9
evt_f833317c6f5d292d1e188460ce5359be,art_1ab51287b7fc39803938309ef64ffb75,Conflict.Demonstrate,following,60,69,0.9
evt_21377aebd6554a677ba6cff76be992ef,art_1ab51287b7fc39803938309ef64ffb75,Conflict.Demonstrate,marched,120,127,0.85
evt_692700f586cc60542a34022fbf03dfaf,art_1ab51287b7fc39803938309ef64ffb75,Conflict.Demonstrate,condemn,150,157,0.9
evt_b950e43a1b323199bd190e1381377e8a,art_1ab51287b7fc39803938309ef64ffb75,Conflict.Demonstrate,erupted,237,244,0.9
evt_d475fb18a304ed71814e2a37e0d3605f,art_5d9cc49a7b599d18d780557039fcb600,Conflict.Attack,put,471,474,0.6
evt_728b86dfec84b90dc9747e1307a5a238,art_d608094efdaef39ac971531ad829295a,Government.Election,win,17,20,0.9
evt_9bd609c3ba0f328e6ac4d38d20f02760,art_d608094efdaef39ac971531ad829295a,Government.Election,suffer,71,77,0.9
evt_e0966369770e924f1c0f62fc6245d399,art_d608094efdaef39ac971531ad829295a,Government.Election,won,161,164,0.9
evt_d14f6ba45f314f511f640c0ff46ff2da,art_d608094efdaef39ac971531ad829295a,Government.Election,supported,199,208,0.9
evt_8b4dd9ff30d08560d5094c648d5ed93d,art_d608094efdaef39ac971531ad829295a,Government.Election,have,263,267,0.9
evt_c8515bf4494ee42a73de102f6f71dfc3,art_d608094efdaef39ac971531ad829295a,Government.Election,suffered,268,276,0.9
evt_355e65028b166af9f3a0b668ff48f95c,art_db7fdb3819b89d2c39108a24d253ce1f,Conflict.MilitaryOperation,defend,24,30,0.9
evt_c1aed3bbb071199037635bc4e89b4d22,art_db7fdb3819b89d2c39108a24d253ce1f,Conflict.MilitaryOperation,defend,148,154,0.85
evt_9f7a622ea6284a8ddab58898fd4e8806,art_db7fdb3819b89d2c39108a24d253ce1f,Conflict.MilitaryOperation,moving,327,333,0.85
evt_3bcfded200cd4a8d6f8f4b9dfcd0b718,art_db7fdb3819b89d2c39108a24d253ce1f,Conflict.MilitaryOperation,leaving,421,428,0.8
evt_6207ebfa7a1149ff708867af2e3abfce,art_7b916d25528bf50cf4790c3184dfe2cc,Conflict.Attack,can,45,48,0.8
evt_9dcb585167027961425f93347e16b5b5,art_7b916d25528bf50cf4790c3184dfe2cc,Conflict.Attack,push,50,54,0.9
evt_a6072f5106cd844f4f0df653e9f5c946,art_7b916d25528bf50cf4790c3184dfe2cc,Conflict.MilitaryOperation,says,88,92,0.9
evt_6cbc710291e804786a1a57575d2716ef,art_7b916d25528bf50cf4790c3184dfe2cc,Conflict.MilitaryOperation,cleared,212,219,0.85
evt_03864db75e445f1459552e33844f7004,art_7b916d25528bf50cf4790c3184dfe2cc,Conflict.MilitaryOperation,push,271,275,0.8
evt_204d4af48e4031605f15b2891cf302c3,art_7b916d25528bf50cf4790c3184dfe2cc,Conflict.MilitaryOperation,announced,394,403,0.8
evt_99265622a3d64791f36a483464ac5516,art_7b916d25528bf50cf4790c3184dfe2cc,Conflict.MilitaryOperation,delivered,479,488,0.8
evt_d5f18245d51e5940060a53a5811eab3a,art_104db1e09d010ed2275ebe70236c8f46,Conflict.Attack,announced,115,124,0.7
evt_e8d672dad3a88a735b20823a43dac169,art_104db1e09d010ed2275ebe70236c8f46,Conflict.Attack,fled,179,183,0.8
evt_55fd07c8386f09e98dc101362395c030,art_104db1e09d010ed2275ebe70236c8f46,Conflict.Attack,avoid,201,206,0.7
evt_5edf5ab9eb3b10de6f3e339bc771dc23,art_104db1e09d010ed2275ebe70236c8f46,Conflict.Attack,called,213,219,0.8
evt_326392b9c8c0a74671a1cb76915349b9,art_104db1e09d010ed2275ebe70236c8f46,Conflict.Attack,fight,226,231,0.8
evt_39a6fd46347c36fc76785ddd52198866,art_104db1e09d010ed2275ebe70236c8f46,Movement.Transport,departed,446,454,0.85
evt_d10eafc927d195764f25ce69b08fb082,art_288bb74c1e1bc3e29c3f274c485d18cd,Conflict.MilitaryOperation,break,24,29,0.9
evt_c24d87619cd73096bc498416229823d7,art_288bb74c1e1bc3e29c3f274c485d18cd,Conflict.MilitaryOperation,achieved,111,119,0.9
evt_a4d51f1f7f1ff93f92cac90a40c641c1,art_288bb74c1e1bc3e29c3f274c485d18cd,Conflict.Attack,bursting,190,198,0.9
evt_6578869d78b1b8f842484b23b4d78592,art_288bb74c1e1bc3e29c3f274c485d18cd,Conflict.MilitaryOperation,advancing,229,238,0.9
evt_bf37faba0f10a66ce2b1cb722a9d602c,art_288bb74c1e1bc3e29c3f274c485d18cd,Conflict.MilitaryOperation,threaten,265,273,0.85
evt_f22a698942bc2bdfde88db24f83948be,art_288bb74c1e1bc3e29c3f274c485d18cd,Conflict.MilitaryOperation,occupied,366,374,0.9
evt_6d739e2db6335d4454d547c780c96411,art_288bb74c1e1bc3e29c3f274c485d18cd,Justice.Arrest,released,404,412,0.8
evt_5026c26e64bb45c2536367f7795ad1a3,art_5025eee583832a6908b4f09fc84c1dcf,Conflict.Attack,stepped,103,110,0.9
evt_e489e23c9a2907d170ca3fd3192f9dc5,art_5025eee583832a6908b4f09fc84c1dcf,Conflict.Attack,aiming,171,177,0.85
evt_1139a0da6ab42d34608aa2f3b4627bbf,art_5025eee583832a6908b4f09fc84c1dcf,Conflict.Attack,to,314,316,0.95
evt_c02ebaf4c2ed2005d2d7c7c6475ce853,art_fae14570046c02bcced073dde97626c3,Conflict.Attack,announces,14,23,0.9
evt_008028fcacea9b7219bfa12a7a3e5f0d,art_fae14570046c02bcced073dde97626c3,Conflict.MilitaryOperation,buy,57,60,0.9
evt_1dd19cd99126892e3c536b507cfa9d67,art_fae14570046c02bcced073dde97626c3,Conflict.MilitaryOperation,created,86,93,0.9
evt_94024f85a7f2c6b234a1eb76d624c55d,art_fae14570046c02bcced073dde97626c3,Conflict.Attack,buy,170,173,0.8
evt_ca9724a77ca66ffe555b1ba86d81bba4,art_fae14570046c02bcced073dde97626c3,Conflict.MilitaryOperation,needs,204,209,0.9
evt_c3f6fd4c7f974071491b9e217c9dbd8b,art_fae14570046c02bcced073dde97626c3,Conflict.Attack,invading,229,237,0.9
evt_c1852b6824f41104e176f38a34733b5e,art_7a54f8502ae2e43ff62dcca2a15b5678,Government.Election,hold,144,148,0.8
evt_6866453901c830b371310da1201089fc,art_7a54f8502ae2e43ff62dcca2a15b5678,Government.Election,leaving,165,172,0.8
evt_d91a994a335f56271bc63d9394d0757c,art_02b767848565984ba22cc68bf750dc01,Justice.Arrest,jailed,156,162,0.9
evt_3339e64983b63134bae13c01121915b3,art_ddd767f5bb2383780bf411228833ac0a,Conflict.MilitaryOperation,recaptured,122,132,0.9
evt_1ce888b61a4e8fe8c48c826cf598dc14,art_ddd767f5bb2383780bf411228833ac0a,Conflict.MilitaryOperation,annexed,221,228,0.8
evt_37b7bcb539268bb4a54f68b34f11f564,art_ddd767f5bb2383780bf411228833ac0a,Conflict.MilitaryOperation,fighting,311,319,0.85
evt_4b985d75b48001b977c100c0ba632c5e,art_5933664c3dfa348f1007ae46242d46cf,Conflict.MilitaryOperation,spoken,340,346,0.8
evt_f3386305b4972c910575f51f4e3bb8c0,art_2d4e1ae228460ae1a9c888cd3fa2d2c0,Diplomacy.Meeting,send,13,17,0.8
evt_742fd4e9dcea9f02e1bd9c91e8b19f65,art_2d4e1ae228460ae1a9c888cd3fa2d2c0,Diplomacy.Meeting,help,51,55,0.85
evt_535c144936383da02e0d60d6fed2b778,art_2d4e1ae228460ae1a9c888cd3fa2d2c0,Diplomacy.Meeting,mark,56,60,0.8
evt_2e79ffc598271e3b913cc7465277199c,art_2d4e1ae228460ae1a9c888cd3fa2d2c0,Diplomacy.Meeting,will,113,117,0.7
evt_3fcb7f44ea3f6881824ce96cfa6d9c0a,art_2d4e1ae228460ae1a9c888cd3fa2d2c0,Diplomacy.Meeting,send,118,122,0.8
evt_73c8ee4633fbd446a58829d859e2114b,art_2d4e1ae228460ae1a9c888cd3fa2d2c0,Diplomacy.Meeting,help,161,165,0.8
evt_d41a7d4f0787bea7d8c3eafd404934a6,art_2d4e1ae228460ae1a9c888cd3fa2d2c0,Diplomacy.Meeting,delineate,166,175,0.8
evt_3d6bf096886487122582307c6da107fb,art_2d4e1ae228460ae1a9c888cd3fa2d2c0,Diplomacy.Meeting,announced,218,227,0.9
evt_b0e167f61e3b924c7dba9ee71bbb5646,art_e7be2bbd05d1cb735e65348b6406f5f7,Diplomacy.Agreement,turn,55,59,0.7
evt_458881b25e3de24a636a1f137d476212,art_e7be2bbd05d1cb735e65348b6406f5f7,Diplomacy.Meeting,declared,202,210,0.7
evt_16156b0890a130efd80653d76a56d934,art_9e937e882e76b6cfd01bcd21fb18f42f,Conflict.Attack,losing,372,378,0.7
evt_ace0c436f05ca5f7a5bda8f179af90a0,art_9e937e882e76b6cfd01bcd21fb18f42f,Diplomacy.Meeting,met,541,544,0.9
evt_7f08185b5d36a588c65fe6e78877e752,art_279f5ccca698e36c21d40bc4ccc21b5c,Government.Law,unveils,14,21,0.8
evt_8e73ecbbbb9ef3a5f9809db08b9b019e,art_b15db564c1d72311c2a856b71ac0f3eb,Conflict.Demonstrate,called,280,286,0.8
evt_aab2f36226258ba53b24536ccf7b5877,art_9c94cf641b41c952633c78b9b1430c70,Disaster.Accident,kills,28,33,0.9
evt_add59d2f7cea228df2ec72f9a67f49da,art_9c94cf641b41c952633c78b9b1430c70,Disaster.Accident,killed,108,114,0.9
evt_84f7125edba3f04a8f75dcae4518f1e3,art_4f9c3664d6f0f643244286324d962f56,Technology.CyberAttack,targeting,84,93,0.8
evt_327fa622d14b207a1624acef004f4467,art_935decd5fee5645d03658a02911d53c6,Justice.Trial,faces,72,77,0.9
evt_29e50210c30fd4e6e4d410506263e062,art_935decd5fee5645d03658a02911d53c6,Justice.Trial,opens,157,162,0.9
evt_97cc4f96d0ece3d70d0e6c83a8dc6671,art_935decd5fee5645d03658a02911d53c6,Justice.Trial,prosecuting,206,217,0.95
evt_2248cf9a5d3d436daf0e54ca016bfb75,art_935decd5fee5645d03658a02911d53c6,Justice.Trial,stands,230,236,0.9
evt_3f07575d15d13cd6a15ea238983fc69e,art_935decd5fee5645d03658a02911d53c6,Justice.Trial,accused,237,244,0.9
evt_d98e657a3f548e5e1c9f781ffe546cab,art_f2892cd9ea935fdf17ee4deba7eb6570,Disaster.Accident,damages,17,24,0.9
evt_671309d5367ad27fa4718f21d5e7dd50,art_f2892cd9ea935fdf17ee4deba7eb6570,Conflict.MilitaryOperation,set,166,169,0.85
evt_ccd4628e4808057950e2f108096a7e33,art_f2892cd9ea935fdf17ee4deba7eb6570,Conflict.MilitaryOperation,caused,193,199,0.85
evt_e2385f4f14fdf55afa43623e430a88a8,art_f2892cd9ea935fdf17ee4deba7eb6570,Conflict.Attack,occupied,278,286,0.85
evt_e77e0151d3fb31869de6f6bb16682f05,art_f2892cd9ea935fdf17ee4deba7eb6570,Conflict.MilitaryOperation,lost,318,322,0.8
evt_c65477f5e84bac2a82dcd524dcf4702c,art_f2892cd9ea935fdf17ee4deba7eb6570,Conflict.Attack,shelling,376,384,0.9
evt_d912777c35d3b6231595d1505047f07e,art_fb0700878ef76550e49dd7304096d872,Diplomacy.Agreement,seize,17,22,0.7
evt_051af1bbbaacb05191b312c6d0b84698,art_fb0700878ef76550e49dd7304096d872,Diplomacy.Meeting,sided,96,101,0.7
evt_b87f199ddddfc06f1fed0b90f2e7e4e4,art_fb0700878ef76550e49dd7304096d872,Diplomacy.Meeting,exploit,182,189,0.7
evt_d7ceb3949122cc7933630fd427ee1ed5,art_a91c8e9c2aff20562257595b343f09a0,Government.Election,break,112,117,0.9
evt_dbd599019bf8d400b196340992c7dcf8,art_44d2bfb2d4fb4862598e9e1ad386bcc4,Disaster.Natural,poisoned,28,36,0.8
evt_d9e3cc22345ad542dc9daa4de8b1a89a,art_44d2bfb2d4fb4862598e9e1ad386bcc4,Disaster.Natural,die,68,71,0.85
evt_f73078988a85ca2d1fd897dcdc0e3d13,art_4e08f5a75bf14d608b4f337e5bead48e,Diplomacy.Sanction,launches,10,18,0.9
evt_eb722fc871feb46cf0dffdbd14a23170,art_4e08f5a75bf14d608b4f337e5bead48e,Diplomacy.Sanction,sanctioned,89,99,0.9
evt_193d9f30f6f3018f02654257be70f91e,art_f79e449823b0b3ebe541e11d143e71f0,Diplomacy.Agreement,denounces,13,22,0.7
evt_e405bd5dd53e853bfed03165860b95ab,art_f79e449823b0b3ebe541e11d143e71f0,Government.Law,annex,49,54,0.8
evt_e5360996a585918d82ae8fe0898ea4bc,art_99bd7b3ac3fdf076cf5e125239f40309,Health.DiseaseOutbreak,COVID,46,51,0.9
evt_4f0c099273b666aa2db7ae6ac1c0376e,art_99bd7b3ac3fdf076cf5e125239f40309,Health.DiseaseOutbreak,vaccinate,139,148,0.8
evt_20d6dc73db1333a31d10e1965cc760a1,art_99578a5e1d211fc074cabcc1d55e9264,Government.Election,poised,33,39,0.9
evt_53bbb58824563749c02efc4742872349,art_99578a5e1d211fc074cabcc1d55e9264,Government.Election,win,43,46,0.9
evt_fcbcade28fbb8d4a02d52cd8861ba7bf,art_99578a5e1d211fc074cabcc1d55e9264,Government.Election,shows,67,72,0.9
evt_fabe0778f3b002d3a89d98dbe85eee66,art_99578a5e1d211fc074cabcc1d55e9264,Government.Election,projected,111,120,0.9
evt_0d0c9334f9574b9cb8e065bba60876f1,art_99578a5e1d211fc074cabcc1d55e9264,Government.Election,get,124,127,0.9
evt_c4fccd999442583345387e1aef714edc,art_5aba8ce9d4314e268fb2b5ebea095804,Government.Election,vows,60,64,0.8
evt_226aee70e983ce4beef05d67f008500e,art_5aba8ce9d4314e268fb2b5ebea095804,Government.Election,lead,133,137,0.8
evt_f0ec9c078e7ecf94cd6965d97b376efd,art_3e9f60258e7979e8e67b8a0846c69415,Conflict.MilitaryOperation,retreats,14,22,0.9
evt_ecb22c2324d6d02bb7c0c1bb10c8dc53,art_3e9f60258e7979e8e67b8a0846c69415,Conflict.Attack,reclaim,128,135,0.8
evt_4c332e74fc2cdde69ff322e6c3c9bc7f,art_3e9f60258e7979e8e67b8a0846c69415,Conflict.Attack,occupied,160,168,0.8
evt_07eb7bbf084f383edf091a0f34d684ea,art_b22cc7d52fe94c5694ebf45bfe0012a4,Justice.Arrest,abducts,14,21,0.9
evt_6d23680b0abb890bd17640fc0439c514,art_b22cc7d52fe94c5694ebf45bfe0012a4,Justice.Arrest,arrested,134,142,0.9
evt_c088069539f125bbe42cd660b00a335f,art_49456a0eeb2b37e2f32ad313c29c6872,Conflict.MilitaryOperation,ousted,42,48,0.9
evt_ceeada03704f95b7b047eb5f1342f671,art_a11d9a0db08ac7ffcc6f5913fe22c8a0,Government.Election,wins,33,37,0.9
evt_c470162fe8fb23f77eeb185b1fefd0f4,art_a11d9a0db08ac7ffcc6f5913fe22c8a0,Government.Election,show,68,72,0.9
evt_dc6646ebf0547a5b46db7a7b3a8ede31,art_a11d9a0db08ac7ffcc6f5913fe22c8a0,Government.Election,got,115,118,0.9
evt_a131d3df1580ae8a90d3d449acd61ec7,art_a11d9a0db08ac7ffcc6f5913fe22c8a0,Government.Election,poised,149,155,0.9
evt_4c1ef793f9c1e1dd34a5697df8cbe503,art_a11d9a0db08ac7ffcc6f5913fe22c8a0,Government.Election,have,159,163,0.95
evt_388626e661fc9df589f479bf4649a39d,art_ac0d086a93b4845ed4021b49419096a0,Government.Election,leads,16,21,0.9
evt_4ad5897f50d06b4ab23101abae92d934,art_ac0d086a93b4845ed4021b49419096a0,Government.Election,faces,49,54,0.9
evt_4fe3becb372519a5d66d88c9d78e7e25,art_ac0d086a93b4845ed4021b49419096a0,Government.Election,form,65,69,0.9
evt_761601b4aa7c5d11277dceb6ee0de76a,art_67f2e09c9caba65dbe30839362058d97,Conflict.Demonstrate,defend,148,154,0.75
evt_5f000bf31bc4fb969f480d073a38ea7f,art_54ed0690e8c15990a2bd6deaf957689f,Diplomacy.Agreement,backed,100,106,0.8
evt_2cee569df9f5196a45101bfb12894bb1,art_b91c0391ef98057f7066db724d494e86,Conflict.Demonstrate,targeted,22,30,0.8
evt_f9535b6e404ef77b9a40441d1e51a275,art_b91c0391ef98057f7066db724d494e86,Conflict.Demonstrate,ousted,172,178,0.8
evt_3b679c9927ead85a84195875fa99f594,art_fc5276f2a9a208409da90138daebae53,Conflict.MilitaryOperation,retake,25,31,0.9
evt_1d6b288b5c5412fdf2b81495082dfa70,art_fc5276f2a9a208409da90138daebae53,Conflict.MilitaryOperation,pushing,49,56,0.9
evt_a432174f7c5ad889cfc004602e9fa539,art_210bf4f9553354d9f18d3079630394f6,Conflict.Attack,killed,165,171,0.8
evt_6506b655a93ab356cbc15411f0667779,art_62f1cd1b9f39bcb4c1a03618a39b4023,Conflict.Attack,retreating,29,39,0.9
evt_77d03430401a674423692753a02aa507,art_cea2de2bad119052539ba20e4355c37c,Justice.Arrest,charged,31,38,0.9
evt_9627a534d8f86e8109cf1eb861693698,art_cea2de2bad119052539ba20e4355c37c,Justice.Arrest,accused,96,103,0.8
evt_a5103fd6b85b475dc3638816d00bd59b,art_5541eca2f4267f7451a19f3e15ab3324,Justice.Arrest,released,42,50,0.9
evt_0dea0fdec04f0c02c2d347fcec0aa033,art_5541eca2f4267f7451a19f3e15ab3324,Justice.Arrest,detained,103,111,0.9
evt_e1a1ea03401fb771153b082a001fdf13,art_8a7f9d69022119a5ada7ff6a68eb61c8,Diplomacy.Meeting,apologizes,48,58,0.8
evt_63125c24d5a985b96d65c40300fde599,art_8a7f9d69022119a5ada7ff6a68eb61c8,Diplomacy.Meeting,resumed,155,162,0.8
evt_873f85a6b21ae78d9ecc1770db8b7fe6,art_ecbfaab536d0137bc35e49d3520f1e90,Government.Election,Brought,7,14,0.9
evt_68a053bd99b109dc7c844de4e7201ec6,art_ecbfaab536d0137bc35e49d3520f1e90,Government.Election,faces,50,55,0.9
evt_ae315fb33e8abbcad6707d70b517b85e,art_ecbfaab536d0137bc35e49d3520f1e90,Government.Election,expected,95,103,0.9
evt_1e2e0241f447ae81787704c27de8a601,art_ecbfaab536d0137bc35e49d3520f1e90,Government.Election,call,107,111,0.9
evt_22eb8c91ad1227f19ca7923384ecd276,art_835938045f7f9039820c2bae0b6066ad,Government.Election,buy,15,18,0.7
evt_50062ff759ce06f25e6d444d0258939a,art_835938045f7f9039820c2bae0b6066ad,Government.Election,will,55,59,0.8
evt_20d12df79b01ebead9d2df757dbbad65,art_835938045f7f9039820c2bae0b6066ad,Conflict.Demonstrate,pose,197,201,0.7
evt_a4dca59b85a273bd580249b431beb3ce,art_f8e05fb10e12f40616bb041adef8a0c2,Diplomacy.Agreement,agrees,10,16,0.9
evt_922f6a8c23bf07e6c4912654240565f0,art_f8e05fb10e12f40616bb041adef8a0c2,Diplomacy.Sanction,hit,98,101,0.8
evt_426fa4078b8a1df29ac81e36b6106d4f,art_f8e05fb10e12f40616bb041adef8a0c2,Diplomacy.Agreement,put,137,140,0.85
evt_00dbe69b27b59916ae3f225a4572ce5f,art_13f7dcdb4cb4d37207fca98624b76175,Diplomacy.Agreement,rejects,117,124,0.7
evt_9b8f3a34b0c6fad00fa686265b2e4f80,art_ef02730f4f06130723e45ed5b9cae0c1,Justice.Trial,ruled,80,85,0.9
