article_id,title,published_date,source,link
art_1996e9723c56591942ff0752610f9971,Tonga runway ash blocks New Zealand air relief,2022-01-18 04:04:49,BBC News - World (Archived),https://www.bbc.co.uk/news/world-asia-60034170?at_medium=RSS&at_campaign=KARANGA
art_8a261327d9e9db7771d3c0b8db992b6f,Texas synagogue siege: Rabbi describes escape from gunman,2022-01-17 21:51:35,BBC News - World (Archived),https://www.bbc.co.uk/news/world-us-canada-60027351?at_medium=RSS&at_campaign=KARANGA
art_a04ec10c7789f053484f8eb0d8b597cd,"Russia-Ukraine crisis: UK sending weapons to defend Ukraine, says defence secretary",2022-01-18 02:01:15,BBC News - World (Archived),https://www.bbc.co.uk/news/uk-60033012?at_medium=RSS&at_campaign=KARANGA
art_89bb21a62d8edd6405d5055351ba481e,Hong Kong police charge two former aircrew over Covid rules,2022-01-18 03:18:42,BBC News - World (Archived),https://www.bbc.co.uk/news/business-60034140?at_medium=RSS&at_campaign=KARANGA
art_01f3f6402ec1018ab647e9b61083afc8,Dean Verberckmoes: Police find body of Belgian four-year old,2022-01-18 02:20:29,BBC News - World (Archived),https://www.bbc.co.uk/news/world-europe-60033917?at_medium=RSS&at_campaign=KARANGA
art_e53f8ea4683258fc1664abbe30f52a31,Anne Frank betrayal suspect identified after 77 years,2022-01-17 20:29:23,BBC News - World (Archived),https://www.bbc.co.uk/news/world-europe-60024228?at_medium=RSS&at_campaign=KARANGA
art_6bc361f87dacb8ac91ce5b15b1269095,Afghanistan twin quakes kill at least 22 in poorest areas,2022-01-18 04:35:36,BBC News - World (Archived),https://www.bbc.co.uk/news/world-asia-60034010?at_medium=RSS&at_campaign=KARANGA
art_0b168eeb4d76465aae24a44fd8355fc6,"Plastic crisis needs binding treaty, report says",2022-01-18 00:42:29,BBC News - World (Archived),https://www.bbc.co.uk/news/science-environment-60026748?at_medium=RSS&at_campaign=KARANGA
art_bbf3b7728650ef3fceeab64a4494331f,North Korea fires missiles again amid unusual flurry of tests,2022-01-17 05:26:25,BBC News - World (Archived),https://www.bbc.co.uk/news/world-asia-60019990?at_medium=RSS&at_campaign=KARANGA
art_b63f8cc13efe24de59b0136da6db3cd3,Winter Olympics 2022: Organisers will not sell tickets to general public,2022-01-17 13:37:03,BBC News - World (Archived),https://www.bbc.co.uk/sport/winter-olympics/60024367?at_medium=RSS&at_campaign=KARANGA
art_adb25e269d597f8a93d84041f7d6f7e2,Djokovic back in Serbia after Australia deportation over visa row,2022-01-17 12:25:56,BBC News - World (Archived),https://www.bbc.co.uk/news/world-europe-60025236?at_medium=RSS&at_campaign=KARANGA
art_5e13cd1d6c81fb190d71c70070c0ba28,Eric Zemmour: Far-right candidate found guilty of hate speech,2022-01-17 15:19:34,BBC News - World (Archived),https://www.bbc.co.uk/news/world-europe-60022996?at_medium=RSS&at_campaign=KARANGA
art_fe152e0e3e1e29251d862de61c449448,Anti-vax protests: ‘Sovereign citizens’ fight UK Covid vaccine rollout,2022-01-18 00:34:54,BBC News - World (Archived),https://www.bbc.co.uk/news/59870550?at_medium=RSS&at_campaign=KARANGA
art_56bb473e7d00c4d0fe6927398e99529c,Collarwali: Remembering India’s ‘super mum’ tigress,2022-01-18 00:14:28,BBC News - World (Archived),https://www.bbc.co.uk/news/world-asia-india-60020410?at_medium=RSS&at_campaign=KARANGA
art_3f65439e0573035ab2e47bfce383d91e,How Nigeria succeeded in clipping Twitter's wings,2022-01-18 00:16:23,BBC News - World (Archived),https://www.bbc.co.uk/news/world-africa-60024742?at_medium=RSS&at_campaign=KARANGA
art_ca1b6fc3546444759ec0ceb6cc386adc,Russia-Ukraine crisis: Why Brussels fears Europe is 'closest to war' in decades,2022-01-17 19:19:33,BBC News - World (Archived),https://www.bbc.co.uk/news/world-europe-60030615?at_medium=RSS&at_campaign=KARANGA
art_21da475a1de53276849acee7f5cb5455,How delivery apps created 'the Netflix of food ordering',2022-01-17 00:06:23,BBC News - World (Archived),https://www.bbc.co.uk/news/business-59977996?at_medium=RSS&at_campaign=KARANGA
art_e56432f802e91bd92d4a7efd20481025,Why satellites are key to understanding Pacific volcano,2022-01-17 10:05:56,BBC News - World (Archived),https://www.bbc.co.uk/news/science-environment-60019423?at_medium=RSS&at_campaign=KARANGA
art_34d6fb7e9fefcaf5161fe3b92bf443f6,Colombo Port City: A new Dubai or a Chinese enclave?,2022-01-17 00:26:12,BBC News - World (Archived),https://www.bbc.co.uk/news/world-asia-59993386?at_medium=RSS&at_campaign=KARANGA
art_5c5446e50afa4a454dcbb83f0a8fb980,Nigeria's economy: Why people are buying sanitary pads in packs of two,2022-01-17 01:04:56,BBC News - World (Archived),https://www.bbc.co.uk/news/world-africa-59938380?at_medium=RSS&at_campaign=KARANGA
art_4d376b89061a477c8408b1e094899c65,Purges and piranhas: Why we love a crazy North Korea story,2022-01-18 00:01:21,BBC News - World (Archived),https://www.bbc.co.uk/news/world-asia-60024510?at_medium=RSS&at_campaign=KARANGA
art_52397c7cd6f97ac54ee30807429155f4,"Mexico missing: 'If I find a body, I recover a piece of my son'",2022-01-18 00:01:47,BBC News - World (Archived),https://www.bbc.co.uk/news/world-latin-america-59944126?at_medium=RSS&at_campaign=KARANGA
art_971ad9cd6f7e866e76fc3d72769d317c,Texas synagogue siege: Rabbi describes being held hostage,2022-01-17 13:45:03,BBC News - World (Archived),https://www.bbc.co.uk/news/world-us-canada-60025147?at_medium=RSS&at_campaign=KARANGA
art_3236adc33869f25dc8a21b9394d9c392,Tonga volcano: Video shows eruption day before tsunami,2022-01-17 10:31:03,BBC News - World (Archived),https://www.bbc.co.uk/news/world-asia-60021562?at_medium=RSS&at_campaign=KARANGA
art_8bf2be61467e039c72ddffce563e2464,Novak Djokovic arrives back in Serbia after deportation,2022-01-17 11:48:20,BBC News - World (Archived),https://www.bbc.co.uk/news/world-europe-60021965?at_medium=RSS&at_campaign=KARANGA
art_91a343d9d7ba09b028ab21c3eb31f940,Ukraine tension: US and Russia hold 'frank' talks,2022-01-21 16:28:00,BBC News - World (Archived),https://www.bbc.co.uk/news/world-us-canada-60077776?at_medium=RSS&at_campaign=KARANGA
art_96f13b258569da4579f832ff0fea52f7,Scores killed in Yemen prison air strike carnage,2022-01-21 15:37:45,BBC News - World (Archived),https://www.bbc.co.uk/news/world-middle-east-60082788?at_medium=RSS&at_campaign=KARANGA
art_6a30723211dc2a9a9aba36e32bfe41b4,Meat Loaf: Stars pay tribute to 'one-off' Bat Out Of Hell singer,2022-01-21 17:41:50,BBC News - World (Archived),https://www.bbc.co.uk/news/entertainment-arts-60080934?at_medium=RSS&at_campaign=KARANGA
art_5760f39db58d0326ee3a6628292cc2b4,Tonga: Survivor tells of sea escape from tsunami-struck island,2022-01-21 13:29:46,BBC News - World (Archived),https://www.bbc.co.uk/news/world-asia-60078540?at_medium=RSS&at_campaign=KARANGA
art_581803feb76234f102716d79cd7851ca,Hong Kong: Secret rescue network to evade hamster Covid cull,2022-01-21 12:16:21,BBC News - World (Archived),https://www.bbc.co.uk/news/world-asia-60081134?at_medium=RSS&at_campaign=KARANGA
art_2162787bfa47402941f1bd60b9a64bb1,Hanifa Abubakar: Nigeria outrage at Kano schoolgirl killing,2022-01-21 14:16:49,BBC News - World (Archived),https://www.bbc.co.uk/news/world-africa-60083958?at_medium=RSS&at_campaign=KARANGA
art_f641c425ead655fbc7ca1fcb2417d68d,Ghana blast: Many feared dead after huge explosion near Bogoso,2022-01-21 16:36:40,BBC News - World (Archived),https://www.bbc.co.uk/news/world-africa-60074511?at_medium=RSS&at_campaign=KARANGA
art_920b17c7d741ea43f518ee32dbd0b4c6,US comic Louie Anderson dies aged 68,2022-01-21 17:28:45,BBC News - World (Archived),https://www.bbc.co.uk/news/entertainment-arts-60085359?at_medium=RSS&at_campaign=KARANGA
art_1d4e43a5a961de83240789535b7313e1,"Australian Open: Naomi Osaka out to Amanda Anisimova, Ashleigh Barty wins in Melbourne",2022-01-21 11:59:24,BBC News - World (Archived),https://www.bbc.co.uk/sport/tennis/60080340?at_medium=RSS&at_campaign=KARANGA
art_f3000694519003d7ebf5b62d467cf710,American Airlines plane turns around mid-flight over mask row,2022-01-21 13:49:11,BBC News - World (Archived),https://www.bbc.co.uk/news/world-us-canada-60080080?at_medium=RSS&at_campaign=KARANGA
art_ac7776e641458668ddbcb6df67f70c3b,Serbia revokes Rio Tinto lithium mine permits following protests,2022-01-21 12:31:12,BBC News - World (Archived),https://www.bbc.co.uk/news/world-europe-60081853?at_medium=RSS&at_campaign=KARANGA
art_21a8c6c0ad0c4e3eb834d81bd546a1a0,"Kazakhstan unrest: 'If you protest again, we'll kill you'",2022-01-21 01:14:01,BBC News - World (Archived),https://www.bbc.co.uk/news/world-asia-60058972?at_medium=RSS&at_campaign=KARANGA
art_a34291feda09afcf0ef8b145d8a24ad4,The shy man behind the hard-rocking extrovert,2022-01-21 11:03:24,BBC News - World (Archived),https://www.bbc.co.uk/news/entertainment-arts-27469244?at_medium=RSS&at_campaign=KARANGA
art_8b33893f1a782b30e943788403090d32,Texas synagogue: How synagogues stay safe - and still welcoming,2022-01-20 22:23:42,BBC News - World (Archived),https://www.bbc.co.uk/news/world-us-canada-60072540?at_medium=RSS&at_campaign=KARANGA
art_115d0758eec3392575c0495b56085205,Why an OnlyFans creator could go to jail for posting nudes,2022-01-21 00:48:56,BBC News - World (Archived),https://www.bbc.co.uk/news/world-asia-60022424?at_medium=RSS&at_campaign=KARANGA
art_65dfd5a2d69b47118097d99fc3acbf3d,In pictures: Meat Loaf's life on and off stage,2022-01-21 12:41:49,BBC News - World (Archived),https://www.bbc.co.uk/news/entertainment-arts-60081381?at_medium=RSS&at_campaign=KARANGA
art_20ddd2628857e6ec0b0539b1951118ef,French elections: Divided left fight doomed race of their own,2022-01-21 01:19:06,BBC News - World (Archived),https://www.bbc.co.uk/news/world-europe-60059542?at_medium=RSS&at_campaign=KARANGA
art_f253927e18dfc8c9df41370d35e1436c,Tonga: Zero-Covid island nation fears aid could bring in virus,2022-01-21 10:40:31,BBC News - World (Archived),https://www.bbc.co.uk/news/60066470?at_medium=RSS&at_campaign=KARANGA
art_3d1c5bc82f8c7bbef88cde615648bc58,Five slices of Meat Loaf: Iconic moments on the BBC,2022-01-21 19:44:57,BBC News - World (Archived),https://www.bbc.co.uk/news/entertainment-arts-60091928?at_medium=RSS&at_campaign=KARANGA
art_5fa925f4408972f5a36e6442eb17c855,Meat Loaf: The music legend's life in video,2022-01-21 08:52:39,BBC News - World (Archived),https://www.bbc.co.uk/news/world-60081281?at_medium=RSS&at_campaign=KARANGA
art_80b1e43890403b6b29036bbd21a634cb,The radio station bringing worried Tongans together,2022-01-21 00:05:55,BBC News - World (Archived),https://www.bbc.co.uk/news/world-australia-60072418?at_medium=RSS&at_campaign=KARANGA
art_2657e955ec0bf2b17db269aa8dc9b5b8,Kazakhstan unrest: How peaceful protests turned violent,2022-01-21 00:04:30,BBC News - World (Archived),https://www.bbc.co.uk/news/world-asia-60075265?at_medium=RSS&at_campaign=KARANGA
art_fa8ca6c9b7808eb36a05490a1c4c2ed3,Teen becomes youngest woman to fly solo around the world,2022-01-20 19:07:56,BBC News - World (Archived),https://www.bbc.co.uk/news/world-europe-60076835?at_medium=RSS&at_campaign=KARANGA
art_ae39758cda3a315027d5176d285cb21b,China joins Russia in opposing Nato expansion,2022-02-04 12:48:39,BBC News - World (Archived),https://www.bbc.co.uk/news/world-asia-60257080?at_medium=RSS&at_campaign=KARANGA
art_66bdda79b4cb42e09b863ac8ef7abd26,Rayan: Morocco well rescue for five-year-old grips nation,2022-02-04 16:00:01,BBC News - World (Archived),https://www.bbc.co.uk/news/world-africa-60244091?at_medium=RSS&at_campaign=KARANGA
art_539c0bfac603c89b53fe5c0741654ed6,Covid: South Africa makes its own version of Moderna vaccine,2022-02-04 10:24:26,BBC News - World (Archived),https://www.bbc.co.uk/news/health-60258088?at_medium=RSS&at_campaign=KARANGA
art_c7004cde11306806361fff0883ebe2e3,"Mount Everest: Mountain's highest glacier melting rapidly, new study shows",2022-02-04 18:06:23,BBC News - World (Archived),https://www.bbc.co.uk/news/world-asia-60259427?at_medium=RSS&at_campaign=KARANGA
art_9741698c9b0181433456d52a57e40e7b,Winter storm disrupts travel and causes power blackouts in Texas,2022-02-04 15:05:19,BBC News - World (Archived),https://www.bbc.co.uk/news/world-us-canada-60258611?at_medium=RSS&at_campaign=KARANGA
art_4a603e14d75e5ae042fa9efcbe06d650,Huge bank of dead fish spotted off French Atlantic coast,2022-02-04 18:27:30,BBC News - World (Archived),https://www.bbc.co.uk/news/world-europe-60266117?at_medium=RSS&at_campaign=KARANGA
art_b340048ada90aa34eb2a7d4e0e53cff6,US couple sue clinic after DNA kit reveals fertility mix-up,2022-02-04 19:04:21,BBC News - World (Archived),https://www.bbc.co.uk/news/world-us-canada-60265083?at_medium=RSS&at_campaign=KARANGA
art_048931dbfa962852855f6016670a2c3d,German anger as Russia shuts international broadcaster Deutsche Welle,2022-02-04 11:47:50,BBC News - World (Archived),https://www.bbc.co.uk/news/world-europe-60257581?at_medium=RSS&at_campaign=KARANGA
art_6f3b1751466206767def5eea68cb5133,Karnataka hijab row deepens as students petition court,2022-02-04 08:56:04,BBC News - World (Archived),https://www.bbc.co.uk/news/world-asia-india-60256262?at_medium=RSS&at_campaign=KARANGA
art_12cae2bc601e2164563cfacb68c34a3b,Winter Olympics: Games officially under way after opening ceremony in Beijing,2022-02-04 14:28:13,BBC News - World (Archived),https://www.bbc.co.uk/sport/winter-olympics/60242407?at_medium=RSS&at_campaign=KARANGA
art_6855ce49a1452c7c6298b9ea3f34b179,Meta moves to tackle creepy behaviour in virtual reality,2022-02-04 14:54:37,BBC News - World (Archived),https://www.bbc.co.uk/news/technology-60247542?at_medium=RSS&at_campaign=KARANGA
art_9beaedac18de9b4cf2e1bbe9cc833acc,"Drugs, weapons 'smuggled to prisoners by drone'",2022-02-04 15:50:25,BBC News - World (Archived),https://www.bbc.co.uk/news/world-us-canada-60262715?at_medium=RSS&at_campaign=KARANGA
art_0d9d96298e6e51e19d74dedd490880aa,Afghanistan women: 'I felt anxious going back to university',2022-02-04 00:17:13,BBC News - World (Archived),https://www.bbc.co.uk/news/world-asia-60236826?at_medium=RSS&at_campaign=KARANGA
art_a4c8cc4d51dd4a4d4bbdaeb83d0ed801,Putin's Olympic trip signals warmer Russia-China ties,2022-02-04 09:53:52,BBC News - World (Archived),https://www.bbc.co.uk/news/world-europe-60240762?at_medium=RSS&at_campaign=KARANGA
art_6cc861133979cd6fe9904e567075f03a,Climate change: Satellites map huge methane plumes from oil and gas,2022-02-04 00:45:37,BBC News - World (Archived),https://www.bbc.co.uk/news/science-environment-60203683?at_medium=RSS&at_campaign=KARANGA
art_fe9d7fed9347811682d5d1163495ed3d,Africa's week in pictures: 28 January-3 February 2022,2022-02-04 00:02:27,BBC News - World (Archived),https://www.bbc.co.uk/news/world-africa-60243953?at_medium=RSS&at_campaign=KARANGA
art_5b5a3a7897b6ab70e40847464d191a96,Shackleton's Endurance: The impossible search for the greatest shipwreck,2022-02-04 00:11:14,BBC News - World (Archived),https://www.bbc.co.uk/news/science-environment-60239105?at_medium=RSS&at_campaign=KARANGA
art_7680707ec705c2b92db8b6cf85ba5aa0,"Environmental campaigners film '100,000 dead fish' spilled into the Atlantic Ocean",2022-02-04 19:36:17,BBC News - World (Archived),https://www.bbc.co.uk/news/world-europe-60266098?at_medium=RSS&at_campaign=KARANGA
art_eeb97d7f649f301edfe265f28349d714,Billionaire Bezos' superyacht sparks bridge row,2022-02-04 09:24:40,BBC News - World (Archived),https://www.bbc.co.uk/news/world-europe-60256966?at_medium=RSS&at_campaign=KARANGA
art_2771e62022717cd00f2971ec9f51d051,Footage depicts aftermath of US raid in Syria,2022-02-03 21:36:19,BBC News - World (Archived),https://www.bbc.co.uk/news/world-us-canada-60251922?at_medium=RSS&at_campaign=KARANGA
art_89ea4b4631766b1c38c4866df23d7c15,President Biden confirms Islamic State leader killed in Syria,2022-02-03 15:42:28,BBC News - World (Archived),https://www.bbc.co.uk/news/world-us-canada-60249702?at_medium=RSS&at_campaign=KARANGA
art_438ca1a6d717bead4811feb12528296b,The illegal Brazilian gold you may be wearing,2022-02-03 00:44:07,BBC News - World (Archived),https://www.bbc.co.uk/news/world-latin-america-60236777?at_medium=RSS&at_campaign=KARANGA
art_a2ff748c72fa7e27b95d24a3270aa16f,Canada truckers protest: Trudeau demands an end to trucker protest,2022-02-08 10:33:28,BBC News - World (Archived),https://www.bbc.co.uk/news/world-us-canada-60300163?at_medium=RSS&at_campaign=KARANGA
art_448aeb8cbebfe737a98d1fed93fa0f7b,Ukraine crisis: Macron says crucial days ahead after Putin summit,2022-02-08 10:27:53,BBC News - World (Archived),https://www.bbc.co.uk/news/world-europe-60297732?at_medium=RSS&at_campaign=KARANGA
art_0c73861bbe5f3d4da76ca3a7e7349471,Beijing 2022: Winter Olympics hit by deluge of complaints from athletes,2022-02-08 06:20:26,BBC News - World (Archived),https://www.bbc.co.uk/news/world-asia-china-60298184?at_medium=RSS&at_campaign=KARANGA
art_b537b2fd8323f70c4d067b1bec5dbacb,John Simpson in Afghanistan: Watching the destruction of a nation?,2022-02-08 00:17:42,BBC News - World (Archived),https://www.bbc.co.uk/news/world-asia-60296254?at_medium=RSS&at_campaign=KARANGA
art_9067a161cfd03e60c3c6964155fb9d95,Brittany Higgins: Australian parliament makes formal apology to rape accuser,2022-02-08 07:50:54,BBC News - World (Archived),https://www.bbc.co.uk/news/world-australia-60298574?at_medium=RSS&at_campaign=KARANGA
art_e3b21b7ca617de00a5b0df8d3d260a4c,China encroaching along Nepal border - report,2022-02-08 01:00:22,BBC News - World (Archived),https://www.bbc.co.uk/news/world-asia-60288007?at_medium=RSS&at_campaign=KARANGA
art_9ad2b6f673e118b6849d27fbb3a379f0,Zhu Yi: US-born Chinese Olympic figure skater slated in China after falls,2022-02-08 09:07:22,BBC News - World (Archived),https://www.bbc.co.uk/news/world-asia-china-60298544?at_medium=RSS&at_campaign=KARANGA
art_aa4fd6f2eff08d26be67233c2ecdc27f,NSO Group: Israel launches inquiry into police hacking claims,2022-02-07 16:53:41,BBC News - World (Archived),https://www.bbc.co.uk/news/world-middle-east-60287161?at_medium=RSS&at_campaign=KARANGA
art_ddabc9278abc43a60f8671af2e29a8ab,Paralysed man with severed spine walks thanks to implant,2022-02-07 16:04:17,BBC News - World (Archived),https://www.bbc.co.uk/news/science-environment-60258620?at_medium=RSS&at_campaign=KARANGA
art_2a877da3117d04edbd9ac13e35c62b79,The Jews dressing as Muslims to get around a prayer ban,2022-02-08 00:07:23,BBC News - World (Archived),https://www.bbc.co.uk/news/world-middle-east-60291670?at_medium=RSS&at_campaign=KARANGA
art_f630e12e5c4ac278dc59c7518ae66950,Sweden: Men steal students' computers during lesson,2022-02-07 17:05:33,BBC News - World (Archived),https://www.bbc.co.uk/news/world-europe-60290610?at_medium=RSS&at_campaign=KARANGA
art_15bea803b5ac106fda485c7d4e66eeb5,Peng Shuai: Weibo post sparked 'huge misunderstanding',2022-02-07 23:13:46,BBC News - World (Archived),https://www.bbc.co.uk/news/world-asia-china-60284261?at_medium=RSS&at_campaign=KARANGA
art_7b88dd7af910e6712151174819ffb631,Canada trucker's protest: Ceaseless horn blaring frays nerves in Ottawa,2022-02-08 01:00:18,BBC News - World (Archived),https://www.bbc.co.uk/news/world-us-canada-60297364?at_medium=RSS&at_campaign=KARANGA
art_33e68bc6438498c5d744c47d24359765,Democracy in Africa: Spate of coups don't mean democracy's end,2022-02-08 00:18:39,BBC News - World (Archived),https://www.bbc.co.uk/news/world-africa-60289571?at_medium=RSS&at_campaign=KARANGA
art_0f840f881bfe7f8357c1e0a662967464,Uttar Pradesh assembly elections 2022: The Indian polls everyone is watching,2022-02-08 00:19:36,BBC News - World (Archived),https://www.bbc.co.uk/news/world-asia-india-38916161?at_medium=RSS&at_campaign=KARANGA
art_e697a92741ee9eaaef84881a996eaa95,Lata Mangeshkar: 'Why I loved the Indian singer as much as The Beatles',2022-02-07 05:12:40,BBC News - World (Archived),https://www.bbc.co.uk/news/world-asia-india-60257952?at_medium=RSS&at_campaign=KARANGA
art_3ffec3159e2ba4fb4460e62ac4012b0d,Eileen Gu: US-China tension is trickiest slope for Olympic free skier,2022-02-07 04:47:09,BBC News - World (Archived),https://www.bbc.co.uk/news/world-us-canada-60277353?at_medium=RSS&at_campaign=KARANGA
art_ef9e6b76e1bad508d1d00dfa1ba51e15,Tonga: How an Internet blackout left many desperate for money,2022-02-07 00:29:53,BBC News - World (Archived),https://www.bbc.co.uk/news/world-asia-60210869?at_medium=RSS&at_campaign=KARANGA
art_87fc007d8392effefab1c32919e563a6,Ros Atkins on... the Canada truckers protest,2022-02-08 00:43:25,BBC News - World (Archived),https://www.bbc.co.uk/news/world-us-canada-60296862?at_medium=RSS&at_campaign=KARANGA
art_298687906012df0f38386d1a56b09416,Canada truckers protest: ‘All we want is the right to choose’,2022-02-07 19:19:57,BBC News - World (Archived),https://www.bbc.co.uk/news/world-us-canada-60295310?at_medium=RSS&at_campaign=KARANGA
art_efdbe327cc79ea1e0954d140c85b2d38,Rayan: Morocco holds funeral for five-year-old boy,2022-02-07 17:09:05,BBC News - World (Archived),https://www.bbc.co.uk/news/world-africa-60294717?at_medium=RSS&at_campaign=KARANGA
art_28d64b2083309fa9a4d585b695d2be2e,Ukraine crisis: 'It’s like they stuck a knife in our back',2022-02-07 00:02:11,BBC News - World (Archived),https://www.bbc.co.uk/news/world-europe-60219714?at_medium=RSS&at_campaign=KARANGA
art_d71e917ef6f4620aa695102fa29e9b72,Kush: Sierra Leone's new illegal drug,2022-02-07 00:36:25,BBC News - World (Archived),https://www.bbc.co.uk/news/world-africa-60260738?at_medium=RSS&at_campaign=KARANGA
art_efe5eb2c7e03c6bc7067d75af30d3073,War in Ukraine: Zelensky urges Ukrainians to go on the offensive,2022-03-06 06:46:18,BBC News - World (Archived),https://www.bbc.co.uk/news/world-europe-60636337?at_medium=RSS&at_campaign=KARANGA
art_1ebf26d92c2db8c9a3ba457a3fa4b94a,War in Ukraine: Russian invasion fuels Finnish support for Nato,2022-03-06 02:10:21,BBC News - World (Archived),https://www.bbc.co.uk/news/world-europe-60626536?at_medium=RSS&at_campaign=KARANGA
art_8414696de48d18661fe70826ae22fd8d,War in Ukraine: Thousands march in Kherson against occupiers,2022-03-05 17:47:49,BBC News - World (Archived),https://www.bbc.co.uk/news/world-europe-60632587?at_medium=RSS&at_campaign=KARANGA
art_3a27a65f6825977171b5f8133dcf2f2f,Ukraine invasion: Residents under siege in Mariupol clear out shopping mall,2022-03-05 19:14:34,BBC News - World (Archived),https://www.bbc.co.uk/news/world-europe-60634735?at_medium=RSS&at_campaign=KARANGA
art_e5a63f9d5cf98d2b9174d492c6da6bc4,Putin says sanctions over Ukraine are like a declaration of war,2022-03-05 18:56:54,BBC News - World (Archived),https://www.bbc.co.uk/news/world-europe-60633482?at_medium=RSS&at_campaign=KARANGA
art_e31b24303e11e8864bc5cf9843a8e249,Siege of Mariupol: Fresh Russian attacks throw evacuation into chaos,2022-03-05 12:01:40,BBC News - World (Archived),https://www.bbc.co.uk/news/world-europe-60629851?at_medium=RSS&at_campaign=KARANGA
art_88e7d8a6515eeba3f1ed58883b836092,War in Ukraine: Citizens evacuate town of Irpin as homes are destroyed,2022-03-05 15:39:10,BBC News - World (Archived),https://www.bbc.co.uk/news/world-europe-60632974?at_medium=RSS&at_campaign=KARANGA
art_c3ecc3681d660e3821d1d850af7b7eaa,"Zara, Paypal and Samsung suspend business in Russia over Ukraine invasion",2022-03-05 14:36:27,BBC News - World (Archived),https://www.bbc.co.uk/news/uk-60631835?at_medium=RSS&at_campaign=KARANGA
art_467619fd06d98f92a22fba3e67a4225c,Concern for basketball star detained in Russia,2022-03-05 19:15:39,BBC News - World (Archived),https://www.bbc.co.uk/sport/basketball/60633700?at_medium=RSS&at_campaign=KARANGA
art_6b160ab14190782a28620c4f9d438569,War in Ukraine: BBC suspends its journalists' work in Russia,2022-03-05 15:01:08,BBC News - World (Archived),https://www.bbc.co.uk/news/world-europe-60617365?at_medium=RSS&at_campaign=KARANGA
art_a5ca3976c55a74d0352a1e7754162074,Ukraine war: Sky News journalist Stuart Ramsay and team shot at in ambush,2022-03-05 12:03:16,BBC News - World (Archived),https://www.bbc.co.uk/news/uk-60627841?at_medium=RSS&at_campaign=KARANGA
art_d21c3b8c97a5a050613f96921b9c926c,Why Indian fathers are embracing paternity leave,2022-03-06 00:37:57,BBC News - World (Archived),https://www.bbc.co.uk/news/world-asia-india-60491095?at_medium=RSS&at_campaign=KARANGA
art_1f63a610748b7535601be4dc5bd79960,BBC Ukrainian editor: 'My mother called to say she'd managed to buy bread',2022-03-06 01:02:02,BBC News - World (Archived),https://www.bbc.co.uk/news/world-europe-60633888?at_medium=RSS&at_campaign=KARANGA
art_a9d75a5b6577c48d95c705eaacedac2b,"From Grozny to Aleppo to Ukraine, Russia meets resistance with more firepower",2022-03-05 16:37:11,BBC News - World (Archived),https://www.bbc.co.uk/news/world-europe-60631433?at_medium=RSS&at_campaign=KARANGA
art_c9968c2cb285f29b4d51ad2ec6b262ac,The young Ukrainians battling pro-Russian trolls,2022-03-06 00:19:21,BBC News - World (Archived),https://www.bbc.co.uk/news/blogs-trending-60596133?at_medium=RSS&at_campaign=KARANGA
art_e17d38f3b55c022a4619c4c2d463aad9,European peace seems as fragile as ever,2022-03-05 00:36:11,BBC News - World (Archived),https://www.bbc.co.uk/news/world-60622772?at_medium=RSS&at_campaign=KARANGA
art_98c9d2234e4e96d5a17c0292dc44be10,Why doesn't Ukraine attack the Russian convoy? And other questions,2022-03-04 18:04:14,BBC News - World (Archived),https://www.bbc.co.uk/news/world-60617145?at_medium=RSS&at_campaign=KARANGA
art_6851b1fb5d52e58286ad3d97a08d3777,Russia oligarchs: The mega-rich men facing global sanctions,2022-03-05 00:34:34,BBC News - World (Archived),https://www.bbc.co.uk/news/uk-60593022?at_medium=RSS&at_campaign=KARANGA
art_744e78bb4cbeff7076ca47cfb9b499d8,War in Ukraine: Russian helicopter shot down by missile,2022-03-05 12:26:02,BBC News - World (Archived),https://www.bbc.co.uk/news/world-europe-60630352?at_medium=RSS&at_campaign=KARANGA
art_cd9aa34dc00dfa59b51c3957fcfc0399,War in Ukraine: Thousands of pro-Russia Serbs march in Belgrade,2022-03-05 11:57:11,BBC News - World (Archived),https://www.bbc.co.uk/news/world-europe-60630351?at_medium=RSS&at_campaign=KARANGA
art_d900e99cc64f6f42b7b17493b7429a7c,Ukraine: Russians still bombing Mariupol despite ceasefire - deputy mayor,2022-03-05 11:05:08,BBC News - World (Archived),https://www.bbc.co.uk/news/world-europe-60630182?at_medium=RSS&at_campaign=KARANGA
art_fa0f287a6bf3ec6025fba978a25bee2e,Ukraine crisis: Kharkiv residents still sheltering underground a week on,2022-03-04 17:14:56,BBC News - World (Archived),https://www.bbc.co.uk/news/world-europe-60625400?at_medium=RSS&at_campaign=KARANGA
art_416cc2b0b048e69fa38da429019dd6b7,War in Ukraine: Ukrainians living in Poland return home to aid war effort,2022-03-04 18:37:07,BBC News - World (Archived),https://www.bbc.co.uk/news/world-europe-60625925?at_medium=RSS&at_campaign=KARANGA
art_1d53a961aafaf48cf3dcf01cad459703,War in Ukraine: Russia says it may cut gas supplies if oil ban goes ahead,2022-03-08 08:04:39,BBC News - World (Archived),https://www.bbc.co.uk/news/business-60656673?at_medium=RSS&at_campaign=KARANGA
art_44ee672319158f3e155f1067a5faac69,War in Ukraine: Crisis is unleashing 'hell on earth' for food prices,2022-03-08 00:11:48,BBC News - World (Archived),https://www.bbc.co.uk/news/business-60653856?at_medium=RSS&at_campaign=KARANGA
art_d8daba45c56581b29c1ba949ea0e6d4a,War in Ukraine: World Bank approves $723m financial package,2022-03-08 01:58:44,BBC News - World (Archived),https://www.bbc.co.uk/news/business-60657127?at_medium=RSS&at_campaign=KARANGA
art_00af919c7828fd5d99cba2604add1fdb,"War in Ukraine: 'It's hell, it's really hell' - Families flee bombs in Irpin",2022-03-07 16:22:24,BBC News - World (Archived),https://www.bbc.co.uk/news/world-europe-60651801?at_medium=RSS&at_campaign=KARANGA
art_9092d6a54bd82d0d1ee3377146a36f03,Ukraine war: Chernobyl workers' 12-day ordeal under Russian guard,2022-03-07 19:40:11,BBC News - World (Archived),https://www.bbc.co.uk/news/world-europe-60638949?at_medium=RSS&at_campaign=KARANGA
art_48f96cffa8399db39f65d3178c04827b,Chaos and tears as thousands try to catch a train out of Ukraine,2022-03-07 10:53:21,BBC News - World (Archived),https://www.bbc.co.uk/news/world-europe-60645126?at_medium=RSS&at_campaign=KARANGA
art_0c158e7ce717836b919fa665689cb76a,Bhavana Menon: India actress breaks silence on sexual assault,2022-03-08 04:06:26,BBC News - World (Archived),https://www.bbc.co.uk/news/world-asia-india-60647656?at_medium=RSS&at_campaign=KARANGA
art_78183ca154daa28438fed9ad59efb251,Sydney floods: Two killed and thousands forced to evacuate,2022-03-08 05:53:56,BBC News - World (Archived),https://www.bbc.co.uk/news/world-australia-60656717?at_medium=RSS&at_campaign=KARANGA
art_e41c475281dee16c0a63828da988cad2,North Korea: Construction spotted at Punggye-ri nuclear test site,2022-03-08 03:12:37,BBC News - World (Archived),https://www.bbc.co.uk/news/world-asia-60598235?at_medium=RSS&at_campaign=KARANGA
art_7bc05f3f0ff0acf9ccddda147092b8f2,Gretchen Whitmer: Trial due to begin in US governor kidnapping plot,2022-03-08 01:56:44,BBC News - World (Archived),https://www.bbc.co.uk/news/world-us-canada-60656553?at_medium=RSS&at_campaign=KARANGA
art_140497fcacc051b353cfc769b91568aa,Shane Warne: Australian cricket legend died from natural causes - police,2022-03-07 11:26:47,BBC News - World (Archived),https://www.bbc.co.uk/news/world-asia-60645939?at_medium=RSS&at_campaign=KARANGA
art_80c1c25136cb73a491aae187d9dd8c86,McDonald's and Coca-Cola boycott calls grow over Russia,2022-03-08 07:26:15,BBC News - World (Archived),https://www.bbc.co.uk/news/business-60649214?at_medium=RSS&at_campaign=KARANGA
art_375431bdd5c579b51f281e1deed57c47,Femicide detectives: 'Counting bodies is the best place to start',2022-03-08 01:27:55,BBC News - World (Archived),https://www.bbc.co.uk/news/world-60653099?at_medium=RSS&at_campaign=KARANGA
art_83023685451a41a9b494ce9530b74869,Why misogyny is at the heart of South Korea's presidential elections,2022-03-08 00:23:44,BBC News - World (Archived),https://www.bbc.co.uk/news/world-asia-60643446?at_medium=RSS&at_campaign=KARANGA
art_54e7fa3d4234e7688486b2579fb98811,Can tech help revive India's 'crumbling' health system?,2022-03-07 23:46:17,BBC News - World (Archived),https://www.bbc.co.uk/news/business-60506228?at_medium=RSS&at_campaign=KARANGA
art_6a8fec8d06a54f4a15d4d0c785561edc,"Ukraine: With placards and tears, Poles are greeting refugees like family",2022-03-06 23:56:07,BBC News - World (Archived),https://www.bbc.co.uk/news/world-europe-60641217?at_medium=RSS&at_campaign=KARANGA
art_ece9076a3349449defc23f7fd236b1c7,Ivan Kuliak: Why has 'Z' become a Russian pro-war symbol?,2022-03-07 16:59:12,BBC News - World (Archived),https://www.bbc.co.uk/news/world-europe-60644832?at_medium=RSS&at_campaign=KARANGA
art_f8f69578a0053c611d18f0f17b3e4b45,Twitter is part of our war effort - Ukraine minister,2022-03-07 00:02:15,BBC News - World (Archived),https://www.bbc.co.uk/news/technology-60608222?at_medium=RSS&at_campaign=KARANGA
art_aa7dd60f009b2f20b3153cf971c93780,Ukraine war: The TikToker spreading viral videos,2022-03-05 01:09:41,BBC News - World (Archived),https://www.bbc.co.uk/news/technology-60613331?at_medium=RSS&at_campaign=KARANGA
art_e46c44fe64eff77c475f0e5f02f6a690,Ashneer Grover: Bitter BharatPe feud worries India's booming start-ups,2022-03-06 23:59:25,BBC News - World (Archived),https://www.bbc.co.uk/news/world-asia-india-60615481?at_medium=RSS&at_campaign=KARANGA
art_e21b371e1cb4f042a03b16f7bf47600c,War in Ukraine: President Zelensky posts video from office in Kyiv,2022-03-08 07:33:23,BBC News - World (Archived),https://www.bbc.co.uk/news/world-europe-60659029?at_medium=RSS&at_campaign=KARANGA
art_c3d41757f31c94e0405cfb8a1c18e5ea,War in Ukraine: Live-streaming music from a Kharkiv basement,2022-03-08 06:38:26,BBC News - World (Archived),https://www.bbc.co.uk/news/world-europe-60654573?at_medium=RSS&at_campaign=KARANGA
art_bef288c916d38ccc5923769f223aba8b,War in Ukraine: Five times Russians have stood up for Ukraine,2022-03-07 20:43:06,BBC News - World (Archived),https://www.bbc.co.uk/news/world-europe-60645236?at_medium=RSS&at_campaign=KARANGA
art_9773966fe015267270dedc9842a01108,Ukraine: Documenting the war on TikTok,2022-03-08 00:12:47,BBC News - World (Archived),https://www.bbc.co.uk/news/world-europe-60656613?at_medium=RSS&at_campaign=KARANGA
art_f38831e4060308677290554a335a66e8,"Iowa tornadoes: Seven people killed, including two children",2022-03-07 20:01:42,BBC News - World (Archived),https://www.bbc.co.uk/news/world-us-canada-60655723?at_medium=RSS&at_campaign=KARANGA
art_c251a41c13338b04ffe67048554c272c,Ukraine war: 'Sky turned red' as missiles hit Lviv military base,2022-03-13 14:43:37,BBC News - World (Archived),https://www.bbc.co.uk/news/world-europe-60728208?at_medium=RSS&at_campaign=KARANGA
art_88f4c0f2873fad240158f9ea547efea8,War in Ukraine: Russian forces accused of abducting second mayor,2022-03-13 12:17:31,BBC News - World (Archived),https://www.bbc.co.uk/news/world-europe-60725962?at_medium=RSS&at_campaign=KARANGA
art_a6ed9b6cc4eb29e5b9ac83722dba8f4e,Brent Renaud: US journalist and filmmaker killed in Ukraine,2022-03-13 16:32:29,BBC News - World (Archived),https://www.bbc.co.uk/news/world-europe-60729276?at_medium=RSS&at_campaign=KARANGA
art_631642d1de5fcbe446c9f62a288be5b6,Ukraine war: Evacuations 'extremely difficult' amid shelling,2022-03-12 21:58:08,BBC News - World (Archived),https://www.bbc.co.uk/news/world-europe-60721323?at_medium=RSS&at_campaign=KARANGA
art_47bef252becc9ac3f39fe06306523cab,Roman Abramovich: Rabbi investigated over Portuguese citizenship,2022-03-12 23:39:14,BBC News - World (Archived),https://www.bbc.co.uk/news/world-europe-60724509?at_medium=RSS&at_campaign=KARANGA
art_580e4bac13673d62eebaf67f261ed843,Ukraine: 'Not all Russians support this war',2022-03-13 00:02:13,BBC News - World (Archived),https://www.bbc.co.uk/news/world-europe-60710975?at_medium=RSS&at_campaign=KARANGA
art_fbdbffcd759fa35db79061a75ad34645,Irbil attack: Iran launches missiles at northern Iraqi city,2022-03-13 14:59:14,BBC News - World (Archived),https://www.bbc.co.uk/news/world-middle-east-60725959?at_medium=RSS&at_campaign=KARANGA
art_84c2ef60e3df4668ba287c2a1bbe9093,"Battle for Mykolaiv: 'We are winning this fight, but not this war'",2022-03-11 19:21:01,BBC News - World (Archived),https://www.bbc.co.uk/news/world-europe-60711659?at_medium=RSS&at_campaign=KARANGA
art_e9362e0cea7411ab6917223980fe9a11,Saudi Arabia executes 81 men in one day,2022-03-12 15:17:09,BBC News - World (Archived),https://www.bbc.co.uk/news/world-middle-east-60722057?at_medium=RSS&at_campaign=KARANGA
art_a49cdcd542bc9919475817c7c7eb71f9,Dudula: How South African anger has focused on foreigners,2022-03-13 01:32:27,BBC News - World (Archived),https://www.bbc.co.uk/news/world-africa-60698374?at_medium=RSS&at_campaign=KARANGA
art_30cfcf2fe494b535661d826f465718c8,Transgender children: Texas plan to probe parents halted,2022-03-12 01:04:01,BBC News - World (Archived),https://www.bbc.co.uk/news/world-us-canada-60710227?at_medium=RSS&at_campaign=KARANGA
art_87a834621a20cd93b913f377e7c696e0,Disney apologises for 'silence' on 'Don't Say Gay' bill,2022-03-11 21:39:16,BBC News - World (Archived),https://www.bbc.co.uk/news/world-us-canada-60714063?at_medium=RSS&at_campaign=KARANGA
art_f2e5bf4f835d91be6b411b894701b3e2,War in Ukraine: Uni to uniform - Ukraine's new teenage army recruits,2022-03-12 23:57:22,BBC News - World (Archived),https://www.bbc.co.uk/news/world-europe-60724560?at_medium=RSS&at_campaign=KARANGA
art_5a551dba24f0ce83e825533042a9dd22,Ukraine war: Kyiv prepares for Russian attack,2022-03-11 20:04:59,BBC News - World (Archived),https://www.bbc.co.uk/news/world-europe-60714515?at_medium=RSS&at_campaign=KARANGA
art_95911fce2336ab37be787a1cb903ea8d,Russia sanctions: How the measures have changed daily life,2022-03-13 01:34:57,BBC News - World (Archived),https://www.bbc.co.uk/news/world-europe-60647543?at_medium=RSS&at_campaign=KARANGA
art_ef0fe2954d168b790a3af803f9566054,Isak Munda: The Orissa labourer who became a YouTube star,2022-03-13 00:59:28,BBC News - World (Archived),https://www.bbc.co.uk/news/world-asia-india-60590121?at_medium=RSS&at_campaign=KARANGA
art_cd0687aa152f735a3340ba52bd2202b4,Your pictures on the theme of 'urban landscape',2022-03-13 00:48:47,BBC News - World (Archived),https://www.bbc.co.uk/news/in-pictures-60661075?at_medium=RSS&at_campaign=KARANGA
art_ca7713c78a770f3d34b5d692d69f930e,Indian evacuee: The kindness of Ukrainians saved my life,2022-03-13 00:59:06,BBC News - World (Archived),https://www.bbc.co.uk/news/world-asia-india-60650018?at_medium=RSS&at_campaign=KARANGA
art_dbaa0f6027178e3be4213349a60f6f4e,Will Russia's attack on Ukraine help thaw US-Venezuela relations?,2022-03-13 00:23:15,BBC News - World (Archived),https://www.bbc.co.uk/news/world-latin-america-60697017?at_medium=RSS&at_campaign=KARANGA
art_a202c1614adbb2d07c11a9f478fbefe5,War in Ukraine: How Russia is recruiting mercenaries,2022-03-12 00:32:16,BBC News - World (Archived),https://www.bbc.co.uk/news/world-europe-60711211?at_medium=RSS&at_campaign=KARANGA
art_a3dedef55e85547090ed3f38b19d33e5,Russia-Ukraine war: A warm hug meant that war had begun,2022-03-12 01:34:13,BBC News - World (Archived),https://www.bbc.co.uk/news/technology-60684120?at_medium=RSS&at_campaign=KARANGA
art_bb2c9a7848c04b60e6234b109cdb3e95,War in Ukraine: Video shows destroyed buildings on fire after shelling,2022-03-13 13:48:06,BBC News - World (Archived),https://www.bbc.co.uk/news/world-60726188?at_medium=RSS&at_campaign=KARANGA
art_6d64f9bebc3c7d39cc68ef50d3c651d9,War in Ukraine: The teenagers at war with only three days training,2022-03-13 07:36:30,BBC News - World (Archived),https://www.bbc.co.uk/news/world-europe-60726265?at_medium=RSS&at_campaign=KARANGA
art_35793d875564fb86afe3925c702a78fb,The first sex worker strike: 'We are just women and mothers',2022-03-13 00:00:40,BBC News - World (Archived),https://www.bbc.co.uk/news/stories-60692009?at_medium=RSS&at_campaign=KARANGA
art_e048f159e3e9d1ea2bfdc4fb015b21d6,Watch: Otters in Singapore cross road with police escort,2022-03-12 10:38:48,BBC News - World (Archived),https://www.bbc.co.uk/news/world-asia-60720259?at_medium=RSS&at_campaign=KARANGA
art_457315a6796ef0572fd41ee2ba06708e,War in Ukraine: People flee Irpin after key bridge destroyed,2022-03-12 13:38:07,BBC News - World (Archived),https://www.bbc.co.uk/news/world-europe-60719030?at_medium=RSS&at_campaign=KARANGA
art_96e864e1b394ba12b87c4a31e24330c2,"Russia targets east Ukraine, says first phase over",2022-03-26 01:33:17,BBC News - World (Archived),https://www.bbc.co.uk/news/world-europe-60872358?at_medium=RSS&at_campaign=KARANGA
art_a400e4f729ef40152a56509c45f74943,Ukraine war: WHO says attacks on hospitals are increasing daily,2022-03-26 01:25:56,BBC News - World (Archived),https://www.bbc.co.uk/news/health-60866669?at_medium=RSS&at_campaign=KARANGA
art_c024f352a6f3c7e50546bc5410bc04bf,War in Ukraine: Change of emphasis or admission of failure by Moscow?,2022-03-25 20:18:56,BBC News - World (Archived),https://www.bbc.co.uk/news/world-europe-60882156?at_medium=RSS&at_campaign=KARANGA
art_15c041cf2579c1d51508d2c462359682,"World freedoms at stake, President Biden tells US troops",2022-03-25 17:35:06,BBC News - World (Archived),https://www.bbc.co.uk/news/world-us-canada-60837949?at_medium=RSS&at_campaign=KARANGA
art_b58915a4d0737766252e695ffcddf585,"On the road to Mariupol, a southern Ukrainian town fears for the worst",2022-03-25 18:01:08,BBC News - World (Archived),https://www.bbc.co.uk/news/world-europe-60879835?at_medium=RSS&at_campaign=KARANGA
art_3baf952864e9c27f1b42877f721b90b1,Next stop Kyiv - the battle on the capital's outskirts,2022-03-25 18:40:28,BBC News - World (Archived),https://www.bbc.co.uk/news/world-europe-60874223?at_medium=RSS&at_campaign=KARANGA
art_3103e1809a0aa16ffbfea539dee45b14,Ukraine war: JK Rowling hits back at Putin's 'cancel culture' comment,2022-03-25 16:15:41,BBC News - World (Archived),https://www.bbc.co.uk/news/world-europe-60878133?at_medium=RSS&at_campaign=KARANGA
art_e854e31a790fb09bbf4248819523f0e4,EU signs US gas deal to curb reliance on Russia,2022-03-25 15:30:22,BBC News - World (Archived),https://www.bbc.co.uk/news/business-60871601?at_medium=RSS&at_campaign=KARANGA
art_90bca63e741d8063e13b57285ab06213,North Korea Hwasong-17 launch gets Hollywood-style effects,2022-03-25 18:30:19,BBC News - World (Archived),https://www.bbc.co.uk/news/world-asia-60877578?at_medium=RSS&at_campaign=KARANGA
art_2d9ae71d9249e9fd6ddbb54b071a1b11,Boyfriend ordered pregnant woman's murder,2022-03-25 17:03:34,BBC News - World (Archived),https://www.bbc.co.uk/news/world-africa-60875314?at_medium=RSS&at_campaign=KARANGA
art_2a62c7731fba00311fa80878a99d5c53,Gretchen Whitmer: Court hears of violent plot to abduct US governor,2022-03-25 21:14:34,BBC News - World (Archived),https://www.bbc.co.uk/news/world-us-canada-60876858?at_medium=RSS&at_campaign=KARANGA
art_3dc2e7ed36a9adf871abbe3db6393528,Katty Kay: The danger of wishful Western thinking,2022-03-25 23:37:20,BBC News - World (Archived),https://www.bbc.co.uk/news/world-us-canada-60881915?at_medium=RSS&at_campaign=KARANGA
art_1a0463d208116dc492e085f2902b7b73,Will Ukraine invasion push Japan to go nuclear?,2022-03-26 00:01:02,BBC News - World (Archived),https://www.bbc.co.uk/news/world-asia-60857346?at_medium=RSS&at_campaign=KARANGA
art_9defb3742efdeffb97bce037cc6174b8,Ethiopia's civil war: The women who paid the price,2022-03-26 00:05:26,BBC News - World (Archived),https://www.bbc.co.uk/news/world-africa-60648163?at_medium=RSS&at_campaign=KARANGA
art_2dd75a65794b25d98bc36ebcf685f051,Ukraine war: A dangerous escape on the 'Rescue Express',2022-03-25 06:00:04,BBC News - World (Archived),https://www.bbc.co.uk/news/world-europe-60866389?at_medium=RSS&at_campaign=KARANGA
art_7efc11d0777a080f0989addd8b7e1ccc,Ukraine War: Civilians abducted as Russia tries to assert control,2022-03-25 07:29:57,BBC News - World (Archived),https://www.bbc.co.uk/news/world-europe-60858363?at_medium=RSS&at_campaign=KARANGA
art_278c6690d22b7deb58dca81e5cb15534,Ukraine war: The priest shot at a checkpoint,2022-03-25 00:12:45,BBC News - World (Archived),https://www.bbc.co.uk/news/world-europe-60778909?at_medium=RSS&at_campaign=KARANGA
art_c4baeca44131f0e7d1d1cb2924fef6a0,Cameroon conflict: The football fans who hope their national team lose,2022-03-25 11:36:04,BBC News - World (Archived),https://www.bbc.co.uk/news/world-africa-60861896?at_medium=RSS&at_campaign=KARANGA
art_486dc0f69ce3d00857fdd6bb7e37e834,Ukraine war: The road to safety for Ukraine's cancer children,2022-03-25 09:10:04,BBC News - World (Archived),https://www.bbc.co.uk/news/health-60821689?at_medium=RSS&at_campaign=KARANGA
art_fd2dd4a2b5490a105cf0a85858f8ddae,Poland hotel becomes triage centre for cancer patients,2022-03-25 00:15:43,BBC News - World (Archived),https://www.bbc.co.uk/news/health-60861537?at_medium=RSS&at_campaign=KARANGA
art_39371e1042aa4bf9bd52631954963d25,"Ukraine war: Return to Irpin, the town destroyed in the battle for Kyiv",2022-03-25 00:53:01,BBC News - World (Archived),https://www.bbc.co.uk/news/world-europe-60867789?at_medium=RSS&at_campaign=KARANGA
art_2ee6c66d80c62e82550b90b9e1316857,Ukraine war: The dangers faced by front line fighters in Kharkiv,2022-03-24 20:02:49,BBC News - World (Archived),https://www.bbc.co.uk/news/world-europe-60867786?at_medium=RSS&at_campaign=KARANGA
art_0a701bf8340b875500c0627f4bbb8718,"Michael Bublé: Multi-Grammy winner on Bond themes, romantic gifts and new album",2022-03-25 00:45:29,BBC News - World (Archived),https://www.bbc.co.uk/news/entertainment-arts-60861539?at_medium=RSS&at_campaign=KARANGA
art_2ec1fb0089ea8621e9c19a17a587d59c,"Australia floods: 'We're resilient, but how about helping us?'",2022-03-25 00:47:02,BBC News - World (Archived),https://www.bbc.co.uk/news/world-australia-60831476?at_medium=RSS&at_campaign=KARANGA
art_110c150310258a09e4f674a75104591a,Ukraine war: Gruesome evidence points to war crimes on road outside Kyiv,2022-04-01 06:30:27,BBC News - World (Archived),https://www.bbc.co.uk/news/world-europe-60949791?at_medium=RSS&at_campaign=KARANGA
art_01b98a6c3a463c09408e29836980e8be,War in Ukraine: Russia accuses Ukraine of attacking oil depot,2022-04-01 10:14:08,BBC News - World (Archived),https://www.bbc.co.uk/news/world-europe-60952125?at_medium=RSS&at_campaign=KARANGA
art_3c6e30e2354a5a38b3c8a7f7743b1d4f,"Ukraine war: Russian troops leave Chernobyl, Ukraine says",2022-04-01 06:37:09,BBC News - World (Archived),https://www.bbc.co.uk/news/world-europe-60945666?at_medium=RSS&at_campaign=KARANGA
art_2f079916bbd741acca6bbfc3d9d723b8,"Will Smith: Police were ready to arrest star during Oscars, producer says",2022-04-01 08:17:29,BBC News - World (Archived),https://www.bbc.co.uk/news/entertainment-arts-60952217?at_medium=RSS&at_campaign=KARANGA
art_1e43024290f06afca57c717cd4a5bb10,Police find five foetuses at the home of US anti-abortion activist,2022-04-01 03:01:29,BBC News - World (Archived),https://www.bbc.co.uk/news/world-us-canada-60950016?at_medium=RSS&at_campaign=KARANGA
art_ea5ad3e76e85a6dca52a25c5476bdda2,"Ukraine war: Russia blocks buses heading to Mariupol, says Ukraine",2022-03-31 19:16:01,BBC News - World (Archived),https://www.bbc.co.uk/news/world-europe-60938429?at_medium=RSS&at_campaign=KARANGA
art_16285df2e36b762284c2b517079bb348,Patrick Demarchelier: Fashion photographer dies aged 78,2022-04-01 09:36:38,BBC News - World (Archived),https://www.bbc.co.uk/news/entertainment-arts-60952353?at_medium=RSS&at_campaign=KARANGA
art_15d22f1c81b289da40dfcde83390c236,Sri Lanka: Protest at president Rajapaksa's home turns violent,2022-04-01 06:14:01,BBC News - World (Archived),https://www.bbc.co.uk/news/world-asia-60950266?at_medium=RSS&at_campaign=KARANGA
art_3bb432952bf9de944f589bb944ca3ff3,Ukraine war: Russian forces regrouping for attack - Nato,2022-04-01 00:14:09,BBC News - World (Archived),https://www.bbc.co.uk/news/world-europe-60945068?at_medium=RSS&at_campaign=KARANGA
art_1cb8363d4cc733e69724d81b71b87491,French intelligence chief Vidaud fired over Russian war failings,2022-03-31 13:31:38,BBC News - World (Archived),https://www.bbc.co.uk/news/world-europe-60938538?at_medium=RSS&at_campaign=KARANGA
art_4031cba283135e9d65ebfb3a12e43665,Will Smith: Chris Rock's first comments since Oscars slap,2022-03-31 08:46:48,BBC News - World (Archived),https://www.bbc.co.uk/news/entertainment-arts-60939316?at_medium=RSS&at_campaign=KARANGA
art_3276df286617cb0774373a5377e2d8be,Jamal Khashoggi: Call for Turkey murder trial to be halted,2022-03-31 16:37:48,BBC News - World (Archived),https://www.bbc.co.uk/news/world-europe-60939738?at_medium=RSS&at_campaign=KARANGA
art_606efbba68ae6f4fd3dbc5a40436e730,Kenya's BBI blocked in blow to President Uhuru Kenyatta,2022-03-31 15:52:34,BBC News - World (Archived),https://www.bbc.co.uk/news/world-africa-60941860?at_medium=RSS&at_campaign=KARANGA
art_db202ca383567038bac0ec5465c07298,China: Peeking into the private lives of livestreamers,2022-04-01 00:21:38,BBC News - World (Archived),https://www.bbc.co.uk/news/world-asia-china-60473524?at_medium=RSS&at_campaign=KARANGA
art_233d5ebbf1c7c33a17dd73b6975fa866,Haryana: India's ambitious child brides who dare to dream,2022-04-01 00:53:31,BBC News - World (Archived),https://www.bbc.co.uk/news/world-asia-india-60458629?at_medium=RSS&at_campaign=KARANGA
art_6dbf38a3f75d3e95e6dca19d0e08558f,Could Ukraine 'win' the war? And other questions,2022-03-31 16:14:08,BBC News - World (Archived),https://www.bbc.co.uk/news/world-60945122?at_medium=RSS&at_campaign=KARANGA
art_4477af1fe7fb1b7fcebb8f0a3d3c9766,World Cup 2022: How has Qatar treated stadium workers?,2022-04-01 09:51:40,BBC News - World (Archived),https://www.bbc.co.uk/news/world-60867042?at_medium=RSS&at_campaign=KARANGA
art_4d82d3c7cc75f60778a538abf92f81ed,Africa's week in pictures: 25-31 March 2022,2022-04-01 00:51:30,BBC News - World (Archived),https://www.bbc.co.uk/news/world-africa-60939581?at_medium=RSS&at_campaign=KARANGA
art_d3cf3e2cc714ca5668ec2e5606e2cc26,UK farmers call for weedkiller ban over Parkinson’s fears,2022-04-01 00:06:38,BBC News - World (Archived),https://www.bbc.co.uk/news/science-environment-60836892?at_medium=RSS&at_campaign=KARANGA
art_3729e924038648f033efbb5cff16fb78,Chip shortage: Has Europe's plan arrived too late?,2022-04-01 00:30:00,BBC News - World (Archived),https://www.bbc.co.uk/news/business-60554228?at_medium=RSS&at_campaign=KARANGA
art_47a7a2b178d72644e360069c4bcfdcab,Meeting with Pope a 'stepping stone' towards reconciliation,2022-03-31 14:59:17,BBC News - World (Archived),https://www.bbc.co.uk/news/world-us-canada-60905547?at_medium=RSS&at_campaign=KARANGA
art_ee707fa7120da15781175c353aab2257,Russian MP says Putin's plan for Ukraine hasn't been shared with their parliament,2022-03-31 17:36:01,BBC News - World (Archived),https://www.bbc.co.uk/news/world-europe-60947272?at_medium=RSS&at_campaign=KARANGA
art_21a77fc251fd5648334c40f474ddb6f1,How do you do a face-to-face interview with Zelensky?,2022-03-31 17:09:44,BBC News - World (Archived),https://www.bbc.co.uk/news/world-europe-60947271?at_medium=RSS&at_campaign=KARANGA
art_cff7f7b9ec54a2273b86338350fe30fe,Ukraine war: The Syrians signing up to fight for Russia,2022-03-30 14:10:55,BBC News - World (Archived),https://www.bbc.co.uk/news/world-middle-east-60931180?at_medium=RSS&at_campaign=KARANGA
art_af9086383bc68317f76113500ad6b5d7,Dog saved by Ukrainian soldiers from abandoned home,2022-03-30 16:17:06,BBC News - World (Archived),https://www.bbc.co.uk/news/world-europe-60930068?at_medium=RSS&at_campaign=KARANGA
art_af2c9dd27c3622d984b300e39f8dfa57,US astronaut and Russian cosmonauts return to Earth,2022-03-30 22:46:12,BBC News - World (Archived),https://www.bbc.co.uk/news/world-us-canada-60880633?at_medium=RSS&at_campaign=KARANGA
art_70d5a54991d2e2a02d58ce6dab5138b8,French elections: Macron and Le Pen to fight for presidency,2022-04-11 02:24:32,BBC News - World (Archived),https://www.bbc.co.uk/news/world-europe-61061230?at_medium=RSS&at_campaign=KARANGA
art_5b34f6300f32d918242be7b8a868f4c8,France election: This time it won’t be a walkover for Macron,2022-04-10 20:24:56,BBC News - World (Archived),https://www.bbc.co.uk/news/world-europe-61061359?at_medium=RSS&at_campaign=KARANGA
art_24de26549012217c964f50d9d9b8193f,Ukraine village scarred by aftermath of occupation,2022-04-10 20:54:08,BBC News - World (Archived),https://www.bbc.co.uk/news/world-europe-61062213?at_medium=RSS&at_campaign=KARANGA
art_63efa938ea1ebc368b14681521d3e949,Pakistan parliament to vote in new PM after Imran Khan ousting,2022-04-11 04:12:42,BBC News - World (Archived),https://www.bbc.co.uk/news/world-asia-61063386?at_medium=RSS&at_campaign=KARANGA
art_c51559c2954a9b7d3387166519b2c9d8,"'I'm under no illusions,' says British soldier in Ukraine, after comrades killed",2022-04-10 23:06:53,BBC News - World (Archived),https://www.bbc.co.uk/news/world-europe-61058139?at_medium=RSS&at_campaign=KARANGA
art_e7aa23be8e3c4130beee5686cb9b4739,"Elon Musk will not join Twitter board, says boss",2022-04-11 07:28:20,BBC News - World (Archived),https://www.bbc.co.uk/news/business-61063905?at_medium=RSS&at_campaign=KARANGA
art_af03c7d601fd2ec9ca84b9294425fa96,Spanish police seize huge haul of illegal stuffed animals,2022-04-10 18:01:14,BBC News - World (Archived),https://www.bbc.co.uk/news/world-europe-61060916?at_medium=RSS&at_campaign=KARANGA
art_b9f8971a9474668c188ea2ebf4e31686,Australia election: PM Scott Morrison calls poll for 21 May,2022-04-10 09:33:04,BBC News - World (Archived),https://www.bbc.co.uk/news/world-australia-61055915?at_medium=RSS&at_campaign=KARANGA
art_733869446d2268806889568e7dcff8b9,Saniya Mistri: The hijab-wearing teen rapper breaking stereotypes,2022-04-09 23:00:18,BBC News - World (Archived),https://www.bbc.co.uk/news/world-asia-india-61015974?at_medium=RSS&at_campaign=KARANGA
art_180c2fefa541af798f149a24f3a7cac9,Australian Grand Prix: Charles Leclerc wins in Melbourne as title rival Max Verstappen retires,2022-04-10 06:34:24,BBC News - World (Archived),https://www.bbc.co.uk/sport/formula1/61056578?at_medium=RSS&at_campaign=KARANGA
art_2d462fef531ee0574f566fe0cf6262f1,Ronaldo: Police investigating after Manchester United forward appears to break fan's phone,2022-04-10 10:55:45,BBC News - World (Archived),https://www.bbc.co.uk/sport/football/61053927?at_medium=RSS&at_campaign=KARANGA
art_3e1159112e431a28c32f412fa6720101,Chernihiv: Are these Russia's weapons of war?,2022-04-09 23:04:18,BBC News - World (Archived),https://www.bbc.co.uk/news/world-europe-61036880?at_medium=RSS&at_campaign=KARANGA
art_7143429003f324bdd480992d3ae28479,Ukraine: Three ways this war could escalate and drag Nato in,2022-04-09 23:05:53,BBC News - World (Archived),https://www.bbc.co.uk/news/world-europe-61051307?at_medium=RSS&at_campaign=KARANGA
art_10171b6c8c310e082889390ec223f5f9,Australia election: Enter a lacklustre advert for democracy,2022-04-11 00:07:56,BBC News - World (Archived),https://www.bbc.co.uk/news/world-australia-60951030?at_medium=RSS&at_campaign=KARANGA
art_254eb3094b357ced7480676d081675fe,Mozambique Palma terror attack: 'I can't go back',2022-04-09 23:25:18,BBC News - World (Archived),https://www.bbc.co.uk/news/world-africa-61029991?at_medium=RSS&at_campaign=KARANGA
art_9e8bcb2260f2b21685f347491565c1e4,López Obrador: What's behind Mexican leader's recall referendum?,2022-04-09 23:31:13,BBC News - World (Archived),https://www.bbc.co.uk/news/world-latin-america-60993770?at_medium=RSS&at_campaign=KARANGA
art_79fc6878c94efac84049c3e4e05d754e,Inside Chernobyl: We stole Russian fuel to prevent catastrophe,2022-04-09 03:48:55,BBC News - World (Archived),https://www.bbc.co.uk/news/world-europe-61048256?at_medium=RSS&at_campaign=KARANGA
art_da1510095848f16beb6fefd1211f0fa3,Ukraine war: The school that helped fleeing musicians find safety,2022-04-08 23:01:45,BBC News - World (Archived),https://www.bbc.co.uk/news/world-europe-61038463?at_medium=RSS&at_campaign=KARANGA
art_e170e8d98540695038c42e0b735395bd,Could Marine Le Pen win the French elections?,2022-04-11 05:26:45,BBC News - World (Archived),https://www.bbc.co.uk/news/world-europe-61064426?at_medium=RSS&at_campaign=KARANGA
art_4c8edcb7b6c78336b4c9e9720b39850b,Falklands War: 'The UK is still usurping our land',2022-04-10 23:00:13,BBC News - World (Archived),https://www.bbc.co.uk/news/world-latin-america-61028653?at_medium=RSS&at_campaign=KARANGA
art_24300a99f0361c591b5918fbf9cc84cd,Ukraine war: The foreign fighters supporting the Ukrainian army,2022-04-10 13:56:44,BBC News - World (Archived),https://www.bbc.co.uk/news/world-europe-61057247?at_medium=RSS&at_campaign=KARANGA
art_98ef4665b1e77cdd84a679cf251ffcf7,French election: Macron pledges to create united France,2022-04-10 20:28:41,BBC News - World (Archived),https://www.bbc.co.uk/news/world-europe-61061046?at_medium=RSS&at_campaign=KARANGA
art_b49785b54371a158a1c66aad5b9aa723,Ukraine war: Johnson and Zelensky tour near-empty streets in Kyiv,2022-04-10 06:47:51,BBC News - World (Archived),https://www.bbc.co.uk/news/world-europe-61057005?at_medium=RSS&at_campaign=KARANGA
art_76cbe51774d316eb644eb93f39674053,Biden accuses Russia of 'genocide' in Ukraine,2022-04-12 22:07:00,BBC News - World (Archived),https://www.bbc.co.uk/news/world-us-canada-61089381?at_medium=RSS&at_campaign=KARANGA
art_02a9dcb3aef3d3072710b59a49a6fc38,Ukraine: The critical fight for 'heart of this war' Mariupol,2022-04-13 03:46:30,BBC News - World (Archived),https://www.bbc.co.uk/news/world-europe-61089043?at_medium=RSS&at_campaign=KARANGA
art_d2f8ab34530470c512340fbb8f668127,Ukraine: Fugitive Putin ally Medvedchuk arrested - security service,2022-04-13 08:43:58,BBC News - World (Archived),https://www.bbc.co.uk/news/world-europe-61089039?at_medium=RSS&at_campaign=KARANGA
art_4d6b765deb8f442614a070030f368819,Ukraine war: What weapon killed 50 people in station attack?,2022-04-13 02:28:46,BBC News - World (Archived),https://www.bbc.co.uk/news/61079356?at_medium=RSS&at_campaign=KARANGA
art_9127c387ea90a4ac87a291fd07a1a156,Brooklyn shooting: Person of interest named in New York subway attack,2022-04-13 02:12:22,BBC News - World (Archived),https://www.bbc.co.uk/news/world-us-canada-61089619?at_medium=RSS&at_campaign=KARANGA
art_3093ecb918008ec51a7b4853c99f2fbd,Johnny Depp and Amber Heard: Heard giving 'performance of her life',2022-04-12 20:57:29,BBC News - World (Archived),https://www.bbc.co.uk/news/world-us-canada-61082790?at_medium=RSS&at_campaign=KARANGA
art_5d8d664b5b57e8d5292994ad20bfe0ee,Putin vows to press on with Ukraine war,2022-04-12 21:23:25,BBC News - World (Archived),https://www.bbc.co.uk/news/world-europe-61077648?at_medium=RSS&at_campaign=KARANGA
art_3ac7263dbc77248cd8ae990f28cfdb93,Tropical Storm Megi: Rescuers race to find survivors as death toll rises,2022-04-13 03:19:06,BBC News - World (Archived),https://www.bbc.co.uk/news/world-asia-61089853?at_medium=RSS&at_campaign=KARANGA
art_3244de4dbdcb48e7fda288dcce34fa9b,27-year-old refugee Ludmyla Chyrkova is heading home,2022-04-12 23:01:12,BBC News - World (Archived),https://www.bbc.co.uk/news/world-61084113?at_medium=RSS&at_campaign=KARANGA
art_ac37f914de16ee92e4ef15a715cbce8c,US cryptocurrency expert jailed for helping North Korea evade sanctions,2022-04-13 04:48:25,BBC News - World (Archived),https://www.bbc.co.uk/news/business-61090064?at_medium=RSS&at_campaign=KARANGA
art_e5291fd55a761920c8440051b3db6ea0,"Australia's koalas: Freeze sperm to save species, say researchers",2022-04-13 09:51:19,BBC News - World (Archived),https://www.bbc.co.uk/news/world-australia-61092947?at_medium=RSS&at_campaign=KARANGA
art_dfa74ff45615b932cb221fa695ecbc23,Grieving Russians can't believe talk of war crimes in Ukraine,2022-04-12 17:07:19,BBC News - World (Archived),https://www.bbc.co.uk/news/world-europe-61073897?at_medium=RSS&at_campaign=KARANGA
art_a45264d631131950ba3db004027d9310,Donbas: Battle in east Ukraine expected to be bloody and decisive,2022-04-12 16:00:16,BBC News - World (Archived),https://www.bbc.co.uk/news/world-europe-61080476?at_medium=RSS&at_campaign=KARANGA
art_6ec526181ed05cc2d4fb076b1d891df0,How posh British schools are branching out in Asia,2022-04-12 23:20:17,BBC News - World (Archived),https://www.bbc.co.uk/news/business-60597999?at_medium=RSS&at_campaign=KARANGA
art_abcb748f3e743dac5d42d79cd410a5cd,CPC: Criminal Procedure Identification Bill raises fears of surveillance in India,2022-04-13 00:53:09,BBC News - World (Archived),https://www.bbc.co.uk/news/world-asia-india-61015970?at_medium=RSS&at_campaign=KARANGA
art_4a3328e08def88f7dbf9986ebaa2e2ad,Why Nigeria's historic dye pits in Kano risk closure,2022-04-13 00:27:14,BBC News - World (Archived),https://www.bbc.co.uk/news/world-africa-61066957?at_medium=RSS&at_campaign=KARANGA
art_842fb033f72a79f49942b99f3f0d6bfd,"Ukraine: Our parents wouldn’t leave Bucha, then Russia moved in",2022-04-12 00:59:20,BBC News - World (Archived),https://www.bbc.co.uk/news/world-61074576?at_medium=RSS&at_campaign=KARANGA
art_cf3a685cdd745f6edbf7f802580f6b9b,Hidden wealth of one of Putin’s 'inner circle' revealed,2022-04-11 16:26:42,BBC News - World (Archived),https://www.bbc.co.uk/news/world-europe-61028866?at_medium=RSS&at_campaign=KARANGA
art_e880d86137e025b99d7fef560f15d805,Zelensky asked if he'll give Russia any part of Ukraine,2022-04-11 09:27:33,BBC News - World (Archived),https://www.bbc.co.uk/news/world-europe-61064429?at_medium=RSS&at_campaign=KARANGA
art_b39fb9ef7e0777143096d2500bc0e5a1,Ukraine's President Zelensky to BBC: Blood money being paid for Russian oil,2022-04-14 15:57:38,BBC News - World (Archived),https://www.bbc.co.uk/news/world-europe-61107725?at_medium=RSS&at_campaign=KARANGA
art_23241500bdc7a2c4c6887c8cd018640f,Russian warship Moskva: What do we know?,2022-04-14 15:40:35,BBC News - World (Archived),https://www.bbc.co.uk/news/world-europe-61103927?at_medium=RSS&at_campaign=KARANGA
art_0510392a0e98f3cfce6fbe754c46727c,El Shafee Elsheikh: Guilty verdict for Islamic State 'Beatle' jihadist,2022-04-14 19:39:18,BBC News - World (Archived),https://www.bbc.co.uk/news/world-us-canada-61112787?at_medium=RSS&at_campaign=KARANGA
art_9fcc52adb780a7fc15b78ede03c2ebed,Ukraine war: Farmers stretched to the brink in Odesa,2022-04-14 04:58:18,BBC News - World (Archived),https://www.bbc.co.uk/news/world-europe-61101735?at_medium=RSS&at_campaign=KARANGA
art_748bfa0e3545548f10c87b044f3355ff,Patrick Lyoya: Video shows fatal US police shooting of black man,2022-04-14 06:30:08,BBC News - World (Archived),https://www.bbc.co.uk/news/world-us-canada-61102065?at_medium=RSS&at_campaign=KARANGA
art_41a55bd8ef63b818a143d9e11306a5ed,One-way ticket to Rwanda for some UK asylum seekers,2022-04-14 13:18:43,BBC News - World (Archived),https://www.bbc.co.uk/news/uk-politics-61097114?at_medium=RSS&at_campaign=KARANGA
art_4efddefbbec5ab717b00b58d75e70f24,Germany kidnap plot: Gang planned to overthrow democracy,2022-04-14 11:17:58,BBC News - World (Archived),https://www.bbc.co.uk/news/world-europe-61106241?at_medium=RSS&at_campaign=KARANGA
art_60919cf109a822cd1df0fbce427b76c9,Elon Musk makes offer to buy Twitter,2022-04-14 16:03:20,BBC News - World (Archived),https://www.bbc.co.uk/news/business-61104231?at_medium=RSS&at_campaign=KARANGA
art_70daad3040e0176bfbd8240151be9f8d,"Durban flood survivors: South Africans homeless, hurt and heartbroken",2022-04-14 16:43:38,BBC News - World (Archived),https://www.bbc.co.uk/news/world-africa-61105463?at_medium=RSS&at_campaign=KARANGA
art_fc7981f2fe797a2dac18fb63b6f7040c,Palestinian deaths mount as tensions with Israel spiral,2022-04-14 10:10:18,BBC News - World (Archived),https://www.bbc.co.uk/news/world-middle-east-61105492?at_medium=RSS&at_campaign=KARANGA
art_1a7876ab5aa2615926e4fe0090b5048f,Ranbir Kapoor and Alia Bhatt: Bollywood toasts star couple on wedding,2022-04-14 15:38:29,BBC News - World (Archived),https://www.bbc.co.uk/news/world-asia-india-61092045?at_medium=RSS&at_campaign=KARANGA
art_bb617d251ee44b6ddf34a8934df70782,Somalia's elections - where the people don't vote,2022-04-14 14:40:45,BBC News - World (Archived),https://www.bbc.co.uk/news/world-africa-61083959?at_medium=RSS&at_campaign=KARANGA
art_21f8ab397095e385a43142028d6ad60d,Why people get away with hate speech in India,2022-04-13 23:02:56,BBC News - World (Archived),https://www.bbc.co.uk/news/world-asia-india-61090363?at_medium=RSS&at_campaign=KARANGA
art_45877da13e953bc6ee55046d71db64d7,Brazil's indigenous communities fear mining threat over war in Ukraine,2022-04-13 23:04:30,BBC News - World (Archived),https://www.bbc.co.uk/news/world-latin-america-61093258?at_medium=RSS&at_campaign=KARANGA
art_0ce645460e54519df596b608cd95d1cb,Zelensky: Countries buying Russian oil are earning money in other people's blood,2022-04-14 16:13:28,BBC News - World (Archived),https://www.bbc.co.uk/news/world-europe-61112489?at_medium=RSS&at_campaign=KARANGA
art_95e362a6c5213878542edcbfc0c7cafe,How we verify social media posts from the war in Ukraine,2022-04-13 23:01:02,BBC News - World (Archived),https://www.bbc.co.uk/news/61096713?at_medium=RSS&at_campaign=KARANGA
art_fc75e225731df2f453d47260af6ad3cf,Russia releases drone footage shows Mariupol damage,2022-04-13 11:54:26,BBC News - World (Archived),https://www.bbc.co.uk/news/world-europe-61096385?at_medium=RSS&at_campaign=KARANGA
art_5d80b72e770e250804b141bb6d1ee60f,"BBC reporter: Scale of destruction in Borodyanka, in Kyiv region is extraordinary",2022-04-13 11:32:50,BBC News - World (Archived),https://www.bbc.co.uk/news/world-europe-61093002?at_medium=RSS&at_campaign=KARANGA
art_489a1976806092e93e3c97829e71ae4e,War in Ukraine: The moment a puppy is rescued from the rubble,2022-04-13 15:42:19,BBC News - World (Archived),https://www.bbc.co.uk/news/world-europe-61099211?at_medium=RSS&at_campaign=KARANGA
art_84dece001c701f1dc468f8030804fd2c,Mariupol: Russia declares complete victory at Azovstal plant,2022-05-20 22:14:07,BBC News - World (Archived),https://www.bbc.co.uk/news/world-europe-61529877?at_medium=RSS&at_campaign=KARANGA
art_ac80655ab83da9550571b4052d22cdd7,Monkeypox: 80 cases confirmed in 12 countries,2022-05-21 06:01:03,BBC News - World (Archived),https://www.bbc.co.uk/news/health-61532083?at_medium=RSS&at_campaign=KARANGA
art_a92e7c13832b3346769524699708cec5,US Secret Service: Two sent home after 'incident' in South Korea,2022-05-20 14:40:33,BBC News - World (Archived),https://www.bbc.co.uk/news/world-us-canada-61526896?at_medium=RSS&at_campaign=KARANGA
art_3476c14d539d62d6de069eb6664adbe2,Elon Musk denies sexual misconduct allegations,2022-05-20 21:33:43,BBC News - World (Archived),https://www.bbc.co.uk/news/world-us-canada-61526898?at_medium=RSS&at_campaign=KARANGA
art_48ef257695f1635cec2422e6f7713193,France's mustard shortage leaves sour taste,2022-05-20 19:09:40,BBC News - World (Archived),https://www.bbc.co.uk/news/world-europe-61529874?at_medium=RSS&at_campaign=KARANGA
art_0963c7b93bb48d6d6ca3d6b8a3ab67ff,Ukraine says giant Zaporizhzhia nuclear plant can't supply Russia,2022-05-20 13:19:23,BBC News - World (Archived),https://www.bbc.co.uk/news/world-europe-61524376?at_medium=RSS&at_campaign=KARANGA
art_21cce41dc4d5e7f94479df8ed83e289b,Biden plan to end US migrant expulsion policy blocked,2022-05-21 00:51:34,BBC News - World (Archived),https://www.bbc.co.uk/news/world-us-canada-61532326?at_medium=RSS&at_campaign=KARANGA
art_025d7b7d411471469e0f2f934bea0b3c,California wildfires: Man gets 24 years for setting blaze that killed condors,2022-05-20 15:03:22,BBC News - World (Archived),https://www.bbc.co.uk/news/world-us-canada-61526895?at_medium=RSS&at_campaign=KARANGA
art_60f5801ba5bba532eb810a8c22f8d799,"Johnny Depp was jealous and controlling, ex-girlfriend Ellen Barkin says",2022-05-20 15:16:44,BBC News - World (Archived),https://www.bbc.co.uk/news/entertainment-arts-61526110?at_medium=RSS&at_campaign=KARANGA
art_685c9d558526195339fec560695b87c3,Australia election 2022: Cost of living worries voters,2022-05-19 23:08:12,BBC News - World (Archived),https://www.bbc.co.uk/news/business-61483645?at_medium=RSS&at_campaign=KARANGA
art_d7c5d366cf9806c5e761d97bc84e70fc,Canada to ban Huawei from its 5G networks,2022-05-20 11:45:35,BBC News - World (Archived),https://www.bbc.co.uk/news/business-61517729?at_medium=RSS&at_campaign=KARANGA
art_b85ae5e03b3698095e1554d42ec1c2f6,Monkeypox: Time to worry or one to ignore?,2022-05-20 23:24:05,BBC News - World (Archived),https://www.bbc.co.uk/news/health-61524508?at_medium=RSS&at_campaign=KARANGA
art_09e7bdfacc2aeb89850851c19e9ef48b,Israeli police accused of violence towards shot Palestinian's family,2022-05-20 23:41:08,BBC News - World (Archived),https://www.bbc.co.uk/news/world-middle-east-61512663?at_medium=RSS&at_campaign=KARANGA
art_ae8a0ec11f9aa65c4c443284d87ac664,Ukraine war: The volunteer drivers risking their lives to save others,2022-05-20 23:46:32,BBC News - World (Archived),https://www.bbc.co.uk/news/world-europe-61511446?at_medium=RSS&at_campaign=KARANGA
art_0fe331c22b3bc66aa8aeeaf653e075fc,Nigeria's facial scars: The last generation,2022-05-20 23:19:33,BBC News - World (Archived),https://www.bbc.co.uk/news/world-africa-61229617?at_medium=RSS&at_campaign=KARANGA
art_fe8e6d4ec3107f31660becfe0dfe25e5,Aurangzeb: Why is a Mughal emperor who died 300 years ago being debated on social media?,2022-05-20 23:43:11,BBC News - World (Archived),https://www.bbc.co.uk/news/world-asia-india-61519088?at_medium=RSS&at_campaign=KARANGA
art_0299383f4cc49f1a31c692e9738cf06d,North Korea: Fighting Covid with traditional medicine,2022-05-19 23:24:29,BBC News - World (Archived),https://www.bbc.co.uk/news/61508440?at_medium=RSS&at_campaign=KARANGA
art_72fe2444737e89aaab638cdffaa72c41,Ukraine war: What might tip the balance?,2022-05-20 19:44:12,BBC News - World (Archived),https://www.bbc.co.uk/news/world-europe-61524175?at_medium=RSS&at_campaign=KARANGA
art_9731b482ccae543e687b69658e56bf9d,Week in pictures: 14 - 20 May 2022,2022-05-20 23:15:41,BBC News - World (Archived),https://www.bbc.co.uk/news/in-pictures-61524334?at_medium=RSS&at_campaign=KARANGA
art_758c4d89cd16d38ce148661518b476c0,Assam: The mushrooms killing India tea garden workers,2022-05-19 23:31:25,BBC News - World (Archived),https://www.bbc.co.uk/news/world-asia-india-61475397?at_medium=RSS&at_campaign=KARANGA
art_d082cb72076de83697aaa3fa3b07a44a,Ukraine war: One Russian's anti-war protest on the side of his shopping centre,2022-05-19 23:40:04,BBC News - World (Archived),https://www.bbc.co.uk/news/world-europe-61515365?at_medium=RSS&at_campaign=KARANGA
art_35d5337d3ad3230ca93840b5d3ed0673,Australia election: Do people trust their PM candidates?,2022-05-20 00:34:52,BBC News - World (Archived),https://www.bbc.co.uk/news/world-australia-61517687?at_medium=RSS&at_campaign=KARANGA
art_7eacba2528275251766d6c45bb7a9318,The ex-prisoners tasked with patrolling San Francisco,2022-05-20 02:40:26,BBC News - World (Archived),https://www.bbc.co.uk/news/world-us-canada-61514467?at_medium=RSS&at_campaign=KARANGA
art_904f52a7179daa39a47d84554d388a54,Camille Vasquez: Johnny Depp's lawyer becomes an internet celebrity,2022-05-20 17:23:48,BBC News - World (Archived),https://www.bbc.co.uk/news/world-us-canada-61527595?at_medium=RSS&at_campaign=KARANGA
art_91ebd8ed30c3e0cd167d7ec462ea0b72,Non-binary in Iraq: ‘People get killed’,2022-05-20 23:15:26,BBC News - World (Archived),https://www.bbc.co.uk/news/world-middle-east-61473241?at_medium=RSS&at_campaign=KARANGA
art_7e667213ec5be44484ccb486e0f4e4ad,The desperate journey Cubans make by water to the US,2022-05-20 23:10:07,BBC News - World (Archived),https://www.bbc.co.uk/news/world-us-canada-61516794?at_medium=RSS&at_campaign=KARANGA
art_1a768d1841484b246eecfc4f08a9ec6e,Cannes: Topless woman protests against sexual violence in Ukraine,2022-05-20 22:30:45,BBC News - World (Archived),https://www.bbc.co.uk/news/world-europe-61532234?at_medium=RSS&at_campaign=KARANGA
art_88ff1cb34cdb137039fbda2692e8afdb,Ukraine conflict: Missile strike on cultural centre 'evil' - Zelensky,2022-05-20 20:07:00,BBC News - World (Archived),https://www.bbc.co.uk/news/world-europe-61528686?at_medium=RSS&at_campaign=KARANGA
art_c7c9385ee8cb9347b9b3a6f65b050a60,Fifty Brazilian couples share a wedding day,2022-05-20 11:38:13,BBC News - World (Archived),https://www.bbc.co.uk/news/world-latin-america-61524945?at_medium=RSS&at_campaign=KARANGA
art_c17a8af6e749e4329ff024f74df35668,Ukraine war: Russian Foreign Minister Lavrov denies Putin illness,2022-05-30 13:00:31,BBC News - World (Archived),https://www.bbc.co.uk/news/world-europe-61628473?at_medium=RSS&at_campaign=KARANGA
art_87f73b123f1db9df29c970e345b32cee,Uvalde: US to review police response to Texas school shooting,2022-05-30 05:41:03,BBC News - World (Archived),https://www.bbc.co.uk/news/world-us-canada-61622797?at_medium=RSS&at_campaign=KARANGA
art_e0aea1bc73d6e0276dcecd4ee1230c1a,Colombia election: Surprise election run-off beckons,2022-05-30 01:03:44,BBC News - World (Archived),https://www.bbc.co.uk/news/world-latin-america-61628589?at_medium=RSS&at_campaign=KARANGA
art_ce16a763bda4cb0dc296f3906fc8e02f,Champions League final: France blames 'massive' ticket fraud as policing row rages,2022-05-30 13:37:07,BBC News - World (Archived),https://www.bbc.co.uk/news/world-europe-61630201?at_medium=RSS&at_campaign=KARANGA
art_179f2b8ee15cbe5c683037761ff30e79,Sick killer whale 'found dead in France',2022-05-30 13:37:55,BBC News - World (Archived),https://www.bbc.co.uk/news/world-europe-61634598?at_medium=RSS&at_campaign=KARANGA
art_bf077e625831c4138ea2f64c80858327,Peter Dutton: Staunch conservative named Australia's opposition leader,2022-05-30 04:16:47,BBC News - World (Archived),https://www.bbc.co.uk/news/world-australia-61628713?at_medium=RSS&at_campaign=KARANGA
art_6828a348a2afdaefc1365e087301b996,Shanghai lockdown: China's financial hub set to lift Covid curbs,2022-05-30 03:13:46,BBC News - World (Archived),https://www.bbc.co.uk/news/business-61628770?at_medium=RSS&at_campaign=KARANGA
art_25dc592b0097af8f2204131492fa0687,Samuel Kanu: Nigeria's Methodist Church leader kidnapped,2022-05-30 10:38:20,BBC News - World (Archived),https://www.bbc.co.uk/news/world-africa-61632802?at_medium=RSS&at_campaign=KARANGA
art_53ada0480b9d985177fa4aee0161dd44,Nancy Pelosi's husband Paul arrested for drink-driving,2022-05-30 08:48:44,BBC News - World (Archived),https://www.bbc.co.uk/news/world-us-canada-61631499?at_medium=RSS&at_campaign=KARANGA
art_89bfb2dd689d52c0ce9f4e775b287349,Jerusalem Flag March: Israeli nationalists stream through Muslim Quarter,2022-05-29 20:36:17,BBC News - World (Archived),https://www.bbc.co.uk/news/world-middle-east-61611304?at_medium=RSS&at_campaign=KARANGA
art_1b0836687caefa007792a6b9ea1b22db,Sidhu Moose Wala: Murder of popular Indian singer sparks anger,2022-05-30 09:07:21,BBC News - World (Archived),https://www.bbc.co.uk/news/world-asia-india-61629130?at_medium=RSS&at_campaign=KARANGA
art_78184201f3295d4eeaa4391e5f52d08f,Brazil: Landslides and floods kill dozens,2022-05-29 18:47:40,BBC News - World (Archived),https://www.bbc.co.uk/news/world-latin-america-61626912?at_medium=RSS&at_campaign=KARANGA
art_225e4d554993c3b710dcea69c1b16b56,Ukraine may soon get US long-range MLRS rocket system,2022-05-30 10:13:55,BBC News - World (Archived),https://www.bbc.co.uk/news/world-europe-61627316?at_medium=RSS&at_campaign=KARANGA
art_0a2af4a61d0d9020f8c30150784d3f89,The dangerous world of illegal mining in South Africa,2022-05-29 23:04:01,BBC News - World (Archived),https://www.bbc.co.uk/news/world-africa-61609559?at_medium=RSS&at_campaign=KARANGA
art_7bedb4b365fed3fe6488f916bb8ed645,Sidhu Moose Wala: The murdered Indian rapper who 'made sense of chaos',2022-05-30 12:09:14,BBC News - World (Archived),https://www.bbc.co.uk/news/world-asia-india-61629133?at_medium=RSS&at_campaign=KARANGA
art_2998ee3c1f2b44fe3f762148d193c06c,Ukraine war student-turned-soldier: 'Friends die in your arms',2022-05-30 05:01:36,BBC News - World (Archived),https://www.bbc.co.uk/news/world-europe-61624557?at_medium=RSS&at_campaign=KARANGA
art_aec0637044c2729e59b9238c3da3878e,Cost of living crisis: Relying on food handouts and moving country,2022-05-30 01:20:20,BBC News - World (Archived),https://www.bbc.co.uk/news/world-61584608?at_medium=RSS&at_campaign=KARANGA
art_7d74cd514ecdea73b7470c9610c3d0e6,UCC: The coming storm over a single common law in India,2022-05-29 23:26:30,BBC News - World (Archived),https://www.bbc.co.uk/news/world-asia-india-61589491?at_medium=RSS&at_campaign=KARANGA
art_cb68bba4c91c2e9efda088dbecd5042f,Kenya Elections 2022: Misinformation circulating online,2022-05-29 23:27:28,BBC News - World (Archived),https://www.bbc.co.uk/news/61591054?at_medium=RSS&at_campaign=KARANGA
art_2332cd17974700fee4a6838daf12e468,The Senegalese pop star who dared to sing about rape,2022-05-29 23:14:05,BBC News - World (Archived),https://www.bbc.co.uk/news/world-africa-61023659?at_medium=RSS&at_campaign=KARANGA
art_8705b4d7d4f6ae1f4f325dee98e0b4b6,Ukraine's President Zelensky makes rare visit to Kharkiv frontline,2022-05-29 17:23:10,BBC News - World (Archived),https://www.bbc.co.uk/news/world-europe-61627187?at_medium=RSS&at_campaign=KARANGA
art_3c47055783b331ae402ad7e15df83ea0,Ukraine war: BBC interview with Russian ambassador to the UK,2022-05-29 11:59:06,BBC News - World (Archived),https://www.bbc.co.uk/news/world-europe-61623278?at_medium=RSS&at_campaign=KARANGA
art_e084316bc8eb105982fd5c584da42b0c,Jerusalem Flag March: Israeli nationalists stream towards Muslim Quarter,2022-05-29 17:07:00,BBC News - World (Archived),https://www.bbc.co.uk/news/world-middle-east-61626910?at_medium=RSS&at_campaign=KARANGA
art_7ef00f0d659114d2d21c670e01448c04,Liverpool v Real Madrid: Riot police clash with football fans in Madrid,2022-05-29 08:12:18,BBC News - World (Archived),https://www.bbc.co.uk/news/uk-61622874?at_medium=RSS&at_campaign=KARANGA
art_75cd4fc4fa46b8b64410c432e04021ea,Champions League Final: I have asthma and was tear gassed twice - Liverpool fan,2022-05-29 07:18:45,BBC News - World (Archived),https://www.bbc.co.uk/news/uk-61623276?at_medium=RSS&at_campaign=KARANGA
art_0a67d71c427cf4ad8af00f323a64740a,Ukraine war: US to send longer-range rockets in latest aid package,2022-06-01 11:00:47,BBC News - World (Archived),https://www.bbc.co.uk/news/world-us-canada-61655577?at_medium=RSS&at_campaign=KARANGA
art_cd3804bd31011db0e6065dfe204972a5,"Canada trials decriminalising cocaine, MDMA and other drugs",2022-06-01 08:45:48,BBC News - World (Archived),https://www.bbc.co.uk/news/world-us-canada-61657095?at_medium=RSS&at_campaign=KARANGA
art_da3400bc8720c8d922df4e9d466fa874,Germans get €9-a-month travel in response to energy price rises,2022-06-01 11:05:17,BBC News - World (Archived),https://www.bbc.co.uk/news/world-europe-61656639?at_medium=RSS&at_campaign=KARANGA
art_b9e3d433ec6329a127a58aaaabdff772,Texas shooting: Uvalde gunman entered door that did not lock,2022-06-01 03:09:54,BBC News - World (Archived),https://www.bbc.co.uk/news/world-us-canada-61655009?at_medium=RSS&at_campaign=KARANGA
art_b4dda25d9c458fb8484f21d8564b9742,Hurricane Agatha: 11 dead and dozens missing in Mexico,2022-06-01 09:35:53,BBC News - World (Archived),https://www.bbc.co.uk/news/world-latin-america-61657942?at_medium=RSS&at_campaign=KARANGA
art_62fdc92ba31e2b957c9ae12fa9d5e8f5,World's biggest plant discovered off Australian coast,2022-06-01 02:57:38,BBC News - World (Archived),https://www.bbc.co.uk/news/world-australia-61655327?at_medium=RSS&at_campaign=KARANGA
art_542fb0c0535e66fa391b91b27ccd3790,Shanghai lockdown: Relief and caution as city returns to life,2022-06-01 02:20:07,BBC News - World (Archived),https://www.bbc.co.uk/news/world-asia-china-61655297?at_medium=RSS&at_campaign=KARANGA
art_eda34b8f8afcb8bf57a8a563daf9a381,Denmark holds referendum on dropping EU defence opt-out,2022-06-01 06:00:06,BBC News - World (Archived),https://www.bbc.co.uk/news/world-europe-61644663?at_medium=RSS&at_campaign=KARANGA
art_df27011e57433253d344cbecf8e0352b,Texas: Supreme Court blocks state's 'de-platforming' law,2022-06-01 00:00:22,BBC News - World (Archived),https://www.bbc.co.uk/news/world-us-canada-61654959?at_medium=RSS&at_campaign=KARANGA
art_8541ae5c0feff6740a545b89c0b1dfca,Clinton lawyer cleared of lying to FBI over Trump,2022-05-31 21:06:19,BBC News - World (Archived),https://www.bbc.co.uk/news/world-us-canada-61654042?at_medium=RSS&at_campaign=KARANGA
art_352127e00589fae9e7fb5a359f662c68,Iran lied about banned nuclear activity using stolen documents - Israel,2022-05-31 17:18:34,BBC News - World (Archived),https://www.bbc.co.uk/news/world-middle-east-61645243?at_medium=RSS&at_campaign=KARANGA
art_be899ecb886b12da730bb188621cb9dc,Mexico's Maya train project stalls as legal battle drags,2022-05-31 10:25:36,BBC News - World (Archived),https://www.bbc.co.uk/news/world-latin-america-61631967?at_medium=RSS&at_campaign=KARANGA
art_4387cb73f8204db176a7fe66df6bf2fd,Nepal plane crash: Officials recover black box from wreckage,2022-05-31 09:23:54,BBC News - World (Archived),https://www.bbc.co.uk/news/world-asia-61642218?at_medium=RSS&at_campaign=KARANGA
art_72e76ae637eeba74c0a26109572864b5,Ukraine war: Stories of torture emerging out of Kherson,2022-05-31 23:08:57,BBC News - World (Archived),https://www.bbc.co.uk/news/world-europe-61607410?at_medium=RSS&at_campaign=KARANGA
art_ad28d4c4bf7faac8f47fd200c9e28272,"Mountaineer JP Mohr's message: ""We can all reach our summits""",2022-05-31 23:20:13,BBC News - World (Archived),https://www.bbc.co.uk/news/world-latin-america-61562289?at_medium=RSS&at_campaign=KARANGA
art_46d697e70011c2646021b445df39d890,BTS: 'K-Wave' arrives at White House with anti-Asian hate summit,2022-05-31 19:22:24,BBC News - World (Archived),https://www.bbc.co.uk/news/world-us-canada-61649521?at_medium=RSS&at_campaign=KARANGA
art_86a54e379e7c3099499fbefa8c7205ac,US troops back in Somalia to fight al-Shabab,2022-05-31 23:21:55,BBC News - World (Archived),https://www.bbc.co.uk/news/world-africa-61631439?at_medium=RSS&at_campaign=KARANGA
art_556cf534cc09542482071b0527b1c543,'I watched from afar Russia’s latest merciless assault on Severodonetsk',2022-05-30 16:18:21,BBC News - World (Archived),https://www.bbc.co.uk/news/world-europe-61634050?at_medium=RSS&at_campaign=KARANGA
art_1c529c4674730c10cbfa827e2a65dc0d,What do Russian papers say about sanctions?,2022-05-31 10:51:13,BBC News - World (Archived),https://www.bbc.co.uk/news/world-europe-61647385?at_medium=RSS&at_campaign=KARANGA
art_8379c2c3a8d99c8824e26943ed7093e0,Ukraine war: Refugee from Popasna spots looted possessions on Russian tank,2022-05-31 14:12:31,BBC News - World (Archived),https://www.bbc.co.uk/news/world-europe-61643533?at_medium=RSS&at_campaign=KARANGA
art_be4b33e30cae54089e258d54f75294c7,How India’s first all-women newsroom is creating a media revolution,2022-05-30 23:04:20,BBC News - World (Archived),https://www.bbc.co.uk/news/world-asia-61587884?at_medium=RSS&at_campaign=KARANGA
art_5a4ebb5dc5bcbbf16ef421b1cede72a0,Borgen: How the Danish political drama has been 'reinvented',2022-05-30 23:05:45,BBC News - World (Archived),https://www.bbc.co.uk/news/entertainment-arts-61591675?at_medium=RSS&at_campaign=KARANGA
art_97182c4f0ae53882c9b0c452169cdc42,Sidhu Moose Wala: Controversial Indian rapper who made waves with his music,2022-05-31 06:22:44,BBC News - World (Archived),https://www.bbc.co.uk/news/world-asia-india-61548615?at_medium=RSS&at_campaign=KARANGA
art_24d134225e5a77de21b23c5068c97579,Sudan or Chad? Why a Darfur sultan regrets a twist of colonial fate,2022-05-30 23:02:15,BBC News - World (Archived),https://www.bbc.co.uk/news/world-africa-61426698?at_medium=RSS&at_campaign=KARANGA
art_0a265d7540d1798070e22a14e345966a,Shanghai lockdown: Cheers and beers as Covid curbs are eased,2022-06-01 03:43:06,BBC News - World (Archived),https://www.bbc.co.uk/news/world-asia-china-61655053?at_medium=RSS&at_campaign=KARANGA
art_df592cb916cba0f6a63b3bb531953b81,Champions League final: Fan videos of crowding and pepper spray,2022-05-30 17:30:11,BBC News - World (Archived),https://www.bbc.co.uk/news/world-europe-61640126?at_medium=RSS&at_campaign=KARANGA
art_e6825c86882569055f89d4ed1c2cbe83,Mariupol: Azovstal defenders' bodies arrive in Kyiv - families,2022-06-08 00:08:08,BBC News - World (Archived),https://www.bbc.co.uk/news/world-europe-61723282?at_medium=RSS&at_campaign=KARANGA
art_774a1d6ffdd194d9d91ebc60c1797a69,Ukraine war: Angela Merkel defends her record on Putin,2022-06-07 23:13:09,BBC News - World (Archived),https://www.bbc.co.uk/news/world-europe-61727450?at_medium=RSS&at_campaign=KARANGA
art_c9ab86ad7cbf71f068028675c71e5bb1,Why Ukraine is furious with the UN nuclear watchdog,2022-06-07 20:23:14,BBC News - World (Archived),https://www.bbc.co.uk/news/world-europe-61725533?at_medium=RSS&at_campaign=KARANGA
art_1d7da484a174eaaafb262e2a5153744b,Uvalde mass shooting: Wounded teacher condemns police as cowards,2022-06-08 02:04:45,BBC News - World (Archived),https://www.bbc.co.uk/news/world-us-canada-61727730?at_medium=RSS&at_campaign=KARANGA
art_5c0b2b8c2953faff22161706a8167760,Matthew McConaughey shows dead girl's shoes at White House,2022-06-07 19:25:04,BBC News - World (Archived),https://www.bbc.co.uk/news/world-us-canada-61726841?at_medium=RSS&at_campaign=KARANGA
art_60938eaa328051f3a26245510a5c0960,Kansas woman admits to training all-female IS battalion in Syria,2022-06-07 22:50:12,BBC News - World (Archived),https://www.bbc.co.uk/news/world-us-canada-61727520?at_medium=RSS&at_campaign=KARANGA
art_a0f0ae8acc8edede95ec9e2d380660f2,Migrant caravan heads to US as key summit begins,2022-06-07 16:14:31,BBC News - World (Archived),https://www.bbc.co.uk/news/world-us-canada-61685118?at_medium=RSS&at_campaign=KARANGA
art_d22a649dcac19b716034d8315f04772e,Dom Phillips: Missing journalist's wife in tearful plea to step up search,2022-06-07 20:28:02,BBC News - World (Archived),https://www.bbc.co.uk/news/world-latin-america-61724926?at_medium=RSS&at_campaign=KARANGA
art_1e07646e4017d6e93ba04eb23045783d,EU deal links minimum wage to decent standard of living,2022-06-07 14:59:31,BBC News - World (Archived),https://www.bbc.co.uk/news/world-europe-61719554?at_medium=RSS&at_campaign=KARANGA
art_e7343dccc5e67a8bc51c784243cd1674,"Apple announces buy now pay later, among iOS 16 plans",2022-06-07 12:44:07,BBC News - World (Archived),https://www.bbc.co.uk/news/technology-61718101?at_medium=RSS&at_campaign=KARANGA
art_d4e159d2b9bad20af804f10eb3b18771,EU sets date for common phone charge cable,2022-06-07 16:22:33,BBC News - World (Archived),https://www.bbc.co.uk/news/technology-61720276?at_medium=RSS&at_campaign=KARANGA
art_334cc223b7ab04a821bb1fb43da81804,Tiger Woods to miss US Open to give himself time to 'get stronger',2022-06-07 18:17:57,BBC News - World (Archived),https://www.bbc.co.uk/sport/golf/61723195?at_medium=RSS&at_campaign=KARANGA
art_f810eeaf31633a953bfabd1c06442627,Irpin: Russia's reign of terror in a quiet neighbourhood near Kyiv,2022-06-07 23:33:25,BBC News - World (Archived),https://www.bbc.co.uk/news/world-europe-61667500?at_medium=RSS&at_campaign=KARANGA
art_355995e4284123d36774f4e39d8f1c0a,Ukraine War: Why I risk my life to provide aid in Ukraine,2022-06-07 16:31:04,BBC News - World (Archived),https://www.bbc.co.uk/news/world-europe-61720402?at_medium=RSS&at_campaign=KARANGA
art_80c719e074886143a1c4811b72f7c1d8,Tove Styrke is sick of the Spotify song formula,2022-06-07 23:47:59,BBC News - World (Archived),https://www.bbc.co.uk/news/entertainment-arts-61717373?at_medium=RSS&at_campaign=KARANGA
art_2e07ae935cd08dc395cd136a3b40823f,Kenyan mothers choose between work and their babies,2022-06-07 23:50:08,BBC News - World (Archived),https://www.bbc.co.uk/news/world-africa-61079265?at_medium=RSS&at_campaign=KARANGA
art_6d9badf9c98e86cf95df15a5979a6a36,War in Ukraine: Wounded but eager to go back to fight,2022-06-07 05:01:58,BBC News - World (Archived),https://www.bbc.co.uk/news/world-europe-61713228?at_medium=RSS&at_campaign=KARANGA
art_0c4ad9e2fd6c6380805fc0590a48c636,KK: Remembering the voice that touched millions of Indian love stories,2022-06-07 00:30:26,BBC News - World (Archived),https://www.bbc.co.uk/news/world-asia-india-61657237?at_medium=RSS&at_campaign=KARANGA
art_4633e11bdfa550e56effa4f4adc32a75,"If I go back to Iran, my husband will kill me",2022-06-07 23:01:41,BBC News - World (Archived),https://www.bbc.co.uk/news/world-middle-east-61722849?at_medium=RSS&at_campaign=KARANGA
art_d0e958135d3eed97f0e58800323415f4,Australia climate crisis: Women call for action with photo petition,2022-06-06 15:51:13,BBC News - World (Archived),https://www.bbc.co.uk/news/world-australia-61642843?at_medium=RSS&at_campaign=KARANGA
art_0ce0a9a069632283e459be8717e00985,Ukraine: Severodonetsk and Lysychansk have 'no people on the streets' - Zelensky,2022-06-07 08:26:30,BBC News - World (Archived),https://www.bbc.co.uk/news/world-europe-61716761?at_medium=RSS&at_campaign=KARANGA
art_39d7272ef64f89a17176410a35411a6f,"Lebanon crisis: 'A father without his children, it's terrible'",2022-06-06 05:00:16,BBC News - World (Archived),https://www.bbc.co.uk/news/world-middle-east-61667292?at_medium=RSS&at_campaign=KARANGA
art_ab7ff4465e76076c2c8a349a81d93603,Who really shot Bobby Kennedy?,2022-06-05 23:01:03,BBC News - World (Archived),https://www.bbc.co.uk/news/stories-61598048?at_medium=RSS&at_campaign=KARANGA
art_c6d6b8b3229bfbbaadd312ea18e2dfde,Capitol riot hearing: Trump election challenge 'a murder-suicide pact',2022-06-24 02:09:34,BBC News - World (Archived),https://www.bbc.co.uk/news/world-us-canada-61918350?at_medium=RSS&at_campaign=KARANGA
art_13a853e4a6f7b0dfd3005cba2b7f1b38,Supreme Court ruling expands US gun rights,2022-06-24 02:31:42,BBC News - World (Archived),https://www.bbc.co.uk/news/world-us-canada-61915237?at_medium=RSS&at_campaign=KARANGA
art_2662f230aee4ac8d7620ce07c63e3d29,EU awards Ukraine and Moldova candidate status,2022-06-23 19:48:45,BBC News - World (Archived),https://www.bbc.co.uk/news/world-europe-61891467?at_medium=RSS&at_campaign=KARANGA
art_66c7deb5428eda9793064c310be29c41,Afghanistan earthquake: Survivors struggle for food and shelter amidst cholera fears,2022-06-23 21:34:34,BBC News - World (Archived),https://www.bbc.co.uk/news/world-asia-61918430?at_medium=RSS&at_campaign=KARANGA
art_82bb60cc0d0ca9245b3c3b2856c3cefb,Bodies of Dom Phillips and Bruno Pereira returned to families,2022-06-24 00:10:58,BBC News - World (Archived),https://www.bbc.co.uk/news/world-latin-america-61919244?at_medium=RSS&at_campaign=KARANGA
art_17e0fae00a1fe6ede69507943ba161d4,Nike latest brand to leave Russia permanently,2022-06-23 16:38:32,BBC News - World (Archived),https://www.bbc.co.uk/news/business-61914165?at_medium=RSS&at_campaign=KARANGA
art_24b5e4ee1f2636e7b73d4f0a540869a2,Florida nabs largest python ever found in state,2022-06-23 18:12:08,BBC News - World (Archived),https://www.bbc.co.uk/news/world-us-canada-61916694?at_medium=RSS&at_campaign=KARANGA
art_fbbac4d3437198a8d29feb3793768707,French Banksy: Eight guilty in theft of Bataclan mural,2022-06-23 18:35:57,BBC News - World (Archived),https://www.bbc.co.uk/news/world-europe-61916736?at_medium=RSS&at_campaign=KARANGA
art_d56a38f5e600a3d886117eb6c8dd8579,Ike Ekweremadu: Nigerian senator accused of organ-harvesting plot,2022-06-23 16:23:31,BBC News - World (Archived),https://www.bbc.co.uk/news/uk-england-london-61908876?at_medium=RSS&at_campaign=KARANGA
art_262ba33c144cfd16d0b1e8dedc0e854f,Nova Scotia shooting: Trudeau denies meddling in police probe,2022-06-24 00:13:16,BBC News - World (Archived),https://www.bbc.co.uk/news/world-us-canada-61918944?at_medium=RSS&at_campaign=KARANGA
art_df0bb5a75e00260b6f7ccc3d7c08f32c,World's lowest parachute jump attempt,2022-06-23 23:10:36,BBC News - World (Archived),https://www.bbc.co.uk/news/uk-61909617?at_medium=RSS&at_campaign=KARANGA
art_24bcadf694959d6425ad060a4d5797be,Juul: US bans all products from leading vaping company,2022-06-23 16:43:44,BBC News - World (Archived),https://www.bbc.co.uk/news/business-61914166?at_medium=RSS&at_campaign=KARANGA
art_347c0e27f5951fbe709ac3a094f89484,Netflix cuts 300 more jobs after subscriptions fall,2022-06-23 19:57:32,BBC News - World (Archived),https://www.bbc.co.uk/news/business-61914167?at_medium=RSS&at_campaign=KARANGA
art_2639286514280fa84f5b0388eacdaf0c,Aung San Suu Kyi: Myanmar ex-leader sent to solitary confinement,2022-06-23 12:52:18,BBC News - World (Archived),https://www.bbc.co.uk/news/world-asia-61906979?at_medium=RSS&at_campaign=KARANGA
art_b693d6a059f2bf49e85ee9e87bd3c7cf,Tangshan and Xuzhou: Fury and questions over China's treatment of women,2022-06-23 23:51:04,BBC News - World (Archived),https://www.bbc.co.uk/news/world-asia-china-61906803?at_medium=RSS&at_campaign=KARANGA
art_b09fd8fb9157f6a7db45e54504e72167,Africa's week in pictures: 17-23 June 2022,2022-06-23 23:29:22,BBC News - World (Archived),https://www.bbc.co.uk/news/world-africa-61907505?at_medium=RSS&at_campaign=KARANGA
art_3908625a390f9d68d8407aa316b23101,Glastonbury 2022: Billie Eilish to make history as youngest-ever headliner,2022-06-24 00:03:18,BBC News - World (Archived),https://www.bbc.co.uk/news/entertainment-arts-61910835?at_medium=RSS&at_campaign=KARANGA
art_024e27b3bc9d87f3bb8af21b15fd0a93,US immigration: 'They'd rather die than return to Nicaragua',2022-06-23 23:51:41,BBC News - World (Archived),https://www.bbc.co.uk/news/world-us-canada-61735603?at_medium=RSS&at_campaign=KARANGA
art_dbd124115aa210ed8498e192fc02f178,Maharashtra crisis: Why resorts often decide political fates in India,2022-06-24 00:02:23,BBC News - World (Archived),https://www.bbc.co.uk/news/world-asia-india-61905894?at_medium=RSS&at_campaign=KARANGA
art_f06e9b9a2d2e1b7a451545a29e09e87e,Kaliningrad row: 'Sanctions have brought my factory to a standstill',2022-06-22 17:40:58,BBC News - World (Archived),https://www.bbc.co.uk/news/world-europe-61902322?at_medium=RSS&at_campaign=KARANGA
art_5a0b0f94a66b9cf057ab01d0ea62e692,Sexual harassment at Western Australia mines 'appalling and systemic',2022-06-23 06:41:42,BBC News - World (Archived),https://www.bbc.co.uk/news/world-australia-61906057?at_medium=RSS&at_campaign=KARANGA
art_3c5f8f09c76fb321c67e6f22effcc1e2,South Africa's Zondo commission: Damning report exposes rampant corruption,2022-06-23 15:34:42,BBC News - World (Archived),https://www.bbc.co.uk/news/world-africa-61912737?at_medium=RSS&at_campaign=KARANGA
art_def5df6bdf5f24ba896207fad1faf5e8,Refugees previously despatched to Rwanda now in Europe,2022-06-22 23:17:47,BBC News - World (Archived),https://www.bbc.co.uk/news/world-61882542?at_medium=RSS&at_campaign=KARANGA
art_62f580fd2de0eec6fc599669bc789f0f,How Aussie farmers are hoping to win over tequila fans,2022-06-22 23:13:47,BBC News - World (Archived),https://www.bbc.co.uk/news/business-61783637?at_medium=RSS&at_campaign=KARANGA
art_88bfd06b4abc18a7e30c22928886bf99,Brics summit: Members push for global clout amid Ukraine war,2022-06-22 23:24:21,BBC News - World (Archived),https://www.bbc.co.uk/news/world-asia-india-61894760?at_medium=RSS&at_campaign=KARANGA
art_74363440d102114f08b1ea558e569bda,No easy exit from besieged Ukrainian city,2022-06-22 16:00:29,BBC News - World (Archived),https://www.bbc.co.uk/news/world-europe-61895580?at_medium=RSS&at_campaign=KARANGA
art_ff1b2a2d4c80529214619e73bfd9bd8c,"As audiences return to Glastonbury and other festivals, will they cope?",2022-06-22 23:20:06,BBC News - World (Archived),https://www.bbc.co.uk/news/entertainment-arts-61898397?at_medium=RSS&at_campaign=KARANGA
art_e7cc3c43a9211cb4e379d71cab39d739,Anita Alvarez: Coach saves US swimmer who fainted during competition,2022-06-23 22:08:15,BBC News - World (Archived),https://www.bbc.co.uk/news/world-europe-61918678?at_medium=RSS&at_campaign=KARANGA
art_21e0c3fd11369eb6c52ea1e54dcbc0db,Ukraine war: High school students pose in prom dresses among ruins,2022-06-22 23:17:26,BBC News - World (Archived),https://www.bbc.co.uk/news/world-europe-61874041?at_medium=RSS&at_campaign=KARANGA
art_db178c31b00811eab983acc7ea9e0aaa,Afghanistan rocked by major earthquake,2022-06-22 20:58:21,BBC News - World (Archived),https://www.bbc.co.uk/news/world-61904582?at_medium=RSS&at_campaign=KARANGA
art_4b6d766cf649d37adcb3f6a754ba49a2,"Upskirt photos shared in Facebook groups, BBC finds",2022-06-22 05:01:10,BBC News - World (Archived),https://www.bbc.co.uk/news/technology-61868874?at_medium=RSS&at_campaign=KARANGA
art_69a385f1cfaaf97effc5d020cc97416e,Bulldozer crushes 100 seized vehicles in New York,2022-06-22 10:39:27,BBC News - World (Archived),https://www.bbc.co.uk/news/world-us-canada-61893748?at_medium=RSS&at_campaign=KARANGA
art_79b246eb89f206b3f382671f31b361b1,Ukraine war: Ukraine and Russia both claim control over Lysychansk,2022-07-02 23:32:07,BBC News - World (Archived),https://www.bbc.co.uk/news/world-europe-62022471?at_medium=RSS&at_campaign=KARANGA
art_2c550b7a2829f25f872bb8942d9e35af,Israel shoots down Hezbollah drones heading for gas rig,2022-07-02 20:45:58,BBC News - World (Archived),https://www.bbc.co.uk/news/world-europe-62022452?at_medium=RSS&at_campaign=KARANGA
art_d10f2260019d0e38edd9466d5ba4a132,Three police die in 'pure hell' Kentucky shooting,2022-07-03 02:34:09,BBC News - World (Archived),https://www.bbc.co.uk/news/world-us-canada-62025539?at_medium=RSS&at_campaign=KARANGA
art_b176a46907e79c45cb087d0404dcccfe,Argentina's economy minister makes sudden exit,2022-07-03 00:48:44,BBC News - World (Archived),https://www.bbc.co.uk/news/world-latin-america-62025538?at_medium=RSS&at_campaign=KARANGA
art_dcbb183600ccc5c1410e89f751291b6f,Dozens freed from church awaiting 'Second Coming' in Ondo Nigeria,2022-07-02 22:29:26,BBC News - World (Archived),https://www.bbc.co.uk/news/world-africa-62025178?at_medium=RSS&at_campaign=KARANGA
art_11ff32f054793ab3c8a6ced9f9ea34c9,Inside a US abortion clinic in its final days,2022-07-02 23:02:14,BBC News - World (Archived),https://www.bbc.co.uk/news/world-us-canada-61975857?at_medium=RSS&at_campaign=KARANGA
art_e36b3c8b751665f1d582b3955a334e53,Hormozgan: Quake near southern Iran coast kills five,2022-07-02 13:48:30,BBC News - World (Archived),https://www.bbc.co.uk/news/world-middle-east-62022470?at_medium=RSS&at_campaign=KARANGA
art_979a484e3bf7e40d556ead9d320001ae,Durban July: South Africa's most fashionable horse race returns,2022-07-02 15:46:07,BBC News - World (Archived),https://www.bbc.co.uk/news/world-africa-62020414?at_medium=RSS&at_campaign=KARANGA
art_a0c0ec5ce0845bac183c1f7c8e303088,Russia dredges up landing ship hit by Ukraine missile fire,2022-07-02 18:51:36,BBC News - World (Archived),https://www.bbc.co.uk/news/world-europe-62022476?at_medium=RSS&at_campaign=KARANGA
art_d644bf5ba03e9a11666c07a713d35691,Crew member of sinking ship airlifted to safety,2022-07-02 17:41:29,BBC News - World (Archived),https://www.bbc.co.uk/news/world-asia-62024376?at_medium=RSS&at_campaign=KARANGA
art_fdffc12c513ad22a8d99ffedf461a6f8,Texas migrant deaths: Truck driver 'unaware air conditioner had stopped working',2022-07-02 06:58:12,BBC News - World (Archived),https://www.bbc.co.uk/news/world-us-canada-62018517?at_medium=RSS&at_campaign=KARANGA
art_1a6e107886208de86cbb89135a50bfbd,Jerry Hall files for divorce from Rupert Murdoch,2022-07-02 11:46:47,BBC News - World (Archived),https://www.bbc.co.uk/news/world-us-canada-62020070?at_medium=RSS&at_campaign=KARANGA
art_377b178b7ad145e56052aed148802e87,New York overhauls gun laws after Supreme Court ruling,2022-07-02 10:10:51,BBC News - World (Archived),https://www.bbc.co.uk/news/world-us-canada-62020074?at_medium=RSS&at_campaign=KARANGA
art_a0854c3198617e34f4ef9cddc4fa11fc,Libya protesters storm parliament building in Tobruk,2022-07-02 11:35:28,BBC News - World (Archived),https://www.bbc.co.uk/news/world-africa-62018882?at_medium=RSS&at_campaign=KARANGA
art_eb4153ad98cbe9add3289b3a5f7705e0,Ukraine: The teachers swapping classrooms for trenches,2022-07-02 23:28:54,BBC News - World (Archived),https://www.bbc.co.uk/news/world-europe-62003180?at_medium=RSS&at_campaign=KARANGA
art_ea9797103cb1a24b2bacdb66d8315519,Sarfaraz Khan: The 'wandering cricketer' on the road to stardom,2022-07-02 23:50:32,BBC News - World (Archived),https://www.bbc.co.uk/news/world-asia-india-61977063?at_medium=RSS&at_campaign=KARANGA
art_31ad698c650595e8fe194e8d5f50e6e7,Daphne du Maurier: Novelist who traced past to a French debtors' jail,2022-07-02 23:58:40,BBC News - World (Archived),https://www.bbc.co.uk/news/world-europe-61985416?at_medium=RSS&at_campaign=KARANGA
art_40c58ea978d5672b7fe3be0695867397,US woman denied termination in Malta: 'I was terrified',2022-07-03 00:04:18,BBC News - World (Archived),https://www.bbc.co.uk/news/world-61959825?at_medium=RSS&at_campaign=KARANGA
art_295294e275e7a30a3b298f2f56972c1e,Nigeria rejects Ukraine online degrees: 'It's not fair',2022-07-03 00:06:52,BBC News - World (Archived),https://www.bbc.co.uk/news/world-africa-61924341?at_medium=RSS&at_campaign=KARANGA
art_339eea23cd05b23bee4b9bb08c1c6449,Texas migrant deaths: 'I still have to bring my children home',2022-07-01 17:11:51,BBC News - World (Archived),https://www.bbc.co.uk/news/world-us-canada-62002300?at_medium=RSS&at_campaign=KARANGA
art_cae51b47c9c0e01211bf1e7fcb6234fc,War in Ukraine: Can we say how many people have died?,2022-07-01 10:15:06,BBC News - World (Archived),https://www.bbc.co.uk/news/world-europe-61987945?at_medium=RSS&at_campaign=KARANGA
art_ebf7bf2ad4d3c941c984ec85a9b0f296,Missing Cryptoqueen: Is Dr Ruja Ignatova the biggest Bitcoin holder?,2022-07-01 23:54:38,BBC News - World (Archived),https://www.bbc.co.uk/news/technology-61966824?at_medium=RSS&at_campaign=KARANGA
art_d082b8e0b1e74cab0ee358f446c0947f,"Hot weather dries up swamp, uncovers ancient fort",2022-07-01 23:00:22,BBC News - World (Archived),https://www.bbc.co.uk/news/uk-northern-ireland-61986065?at_medium=RSS&at_campaign=KARANGA
art_85799a8778145402da9beff0363b3613,Same-sex couples legally marry in Switzerland,2022-07-01 17:51:39,BBC News - World (Archived),https://www.bbc.co.uk/news/world-62017430?at_medium=RSS&at_campaign=KARANGA
art_d928031b6a3b576294a58457b48e527a,Watch: The moment a landslide descends on town in Peru,2022-07-01 10:49:17,BBC News - World (Archived),https://www.bbc.co.uk/news/world-latin-america-62010183?at_medium=RSS&at_campaign=KARANGA
art_9d4f1807fb53cb98e56367dff44cd4bb,Assam: Death and despair after deadliest urban flood in India,2022-06-30 23:02:49,BBC News - World (Archived),https://www.bbc.co.uk/news/world-asia-india-61996296?at_medium=RSS&at_campaign=KARANGA
art_3e8d81477594a01dac63f252186b1bfa,Watch: The moment a whale is cut free from ropes in Norwegian Sea,2022-07-01 13:26:25,BBC News - World (Archived),https://www.bbc.co.uk/news/world-europe-62012430?at_medium=RSS&at_campaign=KARANGA
art_dc615b44c5d58d16b8fe035f1aff01f5,Nasa telescope takes super sharp view of early cosmos,2022-07-11 22:30:48,BBC News - World (Archived),https://www.bbc.co.uk/news/science-environment-62122859?at_medium=RSS&at_campaign=KARANGA
art_ec6f908dc6df2f8a9f2b33697dde3ac8,Ukraine war: Germany fears Russia gas cut may become permanent,2022-07-11 15:34:53,BBC News - World (Archived),https://www.bbc.co.uk/news/world-europe-62121702?at_medium=RSS&at_campaign=KARANGA
art_b184c7b6eecdb2fe1407700569933592,"World Population Day: India will overtake China in 2023, says the UN",2022-07-11 16:57:25,BBC News - World (Archived),https://www.bbc.co.uk/news/science-environment-62126413?at_medium=RSS&at_campaign=KARANGA
art_5e1b557b446a11e758ee140d430a2633,Ukraine war: Russian military equipment on show in Prague,2022-07-11 22:22:14,BBC News - World (Archived),https://www.bbc.co.uk/news/world-europe-62130083?at_medium=RSS&at_campaign=KARANGA
art_775de087613663b031ae3af8a1062d60,Texas woman argues unborn baby counts as passenger after fine,2022-07-11 17:12:28,BBC News - World (Archived),https://www.bbc.co.uk/news/world-us-canada-62124366?at_medium=RSS&at_campaign=KARANGA
art_7389a84705d2dfb3fb97022078bb3d7c,Jafar Panahi: Acclaimed film maker held in Iran amid crackdown,2022-07-11 19:36:50,BBC News - World (Archived),https://www.bbc.co.uk/news/world-middle-east-62128675?at_medium=RSS&at_campaign=KARANGA
art_9dac2d5f06728b03120ac949d70c86fe,Sri Lanka: First fuel in days trickles through to residents,2022-07-11 13:29:05,BBC News - World (Archived),https://www.bbc.co.uk/news/world-asia-62089766?at_medium=RSS&at_campaign=KARANGA
art_a83d43793ad06e926c94d26be39f104a,'Sit down!' Biden heckled at White House by bereaved father,2022-07-11 23:47:53,BBC News - World (Archived),https://www.bbc.co.uk/news/world-us-canada-62130593?at_medium=RSS&at_campaign=KARANGA
art_0672c35cd93a10a0526459e11917c59b,"Ukraine war: 7,200 Ukrainian service personnel missing - ombudsman",2022-07-11 14:52:03,BBC News - World (Archived),https://www.bbc.co.uk/news/world-europe-62125343?at_medium=RSS&at_campaign=KARANGA
art_06f4c1459be0cc5f076dd2925d257056,US considers over-the-counter birth control pills for first time,2022-07-12 01:50:10,BBC News - World (Archived),https://www.bbc.co.uk/news/world-us-canada-62124365?at_medium=RSS&at_campaign=KARANGA
art_c91b0858c72292848a7a170f4fd5bc24,Twitter shares fall as Elon Musk backs out of deal,2022-07-11 13:39:22,BBC News - World (Archived),https://www.bbc.co.uk/news/business-62121226?at_medium=RSS&at_campaign=KARANGA
art_ceef66deb2f6a2f2a04e31d442559002,Yosemite's giant sequoias: Wildfire threatens world's largest trees,2022-07-11 04:18:26,BBC News - World (Archived),https://www.bbc.co.uk/news/world-us-canada-62117139?at_medium=RSS&at_campaign=KARANGA
art_5889568ea6b2db2bee2383ef767205ca,Game creator threatens action over Abe shooting hoax,2022-07-11 11:22:42,BBC News - World (Archived),https://www.bbc.co.uk/news/newsbeat-62121650?at_medium=RSS&at_campaign=KARANGA
art_64b6242d2c09b49dac372980f87a657d,Roe v Wade: Abortion pills a new front in culture wars,2022-07-12 01:56:57,BBC News - World (Archived),https://www.bbc.co.uk/news/world-us-canada-61973510?at_medium=RSS&at_campaign=KARANGA
art_73a3f47726297e74d4ecc518eed3b9ce,Jenin in the West Bank: Guns and grief on the rise,2022-07-11 23:03:34,BBC News - World (Archived),https://www.bbc.co.uk/news/world-middle-east-62130143?at_medium=RSS&at_campaign=KARANGA
art_6252b9c78ad500b28de2cf6f07c22110,'We have a zeal to protect our heritage through radio',2022-07-11 21:54:59,BBC News - World (Archived),https://www.bbc.co.uk/news/uk-scotland-62083853?at_medium=RSS&at_campaign=KARANGA
art_8c874db47b4b7bb83e6bdfa9a80df2a1,India: How a fake 'IPL' cricket league ran for Russian punters,2022-07-12 01:07:53,BBC News - World (Archived),https://www.bbc.co.uk/news/world-asia-india-62123966?at_medium=RSS&at_campaign=KARANGA
art_4bf49c0416630efa3cf47e082884076f,The video game prescribed by doctors to treat ADHD,2022-07-10 23:03:51,BBC News - World (Archived),https://www.bbc.co.uk/news/business-62060542?at_medium=RSS&at_campaign=KARANGA
art_6560c253383686419db5305a8f17eb9b,Gujarat: The unusual lion sightings on India's beaches,2022-07-11 00:08:13,BBC News - World (Archived),https://www.bbc.co.uk/news/world-asia-india-62083918?at_medium=RSS&at_campaign=KARANGA
art_374ab7791b2fe463efc6b27c03ec1c4a,Sri Lanka: 'The protests have changed thinking for the better',2022-07-10 14:22:08,BBC News - World (Archived),https://www.bbc.co.uk/news/world-asia-62066885?at_medium=RSS&at_campaign=KARANGA
art_6d4b13cd012149af6073c0a83a26925a,Pikku-Finlandia: Helsinki's new building held up by trees,2022-07-10 23:07:56,BBC News - World (Archived),https://www.bbc.co.uk/news/world-europe-62098527?at_medium=RSS&at_campaign=KARANGA
art_9981b33d2df2b052e661a64f6aa715b3,The Afghan refugee commanding Ukrainian troops,2022-07-10 23:06:40,BBC News - World (Archived),https://www.bbc.co.uk/news/world-europe-62098529?at_medium=RSS&at_campaign=KARANGA
art_ef0e5befae6c8d55cfeaf839047242e1,Maine energy: How one hydropower project sparked a $100m 'hoohah',2022-07-11 00:01:27,BBC News - World (Archived),https://www.bbc.co.uk/news/world-us-canada-62072844?at_medium=RSS&at_campaign=KARANGA
art_4fc3009a946dbaed6c28a02ad641b6a1,America's race gap between black and white homeowners,2022-07-09 23:42:31,BBC News - World (Archived),https://www.bbc.co.uk/news/business-61845304?at_medium=RSS&at_campaign=KARANGA
art_5a171203ce48fe240b1057314d2b86cd,Wildfires break out across parts of Portugal,2022-07-10 23:16:06,BBC News - World (Archived),https://www.bbc.co.uk/news/world-europe-62117287?at_medium=RSS&at_campaign=KARANGA
art_a0048f56e856ac9378a753f2fc81ef92,Ukraine war: Apartment block destroyed after Russian rocket strike,2022-07-10 17:28:05,BBC News - World (Archived),https://www.bbc.co.uk/news/world-europe-62116232?at_medium=RSS&at_campaign=KARANGA
art_58623f4edcdd3dcda51897d55393c68f,Sri Lanka crisis: Demonstrators take over presidential residence,2022-07-09 11:09:21,BBC News - World (Archived),https://www.bbc.co.uk/news/world-asia-62105700?at_medium=RSS&at_campaign=KARANGA
art_f7bb069e8f9bd014d47d3d03c2172a39,Ukraine war: A welcome on two wheels for refugee children,2022-07-09 23:08:56,BBC News - World (Archived),https://www.bbc.co.uk/news/world-europe-62056687?at_medium=RSS&at_campaign=KARANGA
art_d64ff841d4f1b92bed5ab25adc68d0ed,Tamil Nadu: The Indian man who makes art from sunlight,2022-07-09 23:06:54,BBC News - World (Archived),https://www.bbc.co.uk/news/world-asia-india-62091093?at_medium=RSS&at_campaign=KARANGA
art_ae8e0004da26ce2332fad525f8b51ceb,Sri Lanka PM tells military to do whatever necessary to restore order,2022-07-13 21:04:22,BBC News - World (Archived),https://www.bbc.co.uk/news/world-asia-62156711?at_medium=RSS&at_campaign=KARANGA
art_c372b055332eab59433c79ca5d5e0a90,Sri Lanka: Four key moments from storming of PM's office,2022-07-13 19:39:15,BBC News - World (Archived),https://www.bbc.co.uk/news/world-asia-62157909?at_medium=RSS&at_campaign=KARANGA
art_ac6b4c358cf09c9fb9784b7b46bdcfaa,"Man charged with raping Ohio girl, 10, who was denied abortion",2022-07-14 02:36:29,BBC News - World (Archived),https://www.bbc.co.uk/news/world-us-canada-62158357?at_medium=RSS&at_campaign=KARANGA
art_db11ef7a24421ec303bde7dab9456958,Ukraine: US crypto investor reported held by separatists,2022-07-14 02:35:14,BBC News - World (Archived),https://www.bbc.co.uk/news/world-us-canada-62158358?at_medium=RSS&at_campaign=KARANGA
art_e6c592e02ee1c330ef860a061a159956,Cardinal George Pell sued by father of Australian choirboy,2022-07-14 03:43:56,BBC News - World (Archived),https://www.bbc.co.uk/news/world-australia-62158819?at_medium=RSS&at_campaign=KARANGA
art_e40c30f6235f743fb16aab1cbfb8d1fb,Joshua Schulte: Former CIA hacker convicted of 'brazen' data leak,2022-07-14 01:31:08,BBC News - World (Archived),https://www.bbc.co.uk/news/world-us-canada-62158799?at_medium=RSS&at_campaign=KARANGA
art_25cadeeccac343c3ef3c29c1fdbc2444,"Virginia floods: Dozens of people may be missing, says sheriff",2022-07-14 02:02:41,BBC News - World (Archived),https://www.bbc.co.uk/news/world-us-canada-62159298?at_medium=RSS&at_campaign=KARANGA
art_061853d5535c729749157207768e2411,Ukraine round-up: Deportation claims and North Korea row,2022-07-13 19:52:20,BBC News - World (Archived),https://www.bbc.co.uk/news/world-europe-62155445?at_medium=RSS&at_campaign=KARANGA
art_67535bd7c40c6e35892ed76ea0f8b70a,Uvalde shooting: Families express anger at leaked video of school attack,2022-07-13 14:51:05,BBC News - World (Archived),https://www.bbc.co.uk/news/world-us-canada-62145143?at_medium=RSS&at_campaign=KARANGA
art_e81a91603f4593f36a3eb93c8d804f7d,Enyobeni Tavern: South African arrests made over mystery teen deaths,2022-07-13 11:34:10,BBC News - World (Archived),https://www.bbc.co.uk/news/world-africa-62150323?at_medium=RSS&at_campaign=KARANGA
art_23bf3282c629370ca406bfb13d671e08,Uber sued by 550 women over sexual assault claims,2022-07-14 02:37:18,BBC News - World (Archived),https://www.bbc.co.uk/news/business-62158976?at_medium=RSS&at_campaign=KARANGA
art_e42c8042f0aaa8560946a0edc7e679c5,Mark Fleischman: Ex-Studio 54 club owner dies by assisted suicide at Dignitas,2022-07-13 17:18:08,BBC News - World (Archived),https://www.bbc.co.uk/news/entertainment-arts-62155364?at_medium=RSS&at_campaign=KARANGA
art_e358fba997f61a7294fab6913e3e19e9,"Uefa Liverpool final: Fans blamed unfairly for litany of errors, says report",2022-07-13 14:45:22,BBC News - World (Archived),https://www.bbc.co.uk/news/world-europe-62146769?at_medium=RSS&at_campaign=KARANGA
art_9ada4c2609eb5152eb420ac104cdae54,Stop fighting in Ukraine: Russian soldier's mum speaks out,2022-07-14 03:20:26,BBC News - World (Archived),https://www.bbc.co.uk/news/world-europe-62149895?at_medium=RSS&at_campaign=KARANGA
art_4d1cbecbd95bd1d5e541c3485219b0e5,'Why I invented Non-binary Day',2022-07-13 23:29:40,BBC News - World (Archived),https://www.bbc.co.uk/news/world-us-canada-62149521?at_medium=RSS&at_campaign=KARANGA
art_c7e72b0ac7eaed6bc4e84f21fd097c1b,Bernard Collaery: The spy case that ignited an Australian secrecy row,2022-07-13 23:24:45,BBC News - World (Archived),https://www.bbc.co.uk/news/world-australia-61836078?at_medium=RSS&at_campaign=KARANGA
art_ccb72464729021fdb29261a6c3fbb6e6,Ms Marvel: The India-Pakistan trauma at the heart of the show,2022-07-14 00:03:18,BBC News - World (Archived),https://www.bbc.co.uk/news/world-asia-india-62117924?at_medium=RSS&at_campaign=KARANGA
art_5465ae56acc7f7cb91acb2c9f9026837,George Wajackoyah spices up Kenya election with marijuana and snake venom,2022-07-14 00:55:58,BBC News - World (Archived),https://www.bbc.co.uk/news/world-africa-62143252?at_medium=RSS&at_campaign=KARANGA
art_8d2aacccc4ee029b6f26ddf06b0c6aa2,Sri Lanka: How a dramatic day unfolded at the PM's office,2022-07-13 15:36:29,BBC News - World (Archived),https://www.bbc.co.uk/news/world-asia-62154311?at_medium=RSS&at_campaign=KARANGA
art_27caf8aa11d79261591e5e8b7bef5a83,Ukraine's rock warrior Slava Vakarchuk: 'We need to be angry',2022-07-12 23:05:27,BBC News - World (Archived),https://www.bbc.co.uk/news/world-europe-62137767?at_medium=RSS&at_campaign=KARANGA
art_9da4ef4dd45af516885881cb488c4a0f,Shah Rukh Khan: Why the actor's charm has endured the test of time,2022-07-13 01:25:32,BBC News - World (Archived),https://www.bbc.co.uk/news/world-asia-india-62117921?at_medium=RSS&at_campaign=KARANGA
art_3becb85154f1375155473f6aff33192c,"'We hope for the best, son' - War nears Ukraine maternity ward",2022-07-13 20:14:33,BBC News - World (Archived),https://www.bbc.co.uk/news/world-europe-62157659?at_medium=RSS&at_campaign=KARANGA
art_8c5f998874ea2e8149128f1073ec847e,Sri Lanka: Inside the prime minister's office stormed by protesters,2022-07-13 10:14:05,BBC News - World (Archived),https://www.bbc.co.uk/news/world-asia-62149999?at_medium=RSS&at_campaign=KARANGA
art_33952e83dc72fcda0738b062ebcdd328,Sri Lanka: Police fire tear gas as protesters storm PM's office in Colombo,2022-07-13 07:44:09,BBC News - World (Archived),https://www.bbc.co.uk/news/world-asia-62147363?at_medium=RSS&at_campaign=KARANGA
art_0e1305c1b04ca39dc0c3d2be73d5c95f,Australia floods: Kangaroo rescued from deep water,2022-07-12 17:25:01,BBC News - World (Archived),https://www.bbc.co.uk/news/world-australia-62141070?at_medium=RSS&at_campaign=KARANGA
art_27eef2c98291a742bb537794ef97b7c9,Israel-Gaza: Hopes as militants announce ceasefire in Gaza,2022-08-07 19:51:27,BBC News - World (Archived),https://www.bbc.co.uk/news/world-middle-east-62457780?at_medium=RSS&at_campaign=KARANGA
art_6fc02b7113691b3ea3a170422cb6b7dd,Ukraine war: Four more grain ships leave Ukraine as hopes grow for export stability,2022-08-07 12:59:36,BBC News - World (Archived),https://www.bbc.co.uk/news/world-europe-62454674?at_medium=RSS&at_campaign=KARANGA
art_86b2b8731f424ec48c76dc8765d58baf,Taiwan: US hits out at 'irresponsible' China amid attack rehearsal claims,2022-08-07 04:21:38,BBC News - World (Archived),https://www.bbc.co.uk/news/world-asia-china-62449987?at_medium=RSS&at_campaign=KARANGA
art_5b676ddd29b8c2a19e5883a17b870f6c,Climate change: US takes step closer to passing 'historic' bill,2022-08-07 19:20:41,BBC News - World (Archived),https://www.bbc.co.uk/news/world-us-canada-62457386?at_medium=RSS&at_campaign=KARANGA
art_da500a8559dff569fee3146973f1f723,Horniman Museum to return 72 artefacts to Nigeria,2022-08-07 15:18:20,BBC News - World (Archived),https://www.bbc.co.uk/news/uk-england-london-62456366?at_medium=RSS&at_campaign=KARANGA
art_001acd5d8aa3e661f6762cc657e50ff8,Mexican mining rescue: Ten miners trapped underground,2022-08-07 10:45:39,BBC News - World (Archived),https://www.bbc.co.uk/news/world-latin-america-62455948?at_medium=RSS&at_campaign=KARANGA
art_b1569fed1fd4cc835362804168a65ce5,Sanya: Covid lockdown strands tourists on 'China's Hawaii',2022-08-07 10:47:50,BBC News - World (Archived),https://www.bbc.co.uk/news/world-asia-china-62455908?at_medium=RSS&at_campaign=KARANGA
art_885e1e411c123772b341e62a0ffb61bb,France whale: Hopes fading for lost mammal stuck in River Seine,2022-08-07 15:22:16,BBC News - World (Archived),https://www.bbc.co.uk/news/world-europe-62453347?at_medium=RSS&at_campaign=KARANGA
art_ee587786bba067c07e7380a4dca62d06,Uganda LGBT rights: Government shuts down key advocacy group,2022-08-07 00:02:12,BBC News - World (Archived),https://www.bbc.co.uk/news/world-africa-62453344?at_medium=RSS&at_campaign=KARANGA
art_d982d16ab292d4dd873cd3eb7660be22,Lightning strike causes major fire at Cuban fuel depot,2022-08-06 17:50:26,BBC News - World (Archived),https://www.bbc.co.uk/news/world-latin-america-62451609?at_medium=RSS&at_campaign=KARANGA
art_275ed6c97ba82563db563a3b876620c8,Croatia bus crash: Twelve Polish pilgrims killed and 32 injured,2022-08-06 18:24:51,BBC News - World (Archived),https://www.bbc.co.uk/news/world-europe-62448062?at_medium=RSS&at_campaign=KARANGA
art_5f0a4c711e83e60488b5c11c4d13739e,Biden tests negative for Covid after 'rebound' case - doctor,2022-08-07 12:38:56,BBC News - World (Archived),https://www.bbc.co.uk/news/world-us-canada-62449704?at_medium=RSS&at_campaign=KARANGA
art_38e57a36b3ac6e8af94b7eb11eaa67e8,Commonwealth Games: How climate change is changing life around the world,2022-08-07 05:17:45,BBC News - World (Archived),https://www.bbc.co.uk/sport/commonwealth-games/62334755?at_medium=RSS&at_campaign=KARANGA
art_ff9fe1a417807bb96986edc21f0859bb,Hamida Banu: Missing India woman found in Pakistan 'can't wait to go home',2022-08-07 00:08:19,BBC News - World (Archived),https://www.bbc.co.uk/news/world-asia-india-62421848?at_medium=RSS&at_campaign=KARANGA
art_981a772e1efd4d28d7ba706d1b1c5094,Island trip lays bare US-China tussle in the Pacific,2022-08-06 17:30:21,BBC News - World (Archived),https://www.bbc.co.uk/news/world-us-canada-62440921?at_medium=RSS&at_campaign=KARANGA
art_85acc5dd87e0da42956358ceac2a001a,Partition: My journey to the ‘place no-one spoke of’,2022-08-05 23:34:57,BBC News - World (Archived),https://www.bbc.co.uk/news/world-asia-62347457?at_medium=RSS&at_campaign=KARANGA
art_c606dbf818acc5b42b3af5a9aaaf2920,"Obituary: Gary Schroen, the CIA spy sent to get Osama Bin Laden",2022-08-05 15:45:42,BBC News - World (Archived),https://www.bbc.co.uk/news/world-us-canada-62427462?at_medium=RSS&at_campaign=KARANGA
art_2628f272af3a453f191aeaee80d43647,Uganda: I was forced to leave idyllic childhood home,2022-08-05 23:01:33,BBC News - World (Archived),https://www.bbc.co.uk/news/stories-62406208?at_medium=RSS&at_campaign=KARANGA
art_054f7a65cd7edd0016ddf06cc8f03e01,Why Australia will work harder to build ties with Indonesia,2022-08-05 22:31:52,BBC News - World (Archived),https://www.bbc.co.uk/news/business-62078999?at_medium=RSS&at_campaign=KARANGA
art_e10510798c109b07325d85c7661e0460,Where does Taiwan crisis leave Biden's China policy?,2022-08-04 18:58:14,BBC News - World (Archived),https://www.bbc.co.uk/news/world-us-canada-62426827?at_medium=RSS&at_campaign=KARANGA
art_adbe00aa6decbbd577dcb941626c3325,Ukraine war: No sleep in Ukraine’s relentlessly bombed city,2022-08-04 11:51:32,BBC News - World (Archived),https://www.bbc.co.uk/news/world-europe-62407872?at_medium=RSS&at_campaign=KARANGA
art_379f9253f62c224b7edfde16303e2d4b,Colombia peace deal failing as violent gangs recruit vulnerable children,2022-08-04 23:33:37,BBC News - World (Archived),https://www.bbc.co.uk/news/world-latin-america-62413672?at_medium=RSS&at_campaign=KARANGA
art_88aeec5acd916a2df94f52095aed7991,Kenya election 2022: How a murder haunts the poll,2022-08-05 15:48:27,BBC News - World (Archived),https://www.bbc.co.uk/news/world-africa-62423445?at_medium=RSS&at_campaign=KARANGA
art_ff242ec05560033c65bf29f863040caa,Haryana: India's 'most wanted' who acted in 28 films and hid for 30 years,2022-08-04 23:54:12,BBC News - World (Archived),https://www.bbc.co.uk/news/world-asia-india-62392001?at_medium=RSS&at_campaign=KARANGA
art_4c4fd57f96030992a9436a20e84d9e8b,Viktor Orban alone in Europe but among friends at CPAC in Texas,2022-08-03 21:23:52,BBC News - World (Archived),https://www.bbc.co.uk/news/world-europe-62408368?at_medium=RSS&at_campaign=KARANGA
art_d1dd6e2698a09b642d07ec6d098cfead,Afra Rafeeq: India teen who died but raised millions to save her brother,2022-08-03 23:20:48,BBC News - World (Archived),https://www.bbc.co.uk/news/world-asia-india-62403456?at_medium=RSS&at_campaign=KARANGA
art_25f1da11acfaa90edb14c07d876b95e5,The view from Taiwan: 'We've had this for 70 years',2022-08-04 10:42:29,BBC News - World (Archived),https://www.bbc.co.uk/news/world-asia-62404236?at_medium=RSS&at_campaign=KARANGA
art_9645ed57efaf585dd936f349018dec72,Hockey Canada: A sex assault scandal disgraces country’s pastime,2022-08-06 17:16:23,BBC News - World (Archived),https://www.bbc.co.uk/news/world-us-canada-62324446?at_medium=RSS&at_campaign=KARANGA
art_870e934ea230f174bd33214ec96f4121,US President Biden leaves White House for first time since Covid,2022-08-07 15:25:48,BBC News - World (Archived),https://www.bbc.co.uk/news/world-us-canada-62458703?at_medium=RSS&at_campaign=KARANGA
art_83cf8bb80cb1cf40c54bbad4deb18972,Flash flooding swamps California's Death Valley,2022-08-07 08:51:13,BBC News - World (Archived),https://www.bbc.co.uk/news/world-us-canada-62455325?at_medium=RSS&at_campaign=KARANGA
art_fc0dc14b05f2ad54190cbb220a2f2a30,Mariupolchanka FC: The women's football team under siege in Ukraine,2022-08-05 23:01:13,BBC News - World (Archived),https://www.bbc.co.uk/news/world-europe-62415147?at_medium=RSS&at_campaign=KARANGA
art_9cf5fbd400add7cdc150b150b93f9dff,Gaza: Emergency services arrive at flats hit by strike,2022-08-05 16:24:18,BBC News - World (Archived),https://www.bbc.co.uk/news/world-middle-east-62441969?at_medium=RSS&at_campaign=KARANGA
art_03dafa4d37d04753a160127c0e1a6a58,Watch: Waterspout caught on camera in US,2022-08-05 11:15:36,BBC News - World (Archived),https://www.bbc.co.uk/news/world-us-canada-62433641?at_medium=RSS&at_campaign=KARANGA
art_c94681055c6f9c7a1aeec36adc71545e,Kenya election result: William Ruto wins presidential poll,2022-08-15 17:43:02,BBC News - World (Archived),https://www.bbc.co.uk/news/world-africa-62554210?at_medium=RSS&at_campaign=KARANGA
art_d2a8adce0c2cd848cf61cd077948a25b,Salman Rushdie: Iran blames writer and supporters for stabbing,2022-08-15 11:26:16,BBC News - World (Archived),https://www.bbc.co.uk/news/world-us-canada-62546469?at_medium=RSS&at_campaign=KARANGA
art_d3a84ba2096b5d4cea33ee7b38bae68b,Ukraine hits Russian Wagner mercenary HQ in east,2022-08-15 17:20:46,BBC News - World (Archived),https://www.bbc.co.uk/news/world-europe-62547403?at_medium=RSS&at_campaign=KARANGA
art_ac8deea43f9a26951490a4ff21709595,Mar-a-Lago: FBI warns of increased threats after Trump search,2022-08-15 17:45:32,BBC News - World (Archived),https://www.bbc.co.uk/news/world-us-canada-62553556?at_medium=RSS&at_campaign=KARANGA
art_4c862fe4309b241965ada719f77a192e,Trapped Mexico miners: Setback as water levels rise,2022-08-15 10:39:26,BBC News - World (Archived),https://www.bbc.co.uk/news/world-latin-america-62491342?at_medium=RSS&at_campaign=KARANGA
art_5954bde22db20fdbd64bee28d3f8934a,Shanghai Covid: Ikea shoppers flee attempt to lock down store,2022-08-15 09:35:38,BBC News - World (Archived),https://www.bbc.co.uk/news/world-asia-china-62547503?at_medium=RSS&at_campaign=KARANGA
art_8dee6b5a67eb2f3b90c17a0e37a3586f,Norway bridge collapse: Drivers of two vehicles rescued,2022-08-15 17:45:45,BBC News - World (Archived),https://www.bbc.co.uk/news/world-europe-62556563?at_medium=RSS&at_campaign=KARANGA
art_89c6f883efc2cf958f0fd2fabd8c8015,Egypt fire: Dozens dead in Giza Coptic church,2022-08-15 01:25:09,BBC News - World (Archived),https://www.bbc.co.uk/news/world-middle-east-62541074?at_medium=RSS&at_campaign=KARANGA
art_651758f3f74082b13ee454dd14b1d23f,Marshall Islands: Covid-19 cases surge,2022-08-15 05:24:13,BBC News - World (Archived),https://www.bbc.co.uk/news/world-asia-62544116?at_medium=RSS&at_campaign=KARANGA
art_7ed260c1aa56e59a2a2f18daa5752005,Scott Morrison: Australia's ex-PM 'secretly held ministry portfolios',2022-08-15 07:08:55,BBC News - World (Archived),https://www.bbc.co.uk/news/world-australia-62544961?at_medium=RSS&at_campaign=KARANGA
art_b064b34295385671facf376820f9b953,Ecuador: Guayaquil blast 'declaration of war' by gangs - officials,2022-08-15 01:14:52,BBC News - World (Archived),https://www.bbc.co.uk/news/world-latin-america-62544570?at_medium=RSS&at_campaign=KARANGA
art_0701a92799ae7e891e841c69bb24ac27,Russia vows to expand relations with North Korea,2022-08-15 16:16:51,BBC News - World (Archived),https://www.bbc.co.uk/news/world-asia-62462276?at_medium=RSS&at_campaign=KARANGA
art_bce8eb3cd7e8d9060d34ef0d6fbdd247,Leaders make fifth attempt to pass UN Oceans Treaty,2022-08-15 02:51:46,BBC News - World (Archived),https://www.bbc.co.uk/news/science-environment-62524611?at_medium=RSS&at_campaign=KARANGA
art_bed5bc23e661d41fdc1ae51c39b8762b,Kenya election result: William Ruto defies the odds for victory,2022-08-15 17:31:15,BBC News - World (Archived),https://www.bbc.co.uk/news/world-africa-62485332?at_medium=RSS&at_campaign=KARANGA
art_d745e6c25bb206e11960d9db0130a129,"From Kabul and beyond, a year of Taliban rule in Afghanistan",2022-08-15 08:36:05,BBC News - World (Archived),https://www.bbc.co.uk/news/world-asia-62535300?at_medium=RSS&at_campaign=KARANGA
art_242e69e3492f126655795d4ac0c821df,"Forty metres above the forest, searching for smoke",2022-08-15 08:44:31,BBC News - World (Archived),https://www.bbc.co.uk/news/world-europe-62539386?at_medium=RSS&at_campaign=KARANGA
art_16c74e4455ab93eb84fc2c53e659fce2,Mangrove forests: How 40 million Australian trees died of thirst,2022-08-14 21:03:10,BBC News - World (Archived),https://www.bbc.co.uk/news/world-australia-62489574?at_medium=RSS&at_campaign=KARANGA
art_a18f611e2775c08887c4a5feb7941321,The tech aiming to prevent lost airline luggage,2022-08-15 09:23:32,BBC News - World (Archived),https://www.bbc.co.uk/news/business-62446937?at_medium=RSS&at_campaign=KARANGA
art_cd6d4ed9cbd253adb1c6322a5a2e0b15,Partition: Why was British India divided 75 years ago?,2022-08-14 23:58:58,BBC News - World (Archived),https://www.bbc.co.uk/news/world-south-asia-62467438?at_medium=RSS&at_campaign=KARANGA
art_fe3bf76bbdeff4005d83e170e4f9563c,Letter from Africa: How racism haunts black people in Italy,2022-08-15 00:02:11,BBC News - World (Archived),https://www.bbc.co.uk/news/world-africa-62476406?at_medium=RSS&at_campaign=KARANGA
art_47f3b401d2b6d3d35b3cc42ba80e827b,India Independence Day: The surprising DIY tech that powered India's freedom,2022-08-15 00:00:34,BBC News - World (Archived),https://www.bbc.co.uk/news/world-asia-india-62390087?at_medium=RSS&at_campaign=KARANGA
art_3d24188a777b0b2e0a71497cfc787c5b,"'We are waiting for rain, for winter, for God' - Fighting a megafire in France",2022-08-14 10:31:28,BBC News - World (Archived),https://www.bbc.co.uk/news/world-europe-62539385?at_medium=RSS&at_campaign=KARANGA
art_d60ef2f44971d97f145b45efeab301e2,Renewable energy: The 'kite' that pulls energy out of the sky,2022-08-13 23:06:04,BBC News - World (Archived),https://www.bbc.co.uk/news/science-environment-62513387?at_medium=RSS&at_campaign=KARANGA
art_b9e1e56c130f3823630083a15a7535f8,"Egypt church fire: 'We saved who we could', says survivor",2022-08-15 01:38:06,BBC News - World (Archived),https://www.bbc.co.uk/news/world-africa-62544805?at_medium=RSS&at_campaign=KARANGA
art_b0d93737569ea87d09f9a2e7f8fa1c02,The nine-year-old boy who fled war-torn Cyprus for London,2022-08-14 23:37:01,BBC News - World (Archived),https://www.bbc.co.uk/news/uk-england-london-62516848?at_medium=RSS&at_campaign=KARANGA
art_40cb5c7b9d7325bfe33e9ed6da5291b7,Tropical Storm Meari leaves trail of devastation in central Japan,2022-08-14 19:13:26,BBC News - World (Archived),https://www.bbc.co.uk/news/world-asia-62544007?at_medium=RSS&at_campaign=KARANGA
art_29fda688ec794cacad0caf0e7d874eab,Fireworks explosion rocks Armenia shopping market,2022-08-14 21:13:33,BBC News - World (Archived),https://www.bbc.co.uk/news/world-62540398?at_medium=RSS&at_campaign=KARANGA
art_51e3ac63bdbbd96264b8d509da223526,Afghanistan: Taliban fire shots to stop Afghan women's Kabul protest,2022-08-14 00:34:28,BBC News - World (Archived),https://www.bbc.co.uk/news/world-asia-62537655?at_medium=RSS&at_campaign=KARANGA
art_8f8aae2f65b6f05e19f95fd5e7a6a3ce,On the frontline: Is this Ukraine's breakthrough moment?,2022-09-01 05:22:44,BBC News - World (Archived),https://www.bbc.co.uk/news/world-europe-62738160?at_medium=RSS&at_campaign=KARANGA
art_1aa91af343dfa3f355166ebc0429c26f,Uyghurs: China may have committed crimes against humanity in Xinjiang - UN,2022-09-01 06:30:37,BBC News - World (Archived),https://www.bbc.co.uk/news/world-asia-62744522?at_medium=RSS&at_campaign=KARANGA
art_c4c1469d2d88f5f0c1fe5e522f083696,Trump team downplays sensitive files at Mar-a-Lago,2022-09-01 03:19:14,BBC News - World (Archived),https://www.bbc.co.uk/news/world-us-canada-62747381?at_medium=RSS&at_campaign=KARANGA
art_9895a25773f9996d209f4e76a8b426ea,EU Russia: Bloc toughens visa regime but no ban,2022-08-31 19:34:52,BBC News - World (Archived),https://www.bbc.co.uk/news/world-europe-62745637?at_medium=RSS&at_campaign=KARANGA
art_391e69ad7d7937feef38263d2d9c8442,Sarah Palin loses comeback bid in Alaska upset to Democrat,2022-09-01 01:17:50,BBC News - World (Archived),https://www.bbc.co.uk/news/world-us-canada-62747378?at_medium=RSS&at_campaign=KARANGA
art_e3ad1b37bb9dba5a3d4aea700eefe8ae,Nord Stream 1: Russia shuts major gas pipeline to Europe,2022-09-01 01:59:23,BBC News - World (Archived),https://www.bbc.co.uk/news/world-europe-62732835?at_medium=RSS&at_campaign=KARANGA
art_d3fd50ef57b179edf21d05005d446a64,US life expectancy falls to lowest level since 1996,2022-08-31 15:48:13,BBC News - World (Archived),https://www.bbc.co.uk/news/world-us-canada-62740249?at_medium=RSS&at_campaign=KARANGA
art_17988f2c91cda2b50e32761c8d8e92fe,Germans say goodbye to summer of €9 travel tickets,2022-08-31 15:54:32,BBC News - World (Archived),https://www.bbc.co.uk/news/world-europe-62736375?at_medium=RSS&at_campaign=KARANGA
art_4ad3f6f6ed27941a6af968df4f8dd826,Munich Olympics massacre compensation deal struck,2022-08-31 15:21:41,BBC News - World (Archived),https://www.bbc.co.uk/news/world-62742124?at_medium=RSS&at_campaign=KARANGA
art_795a52ba94d84211d06084460f7ceb2e,Suellen Tennyson: Kidnapped US Catholic nun freed in Burkina Faso,2022-08-31 17:38:23,BBC News - World (Archived),https://www.bbc.co.uk/news/world-africa-62738420?at_medium=RSS&at_campaign=KARANGA
art_ea1e4db31e3481d769ea58bff0f0df1a,Oscar Pistorius: South African ex-Paralympian seeks to force early prison release,2022-08-31 12:54:35,BBC News - World (Archived),https://www.bbc.co.uk/news/world-africa-62738416?at_medium=RSS&at_campaign=KARANGA
art_18e019662e3eb5174841c9a99e727dfb,Micky Dolenz: Last living Monkees member sues FBI for secret files on band,2022-08-31 16:24:54,BBC News - World (Archived),https://www.bbc.co.uk/news/world-us-canada-62741828?at_medium=RSS&at_campaign=KARANGA
art_1deba141716302cbed20d15e5fd1dbf1,Documents likely concealed at Donald Trump's Florida home - officials,2022-08-31 19:08:53,BBC News - World (Archived),https://www.bbc.co.uk/news/world-us-canada-62732836?at_medium=RSS&at_campaign=KARANGA
art_6611ca48e1159b82b0bfecbb34345cd3,Camilo Guevara: Son of Marxist revolutionary Che Guevara dies,2022-08-31 12:33:38,BBC News - World (Archived),https://www.bbc.co.uk/news/world-latin-america-62724374?at_medium=RSS&at_campaign=KARANGA
art_2d27b2847d3f69109b4aa3eab6fc5e7e,Saudi Arabia seizes record 46 million amphetamine pills hidden in flour,2022-08-31 16:33:02,BBC News - World (Archived),https://www.bbc.co.uk/news/world-middle-east-62736126?at_medium=RSS&at_campaign=KARANGA
art_d2907b740fc423b8207343750c3ac06f,Ukraine war: 'I'm more scared of my new teacher than of war',2022-09-01 00:17:19,BBC News - World (Archived),https://www.bbc.co.uk/news/world-europe-62738150?at_medium=RSS&at_campaign=KARANGA
art_bf6dd55910b633626ae51389ec0b1904,What a Pizza Hut ad says about Gorbachev - and Russia,2022-08-31 17:51:00,BBC News - World (Archived),https://www.bbc.co.uk/news/world-europe-62736976?at_medium=RSS&at_campaign=KARANGA
art_b0d5ebfc1f997e60b8de4ba86192e59b,Ethiopia civil war: Why fighting has resumed in Tigray and Amhara,2022-09-01 00:11:28,BBC News - World (Archived),https://www.bbc.co.uk/news/world-africa-62717070?at_medium=RSS&at_campaign=KARANGA
art_60535016c27246c431ff3af70adab86f,"Russia: Mikhail Gorbachev changed history, but was wrong about ties to West",2022-08-31 13:19:47,BBC News - World (Archived),https://www.bbc.co.uk/news/world-europe-62735271?at_medium=RSS&at_campaign=KARANGA
art_3a8236be830a000a2e73cac3bf1330ab,Netflix's Indian Matchmaking: ‘Sima aunty’ raises eyebrows - again,2022-09-01 00:33:46,BBC News - World (Archived),https://www.bbc.co.uk/news/world-asia-india-62717311?at_medium=RSS&at_campaign=KARANGA
art_63d352c7436a43d4cc9525d6bd31de64,Gorbachev: Little love for late Soviet leader in Russia's old empire,2022-08-31 13:16:48,BBC News - World (Archived),https://www.bbc.co.uk/news/world-europe-62736373?at_medium=RSS&at_campaign=KARANGA
art_efcaca4a793412b04c5a6c0daa7540df,John Simpson: Gorbachev was a man of decency but not vision,2022-08-31 18:33:45,BBC News - World (Archived),https://www.bbc.co.uk/news/world-europe-62739416?at_medium=RSS&at_campaign=KARANGA
art_9de4610c7e850b73a09692d04aa7d5b7,In pictures: The life of ex-Soviet leader Mikhail Gorbachev,2022-08-31 10:02:01,BBC News - World (Archived),https://www.bbc.co.uk/news/world-europe-62732829?at_medium=RSS&at_campaign=KARANGA
art_a6f36fbb7b184c9a7b070690a212715d,Kerala: Why are Indian men screaming with period pain?,2022-08-31 00:06:18,BBC News - World (Archived),https://www.bbc.co.uk/news/world-asia-india-62712664?at_medium=RSS&at_campaign=KARANGA
art_839dba45a1fe8ddb9ddfe2d3e0c7ce84,Switzerland's vanishing glaciers threaten Europe's water supply,2022-08-31 07:41:19,BBC News - World (Archived),https://www.bbc.co.uk/news/world-europe-62689707?at_medium=RSS&at_campaign=KARANGA
art_94d305a353293309fca6a6719c6d41c5,World's loneliest man: Rare footage of him in the Amazon,2022-08-30 10:20:16,BBC News - World (Archived),https://www.bbc.co.uk/news/world-latin-america-62723989?at_medium=RSS&at_campaign=KARANGA
art_1f084067731f719e8c451e72b1f177a1,Ukraine grain deal: Where are the ships going?,2022-08-30 11:16:06,BBC News - World (Archived),https://www.bbc.co.uk/news/world-europe-62717010?at_medium=RSS&at_campaign=KARANGA
art_ec1706f327611c06ff07ac41d46dab1d,"Pakistan floods are ‘a monsoon on steroids’, warns UN chief",2022-08-30 14:02:55,BBC News - World (Archived),https://www.bbc.co.uk/news/world-asia-62722117?at_medium=RSS&at_campaign=KARANGA
art_40cc00e516345298d4336cc20c0dfdc2,Giant hailstones lash parts of Spain,2022-08-31 17:40:00,BBC News - World (Archived),https://www.bbc.co.uk/news/world-europe-62745216?at_medium=RSS&at_campaign=KARANGA
art_b99f531b7fb696e503373101f2febdd6,Pakistan floods: Shelter staff rescue 250 dogs,2022-08-31 13:51:44,BBC News - World (Archived),https://www.bbc.co.uk/news/world-asia-62736455?at_medium=RSS&at_campaign=KARANGA
art_2d77b7d0d9193155de8110cbaa0772f2,Mikhail Gorbachev: Last Soviet leader dies aged 91,2022-08-30 21:44:05,BBC News - World (Archived),https://www.bbc.co.uk/news/world-europe-62729199?at_medium=RSS&at_campaign=KARANGA
art_64825ca14caa18d5e6626ea7da71a087,Books and bomb shelters: Ukraine returns to school,2022-08-30 15:45:09,BBC News - World (Archived),https://www.bbc.co.uk/news/world-europe-62729196?at_medium=RSS&at_campaign=KARANGA
art_e847675952b6f8ad89d16c6f93c234ac,Pakistan floods: Helicopter lifts stranded boy,2022-08-29 11:49:12,BBC News - World (Archived),https://www.bbc.co.uk/news/world-asia-62713213?at_medium=RSS&at_campaign=KARANGA
art_7f5646df5cd3aa79070378059cd22858,Charles praises Queen's reign as he is formally confirmed as king,2022-09-10 13:12:25,BBC News - World (Archived),https://www.bbc.co.uk/news/uk-62860893?at_medium=RSS&at_campaign=KARANGA
art_144a2b208a39cea019e412a85eedaee4,Kharkiv offensive: Ukraine enters key town as counter-attack gathers pace,2022-09-10 13:12:02,BBC News - World (Archived),https://www.bbc.co.uk/news/world-europe-62860774?at_medium=RSS&at_campaign=KARANGA
art_d8898868e53eee73d42f8100485c4e46,New Zealand: Whale may have caused boat flip that killed five,2022-09-10 10:01:46,BBC News - World (Archived),https://www.bbc.co.uk/news/world-asia-62860778?at_medium=RSS&at_campaign=KARANGA
art_e3e2400e9d8567f35fa7414ad998c7a4,Sweden election: Gang shootings cast shadow over vote,2022-09-09 23:23:27,BBC News - World (Archived),https://www.bbc.co.uk/news/world-europe-62823893?at_medium=RSS&at_campaign=KARANGA
art_43107ca4f2c79200c469ce3367f6c353,New York declares state of emergency over polio,2022-09-09 20:08:41,BBC News - World (Archived),https://www.bbc.co.uk/news/world-us-canada-62857112?at_medium=RSS&at_campaign=KARANGA
art_9602da540ab48fb915ed162159d7d4ff,Queen Elizabeth II and Africa: In pictures,2022-09-09 23:32:32,BBC News - World (Archived),https://www.bbc.co.uk/news/world-africa-62290768?at_medium=RSS&at_campaign=KARANGA
art_0adf050293b7348215536cb83b78f238,Queen Elizabeth II: World leaders remember a 'kind-hearted Queen',2022-09-09 12:54:15,BBC News - World (Archived),https://www.bbc.co.uk/news/world-62838595?at_medium=RSS&at_campaign=KARANGA
art_cc045717cbd8583ecd724d49f808db1a,North Korea declares itself a nuclear weapons state,2022-09-09 01:46:35,BBC News - World (Archived),https://www.bbc.co.uk/news/world-asia-62845958?at_medium=RSS&at_campaign=KARANGA
art_a6e1aa522db7f7cec4c942734a87bd45,"Ukraine has retaken 1,000 square kilometres in a week - Zelensky",2022-09-09 19:35:07,BBC News - World (Archived),https://www.bbc.co.uk/news/world-europe-62849235?at_medium=RSS&at_campaign=KARANGA
art_f23524d0fa94e6ad6789546533b8ce44,Ukraine war: Heavily pregnant medic held in Russian prison,2022-09-09 09:11:32,BBC News - World (Archived),https://www.bbc.co.uk/news/world-europe-62819425?at_medium=RSS&at_campaign=KARANGA
art_0a6fbbf4ce3393e650dad342f2451639,Climate change: Six tipping points ‘likely’ to be crossed,2022-09-08 20:49:03,BBC News - World (Archived),https://www.bbc.co.uk/news/science-environment-62838627?at_medium=RSS&at_campaign=KARANGA
art_12e369ec07b9be13747f526c11126156,Queen Elizabeth II: How the monarch charmed millions of Indians,2022-09-09 08:52:31,BBC News - World (Archived),https://www.bbc.co.uk/news/world-asia-india-62839967?at_medium=RSS&at_campaign=KARANGA
art_02e266a76c8452232787f2675ef93276,World media mark the death of Queen Elizabeth II,2022-09-09 17:20:56,BBC News - World (Archived),https://www.bbc.co.uk/news/uk-62849568?at_medium=RSS&at_campaign=KARANGA
art_0f600c6dd45f30bbe2e750435bb08a93,Blinken flies in to rally Western support for Ukraine war,2022-09-08 21:39:13,BBC News - World (Archived),https://www.bbc.co.uk/news/world-europe-62841392?at_medium=RSS&at_campaign=KARANGA
art_a675fc1af4ff039aef771e3b59221391,Kenya election 2022: New county governors tackle corruption,2022-09-09 23:27:44,BBC News - World (Archived),https://www.bbc.co.uk/news/world-africa-62807029?at_medium=RSS&at_campaign=KARANGA
art_aa4004e48e17055715ba976a895a5236,Three ways climate change makes adventure tourism riskier,2022-09-09 23:30:46,BBC News - World (Archived),https://www.bbc.co.uk/news/world-62850313?at_medium=RSS&at_campaign=KARANGA
art_3d6734cdfe3912135298721e1b29e4b4,Greece wiretap and spyware claims circle around PM Mitsotakis,2022-09-07 23:03:07,BBC News - World (Archived),https://www.bbc.co.uk/news/world-europe-62822366?at_medium=RSS&at_campaign=KARANGA
art_af68f360c5ed1906834d4ea647579ea5,How the ‘man in black’ was exposed by the Russian women he terrorised,2022-09-07 23:27:13,BBC News - World (Archived),https://www.bbc.co.uk/news/world-europe-62799246?at_medium=RSS&at_campaign=KARANGA
art_e7667942a7b2d51fe7c2995c5fd6effb,Ukraine urges Europe not to wobble on war support,2022-09-07 17:48:18,BBC News - World (Archived),https://www.bbc.co.uk/news/world-europe-62817563?at_medium=RSS&at_campaign=KARANGA
art_ffa03453d2453456a76d36cbaa1149fc,Frozen Planet II returns with live footage of avalanche,2022-09-05 23:05:20,BBC News - World (Archived),https://www.bbc.co.uk/news/science-environment-62797161?at_medium=RSS&at_campaign=KARANGA
art_04acfc73b0e13cc10c29771cbd66bfe3,Charles III is proclaimed king in TV first,2022-09-10 11:04:08,BBC News - World (Archived),https://www.bbc.co.uk/news/uk-62862571?at_medium=RSS&at_campaign=KARANGA
art_483b1bf0e17825e19c3421180c898ef8,Outpouring of sympathy across the Commonwealth,2022-09-09 12:21:12,BBC News - World (Archived),https://www.bbc.co.uk/news/world-62852412?at_medium=RSS&at_campaign=KARANGA
art_2b29d5c589def46f610c9771931c92d7,Queen Elizabeth II: Australians pay tribute to 'a great monarch',2022-09-09 07:00:47,BBC News - World (Archived),https://www.bbc.co.uk/news/world-australia-62847759?at_medium=RSS&at_campaign=KARANGA
art_8529a4b8c98823db3e23fb01f286a519,WATCH: The Northern Lights as seen from space,2022-09-08 11:16:46,BBC News - World (Archived),https://www.bbc.co.uk/news/world-62831574?at_medium=RSS&at_campaign=KARANGA
art_694a1b7ffa9a1b794c5690973261e8c2,Watch: Firefighters tackle Italy chemical plant fire,2022-09-07 14:28:31,BBC News - World (Archived),https://www.bbc.co.uk/news/world-europe-62823049?at_medium=RSS&at_campaign=KARANGA
art_f1dcc449888e791898280fb86179d870,Ukraine war: President Zelensky visits city recaptured in rapid counter-offensive,2022-09-14 16:24:58,BBC News - World (Archived),https://www.bbc.co.uk/news/world-europe-62899474?at_medium=RSS&at_campaign=KARANGA
art_09d2e0a0f0378582c6b7a66b61820881,Ukraine war: Accounts of Russian torture emerge in liberated areas,2022-09-13 20:26:23,BBC News - World (Archived),https://www.bbc.co.uk/news/world-europe-62888388?at_medium=RSS&at_campaign=KARANGA
art_a4e6c0246691fa52c07bfeed1ead9963,Xi and Putin to discuss Ukraine war at meeting - Kremlin,2022-09-14 16:55:03,BBC News - World (Archived),https://www.bbc.co.uk/news/world-asia-china-62885151?at_medium=RSS&at_campaign=KARANGA
art_5da1a87252aa7c7d6aab095de67d553a,Ukraine war: EU moves to cut peak electricity use by 5%,2022-09-14 14:19:42,BBC News - World (Archived),https://www.bbc.co.uk/news/world-europe-62899940?at_medium=RSS&at_campaign=KARANGA
art_7e6d91365372e10331d4845787dc2204,France must reconsider ban on IS members' return,2022-09-14 15:37:15,BBC News - World (Archived),https://www.bbc.co.uk/news/world-europe-62905237?at_medium=RSS&at_campaign=KARANGA
art_93ccabf0d691fd67fa760dd03a24b072,Lebanese woman holds up bank to access frozen savings as anger boils,2022-09-14 13:50:55,BBC News - World (Archived),https://www.bbc.co.uk/news/world-middle-east-62900795?at_medium=RSS&at_campaign=KARANGA
art_5698d370dd53c0724f492a561a44cb96,Herbert Jacobson killed during WWII attack on Pearl Harbor buried,2022-09-14 10:23:10,BBC News - World (Archived),https://www.bbc.co.uk/news/world-us-canada-62899378?at_medium=RSS&at_campaign=KARANGA
art_c9200dbf98ec060d406acd6ac0792c27,Burkina Faso trapped miners: Director fined over disaster that left eight dead,2022-09-14 13:50:25,BBC News - World (Archived),https://www.bbc.co.uk/news/world-africa-62901455?at_medium=RSS&at_campaign=KARANGA
art_e581bce694caff854d8e8f6c9ef76be3,Iowa teen who killed alleged rapist sentenced and fined,2022-09-14 05:58:09,BBC News - World (Archived),https://www.bbc.co.uk/news/world-us-canada-62898366?at_medium=RSS&at_campaign=KARANGA
art_bd823cc24e6d9f1d83f7eb71d78e34cf,Russia covertly spent $300m to meddle abroad - US,2022-09-13 23:48:14,BBC News - World (Archived),https://www.bbc.co.uk/news/world-us-canada-62897570?at_medium=RSS&at_campaign=KARANGA
art_5a6c1401adbf06c475f552b22ff97adf,Shanghai typhoon: Flights cancelled as China's biggest city braces for storm,2022-09-14 15:49:33,BBC News - World (Archived),https://www.bbc.co.uk/news/world-asia-62902494?at_medium=RSS&at_campaign=KARANGA
art_615806736f6be8f57e873bcbed58b0c8,Michelin awards first stars to 13 Toronto restaurants,2022-09-14 06:37:52,BBC News - World (Archived),https://www.bbc.co.uk/news/world-us-canada-62894286?at_medium=RSS&at_campaign=KARANGA
art_656b24d22882cd74e3857c15c7ea5443,Queen Elizabeth II: What her death means to Malaysia,2022-09-13 23:15:12,BBC News - World (Archived),https://www.bbc.co.uk/news/world-asia-62885963?at_medium=RSS&at_campaign=KARANGA
art_a7136caed59b372cc166cad6ab97a889,Triple talaq: India Muslim women in limbo after instant divorce ruling,2022-09-13 23:04:03,BBC News - World (Archived),https://www.bbc.co.uk/news/world-asia-india-62805107?at_medium=RSS&at_campaign=KARANGA
art_56ddb00de9458b8af6e4e7453ee294c3,Jean-Luc Godard: Nine things about the man who remade cinema,2022-09-13 08:53:25,BBC News - World (Archived),https://www.bbc.co.uk/news/entertainment-arts-46709681?at_medium=RSS&at_campaign=KARANGA
art_f4a10b08ace0476891b04fa486e6ac1d,New Hampshire primary race too close to call as Don Bolduc holds narrow lead,2022-09-14 12:36:19,BBC News - World (Archived),https://www.bbc.co.uk/news/world-us-canada-62879464?at_medium=RSS&at_campaign=KARANGA
art_6d1d4d861e2d6a06d9f63dc818f44c73,Jean-Luc Godard: Visionary director's life and films in pictures,2022-09-13 14:25:30,BBC News - World (Archived),https://www.bbc.co.uk/news/entertainment-arts-62889491?at_medium=RSS&at_campaign=KARANGA
art_a20da51a81600b5b114733b20fc7ef77,Will Jamaica now seek to 'move on' from royals as a republic?,2022-09-13 12:45:20,BBC News - World (Archived),https://www.bbc.co.uk/news/world-latin-america-62846653?at_medium=RSS&at_campaign=KARANGA
art_2ad1844166e11f0a5a15ead8f48b05d5,William Ruto: How Kenya's new president is influenced by religion,2022-09-12 23:22:17,BBC News - World (Archived),https://www.bbc.co.uk/news/world-africa-62835681?at_medium=RSS&at_campaign=KARANGA
art_c8a65389b56797fde366fb75f3546123,Rising crimes against Indian women in five charts,2022-09-12 23:30:25,BBC News - World (Archived),https://www.bbc.co.uk/news/world-asia-india-62830634?at_medium=RSS&at_campaign=KARANGA
art_b2f4e5ad85d51eb6e77c6b8a6e46daf9,Ukraine war: Shock and joy in newly liberated villages,2022-09-11 12:34:00,BBC News - World (Archived),https://www.bbc.co.uk/news/world-europe-62869157?at_medium=RSS&at_campaign=KARANGA
art_dc0fa760cef3d2d5dbe2049c0081b630,Freebies: The row over handouts and welfare schemes in India,2022-09-12 04:17:26,BBC News - World (Archived),https://www.bbc.co.uk/news/world-asia-india-62722592?at_medium=RSS&at_campaign=KARANGA
art_59ae4f286fbd28b4ef555417281e7fc7,Liz Truss and Joe Biden: The big issue that could derail UK-US relations,2022-09-10 23:24:16,BBC News - World (Archived),https://www.bbc.co.uk/news/world-us-canada-62819799?at_medium=RSS&at_campaign=KARANGA
art_de78e064e900cdf31012e7536acfc495,Watch: How Queen Elizabeth's journey to lying-in-state unfolded,2022-09-14 16:59:28,BBC News - World (Archived),https://www.bbc.co.uk/news/uk-62901409?at_medium=RSS&at_campaign=KARANGA
art_6b9a1fa617b02cc79cf93bd9c99bbbe3,President Zelensky visits retaken Ukrainian city of Izyum,2022-09-14 13:23:05,BBC News - World (Archived),https://www.bbc.co.uk/news/world-europe-62899879?at_medium=RSS&at_campaign=KARANGA
art_7d1aa4eaa3c639f906c08d4e3d044d36,Girl in Queen fancy dress among last to hear from her,2022-09-14 11:58:03,BBC News - World (Archived),https://www.bbc.co.uk/news/uk-62901111?at_medium=RSS&at_campaign=KARANGA
art_d9f2588c0e04878cedbd672586816d71,Ethereum Merge: A cryptocurrency 'going green',2022-09-14 13:08:09,BBC News - World (Archived),https://www.bbc.co.uk/news/world-62899880?at_medium=RSS&at_campaign=KARANGA
art_2a4141746291fb7c27bcbf9efd7e1699,Ros Atkins on… Ukraine’s fightback,2022-09-12 23:12:02,BBC News - World (Archived),https://www.bbc.co.uk/news/world-europe-62881571?at_medium=RSS&at_campaign=KARANGA
art_a840b5f23cdc84d876579631ec099106,Ukraine war: Russians flee to border after military call-up,2022-09-22 21:19:09,BBC News - World (Archived),https://www.bbc.co.uk/news/world-europe-62996212?at_medium=RSS&at_campaign=KARANGA
art_c2dbdc15eaf0979a9a5886116448ee21,Ukraine war: US says it takes Putin nuclear threat seriously,2022-09-22 17:25:12,BBC News - World (Archived),https://www.bbc.co.uk/news/world-us-canada-63000444?at_medium=RSS&at_campaign=KARANGA
art_6f8b125d0df6eec8d86362b9015f35b1,Child heard crying as mobilised Russian men leave to fight,2022-09-22 18:33:34,BBC News - World (Archived),https://www.bbc.co.uk/news/world-europe-63002654?at_medium=RSS&at_campaign=KARANGA
art_30e400a3e0f78964092972bfe579419f,Iran: CNN cancels interview with Iranian president over headscarf demand,2022-09-22 18:13:00,BBC News - World (Archived),https://www.bbc.co.uk/news/world-middle-east-63000854?at_medium=RSS&at_campaign=KARANGA
art_42702344ea54971f0d6ff2e9a2635070,Iran headscarf: Raisi says police custody death must be investigated,2022-09-22 22:35:32,BBC News - World (Archived),https://www.bbc.co.uk/news/world-middle-east-63003344?at_medium=RSS&at_campaign=KARANGA
art_5466bbeca0939906c92f71230e0ca857,Tesla ordered to recall more than a million US cars,2022-09-22 20:57:11,BBC News - World (Archived),https://www.bbc.co.uk/news/technology-62996103?at_medium=RSS&at_campaign=KARANGA
art_3a18b0b91bfa15375bce63b0c25cbe59,Climate change: Spike in Amazon emissions linked to law enforcement,2022-09-22 23:00:23,BBC News - World (Archived),https://www.bbc.co.uk/news/science-environment-62999822?at_medium=RSS&at_campaign=KARANGA
art_5d1f20cc174fabe0751e2a2db87b20e6,Are Mar-a-Lago and other Trump-owned properties over-valued?,2022-09-22 22:42:36,BBC News - World (Archived),https://www.bbc.co.uk/news/world-us-canada-62990041?at_medium=RSS&at_campaign=KARANGA
art_80c924394486c08806df3fcbe5a85725,Australian phones cyber-attack exposes personal data,2022-09-22 13:18:05,BBC News - World (Archived),https://www.bbc.co.uk/news/technology-62996101?at_medium=RSS&at_campaign=KARANGA
art_7a0bf16e73009855992a21f7c8f94c90,Dozens of migrants killed as boat sinks off Syrian coast,2022-09-22 21:51:57,BBC News - World (Archived),https://www.bbc.co.uk/news/world-middle-east-63003384?at_medium=RSS&at_campaign=KARANGA
art_0cb925459cf991b2f0b336b753633c41,Fat Leonard: Malaysian criminal in US Navy scandal recaptured after jail break,2022-09-22 06:04:39,BBC News - World (Archived),https://www.bbc.co.uk/news/world-us-canada-62976844?at_medium=RSS&at_campaign=KARANGA
art_fddb89c2784c16de99d9ffcc60849d1f,China jails ex-anti-corruption minister for bribes,2022-09-22 12:00:42,BBC News - World (Archived),https://www.bbc.co.uk/news/world-asia-china-62976845?at_medium=RSS&at_campaign=KARANGA
art_1dcd54c0529b075932205e62011ce271,Census 2021: More from Catholic background in NI than Protestant,2022-09-22 15:01:36,BBC News - World (Archived),https://www.bbc.co.uk/news/uk-northern-ireland-62980394?at_medium=RSS&at_campaign=KARANGA
art_8670dbf287997b8a622311f992e01bec,Ukraine war: 'What's happening in Russia now is total fear',2022-09-22 23:06:22,BBC News - World (Archived),https://www.bbc.co.uk/news/world-europe-63000034?at_medium=RSS&at_campaign=KARANGA
art_84253d880d2539b6f10e3f6eb1c44534,Subway murder sparks fury over South Korea’s stalking laws,2022-09-22 23:19:43,BBC News - World (Archived),https://www.bbc.co.uk/news/world-asia-62998084?at_medium=RSS&at_campaign=KARANGA
art_2407beb5c6f7f585c402d8585f5aaedd,Queen Elizabeth II leaves complex legacy for Aboriginal Australians,2022-09-22 23:11:00,BBC News - World (Archived),https://www.bbc.co.uk/news/world-australia-62922864?at_medium=RSS&at_campaign=KARANGA
art_8e930aa540f131ef67b9eff91fcc8f37,In photos: Kashmir's nomadic tribe faces existential crisis,2022-09-22 23:25:57,BBC News - World (Archived),https://www.bbc.co.uk/news/world-asia-india-62886711?at_medium=RSS&at_campaign=KARANGA
art_c33bb1b0393476973a4410d138484112,Iran: Mahsa Amini's father accuses authorities of a cover-up,2022-09-22 14:24:19,BBC News - World (Archived),https://www.bbc.co.uk/news/world-middle-east-62998231?at_medium=RSS&at_campaign=KARANGA
art_ba5d9ab9fbc4aaa5e42f292a4f28c09b,"Ukraine war: 'I will break my arm, my leg... anything to avoid the draft'",2022-09-22 14:19:00,BBC News - World (Archived),https://www.bbc.co.uk/news/world-europe-62992365?at_medium=RSS&at_campaign=KARANGA
art_8e93d4384122eab4165f3a98b45e6802,How a woman became a symbol of defiance in Iran,2022-09-21 18:45:33,BBC News - World (Archived),https://www.bbc.co.uk/news/world-middle-east-62985433?at_medium=RSS&at_campaign=KARANGA
art_6c0272c2631cf45b33dc82d79626572f,The fake sex chats fuelled by an elaborate scam,2022-09-21 23:06:32,BBC News - World (Archived),https://www.bbc.co.uk/news/world-africa-62230304?at_medium=RSS&at_campaign=KARANGA
art_7b226330cc00327be9c3c8f46594b140,Ukraine war: The Russians risking freedom to protest against Putin's invasion,2022-09-21 23:03:07,BBC News - World (Archived),https://www.bbc.co.uk/news/world-europe-62969778?at_medium=RSS&at_campaign=KARANGA
art_d39347008162b3233c85adad80a2d398,Ukraine war: Released Briton felt 'a moral obligation to help',2022-09-22 15:35:57,BBC News - World (Archived),https://www.bbc.co.uk/news/uk-62999436?at_medium=RSS&at_campaign=KARANGA
art_bdad89b205c5ef68d21af4fd1bcbba94,Ukraine war: Video appears to show queues at Russia-Georgia border,2022-09-22 12:28:41,BBC News - World (Archived),https://www.bbc.co.uk/news/world-europe-62997454?at_medium=RSS&at_campaign=KARANGA
art_70fafe95aec23bee8f6433fab535f39b,President Zelensky demands 'just punishment' for Russia,2022-09-22 07:01:39,BBC News - World (Archived),https://www.bbc.co.uk/news/world-europe-62991431?at_medium=RSS&at_campaign=KARANGA
art_5583000f8b4b5215ee5a133d61b82076,Queen Elizabeth II: 16 moments from 16 tours of Australia,2022-09-21 23:25:36,BBC News - World (Archived),https://www.bbc.co.uk/news/world-australia-62977862?at_medium=RSS&at_campaign=KARANGA
art_7782b0615220773b1d2cbc3d227d58f5,The men behind a record-breaking period campaign,2022-09-21 22:58:36,BBC News - World (Archived),https://www.bbc.co.uk/news/world-asia-india-62971516?at_medium=RSS&at_campaign=KARANGA
art_54ddd335c9241e3ce242b3960d52e15b,Ukraine 'referendums': Soldiers go door-to-door for votes in polls,2022-09-23 22:35:13,BBC News - World (Archived),https://www.bbc.co.uk/news/world-europe-63013356?at_medium=RSS&at_campaign=KARANGA
art_13d3abf286e7b6208a3b188c0e62c401,Ukraine war: Russia reveals exemptions as men flee call-up,2022-09-23 15:00:21,BBC News - World (Archived),https://www.bbc.co.uk/news/world-europe-63005406?at_medium=RSS&at_campaign=KARANGA
art_5abfc426f24c514d3b048e5e73aa5240,Iran protests: US to ease internet curbs for Iranians,2022-09-24 00:34:40,BBC News - World (Archived),https://www.bbc.co.uk/news/world-middle-east-63013359?at_medium=RSS&at_campaign=KARANGA
art_dbafe22f55fb17b3dbc0bd054a265842,Iran unrest: What's going on with Iran and the internet?,2022-09-23 23:00:05,BBC News - World (Archived),https://www.bbc.co.uk/news/technology-62996100?at_medium=RSS&at_campaign=KARANGA
art_ce2733eeba53ba56cee37a6788f0f803,Magnus Carlsen and Hans Niemann: The cheating row that's blowing up the chess world,2022-09-23 21:23:04,BBC News - World (Archived),https://www.bbc.co.uk/news/world-63010107?at_medium=RSS&at_campaign=KARANGA
art_490b43754db68898b68ad444fe22df3d,Italian election campaign ends as far right bids for power,2022-09-23 23:12:37,BBC News - World (Archived),https://www.bbc.co.uk/news/world-europe-63015911?at_medium=RSS&at_campaign=KARANGA
art_1675010b3340fda3da23672c0c64b165,Donors spending millions on Trump's legal battles,2022-09-23 22:46:26,BBC News - World (Archived),https://www.bbc.co.uk/news/world-us-canada-62998508?at_medium=RSS&at_campaign=KARANGA
art_dd47f7c5827adef002279dc6f6d3c10e,Goldman Sachs: Sexual assault claims revealed in pay bias suit,2022-09-23 17:47:11,BBC News - World (Archived),https://www.bbc.co.uk/news/business-63012000?at_medium=RSS&at_campaign=KARANGA
art_70deccc9ffdc7f3a00ef0691fcc896d5,Palestinian anger at possible UK Jerusalem embassy move,2022-09-23 13:16:01,BBC News - World (Archived),https://www.bbc.co.uk/news/world-middle-east-63006670?at_medium=RSS&at_campaign=KARANGA
art_86d6a439c9395fd8a4b4981205488225,South Korean President Yoon Suk-yeol denies US insult caught on hot mic,2022-09-23 13:50:26,BBC News - World (Archived),https://www.bbc.co.uk/news/world-asia-63008895?at_medium=RSS&at_campaign=KARANGA
art_70e80fe7ae116b3eb240438ba38024ac,"Hurricane Fiona: Canada braces for 'historic, extreme event'",2022-09-23 23:57:41,BBC News - World (Archived),https://www.bbc.co.uk/news/world-us-canada-63011195?at_medium=RSS&at_campaign=KARANGA
art_11addab4ab9b27cfcdc956234995f459,Hong Kong Covid: Double-masked flautists in ad spark ridicule,2022-09-23 07:06:03,BBC News - World (Archived),https://www.bbc.co.uk/news/world-asia-china-63004082?at_medium=RSS&at_campaign=KARANGA
art_40069985dbf10ab10ac9e0ad821ffa77,Undercover with Russia’s fake arms dealers,2022-09-23 23:17:15,BBC News - World (Archived),https://www.bbc.co.uk/news/world-62983444?at_medium=RSS&at_campaign=KARANGA
art_b06cc18b2f3680dd1a00bb431d439671,"A Ghanaian view of the Queen's funeral: 'They march, we dance'",2022-09-23 23:23:04,BBC News - World (Archived),https://www.bbc.co.uk/news/world-africa-62975387?at_medium=RSS&at_campaign=KARANGA
art_aa47b88258e642e9688071398f4997b1,Jhulan Goswami: The highest wicket-taker in women's ODI history to retire,2022-09-24 00:10:51,BBC News - World (Archived),https://www.bbc.co.uk/news/world-asia-india-62956110?at_medium=RSS&at_campaign=KARANGA
art_5cd07fc6b1d5071769f03ffcdab1953e,Week in pictures: 17 - 23 September 2022,2022-09-23 23:26:17,BBC News - World (Archived),https://www.bbc.co.uk/news/in-pictures-63009263?at_medium=RSS&at_campaign=KARANGA
art_680d651e1c78908a4e770b431987bcb0,Iran grapples with most serious challenge in years,2022-09-23 14:51:35,BBC News - World (Archived),https://www.bbc.co.uk/news/world-middle-east-63006664?at_medium=RSS&at_campaign=KARANGA
art_b190d69d4f58a3e3ea8004d346e6cf57,What Russia wants from the votes in occupied Ukraine,2022-09-23 05:59:49,BBC News - World (Archived),https://www.bbc.co.uk/news/world-europe-62973415?at_medium=RSS&at_campaign=KARANGA
art_ee7af1720f4c7fb6e9230da20b12a429,Hollywood sign gets birthday facelift in Los Angeles,2022-09-23 10:58:38,BBC News - World (Archived),https://www.bbc.co.uk/news/world-us-canada-63007087?at_medium=RSS&at_campaign=KARANGA
art_5b338f2e5648bdad7ccccf203fd36c29,Ukraine war: Disputed referendums close in Russian-held regions,2022-09-27 16:48:27,BBC News - World (Archived),https://www.bbc.co.uk/news/world-europe-63052207?at_medium=RSS&at_campaign=KARANGA
art_1602111fc34bb6b65e2d8a3229fea5cb,Nord Stream: Ukraine accuses Russia of pipeline terror attack,2022-09-27 14:58:40,BBC News - World (Archived),https://www.bbc.co.uk/news/world-europe-63044747?at_medium=RSS&at_campaign=KARANGA
art_1a33fd98d489bf4f934bb24c7d8829bf,Ukraine war: Russia to open war enlisting hub on Georgia border,2022-09-27 16:09:45,BBC News - World (Archived),https://www.bbc.co.uk/news/world-europe-63050880?at_medium=RSS&at_campaign=KARANGA
art_51b9db0635b30c6e0e47b7c2f0832053,Iran protests: Death toll rises to 76 as crackdown intensifies - rights group,2022-09-27 13:38:30,BBC News - World (Archived),https://www.bbc.co.uk/news/world-middle-east-63047363?at_medium=RSS&at_campaign=KARANGA
art_81d91fcdd45c7e7d5270702c6f1b3527,Italian elections: Meloni gets to work on picking right-wing government,2022-09-27 11:37:10,BBC News - World (Archived),https://www.bbc.co.uk/news/world-europe-63044973?at_medium=RSS&at_campaign=KARANGA
art_5093e54dc7f7bf7c00e7b8cbad1d2558,Cuba and Florida brace for 'major disaster' hurricane,2022-09-27 14:52:53,BBC News - World (Archived),https://www.bbc.co.uk/news/world-us-canada-63036617?at_medium=RSS&at_campaign=KARANGA
art_345af2d03f2479bc1072be2fa6a84c61,Children removed from Jewish sect's jungle compound in Mexico,2022-09-27 16:11:25,BBC News - World (Archived),https://www.bbc.co.uk/news/world-latin-america-62372365?at_medium=RSS&at_campaign=KARANGA
art_43fb7fc0d784b4fe86371d70879bf28d,Ukraine war round-up: Disputed referendums and gas leak allegations,2022-09-27 18:59:05,BBC News - World (Archived),https://www.bbc.co.uk/news/world-europe-63052304?at_medium=RSS&at_campaign=KARANGA
art_36b779b49e77581115872f6ef2f079db,Shinzo Abe: A divided Japan bids farewell to its slain ex-PM,2022-09-27 08:50:33,BBC News - World (Archived),https://www.bbc.co.uk/news/world-asia-63043774?at_medium=RSS&at_campaign=KARANGA
art_262825eb0ab85f17afc8c9cfba57d1de,Japan says Russia 'blindfolded and restrained' its consul in Vladivostok,2022-09-27 09:30:41,BBC News - World (Archived),https://www.bbc.co.uk/news/world-asia-63043773?at_medium=RSS&at_campaign=KARANGA
art_7ff043e6650a2a3e0d5b9a5b3337cb9a,Irish budget: Finance minister unveils tax 'giveaways',2022-09-27 19:39:48,BBC News - World (Archived),https://www.bbc.co.uk/news/world-europe-63048642?at_medium=RSS&at_campaign=KARANGA
art_ee8d996504accb94235ea23ae2053d41,"Iran protester: 'They said if we didn't keep quiet, they would rape us'",2022-09-27 16:23:00,BBC News - World (Archived),https://www.bbc.co.uk/news/world-middle-east-63047372?at_medium=RSS&at_campaign=KARANGA
art_99cc0763d438f575fd3e4828fed8307d,Somalia drought: Are US terror laws hampering aid effort?,2022-09-27 00:26:19,BBC News - World (Archived),https://www.bbc.co.uk/news/world-africa-62787446?at_medium=RSS&at_campaign=KARANGA
art_09d307d26545cd1480e6c674b22d92a8,"Ukraine war: Inside Bakhmut, the battered Donbas city holding off Putin's troops",2022-09-26 16:23:59,BBC News - World (Archived),https://www.bbc.co.uk/news/world-europe-63035423?at_medium=RSS&at_campaign=KARANGA
art_a2f72dce292bf0f751c465c00bf820bb,Hurricanes: Are they getting more violent?,2022-09-27 00:17:38,BBC News - World (Archived),https://www.bbc.co.uk/news/61843574?at_medium=RSS&at_campaign=KARANGA
art_88fa682b31fb8872a343d670198c4759,Lakhimpur: Unanswered questions in India sisters' hanging,2022-09-27 00:36:29,BBC News - World (Archived),https://www.bbc.co.uk/news/world-asia-india-62994857?at_medium=RSS&at_campaign=KARANGA
art_1193f87b2d721c67a9afcb9c463ba174,People smuggler: I get clients to sign a waiver,2022-09-26 13:35:54,BBC News - World (Archived),https://www.bbc.co.uk/news/world-europe-62832633?at_medium=RSS&at_campaign=KARANGA
art_5ea8d935d3ff560b887e6260f658a972,'Africa's Titanic': Remembering Senegal's Joola tragedy,2022-09-25 23:35:35,BBC News - World (Archived),https://www.bbc.co.uk/news/world-africa-63015518?at_medium=RSS&at_campaign=KARANGA
art_e8b1c81c8c86e450a73b8d8f57070778,Mexico's missing students: Where are the key players now?,2022-09-26 06:16:49,BBC News - World (Archived),https://www.bbc.co.uk/news/world-latin-america-62663309?at_medium=RSS&at_campaign=KARANGA
art_b378b21d6a83d90715bf5bbd910c646b,Shinzo Abe: Why a state funeral for slain ex-PM is controversial,2022-09-25 23:26:24,BBC News - World (Archived),https://www.bbc.co.uk/news/world-asia-62976786?at_medium=RSS&at_campaign=KARANGA
art_fbe972ecf0ce81b2d304c0025829a58d,Is Finland's Wood City the future of building?,2022-09-26 23:05:49,BBC News - World (Archived),https://www.bbc.co.uk/news/business-62798950?at_medium=RSS&at_campaign=KARANGA
art_b18653ae21a386bd9042e22d49755d61,Satellite images show lightning strikes surrounding Hurricane Ian over Cuba,2022-09-27 18:50:59,BBC News - World (Archived),https://www.bbc.co.uk/news/world-us-canada-63053697?at_medium=RSS&at_campaign=KARANGA
art_4933c801c566cdf792e15321562acd15,Ukraine war: Drone footage shows huge queues at Russian-Georgian border,2022-09-27 17:31:34,BBC News - World (Archived),https://www.bbc.co.uk/news/world-europe-63053432?at_medium=RSS&at_campaign=KARANGA
art_1c58d52ae90d6616c5f8a09d4bc57266,Giorgia Meloni pledges to govern 'for all Italians',2022-09-26 10:49:52,BBC News - World (Archived),https://www.bbc.co.uk/news/world-europe-63032071?at_medium=RSS&at_campaign=KARANGA
art_73fb67ffbdce79117f325c37a5e2b30d,Cargo plane submerged nose-first in French lake,2022-09-27 11:24:57,BBC News - World (Archived),https://www.bbc.co.uk/news/world-europe-63047625?at_medium=RSS&at_campaign=KARANGA
art_f24a6fda6a165d206c2a6399016cad67,Covid: The Chinese artist filming PCR tests inside his mouth,2022-09-25 23:02:31,BBC News - World (Archived),https://www.bbc.co.uk/news/world-asia-china-63009511?at_medium=RSS&at_campaign=KARANGA
art_d2f43b38416355f218d66d4618c49262,IMF sounds alarm on UK tax cut plans,2022-09-28 00:49:25,BBC News - World (Archived),https://www.bbc.co.uk/news/business-63051702?at_medium=RSS&at_campaign=KARANGA
art_4afebf88a2dbae0f493f5d79b7f5746c,Brazil condemns racist abuse of Richarlison,2022-09-27 22:24:50,BBC News - World (Archived),https://www.bbc.co.uk/sport/football/63056129?at_medium=RSS&at_campaign=KARANGA
art_56e61e955672484b1a359bb85a368d2e,Shakira to stand trial in Spain for tax evasion,2022-09-27 23:06:19,BBC News - World (Archived),https://www.bbc.co.uk/news/world-europe-63056136?at_medium=RSS&at_campaign=KARANGA
art_6180b8595d077c39bceffaaa4e9b4594,Malawi's John Chilembwe gets statue in London's Trafalgar Square:,2022-09-27 23:42:53,BBC News - World (Archived),https://www.bbc.co.uk/news/world-africa-62824881?at_medium=RSS&at_campaign=KARANGA
art_1d0d8992d8b1067561ad4e1cc63e3d0a,James Geoffrey Griffin: The child abuse scandal that shamed Tasmania,2022-09-27 16:17:49,BBC News - World (Archived),https://www.bbc.co.uk/news/world-australia-62173774?at_medium=RSS&at_campaign=KARANGA
art_99b77edb93642b2f8fbd678190e7b597,Kerala dog attacks: Why the state has a fraught relationship with strays,2022-09-27 23:52:12,BBC News - World (Archived),https://www.bbc.co.uk/news/world-asia-india-62949005?at_medium=RSS&at_campaign=KARANGA
art_851bfe1a80fe6260b17893ec86e61e0e,Hurricane Ian: Death toll rises as storm strengthens,2022-09-30 05:19:06,BBC News - World (Archived),https://www.bbc.co.uk/news/world-us-canada-63084460?at_medium=RSS&at_campaign=KARANGA
art_4b5081fb56e8dc634d77cdae08045cb0,Kabul blast: At least 19 dead after suicide attack at education centre - police,2022-09-30 06:39:55,BBC News - World (Archived),https://www.bbc.co.uk/news/world-asia-57137981?at_medium=RSS&at_campaign=KARANGA
art_5c03664252c3fbbe4ca570435e0c6988,Ukraine war: Zaporizhzhia locals flee Russia annexation,2022-09-30 05:03:40,BBC News - World (Archived),https://www.bbc.co.uk/news/world-europe-63076950?at_medium=RSS&at_campaign=KARANGA
art_1c4f41f0c95d2ac51f8dfcd07cadd28e,"Ukraine war: US will never recognise Russia's annexation attempts, Biden vows",2022-09-30 01:29:28,BBC News - World (Archived),https://www.bbc.co.uk/news/world-europe-63084286?at_medium=RSS&at_campaign=KARANGA
art_58493179312397fe0f0590b0ee5cd9b6,Australia ends Covid isolation rule as it moves beyond 'emergency phase',2022-09-30 03:36:59,BBC News - World (Archived),https://www.bbc.co.uk/news/world-australia-63084976?at_medium=RSS&at_campaign=KARANGA
art_b2cd252d5902d623df8099ac3992fbb6,Trevor Noah to step down as host of The Daily Show,2022-09-30 02:50:46,BBC News - World (Archived),https://www.bbc.co.uk/news/entertainment-arts-63084082?at_medium=RSS&at_campaign=KARANGA
art_15a9f18c961c834d8819c5e419050418,Sexual harassment 'rife' at Australia's Antarctica research stations,2022-09-30 05:37:57,BBC News - World (Archived),https://www.bbc.co.uk/news/world-australia-63085209?at_medium=RSS&at_campaign=KARANGA
art_0bc365138cb486eec923bec4e7a0a0ad,Ukraine-Russia war: US army doctor and wife charged with Russia spying,2022-09-29 20:52:54,BBC News - World (Archived),https://www.bbc.co.uk/news/world-us-canada-63079868?at_medium=RSS&at_campaign=KARANGA
art_aca2b7ea79a31af7225d74d3cb0fdca0,Vikram Vedha: Movies return to Kashmir with Hrithik Roshan-starrer,2022-09-30 00:27:04,BBC News - World (Archived),https://www.bbc.co.uk/news/world-asia-india-63043411?at_medium=RSS&at_campaign=KARANGA
art_89cffb07e68e4b548a4aec07452bc0eb,Young non-smokers told not to take up vaping by experts,2022-09-29 16:06:04,BBC News - World (Archived),https://www.bbc.co.uk/news/health-63076876?at_medium=RSS&at_campaign=KARANGA
art_72df9e25e63317ecacbb14301c475d80,Adidas row: Morocco demands change to Algerian jersey design,2022-09-29 23:51:57,BBC News - World (Archived),https://www.bbc.co.uk/news/world-africa-63084459?at_medium=RSS&at_campaign=KARANGA
art_aaafbd65b0db1218c39387e5613c08e1,Tsitsi Dangarembga: Zimbabwe author convicted over placard protest,2022-09-29 17:22:41,BBC News - World (Archived),https://www.bbc.co.uk/news/world-africa-63079089?at_medium=RSS&at_campaign=KARANGA
art_88f376ef6f092e35d4c4ab0854b09c8e,Nike feels squeeze from strong dollar and discounts,2022-09-30 03:35:02,BBC News - World (Archived),https://www.bbc.co.uk/news/business-63084747?at_medium=RSS&at_campaign=KARANGA
art_dccb4869d8d8b9ee0331e84012e72031,BBC World Service proposes 382 post closures as part of savings,2022-09-29 14:07:44,BBC News - World (Archived),https://www.bbc.co.uk/news/entertainment-arts-63072977?at_medium=RSS&at_campaign=KARANGA
art_e51d7da8b6ed872807a12399f0c463aa,King Charles: Will the monarchy move reconciliation forward in Canada?,2022-09-30 00:13:10,BBC News - World (Archived),https://www.bbc.co.uk/news/world-us-canada-62815206?at_medium=RSS&at_campaign=KARANGA
art_a6984034ddd63aad6fa46e6047a0b361,Brazil election: Do voting machines lead to fraud?,2022-09-30 00:17:16,BBC News - World (Archived),https://www.bbc.co.uk/news/63061930?at_medium=RSS&at_campaign=KARANGA
art_21d9aa15b74b815d8e8a40e4a6e19975,Brazil election: How the famous yellow football shirt has become politicised,2022-09-30 00:15:27,BBC News - World (Archived),https://www.bbc.co.uk/sport/football/62887765?at_medium=RSS&at_campaign=KARANGA
art_c9d091fe2354aa9e2bd09d98d56840db,Keeping alive the memory of a decade of torture,2022-09-28 23:29:29,BBC News - World (Archived),https://www.bbc.co.uk/news/world-asia-63056898?at_medium=RSS&at_campaign=KARANGA
art_7f289d6ec658357902ccf4de9b36f53f,Ukraine war: On the front line with troops in Kherson region,2022-09-28 13:25:28,BBC News - World (Archived),https://www.bbc.co.uk/news/world-europe-63064531?at_medium=RSS&at_campaign=KARANGA
art_5fa0bba90055c222d99d411e1ed42646,How Gangsta's Paradise changed the course of hip-hop,2022-09-29 12:41:27,BBC News - World (Archived),https://www.bbc.co.uk/news/entertainment-arts-63074469?at_medium=RSS&at_campaign=KARANGA
art_3a6b568a4adf17da1300da2cd64a91e2,Optus: How a massive data breach has exposed Australia,2022-09-29 01:20:28,BBC News - World (Archived),https://www.bbc.co.uk/news/world-australia-63056838?at_medium=RSS&at_campaign=KARANGA
art_0ab36b2985c1ca80eba885e12ef94f8d,Lula: Can Brazil's 'most popular president' win again?,2022-09-28 23:23:21,BBC News - World (Archived),https://www.bbc.co.uk/news/world-latin-america-62832605?at_medium=RSS&at_campaign=KARANGA
art_7ce54e58fcbeb7bc66706e8cc95b492a,Ukraine war: New York Jets owners on donating $1m to help humanitarian efforts,2022-09-28 12:59:18,BBC News - World (Archived),https://www.bbc.co.uk/sport/american-football/63053014?at_medium=RSS&at_campaign=KARANGA
art_7c04ef228ee29c77e6beb5f8bb10fc0b,Nazanin Zaghari-Ratcliffe cuts hair in support of Iran protests,2022-09-28 16:40:27,BBC News - World (Archived),https://www.bbc.co.uk/news/world-63068095?at_medium=RSS&at_campaign=KARANGA
art_51fe69a12b8190378747f4bcf7ca5945,Hurricane Ian: Cars submerged in raging floodwaters,2022-09-29 02:35:52,BBC News - World (Archived),https://www.bbc.co.uk/news/world-us-canada-63070793?at_medium=RSS&at_campaign=KARANGA
art_c8deb2330d70e1288a5a3d02dbc31094,"Ukraine war: 'I'm not fit to fight', says man fleeing Russia",2022-09-28 15:59:32,BBC News - World (Archived),https://www.bbc.co.uk/news/world-europe-63065688?at_medium=RSS&at_campaign=KARANGA
art_3f2a891086945d3dd445c94b97c679c9,Waves lash Florida shore as hurricane approaches,2022-09-28 10:04:49,BBC News - World (Archived),https://www.bbc.co.uk/news/world-us-canada-63060371?at_medium=RSS&at_campaign=KARANGA
art_2a391855949dcd9fbe548e7a4858bc8a,Ukraine war: Russian troops forced out of eastern town Lyman,2022-10-01 16:02:42,BBC News - World (Archived),https://www.bbc.co.uk/news/world-europe-63102220?at_medium=RSS&at_campaign=KARANGA
art_b8a22da256bce17aa2a94473de55d7c0,Ukraine war: Biden says US will not be intimidated by reckless Putin,2022-10-01 07:27:09,BBC News - World (Archived),https://www.bbc.co.uk/news/world-europe-63098651?at_medium=RSS&at_campaign=KARANGA
art_e54fc855e0d88285eb4eb7ea62f5581e,Ukraine war: Zaporizhzhia nuclear plant chief detained by Russians - Kyiv,2022-10-01 14:26:34,BBC News - World (Archived),https://www.bbc.co.uk/news/world-europe-63100673?at_medium=RSS&at_campaign=KARANGA
art_9936b8d78e4e7219e979b0d456448140,Palestinian deaths toll in West Bank hits 100 this year,2022-10-01 15:39:46,BBC News - World (Archived),https://www.bbc.co.uk/news/world-middle-east-63073541?at_medium=RSS&at_campaign=KARANGA
art_5d48e09877465d0debaa3c7e9ca3bb8d,Storm Ian: Protests as Cuba capital Havana remains in darkness,2022-10-01 11:11:17,BBC News - World (Archived),https://www.bbc.co.uk/news/world-latin-america-63102087?at_medium=RSS&at_campaign=KARANGA
art_aa6b697e807ed15d8fb5e8f6b4d1e866,Tesla boss Elon Musk presents humanoid robot Optimus,2022-10-01 11:39:38,BBC News - World (Archived),https://www.bbc.co.uk/news/technology-63100636?at_medium=RSS&at_campaign=KARANGA
art_9d9d450c00f2455e5c90a3e95223502c,Lev Tahor: Jewish sect leaders arrested in Mexico jungle raid freed,2022-10-01 14:03:15,BBC News - World (Archived),https://www.bbc.co.uk/news/world-latin-america-63091720?at_medium=RSS&at_campaign=KARANGA
art_fa840b7a2c4f2d2e7cdfa47347b2fcf8,Roblox removes 'meat grinder' Ukraine v Russia game,2022-09-30 22:41:13,BBC News - World (Archived),https://www.bbc.co.uk/news/technology-63078950?at_medium=RSS&at_campaign=KARANGA
art_83adbb2fb9634e708eb619fef800216b,Cyclone Ian batters South Carolina in second US landfall,2022-10-01 03:01:36,BBC News - World (Archived),https://www.bbc.co.uk/news/world-us-canada-63097951?at_medium=RSS&at_campaign=KARANGA
art_fb645e337d841b93eb5c302269bd4794,Burkina Faso coup: Gunshots in capital and roads blocked,2022-10-01 16:34:21,BBC News - World (Archived),https://www.bbc.co.uk/news/world-africa-63081706?at_medium=RSS&at_campaign=KARANGA
art_72fc5044ddded1683cb8f7725e087e39,Iran protests: 'Nine Europeans' arrested in latest unrest,2022-09-30 20:40:46,BBC News - World (Archived),https://www.bbc.co.uk/news/world-middle-east-63097629?at_medium=RSS&at_campaign=KARANGA
art_16e97922cdcfa79e8eeaf34d89344a31,Bulgarian election: Russia overshadows vote in EU's poorest country,2022-09-30 23:12:07,BBC News - World (Archived),https://www.bbc.co.uk/news/world-europe-63062596?at_medium=RSS&at_campaign=KARANGA
art_963fe2cc692d149d3e0c616bc18034f2,Ukraine war: Putin raises stakes in speech full of anti-Western bile,2022-09-30 14:39:57,BBC News - World (Archived),https://www.bbc.co.uk/news/world-europe-63094561?at_medium=RSS&at_campaign=KARANGA
art_55481d77fa2d381471eed5237ed8203a,Inuit Greenlanders demand answers over Danish birth control scandal,2022-09-30 17:26:01,BBC News - World (Archived),https://www.bbc.co.uk/news/world-europe-63049387?at_medium=RSS&at_campaign=KARANGA
art_1b95117aafa637edf5eaa38b98f40449,"Brazil voters: 'Our candidate isn't perfect, but he beats the alternative'",2022-09-30 23:00:30,BBC News - World (Archived),https://www.bbc.co.uk/news/world-latin-america-63091606?at_medium=RSS&at_campaign=KARANGA
art_078f1ea11ca77df7e51b68671ff2a7d7,Tunisia cost-of-living crisis: 'My husband either reaches Europe or dies at sea',2022-09-30 23:03:51,BBC News - World (Archived),https://www.bbc.co.uk/news/world-62837807?at_medium=RSS&at_campaign=KARANGA
art_ae8580dd9cbf318de2ec560e04756d19,Hurricane Ian: Storm drives black family away from historic Sanibel home,2022-10-01 02:11:44,BBC News - World (Archived),https://www.bbc.co.uk/news/world-us-canada-63095545?at_medium=RSS&at_campaign=KARANGA
art_fc60696ecb4595905fab9b4f652aa713,Ukraine war: Tortured for refusing to teach in Russian,2022-09-30 23:00:19,BBC News - World (Archived),https://www.bbc.co.uk/news/world-europe-63037713?at_medium=RSS&at_campaign=KARANGA
art_363fccc978d51cc7ce7065767a72df7e,India abortion: Why Supreme Court ruling is a huge step forward,2022-09-30 23:12:39,BBC News - World (Archived),https://www.bbc.co.uk/news/world-asia-india-63086321?at_medium=RSS&at_campaign=KARANGA
art_db17da7eb9115e9c670566cdc8a0f95e,Week in pictures: 24 - 30 September 2022,2022-09-30 22:40:43,BBC News - World (Archived),https://www.bbc.co.uk/news/in-pictures-63074479?at_medium=RSS&at_campaign=KARANGA
art_92b6188b061e8ea92944b7f3bea585cf,Tesla shows off humanoid robot prototype,2022-10-01 11:57:45,BBC News - World (Archived),https://www.bbc.co.uk/news/technology-63100609?at_medium=RSS&at_campaign=KARANGA
art_233e2c4be98c7b7323bcaa4404306339,The cyclist admitted wrongdoing in 2013,2022-09-30 22:13:38,BBC News - World (Archived),https://www.bbc.co.uk/news/stories-63088914?at_medium=RSS&at_campaign=KARANGA
art_e4a85b4a5b9b20e04f31f9a69c59f0d7,Rare tree dormouse not seen for 20 years found in Austria,2022-09-30 21:10:08,BBC News - World (Archived),https://www.bbc.co.uk/news/world-europe-63094688?at_medium=RSS&at_campaign=KARANGA
art_b8ef38e64c3a27590799b5d79836e4d3,'Russia! Russia!' - chants end Putin's Ukraine speech,2022-09-30 14:42:34,BBC News - World (Archived),https://www.bbc.co.uk/news/world-63094687?at_medium=RSS&at_campaign=KARANGA
art_b70c43ce581f898f3ae35dda919f1e5d,Afghanistan blast: Relatives search for loved ones after college attack,2022-09-30 12:21:44,BBC News - World (Archived),https://www.bbc.co.uk/news/world-asia-63091162?at_medium=RSS&at_campaign=KARANGA
art_72d35d04b1164ba1038b7ea35a4daaca,Brazil's Lula and Bolsonaro face run-off after surprisingly tight result,2022-10-03 09:11:19,BBC News - World (Archived),https://www.bbc.co.uk/news/world-latin-america-63112509?at_medium=RSS&at_campaign=KARANGA
art_879a0ddcfd780ce34b816047698c6023,Indonesia: Fans 'died in the arms' of players in stadium crush,2022-10-03 10:04:47,BBC News - World (Archived),https://www.bbc.co.uk/news/world-asia-63114568?at_medium=RSS&at_campaign=KARANGA
art_0ec3501c6e68624196df19e999625518,Iran protests: Students clash with security forces at Tehran university,2022-10-03 09:47:29,BBC News - World (Archived),https://www.bbc.co.uk/news/world-middle-east-63111767?at_medium=RSS&at_campaign=KARANGA
art_6f7f51cd24f19f8e64bed5c4dcc7aae6,Nobel Prize goes to Neanderthal DNA research,2022-10-03 10:27:47,BBC News - World (Archived),https://www.bbc.co.uk/news/health-63116304?at_medium=RSS&at_campaign=KARANGA
art_6c04af3bafb2a0c1a8acfb12d4661c35,Ukraine war: Questions over France's weapons supply to Kyiv,2022-10-02 23:22:23,BBC News - World (Archived),https://www.bbc.co.uk/news/world-europe-63090644?at_medium=RSS&at_campaign=KARANGA
art_33ea94a273bad29b9c606e7a47fa67ae,Drax: UK power station owner cuts down primary forests in Canada,2022-10-02 23:53:13,BBC News - World (Archived),https://www.bbc.co.uk/news/science-environment-63089348?at_medium=RSS&at_campaign=KARANGA
art_b59c9050cfa9e74f9b848fbf9f50910a,Sacheen Littlefeather: Native American activist and actor who refused Oscar for Brando dies,2022-10-03 10:10:16,BBC News - World (Archived),https://www.bbc.co.uk/news/entertainment-arts-63114459?at_medium=RSS&at_campaign=KARANGA
art_8eb330414227ebbcdc06f3d4c38f5289,Fans of Sydney United 58 condemned for Nazi salutes during Australia Cup final,2022-10-03 07:57:02,BBC News - World (Archived),https://www.bbc.co.uk/sport/football/63114667?at_medium=RSS&at_campaign=KARANGA
art_cc7f17ef56ab10602ae11b3a81a61082,Ex-PM Borissov set to win Bulgarian election,2022-10-03 08:23:51,BBC News - World (Archived),https://www.bbc.co.uk/news/world-europe-63114567?at_medium=RSS&at_campaign=KARANGA
art_145d0f8bea808744cf1354961c475848,Burkina Faso's military leader agrees to step down after coup,2022-10-03 09:41:17,BBC News - World (Archived),https://www.bbc.co.uk/news/world-africa-63111763?at_medium=RSS&at_campaign=KARANGA
art_82d8325c24bddb01bdf92567273f0578,"After chess, cheating rows rock poker and fishing",2022-10-02 18:39:50,BBC News - World (Archived),https://www.bbc.co.uk/news/world-us-canada-63108879?at_medium=RSS&at_campaign=KARANGA
art_d5a1483402adb1027be0a6c82ec4c9b3,Indonesia football crush: How the disaster unfolded,2022-10-03 09:22:58,BBC News - World (Archived),https://www.bbc.co.uk/news/world-asia-63113027?at_medium=RSS&at_campaign=KARANGA
art_082cc231d7c6966b353e2c3fb445bfe7,Brazil election: The presidential race is far from over,2022-10-03 09:20:47,BBC News - World (Archived),https://www.bbc.co.uk/news/world-latin-america-63115691?at_medium=RSS&at_campaign=KARANGA
art_94151b3476617d0815bfde5395681862,One Kenyan woman's journey for the father she has never known,2022-10-02 23:00:06,BBC News - World (Archived),https://www.bbc.co.uk/news/world-africa-63091988?at_medium=RSS&at_campaign=KARANGA
art_bcc83323165a5db03871d111d54e02e5,"Ukraine war: Putin's annexation will fail, say Ukrainians at eastern front",2022-10-02 10:56:29,BBC News - World (Archived),https://www.bbc.co.uk/news/world-europe-63089367?at_medium=RSS&at_campaign=KARANGA
art_4a9b6cbb0e827a657651bead044fe9d1,Hurricane Ian: They stayed for the storm - what happens now?,2022-10-02 18:54:13,BBC News - World (Archived),https://www.bbc.co.uk/news/world-us-canada-63105430?at_medium=RSS&at_campaign=KARANGA
art_504f4e87346b9d780f9719acada52a3d,"Black, Korean and searching for the American dream",2022-10-01 23:06:28,BBC News - World (Archived),https://www.bbc.co.uk/news/world-us-canada-62786001?at_medium=RSS&at_campaign=KARANGA
art_215c8e9dbb492597a0bb04285b02e4f1,Zimbabwe's treasure trove of lost radical art on display in Harare,2022-10-01 23:00:40,BBC News - World (Archived),https://www.bbc.co.uk/news/world-africa-62231113?at_medium=RSS&at_campaign=KARANGA
art_6be091a71bab37a380b2852c17fbcb12,Gabriels: From 'harrowing' American Idol to 2022's most talked-about band,2022-10-01 23:04:03,BBC News - World (Archived),https://www.bbc.co.uk/news/entertainment-arts-63087424?at_medium=RSS&at_campaign=KARANGA
art_16a05a4d6e1bd291729961fc1ea31aba,Ukraine war: Indian doctor forced to abandon beloved pet jaguar,2022-10-01 23:09:57,BBC News - World (Archived),https://www.bbc.co.uk/news/world-asia-india-63085345?at_medium=RSS&at_campaign=KARANGA
art_8014c42f25e7aaf177f0996c75ff9e01,Scores killed at Indonesia football match,2022-10-02 06:38:11,BBC News - World (Archived),https://www.bbc.co.uk/news/world-asia-63107182?at_medium=RSS&at_campaign=KARANGA
art_ea257dcb57dd6651302b65cd8772b65d,Mark Hamill on speaking to Zelensky about Star Wars,2022-10-02 08:13:01,BBC News - World (Archived),https://www.bbc.co.uk/news/entertainment-arts-63107183?at_medium=RSS&at_campaign=KARANGA
art_dcfacb520c2effd136eb1b3fe53257bb,Iran: Rallies support Iran protests at woman's custody death,2022-10-01 22:42:41,BBC News - World (Archived),https://www.bbc.co.uk/news/world-63105455?at_medium=RSS&at_campaign=KARANGA
art_4e1451e945ea764c93c225c9ffea71b5,"Bodies, dogs and burnt-out buildings: Inside liberated Lyman",2022-10-04 11:36:31,BBC News - World (Archived),https://www.bbc.co.uk/news/world-europe-63130571?at_medium=RSS&at_campaign=KARANGA
art_2ed81e3918f2089e9b655ad9369a07f5,Ukraine war: Lyman retreat sparks rare criticism of Russian top brass,2022-10-04 09:07:47,BBC News - World (Archived),https://www.bbc.co.uk/news/world-europe-63127911?at_medium=RSS&at_campaign=KARANGA
art_a4262dab44cd42c609dcf286c771a19a,Ukraine makes breakthrough in south against Russia,2022-10-04 11:02:44,BBC News - World (Archived),https://www.bbc.co.uk/news/world-europe-63126156?at_medium=RSS&at_campaign=KARANGA
art_79a66ef97b45789140d5ec361058f763,"Iran: Teen protester Nika Shakarami's body stolen, sources say",2022-10-04 10:43:43,BBC News - World (Archived),https://www.bbc.co.uk/news/world-middle-east-63128510?at_medium=RSS&at_campaign=KARANGA
art_656cc660e04cf8fada608b59cb8d7dd2,Iran schoolgirls remove hijabs in protests against government,2022-10-04 12:52:53,BBC News - World (Archived),https://www.bbc.co.uk/news/world-middle-east-63128184?at_medium=RSS&at_campaign=KARANGA
art_3242c641552708e788aa49e46255cad1,Qatar World Cup 2022: Paris joins boycott of fan zones over human rights,2022-10-04 12:11:51,BBC News - World (Archived),https://www.bbc.co.uk/news/world-europe-63132995?at_medium=RSS&at_campaign=KARANGA
art_7bfb8210ef46c4c131f5eefacce62d3c,North Korea fires ballistic missile over Japan,2022-10-04 10:40:03,BBC News - World (Archived),https://www.bbc.co.uk/news/world-asia-63126534?at_medium=RSS&at_campaign=KARANGA
art_8daf851e6c707e65257b7e590f8a323f,"Asian Winter Games to be held in Trojena, Saudi Arabia in 2029",2022-10-04 12:32:18,BBC News - World (Archived),https://www.bbc.co.uk/sport/winter-sports/63131479?at_medium=RSS&at_campaign=KARANGA
art_06a6826355883512c20cd6be7f9e2f62,WATCH: Coyote strays into California school toilets,2022-10-04 11:20:15,BBC News - World (Archived),https://www.bbc.co.uk/news/world-us-canada-63128933?at_medium=RSS&at_campaign=KARANGA
art_6350e85d683a1ca31d3d0b2a66211dbc,Indonesia football crush: Cries for justice as families mourn dead,2022-10-04 07:30:11,BBC News - World (Archived),https://www.bbc.co.uk/news/world-asia-63126820?at_medium=RSS&at_campaign=KARANGA
art_cb2243567995ee2d6659ecfe23ba23f1,Bruce Lehrmann: Trial for man accused of Australian parliament rape begins,2022-10-04 07:12:22,BBC News - World (Archived),https://www.bbc.co.uk/news/world-australia-63126432?at_medium=RSS&at_campaign=KARANGA
art_e7803c2eeecc939ca08085c8a265049a,Philippines lottery: Questions raised as hundreds win jackpot,2022-10-04 10:28:10,BBC News - World (Archived),https://www.bbc.co.uk/news/business-63126558?at_medium=RSS&at_campaign=KARANGA
art_c9b41d553db6dbdf8ddc2d78b579bc68,Australia vows new plan to stop mammal extinction crisis,2022-10-04 05:50:10,BBC News - World (Archived),https://www.bbc.co.uk/news/world-australia-63126430?at_medium=RSS&at_campaign=KARANGA
art_4b17048bfadb1c72659c41b7e141b97e,North Korea: What missiles does it have?,2022-10-04 11:52:09,BBC News - World (Archived),https://www.bbc.co.uk/news/world-asia-41174689?at_medium=RSS&at_campaign=KARANGA
art_b1d028e0b2f2011a4ed0c051ccac7ac6,Confidence Man: Key revelations from new book on Donald Trump,2022-10-04 00:08:17,BBC News - World (Archived),https://www.bbc.co.uk/news/world-us-canada-63125238?at_medium=RSS&at_campaign=KARANGA
art_202d537e5ef6be50549d35a2b3869b9d,Four women to run post office and count penguins in Antarctica,2022-10-04 05:06:05,BBC News - World (Archived),https://www.bbc.co.uk/news/uk-england-hampshire-63125638?at_medium=RSS&at_campaign=KARANGA
art_ce90cbac9c8411a2297a6dcf9d3e15ff,Calais migrants: Smugglers cause fresh problems for police,2022-10-04 05:00:05,BBC News - World (Archived),https://www.bbc.co.uk/news/world-europe-63119180?at_medium=RSS&at_campaign=KARANGA
art_7193a801191d3571a8d23c71d490e211,Pakistan floods: 'It’s like fighting a war with no end',2022-10-04 10:39:56,BBC News - World (Archived),https://www.bbc.co.uk/news/world-asia-63080101?at_medium=RSS&at_campaign=KARANGA
art_64d78ede754f7666c5491102cde6ca64,Aluu 4: Ten years from the lynching that shocked Nigeria,2022-10-03 23:29:09,BBC News - World (Archived),https://www.bbc.co.uk/news/world-africa-63065229?at_medium=RSS&at_campaign=KARANGA
art_79045067b811030d432f410a9539ea61,Ponniyin Selvan: Mani Ratnam's epic drama fires up India box office,2022-10-03 23:31:25,BBC News - World (Archived),https://www.bbc.co.uk/news/world-asia-india-63085348?at_medium=RSS&at_campaign=KARANGA
art_d52a33e9f47cc5dea36f9e5ff59b65b7,A rare glimpse of daily life in occupied Ukraine,2022-10-03 04:25:57,BBC News - World (Archived),https://www.bbc.co.uk/news/world-europe-63076570?at_medium=RSS&at_campaign=KARANGA
art_e4be466a41067c15d623d4235cd44aba,Capt Ibrahim Traoré: Burkina Faso's new military ruler,2022-10-03 14:24:33,BBC News - World (Archived),https://www.bbc.co.uk/news/world-africa-63117008?at_medium=RSS&at_campaign=KARANGA
art_322b5ec7cb443b8ea02f9d214c9d9429,Ros Atkins on...why protests are happening in Iran,2022-10-03 23:00:10,BBC News - World (Archived),https://www.bbc.co.uk/news/world-middle-east-63125721?at_medium=RSS&at_campaign=KARANGA
art_7c6702bdcd21fcb821866e30bbf6f4a2,Indonesia football crush: Candlelight vigil for fans who died at stadium,2022-10-03 23:54:52,BBC News - World (Archived),https://www.bbc.co.uk/news/world-asia-63126014?at_medium=RSS&at_campaign=KARANGA
art_8c896e5986002caece966d1a674dd9a2,Sacheen Littlefeather dies aged 75,2022-10-03 18:33:53,BBC News - World (Archived),https://www.bbc.co.uk/news/entertainment-arts-63125361?at_medium=RSS&at_campaign=KARANGA
art_f75c7bb156c7c16c0af7086d4efcefe1,Ukraine war: Biden says nuclear risk highest since 1962 Cuban Missile Crisis,2022-10-07 04:28:38,BBC News - World (Archived),https://www.bbc.co.uk/news/world-us-canada-63167947?at_medium=RSS&at_campaign=KARANGA
art_2f9d127741f7ee1c346c2ab2919cc02e,Putin's dream of Russian victory slips away in Ukraine,2022-10-06 23:16:02,BBC News - World (Archived),https://www.bbc.co.uk/news/world-europe-63160354?at_medium=RSS&at_campaign=KARANGA
art_55ca2e63ce06eb3aaaf8d9f99a55162e,The exiled Russian journalists challenging Kremlin censorship,2022-10-06 23:11:55,BBC News - World (Archived),https://www.bbc.co.uk/news/world-europe-62896828?at_medium=RSS&at_campaign=KARANGA
art_e6357db7d86efe883c9728eec6c41684,"Thailand attack: Country mourns after 37 killed, mostly children",2022-10-07 03:45:21,BBC News - World (Archived),https://www.bbc.co.uk/news/world-asia-63168077?at_medium=RSS&at_campaign=KARANGA
art_df70d87e945984966f434d5147120254,Truss declares Macron a friend as pair forge working relationship,2022-10-06 22:21:27,BBC News - World (Archived),https://www.bbc.co.uk/news/uk-politics-63167530?at_medium=RSS&at_campaign=KARANGA
art_1f8f7f58239ae43e80be995c0d47b948,Easter Island: Sacred statues damaged by fire,2022-10-07 01:22:53,BBC News - World (Archived),https://www.bbc.co.uk/news/world-latin-america-63167941?at_medium=RSS&at_campaign=KARANGA
art_fb97e6dd91e393eda8bc0e94c2aa1508,Adidas puts Kanye West Yeezy deal under review,2022-10-07 03:56:29,BBC News - World (Archived),https://www.bbc.co.uk/news/business-63167930?at_medium=RSS&at_campaign=KARANGA
art_ae56c728f944602bf22daf220994283c,Two Russians sail to Alaska seeking asylum in US,2022-10-06 19:44:06,BBC News - World (Archived),https://www.bbc.co.uk/news/world-us-canada-63160469?at_medium=RSS&at_campaign=KARANGA
art_7fff0c19a1ae4c27a6a5d3be5395c026,"Saskatchewan suspect killed 11, including brother, police say",2022-10-06 22:22:34,BBC News - World (Archived),https://www.bbc.co.uk/news/world-us-canada-63166810?at_medium=RSS&at_campaign=KARANGA
art_f3bb6b27ea97a3535445ffb43dc1a8b6,Biden to pardon federal marijuana convictions,2022-10-07 02:14:33,BBC News - World (Archived),https://www.bbc.co.uk/news/world-us-canada-63166964?at_medium=RSS&at_campaign=KARANGA
art_65ca3994b3b6d10810f028eeef27be44,Greek cliff rescue in double migrant tragedy off Lesbos and Kythira,2022-10-06 21:18:17,BBC News - World (Archived),https://www.bbc.co.uk/news/world-europe-63155193?at_medium=RSS&at_campaign=KARANGA
art_e7c34365ee08502e4ef0dbfdbdafec6f,Samsung warns of 32% hit to profits on chip slump,2022-10-07 04:54:04,BBC News - World (Archived),https://www.bbc.co.uk/news/business-63167922?at_medium=RSS&at_campaign=KARANGA
art_a7c0dd55930a03fa2a2e399363c8e169,Hunter Biden could be charged with tax crimes,2022-10-07 02:27:41,BBC News - World (Archived),https://www.bbc.co.uk/news/world-us-canada-63166809?at_medium=RSS&at_campaign=KARANGA
art_a759e9392d6285fec36a2780b7a7d4bf,Nika Shakarami: Iran protester's family forced to lie about death - source,2022-10-06 13:56:31,BBC News - World (Archived),https://www.bbc.co.uk/news/world-middle-east-63154994?at_medium=RSS&at_campaign=KARANGA
art_0a51231f97f15d9eeba7fcfbdc4904fa,WHO alert over India-made cough syrups after deaths in The Gambia,2022-10-06 14:26:33,BBC News - World (Archived),https://www.bbc.co.uk/news/world-africa-63150950?at_medium=RSS&at_campaign=KARANGA
art_e64201d012a826d0ac54cd5ded7e9801,Annie Ernaux: 'Uncompromising' French author wins Nobel Literature Prize,2022-10-06 17:22:16,BBC News - World (Archived),https://www.bbc.co.uk/news/entertainment-arts-63156199?at_medium=RSS&at_campaign=KARANGA
art_0d1f0bd842cbf117137ab51735122bb9,Mexico mayor assassinated in town hall massacre,2022-10-06 09:24:25,BBC News - World (Archived),https://www.bbc.co.uk/news/world-latin-america-63153362?at_medium=RSS&at_campaign=KARANGA
art_418bbeb75824486316b7d4357a7166dc,"Ukraine war: 'Mother, I'm scared' - Zaporizhzhia city devastated by rocket attacks",2022-10-06 17:35:21,BBC News - World (Archived),https://www.bbc.co.uk/news/world-europe-63154791?at_medium=RSS&at_campaign=KARANGA
art_d8dfa0ea5e3f607bcf9eb8c92d318b19,The LA kids who started behind and then flew ahead,2022-10-06 23:24:09,BBC News - World (Archived),https://www.bbc.co.uk/news/business-62618175?at_medium=RSS&at_campaign=KARANGA
art_72e9640f890f5de827d3411054097548,Zero-Covid: How Xi's flagship policy is spoiling his party,2022-10-06 23:17:08,BBC News - World (Archived),https://www.bbc.co.uk/news/world-asia-china-63112996?at_medium=RSS&at_campaign=KARANGA
art_98b3044a6df3c681af8f509fd4ef5eb0,Afghanistan: 'More of us might be killed - but we will win',2022-10-06 23:20:05,BBC News - World (Archived),https://www.bbc.co.uk/news/63158127?at_medium=RSS&at_campaign=KARANGA
art_667f7db8935e61ae2c3f06196b5acd0e,US midterms: The country with the youngest politicians in the world,2022-10-06 21:00:58,BBC News - World (Archived),https://www.bbc.co.uk/news/world-europe-63068931?at_medium=RSS&at_campaign=KARANGA
art_05f3412017c89bd6dfe93c90ae6e83ba,EU leaders asked to agree on capping gas prices,2022-10-06 19:42:25,BBC News - World (Archived),https://www.bbc.co.uk/news/world-europe-63130645?at_medium=RSS&at_campaign=KARANGA
art_0b9c2e978bf63343aa565775d820ecbc,Elon Musk X: What life is like on a super-app in Asia,2022-10-06 08:00:31,BBC News - World (Archived),https://www.bbc.co.uk/news/world-asia-63113517?at_medium=RSS&at_campaign=KARANGA
art_bbba5214a3a1a24e30245263e3a0daf0,The terrors of Kenya’s school fire epidemic,2022-10-05 23:28:37,BBC News - World (Archived),https://www.bbc.co.uk/news/world-africa-60309939?at_medium=RSS&at_campaign=KARANGA
art_adcb7ee88abd87a79fb9b41592db044f,Russia's Vladimir Putin at 70: Seven key moments that made him,2022-10-05 20:20:28,BBC News - World (Archived),https://www.bbc.co.uk/news/world-europe-63117878?at_medium=RSS&at_campaign=KARANGA
art_97b55ce672e188cfbdad345053a0649e,Thailand: Nursery attack witness 'begged for mercy',2022-10-06 16:49:44,BBC News - World (Archived),https://www.bbc.co.uk/news/world-asia-63165086?at_medium=RSS&at_campaign=KARANGA
art_1a474f1894692a99e7af6125ffb3de9c,Indonesia football crush was a 'massacre' - man who lost family,2022-10-06 06:05:32,BBC News - World (Archived),https://www.bbc.co.uk/news/world-asia-63153616?at_medium=RSS&at_campaign=KARANGA
art_0e5f965ea78d92f15a25e15b8bd2d46f,The generations of Iranian women fighting for freedom,2022-10-05 23:24:09,BBC News - World (Archived),https://www.bbc.co.uk/news/world-middle-east-63148420?at_medium=RSS&at_campaign=KARANGA
art_a25b5df577de3b84cb5b2e91918fdbf6,Lebanon financial crisis: The people robbing banks to get their own money,2022-10-06 13:52:38,BBC News - World (Archived),https://www.bbc.co.uk/news/world-middle-east-63122044?at_medium=RSS&at_campaign=KARANGA
art_3234ee2510fe17ddc2f129cd1b37e169,Mahsa Amini: How one woman's death sparked Iran protests,2022-10-04 23:04:34,BBC News - World (Archived),https://www.bbc.co.uk/news/63132235?at_medium=RSS&at_campaign=KARANGA
art_a9c849d60f287c306d6240304a86c5a2,US midterms: Millions of Americans to vote with Congress at stake,2022-11-08 03:29:20,BBC News - World (Archived),https://www.bbc.co.uk/news/world-us-canada-63551469?at_medium=RSS&at_campaign=KARANGA
art_073c1132a09992967506b8172df2b26a,Ukraine war: US confirms 'communications' with Kremlin,2022-11-08 00:14:19,BBC News - World (Archived),https://www.bbc.co.uk/news/world-us-canada-63551133?at_medium=RSS&at_campaign=KARANGA
art_b20f72e5aa00f75cb1453da451fff89e,Hushpuppi: Notorious Nigerian fraudster jailed for 11 years in US,2022-11-08 01:05:07,BBC News - World (Archived),https://www.bbc.co.uk/news/world-africa-63542573?at_medium=RSS&at_campaign=KARANGA
art_082148f858cd535836d02bb155707933,Trudeau accuses China of 'aggressive' election interference,2022-11-08 04:53:04,BBC News - World (Archived),https://www.bbc.co.uk/news/world-us-canada-63551134?at_medium=RSS&at_campaign=KARANGA
art_055079ff378db7a6a7256e5de6a0d81b,Christchurch mass killer appeals against conviction and sentence,2022-11-08 06:53:53,BBC News - World (Archived),https://www.bbc.co.uk/news/world-asia-63552011?at_medium=RSS&at_campaign=KARANGA
art_d60099f30aaa3448c49a96ad81dbf2b4,"Philippines prison chief behind journalist killing, say police",2022-11-08 04:13:46,BBC News - World (Archived),https://www.bbc.co.uk/news/world-asia-63538611?at_medium=RSS&at_campaign=KARANGA
art_70a1fb55f8d89cbdf3d596eb1bba8186,The case of Nigerian atheist Mubarak Bala convicted of blasphemy,2022-11-07 23:39:45,BBC News - World (Archived),https://www.bbc.co.uk/news/world-africa-63496455?at_medium=RSS&at_campaign=KARANGA
art_9e1b7b8e7c78bd1b2bb63b8b06adf2ec,Three leap from migrant rescue boat held in Italy,2022-11-08 05:11:27,BBC News - World (Archived),https://www.bbc.co.uk/news/world-europe-63542269?at_medium=RSS&at_campaign=KARANGA
art_2499953f60788ab61eb819f8ca1866dc,Ukraine war: West warned against complacency on air defence support,2022-11-07 14:15:34,BBC News - World (Archived),https://www.bbc.co.uk/news/world-63545820?at_medium=RSS&at_campaign=KARANGA
art_c996731ab638f96ea174c4a55ce7842d,Powerball: how to play and other questions answered,2022-11-08 05:50:12,BBC News - World (Archived),https://www.bbc.co.uk/news/world-us-canada-63545192?at_medium=RSS&at_campaign=KARANGA
art_9d5704d8e2c7ebd621270e9a24ad42a5,Alaa Abdel Fattah: British-Egyptian activist's family pin hopes on PM,2022-11-07 18:57:22,BBC News - World (Archived),https://www.bbc.co.uk/news/world-middle-east-63547843?at_medium=RSS&at_campaign=KARANGA
art_b853f3ebb77d73a757f591486199e01d,Cardinal Ricard among 11 French bishops accused of abuse,2022-11-07 17:08:05,BBC News - World (Archived),https://www.bbc.co.uk/news/world-europe-63545586?at_medium=RSS&at_campaign=KARANGA
art_4f4f4ced64e60f54025702b8a7c150c4,The big moments to watch for on US election night,2022-11-08 00:04:40,BBC News - World (Archived),https://www.bbc.co.uk/news/world-us-canada-63402244?at_medium=RSS&at_campaign=KARANGA
art_46923a0b048ab4b74770b6553eceace2,Ukraine war: Why is control of Kherson so important?,2022-11-08 00:36:27,BBC News - World (Archived),https://www.bbc.co.uk/news/world-63511626?at_medium=RSS&at_campaign=KARANGA
art_6dcbdb42210fc8a5812dddb42e9f85c8,COP27: Why South Africa will struggle to wean itself off coal,2022-11-08 00:29:36,BBC News - World (Archived),https://www.bbc.co.uk/news/world-africa-63513278?at_medium=RSS&at_campaign=KARANGA
art_3d8ddc6d6d131d88391d8065d9d017a2,COP27: 'We'd never seen this much water' - Pakistan flood survivors,2022-11-07 23:40:36,BBC News - World (Archived),https://www.bbc.co.uk/news/world-asia-63218139?at_medium=RSS&at_campaign=KARANGA
art_02b4bc6bd8ade06a83457a1452f8d73e,Sriram Krishnan: The Indian-American 'helping' Elon Musk run Twitter,2022-11-07 23:32:25,BBC News - World (Archived),https://www.bbc.co.uk/news/world-asia-india-63481873?at_medium=RSS&at_campaign=KARANGA
art_d7491964cfd709a41729fa3bdd5529e5,Putin allies who criticise Russia's war machine,2022-11-08 00:39:28,BBC News - World (Archived),https://www.bbc.co.uk/news/world-europe-63468600?at_medium=RSS&at_campaign=KARANGA
art_3a19a678577add50fc1752cdc5863dee,Ukrainians dance in the dark to battle power cuts,2022-11-07 12:20:22,BBC News - World (Archived),https://www.bbc.co.uk/news/world-europe-63539470?at_medium=RSS&at_campaign=KARANGA
art_5dd12b11f95a53cbfc0053fc0436c22f,COP27 shines spotlight on Egypt's political prisoners,2022-11-07 15:02:33,BBC News - World (Archived),https://www.bbc.co.uk/news/world-middle-east-63542472?at_medium=RSS&at_campaign=KARANGA
art_24179797b37bfdbf5f57ae8ed3bed9a2,"The agony of not knowing, as Mariupol mass burial sites grow",2022-11-07 01:32:39,BBC News - World (Archived),https://www.bbc.co.uk/news/world-europe-63536564?at_medium=RSS&at_campaign=KARANGA
art_79f14679371d03064c391fec9c8cd07c,'There really is more to life than posting on Instagram',2022-11-07 14:59:05,BBC News - World (Archived),https://www.bbc.co.uk/news/business-63482162?at_medium=RSS&at_campaign=KARANGA
art_932971d80dd6080256f7533d178c1b1a,'Help us' heard from migrant rescue boat waiting to dock in Italy,2022-11-07 18:42:14,BBC News - World (Archived),https://www.bbc.co.uk/news/world-europe-63549958?at_medium=RSS&at_campaign=KARANGA
art_6eece1bac8839b25138a65974f58c8d8,Tanzania Precision Air crash: Rescuers search Lake Victoria site,2022-11-06 12:13:07,BBC News - World (Archived),https://www.bbc.co.uk/news/world-africa-63534266?at_medium=RSS&at_campaign=KARANGA
art_10cf6371409a6d1cf4a28c1d7f331db0,New York fire: Moment woman rescued by firefighters with a rope,2022-11-06 08:44:03,BBC News - World (Archived),https://www.bbc.co.uk/news/world-us-canada-63532906?at_medium=RSS&at_campaign=KARANGA
art_73415fcb42b809763b6eacdc5a1f8c35,Climate change: Expert says just saying no to fossil fuel doesn't work,2022-11-06 11:19:45,BBC News - World (Archived),https://www.bbc.co.uk/news/uk-politics-63534039?at_medium=RSS&at_campaign=KARANGA
art_e474beb70db4aca95ac8c6a4857a2c79,Peru anti-government protest grips capital Lima,2022-11-06 06:10:31,BBC News - World (Archived),https://www.bbc.co.uk/news/world-latin-america-63531436?at_medium=RSS&at_campaign=KARANGA
art_677bca2a768e64236a475b26a2f58174,Could this be the world's smallest pony?,2022-11-05 10:36:29,BBC News - World (Archived),https://www.bbc.co.uk/news/world-europe-63526199?at_medium=RSS&at_campaign=KARANGA
art_23e93a7c7943165623c895c9b62fab51,US elections: Biden hails better-than-expected midterms results,2022-11-10 05:08:07,BBC News - World (Archived),https://www.bbc.co.uk/news/world-us-canada-63579442?at_medium=RSS&at_campaign=KARANGA
art_cceb083631d72cc041851d8c882da444,"Ukraine war: US estimates 200,000 military casualties on all sides",2022-11-10 09:20:47,BBC News - World (Archived),https://www.bbc.co.uk/news/world-europe-63580372?at_medium=RSS&at_campaign=KARANGA
art_95f13746e8b3388c44b47ed04c9345f8,Hurricane Nicole: Rare November tropical storm hits land in Florida,2022-11-10 11:50:00,BBC News - World (Archived),https://www.bbc.co.uk/news/world-us-canada-63499056?at_medium=RSS&at_campaign=KARANGA
art_1a4f498c4dbd19a4e595ddd571b964a2,Taraneh Alidoosti: Top Iranian actress poses without headscarf,2022-11-10 00:49:39,BBC News - World (Archived),https://www.bbc.co.uk/news/world-middle-east-63578923?at_medium=RSS&at_campaign=KARANGA
art_92e58994fb5d4cebe0b9d16ac85de45c,COP27: Sharp rise in fossil fuel industry delegates at climate summit,2022-11-10 02:00:44,BBC News - World (Archived),https://www.bbc.co.uk/news/science-environment-63571610?at_medium=RSS&at_campaign=KARANGA
art_0c2288b87840d09fa184c5f857464d14,Bao Tong: Champion of Chinese political reform dies at 90,2022-11-10 09:44:53,BBC News - World (Archived),https://www.bbc.co.uk/news/world-asia-china-63581532?at_medium=RSS&at_campaign=KARANGA
art_9ba56ea1bc45af49ed14b9908eda0da1,Sriwijaya Air crash which killed 62 people blamed on throttle and pilot error,2022-11-10 10:18:13,BBC News - World (Archived),https://www.bbc.co.uk/news/world-asia-63579988?at_medium=RSS&at_campaign=KARANGA
art_c1c8e71d0c5cb1c0fc7b03fdb4381493,Paul Allen: Record-breaking $1.5bn art sale for late Microsoft co-founder's collection,2022-11-10 10:53:02,BBC News - World (Archived),https://www.bbc.co.uk/news/entertainment-arts-63582013?at_medium=RSS&at_campaign=KARANGA
art_e6dd0812a76ba693b7665bc4d935ef81,The Kerala Story: Film on India women in Islamic State sparks row,2022-11-10 06:37:28,BBC News - World (Archived),https://www.bbc.co.uk/news/world-asia-india-63580042?at_medium=RSS&at_campaign=KARANGA
art_447a88482f412b86bfe91be2d8825e19,Medibank: Hackers release abortion data after stealing Australian medical records,2022-11-10 05:57:40,BBC News - World (Archived),https://www.bbc.co.uk/news/world-australia-63579985?at_medium=RSS&at_campaign=KARANGA
art_7fa8a01a966cf132f500f023d225605e,UK-Swiss science deal as both barred from EU scheme,2022-11-10 07:27:28,BBC News - World (Archived),https://www.bbc.co.uk/news/world-europe-63566579?at_medium=RSS&at_campaign=KARANGA
art_2d836294c657cbcd196331d9d8cf4ca7,How Muna got a fresh start and a new audience - with a bit of help from Phoebe Bridgers,2022-11-10 01:08:53,BBC News - World (Archived),https://www.bbc.co.uk/news/entertainment-arts-63547515?at_medium=RSS&at_campaign=KARANGA
art_2aa57d36a0a8645b56d6796dcc7ed21b,God of War: Ragnarok 'accessibility needed to be better',2022-11-10 01:49:44,BBC News - World (Archived),https://www.bbc.co.uk/news/entertainment-arts-63555509?at_medium=RSS&at_campaign=KARANGA
art_a51af5710c927069d5005201529b63cf,Iranian protesters look to outside world for help,2022-11-10 01:54:10,BBC News - World (Archived),https://www.bbc.co.uk/news/world-middle-east-63553888?at_medium=RSS&at_campaign=KARANGA
art_3a449dc4e9cb47dfb04b9b1ddde59651,The shops that connect people with their home countries,2022-11-10 00:23:21,BBC News - World (Archived),https://www.bbc.co.uk/news/business-63542786?at_medium=RSS&at_campaign=KARANGA
art_f1a1e2ed74e038915f4e57ecf7a14a3a,COP27: The Namibia-Botswana oil project being called a sin,2022-11-10 01:02:47,BBC News - World (Archived),https://www.bbc.co.uk/news/world-africa-63567513?at_medium=RSS&at_campaign=KARANGA
art_204b1727dffd311a0a9a73afddc2f9ac,"T20 World Cup: Hardik Pandya’s story of pain, grit and glory",2022-11-10 00:29:54,BBC News - World (Archived),https://www.bbc.co.uk/news/world-asia-india-63565039?at_medium=RSS&at_campaign=KARANGA
art_71f213d18cf80804fe44efea4272a101,US midterms: Misleading election claims fact-checked,2022-11-09 11:52:24,BBC News - World (Archived),https://www.bbc.co.uk/news/63564964?at_medium=RSS&at_campaign=KARANGA
art_d8a37a9da8ac2041d580b7706e36bce0,COP27: Can India really adopt a climate-friendly lifestyle?,2022-11-09 01:20:03,BBC News - World (Archived),https://www.bbc.co.uk/news/world-asia-india-63539270?at_medium=RSS&at_campaign=KARANGA
art_0aa9997b1d80c16c442d893d9ab2e226,COP27: Antonio Guterres apologises after reading wrong speech,2022-11-10 08:06:32,BBC News - World (Archived),https://www.bbc.co.uk/news/world-63581486?at_medium=RSS&at_campaign=KARANGA
art_380a2ae610dc1dedcae108a2c8b38338,Biden chuckles at thought of Trump running again,2022-11-09 21:41:33,BBC News - World (Archived),https://www.bbc.co.uk/news/world-us-canada-63578645?at_medium=RSS&at_campaign=KARANGA
art_a6016406dc2665b284f37ca51531fea4,The story of US election night in 60 seconds,2022-11-09 15:05:12,BBC News - World (Archived),https://www.bbc.co.uk/news/world-us-canada-63563189?at_medium=RSS&at_campaign=KARANGA
art_1cdcabc1b0057d03d515f9080113a028,Inside the BBC's Washington DC newsroom on election night,2022-11-09 06:43:25,BBC News - World (Archived),https://www.bbc.co.uk/news/world-us-canada-63565935?at_medium=RSS&at_campaign=KARANGA
art_c7f4b6688d83074b2baa94d47db2ded1,Alaa Abdel Fattah: Egyptian MP confronts sister of jailed activist,2022-11-08 23:24:50,BBC News - World (Archived),https://www.bbc.co.uk/news/world-middle-east-63561235?at_medium=RSS&at_campaign=KARANGA
art_a17a9853d7b7fda0cdf51b53f9c0e694,Hollywood actor Sean Penn gives his Oscar to Zelensky,2022-11-08 21:24:14,BBC News - World (Archived),https://www.bbc.co.uk/news/world-europe-63561236?at_medium=RSS&at_campaign=KARANGA
art_4651d26c68cbfb6b963f95346e820fe2,Finland's Sanna Marin says Europe would be in trouble without US,2022-12-02 17:41:52,BBC News - World (Archived),https://www.bbc.co.uk/news/world-europe-63838350?at_medium=RSS&at_campaign=KARANGA
art_fca7e35fadc6f9e60cd8bcddf791905e,Ukraine war: EU set to approve cap on price of Russian oil,2022-12-02 17:41:54,BBC News - World (Archived),https://www.bbc.co.uk/news/world-europe-63840412?at_medium=RSS&at_campaign=KARANGA
art_624bd9f08a74d8ef82516e408a68dfab,Ukraine war: Can we expect peace talks to begin?,2022-12-02 15:34:09,BBC News - World (Archived),https://www.bbc.co.uk/news/world-europe-63838215?at_medium=RSS&at_campaign=KARANGA
art_c7799251246b9a323b4ba442fe19ade8,Cyril Ramaphosa: South Africa leader's future in doubt amid scandal,2022-12-02 17:35:12,BBC News - World (Archived),https://www.bbc.co.uk/news/world-africa-63838799?at_medium=RSS&at_campaign=KARANGA
art_99473f85f07980fa96fa0711e1b3e6c1,Alex Jones files for bankruptcy after Sandy Hook verdict,2022-12-02 16:56:05,BBC News - World (Archived),https://www.bbc.co.uk/news/world-us-canada-63837309?at_medium=RSS&at_campaign=KARANGA
art_8f4ab5880cf6025a893c645451189b51,Indonesia set to punish sex before marriage with jail time,2022-12-02 16:36:39,BBC News - World (Archived),https://www.bbc.co.uk/news/world-asia-63838213?at_medium=RSS&at_campaign=KARANGA
art_c9b64d49b1682846af3116291c770b35,'Rats will hate this job posting' - New York City seeks rat tsar,2022-12-02 15:11:47,BBC News - World (Archived),https://www.bbc.co.uk/news/world-us-canada-63837306?at_medium=RSS&at_campaign=KARANGA
art_044a6838f04c67f1a0d19ef2fa98c81d,Ukraine war: Russia demands annexations recognised before talks,2022-12-02 13:06:55,BBC News - World (Archived),https://www.bbc.co.uk/news/world-europe-63832151?at_medium=RSS&at_campaign=KARANGA
art_48ba5db1295f3415e510191f57e0ae5b,Drone footage shows deadly flooding in parts of Brazil,2022-12-02 12:48:53,BBC News - World (Archived),https://www.bbc.co.uk/news/world-latin-america-63835789?at_medium=RSS&at_campaign=KARANGA
art_8fc37a09543acdfdc9c427796798077e,Poland says stolen Kandinsky auctioned in Germany,2022-12-02 17:06:11,BBC News - World (Archived),https://www.bbc.co.uk/news/world-europe-63834682?at_medium=RSS&at_campaign=KARANGA
art_1c0d9b46e52c41e39868b507a94528c4,Ukraine war: Animal eye packages sent to eight embassies across Europe,2022-12-02 15:06:57,BBC News - World (Archived),https://www.bbc.co.uk/news/world-europe-63834667?at_medium=RSS&at_campaign=KARANGA
art_1431bdb8e6aa836506c91144a34325d5,No more airplane mode? EU to allow calls on flights,2022-12-02 13:25:40,BBC News - World (Archived),https://www.bbc.co.uk/news/technology-63786591?at_medium=RSS&at_campaign=KARANGA
art_4ae0313c94d6fbe943e03c85e3ce6a56,Chris Dawson: Husband in podcast-famous case jailed for murder,2022-12-02 05:02:44,BBC News - World (Archived),https://www.bbc.co.uk/news/world-australia-63830021?at_medium=RSS&at_campaign=KARANGA
art_272d4361965adeff15c55ee8e5fd336d,"Ukraine war: Learning to survive in Ladyzhyn, a town with no heating",2022-12-02 16:24:08,BBC News - World (Archived),https://www.bbc.co.uk/news/world-europe-63834675?at_medium=RSS&at_campaign=KARANGA
art_783a7ca9c277854e0ea151d19ae06c7c,Kanye West Twitter ban: A timeline of the rapper's downfall,2022-12-02 14:44:31,BBC News - World (Archived),https://www.bbc.co.uk/news/newsbeat-63833338?at_medium=RSS&at_campaign=KARANGA
art_7fef93e2ebd71445bb0ac094864696e4,Ukraine war: Germany to cover energy bills as gas prices soar,2022-12-02 01:42:24,BBC News - World (Archived),https://www.bbc.co.uk/news/world-europe-63814656?at_medium=RSS&at_campaign=KARANGA
art_68426b707c390966e1c97bab6f5578b6,Egypt mothers misled into Caesarean sections - campaigner,2022-12-02 02:01:18,BBC News - World (Archived),https://www.bbc.co.uk/news/world-middle-east-63660562?at_medium=RSS&at_campaign=KARANGA
art_fbb7c97c7ccbb9d6fa9436b73936d8ee,Cyril Ramaphosa: Damning report raises tough questions for South Africa's leader,2022-12-01 16:26:29,BBC News - World (Archived),https://www.bbc.co.uk/news/world-africa-63823227?at_medium=RSS&at_campaign=KARANGA
art_e8bc8ee34f275f581b843a33b9b781cb,China protests: The young people powering the demonstrations,2022-12-02 00:24:52,BBC News - World (Archived),https://www.bbc.co.uk/news/world-asia-china-63790459?at_medium=RSS&at_campaign=KARANGA
art_33c11dd83b32f06ecfa4ce98a73a5b38,Africa's week in pictures: 25 November - 1 December 2022,2022-12-02 01:01:34,BBC News - World (Archived),https://www.bbc.co.uk/news/world-africa-63819552?at_medium=RSS&at_campaign=KARANGA
art_8f8f434dbe53aab6553f460ef4ca2af5,Ros Atkins on... China's crackdown on Covid protests,2022-11-30 00:33:47,BBC News - World (Archived),https://www.bbc.co.uk/news/63798874?at_medium=RSS&at_campaign=KARANGA
art_37694202162266d250a59c0076cfaf5a,Coca-Cola Christmas truck in flames in Romania,2022-12-01 21:44:11,BBC News - World (Archived),https://www.bbc.co.uk/news/world-europe-63829299?at_medium=RSS&at_campaign=KARANGA
art_78a5feebb57178b0a889158b2a1d99b8,Escape of Taronga Zoo lions in Sydney caught on camera,2022-12-01 12:17:49,BBC News - World (Archived),https://www.bbc.co.uk/news/world-australia-63822386?at_medium=RSS&at_campaign=KARANGA
art_48d1add6c9ba2337a15be257edb197dd,DJ Glade Marie: ‘I’m sexualised on nights out’,2022-12-01 00:01:04,BBC News - World (Archived),https://www.bbc.co.uk/news/business-63715117?at_medium=RSS&at_campaign=KARANGA
art_3688de39d36c51a8125e69eb8d41ec3e,Spectacular scenes as Hawaii volcano erupts,2022-11-30 16:58:50,BBC News - World (Archived),https://www.bbc.co.uk/news/world-us-canada-63814130?at_medium=RSS&at_campaign=KARANGA
art_e85d44edaaeaf4ee602c16a125cd594b,China Covid: How five dramatic days of protests unfolded,2022-11-28 21:46:02,BBC News - World (Archived),https://www.bbc.co.uk/news/world-asia-63788973?at_medium=RSS&at_campaign=KARANGA
art_5e5758bd3307e8fd660a76ed7ec73d4c,New Zealand and Finland PMs shoot down reporter's 'similar age' question,2022-11-30 17:13:26,BBC News - World (Archived),https://www.bbc.co.uk/news/world-63806142?at_medium=RSS&at_campaign=KARANGA
art_6f0ecc43538c0154e118fee6876c3c39,Ukraine war: Russian missile strikes force emergency power shutdowns,2022-12-06 08:03:29,BBC News - World (Archived),https://www.bbc.co.uk/news/world-europe-63868158?at_medium=RSS&at_campaign=KARANGA
art_96bbbf8fcd0164228f47d7b123b9b7df,"'If I don't go out and protest, who else will?'",2022-12-06 01:44:51,BBC News - World (Archived),https://www.bbc.co.uk/news/world-middle-east-63836921?at_medium=RSS&at_campaign=KARANGA
art_da1860b45ef8053f48e4f55dbe03730e,Indonesia passes criminal code banning sex outside of marriage,2022-12-06 07:28:35,BBC News - World (Archived),https://www.bbc.co.uk/news/world-asia-63869078?at_medium=RSS&at_campaign=KARANGA
art_42d9d0de5cb812831676b0f22f2e257e,China bids farewell to former leader Jiang Zemin,2022-12-06 05:01:03,BBC News - World (Archived),https://www.bbc.co.uk/news/world-asia-china-63869077?at_medium=RSS&at_campaign=KARANGA
art_ed1aaab0cad9d5ae898be3a70be0ac4a,Meta threatens to remove US news content if new law passes,2022-12-06 03:01:37,BBC News - World (Archived),https://www.bbc.co.uk/news/technology-63869013?at_medium=RSS&at_campaign=KARANGA
art_1a738d3791e85cd99a55c5973911b869,Kirstie Alley: Emmy-winning Cheers actress dies of cancer at 71,2022-12-06 02:42:30,BBC News - World (Archived),https://www.bbc.co.uk/news/world-us-canada-63868992?at_medium=RSS&at_campaign=KARANGA
art_09e9dd55903dd477d6a189117ba25eaf,Schoolgirl killed in knife attack in Germany,2022-12-05 20:31:06,BBC News - World (Archived),https://www.bbc.co.uk/news/world-europe-63866797?at_medium=RSS&at_campaign=KARANGA
art_ef328deea568a02d66c34a27c017d7b7,Idaho students murders: Roommates break silence over killed friends,2022-12-05 18:54:50,BBC News - World (Archived),https://www.bbc.co.uk/news/world-us-canada-63863418?at_medium=RSS&at_campaign=KARANGA
art_43772f313ac33904b9f3a47ecc045af0,Tampa police chief quits after trying to avoid golf cart ticket,2022-12-06 02:08:15,BBC News - World (Archived),https://www.bbc.co.uk/news/world-us-canada-63868991?at_medium=RSS&at_campaign=KARANGA
art_5d072c89d5e403c7850024c691343340,Maharashtra: India leopard cubs reunited with mum,2022-12-06 07:42:18,BBC News - World (Archived),https://www.bbc.co.uk/news/world-asia-india-63870295?at_medium=RSS&at_campaign=KARANGA
art_fa85a4f902542ebfa763b733f405688e,US Supreme Court weighs clash between free speech and gay rights,2022-12-05 18:57:04,BBC News - World (Archived),https://www.bbc.co.uk/news/world-us-canada-63863417?at_medium=RSS&at_campaign=KARANGA
art_2bcd0245b62298b77a51112533bbbfb4,Canada: Hockey star criticises Justin Trudeau over gun law,2022-12-05 23:16:52,BBC News - World (Archived),https://www.bbc.co.uk/news/world-us-canada-63829131?at_medium=RSS&at_campaign=KARANGA
art_7ec4e469ba1dda0d22fe607221fac877,Cyril Ramaphosa: How Arthur Fraser landed South Africa's president in trouble,2022-12-06 00:43:28,BBC News - World (Archived),https://www.bbc.co.uk/news/world-africa-63853294?at_medium=RSS&at_campaign=KARANGA
art_1ea8add5bb13628dbbe21c956a81a693,Billie Eilish: Growing up in public has been bruising,2022-12-06 00:00:04,BBC News - World (Archived),https://www.bbc.co.uk/news/entertainment-arts-63834016?at_medium=RSS&at_campaign=KARANGA
art_8cc0dca0d0a76b0af1faa11d927b3a52,Brussels attacks: Trial begins over 2016 attacks that killed 32,2022-12-05 15:11:30,BBC News - World (Archived),https://www.bbc.co.uk/news/world-europe-63834777?at_medium=RSS&at_campaign=KARANGA
art_e7b982a08f9007b8836e82ee97d6c5b3,Haiti: Inside the capital city taken hostage by brutal gangs,2022-12-05 06:00:16,BBC News - World (Archived),https://www.bbc.co.uk/news/world-latin-america-63707429?at_medium=RSS&at_campaign=KARANGA
art_c62cc33155071bd3048176051a51f1ec,China Covid: Xi's face-saving exit from his signature policy,2022-12-05 12:17:00,BBC News - World (Archived),https://www.bbc.co.uk/news/world-asia-china-63857194?at_medium=RSS&at_campaign=KARANGA
art_cb2ca9fdf93bab709706aead99a5cbb7,2022 World Cup: Asian teams an emerging force against football giants,2022-12-05 10:31:48,BBC News - World (Archived),https://www.bbc.co.uk/sport/football/63857144?at_medium=RSS&at_campaign=KARANGA
art_75cbbb5bc77c4986af8c17a4b8159054,China fire was government's fault - victim's daughter,2022-12-05 09:12:57,BBC News - World (Archived),https://www.bbc.co.uk/news/world-asia-china-63844182?at_medium=RSS&at_campaign=KARANGA
art_22c1e9b0c3d05de53ed786f7a7757de9,China protests: Why is it struggling to vaccinate the elderly?,2022-12-05 00:20:31,BBC News - World (Archived),https://www.bbc.co.uk/news/63798484?at_medium=RSS&at_campaign=KARANGA
art_6064e244ed8cb7878f1cdb4a75b40224,Mount Semeru: Indonesian volcano spews ash 15km into sky,2022-12-05 13:23:14,BBC News - World (Archived),https://www.bbc.co.uk/news/world-asia-63862124?at_medium=RSS&at_campaign=KARANGA
art_690a3b8447914895166c765146d906ba,Out on a spacewalk with Nasa astronauts at the ISS,2022-12-04 01:51:42,BBC News - World (Archived),https://www.bbc.co.uk/news/world-us-canada-63849682?at_medium=RSS&at_campaign=KARANGA
art_e3ecdf2a424fd658dd6671fafb2b29a2,Senegal's parliament brawls after MP hits woman colleague,2022-12-02 22:25:03,BBC News - World (Archived),https://www.bbc.co.uk/news/world-africa-63840382?at_medium=RSS&at_campaign=KARANGA
art_543134d66670e39da4a7bec07cf7dc90,The 'life-changing' electric suit,2022-12-03 01:05:30,BBC News - World (Archived),https://www.bbc.co.uk/news/stories-63827708?at_medium=RSS&at_campaign=KARANGA
art_96e5cd2f2871a45dec5b0dc9e0f062d8,Nirbhaya 10 years on: The lives the Delhi gang rape changed,2022-12-06 01:43:57,BBC News - World (Archived),https://www.bbc.co.uk/news/world-63817388?at_medium=RSS&at_campaign=KARANGA
art_fdc5981fde5c98e7ff7582cc6acf0e87,BBC 100 Women marks 10th year with focus on progress,2022-12-06 01:36:17,BBC News - World (Archived),https://www.bbc.co.uk/news/world-63863089?at_medium=RSS&at_campaign=KARANGA
art_38830a1f958131c165f61143f5b9ffe6,'They allow us to name something we know is wrong': The new words defining sexual abuse,2022-12-06 01:34:05,BBC News - World (Archived),https://www.bbc.co.uk/news/world-latin-america-63811380?at_medium=RSS&at_campaign=KARANGA
art_66f4ca34e6dc4e1a80fef736de9bda93,Olena Zelenska: We will endure,2022-11-24 23:11:08,BBC News - World (Archived),https://www.bbc.co.uk/news/world-europe-63743657?at_medium=RSS&at_campaign=KARANGA
art_257e86e24bd5d54716e09483005c8080,Germany arrests 25 accused of plotting coup,2022-12-07 16:08:26,BBC News - World (Archived),https://www.bbc.co.uk/news/world-europe-63885028?at_medium=RSS&at_campaign=KARANGA
art_766fa1cc3c3773a5660ce8c82658ea56,Reichsbürger: German 'crackpot' movement turns radical and dangerous,2022-12-07 14:48:17,BBC News - World (Archived),https://www.bbc.co.uk/news/world-europe-63889792?at_medium=RSS&at_campaign=KARANGA
art_a2bffe570d5291b8d47e4a0de293b012,Taliban conduct first public execution since return to power,2022-12-07 16:49:27,BBC News - World (Archived),https://www.bbc.co.uk/news/world-asia-63884696?at_medium=RSS&at_campaign=KARANGA
art_083460274e8be4507714de6bffa26da7,China abandons key parts of zero-Covid strategy after protests,2022-12-07 14:22:53,BBC News - World (Archived),https://www.bbc.co.uk/news/world-asia-china-63855508?at_medium=RSS&at_campaign=KARANGA
art_4465d11682ea53762b0a4a9cdcbfa3ac,Janusz Walus: Killer of South African anti-apartheid hero Chris Hani freed,2022-12-07 15:02:27,BBC News - World (Archived),https://www.bbc.co.uk/news/world-africa-63887332?at_medium=RSS&at_campaign=KARANGA
art_85f5c4cacf5fa46107c3cbd2055dec85,New Zealand places child in anti-vax blood case in custody,2022-12-07 15:31:32,BBC News - World (Archived),https://www.bbc.co.uk/news/world-asia-63884694?at_medium=RSS&at_campaign=KARANGA
art_5ba0f3680a429645f82072c66c319201,Mozambique 'tuna bond' scandal: Ex-President Guebuza's son jailed for 12 years,2022-12-07 12:26:13,BBC News - World (Archived),https://www.bbc.co.uk/news/world-africa-63887329?at_medium=RSS&at_campaign=KARANGA
art_6c307c2a7745bd2d4c2e2273bc7df101,Volodymyr Zelensky is Time Magazine's 2022 Person of the Year,2022-12-07 16:13:38,BBC News - World (Archived),https://www.bbc.co.uk/news/world-63890775?at_medium=RSS&at_campaign=KARANGA
art_cc099a7112fb23a9e63095029754b53b,Nigerians warned of TikTok video challenge virus,2022-12-07 15:05:29,BBC News - World (Archived),https://www.bbc.co.uk/news/world-africa-63892203?at_medium=RSS&at_campaign=KARANGA
art_79fb59ec82a6338eae19bf693954bf82,Spanish train collision outside Barcelona injures scores,2022-12-07 11:22:15,BBC News - World (Archived),https://www.bbc.co.uk/news/world-europe-63884695?at_medium=RSS&at_campaign=KARANGA
art_0644913b866df60f9a2864238d4c3907,Big cats: US Senate unanimously passes bill to curb private ownership,2022-12-07 10:06:54,BBC News - World (Archived),https://www.bbc.co.uk/news/world-us-canada-63885434?at_medium=RSS&at_campaign=KARANGA
art_c21e3d4da0e59a65300a58d67dfd7113,San Francisco makes U-turn on 'killer robots' plan,2022-12-07 03:14:38,BBC News - World (Archived),https://www.bbc.co.uk/news/technology-63883235?at_medium=RSS&at_campaign=KARANGA
art_654ebc9a3ba1e9eab6e25d098f52b6a2,Indonesia's new sex laws and what they could mean for tourism,2022-12-06 21:28:01,BBC News - World (Archived),https://www.bbc.co.uk/news/world-asia-63874633?at_medium=RSS&at_campaign=KARANGA
art_dc687464301cee86acd77a1a4789266d,Top US court hears case that could reshape elections,2022-12-07 16:18:35,BBC News - World (Archived),https://www.bbc.co.uk/news/world-us-canada-63891793?at_medium=RSS&at_campaign=KARANGA
art_ae85a45cbf0c5c88ef2b6097d11ea13b,Syria camps: Relatives of Islamic State group 'stuck in limbo',2022-12-07 07:44:30,BBC News - World (Archived),https://www.bbc.co.uk/news/world-middle-east-63879028?at_medium=RSS&at_campaign=KARANGA
art_6fde3e82d0faf46adaeb406a26e65db0,Priyanka Chopra Jonas on Bollywood: 'I’d earn 10% of my male co-actor’s salary',2022-12-07 01:01:37,BBC News - World (Archived),https://www.bbc.co.uk/news/world-asia-63883106?at_medium=RSS&at_campaign=KARANGA
art_2a5448eeb8d1e4018dc1345ed1842ca7,The airline policy that cost pregnant flight crew their jobs,2022-12-07 00:01:13,BBC News - World (Archived),https://www.bbc.co.uk/news/business-63238334?at_medium=RSS&at_campaign=KARANGA
art_7b2209c04a510c81e85a325005ba55ac,Nigeria 2023 election: The hunt for children and the dead,2022-12-07 00:02:23,BBC News - World (Archived),https://www.bbc.co.uk/news/world-africa-63745546?at_medium=RSS&at_campaign=KARANGA
art_576cdbe058c2119e434361f57e9541fc,"Tech layoffs at Meta, Twitter, Amazon: The good people helping Indians find jobs",2022-12-07 00:02:05,BBC News - World (Archived),https://www.bbc.co.uk/news/world-asia-india-63857202?at_medium=RSS&at_campaign=KARANGA
art_12e9616a866d120e9f160de0ff4d025d,World Cup 2022: How have travelling fans found Qatar tournament?,2022-12-07 06:48:23,BBC News - World (Archived),https://www.bbc.co.uk/sport/football/63845130?at_medium=RSS&at_campaign=KARANGA
art_faa44b4e07eecff7b958795b40893119,World Cup 2022: 'Cristiano Ronaldo reduced to role of superstar nobody wants',2022-12-06 22:51:51,BBC News - World (Archived),https://www.bbc.co.uk/sport/football/63882676?at_medium=RSS&at_campaign=KARANGA
art_73f795e29f8f50cfb1ebc255cb55db52,Plesiosaur fossil: Rare find in Australian outback excites scientists,2022-12-07 07:20:14,BBC News - World (Archived),https://www.bbc.co.uk/news/world-australia-63883964?at_medium=RSS&at_campaign=KARANGA
art_7cdf826bbb5a50e9949280550449e2ff,Fireworks and flares after historic Morocco win,2022-12-06 21:21:45,BBC News - World (Archived),https://www.bbc.co.uk/news/world-63879596?at_medium=RSS&at_campaign=KARANGA
art_96d7272d92075840227db05c43fa031a,World Cup: Korean ambassador parties despite his team's defeat,2022-12-06 13:49:24,BBC News - World (Archived),https://www.bbc.co.uk/news/world-63876675?at_medium=RSS&at_campaign=KARANGA
art_284418774c26804b367e3b5eadf02f41,Diamond surprises with 'Sweet Caroline' singalong,2022-12-05 19:46:40,BBC News - World (Archived),https://www.bbc.co.uk/news/world-us-canada-63840737?at_medium=RSS&at_campaign=KARANGA
art_06ca9328725937c4570d33c527ee0024,Brittney Griner: Russia frees US basketball star in swap with arms dealer Viktor Bout,2022-12-08 18:04:24,BBC News - World (Archived),https://www.bbc.co.uk/news/world-europe-63905112?at_medium=RSS&at_campaign=KARANGA
art_4e666912ebf5fae5c0fd7905b358ccff,Viktor Bout: Who is the Merchant of Death?,2022-12-08 17:09:32,BBC News - World (Archived),https://www.bbc.co.uk/news/world-europe-11036569?at_medium=RSS&at_campaign=KARANGA
art_2aed1f412ca8dff98c943479bae4648a,Mohsen Shekari: Iran carries out first execution over protests,2022-12-08 15:48:20,BBC News - World (Archived),https://www.bbc.co.uk/news/world-middle-east-63900099?at_medium=RSS&at_campaign=KARANGA
art_39c7ba72a02c62b2f12d81635bd573c7,Celine Dion postpones tour dates as she reveals incurable health condition,2022-12-08 14:46:08,BBC News - World (Archived),https://www.bbc.co.uk/news/entertainment-arts-63904242?at_medium=RSS&at_campaign=KARANGA
art_c297c4274a06e77e8e658380c34b4f1c,Putin vows to continue hitting Ukraine's power grid,2022-12-08 15:35:17,BBC News - World (Archived),https://www.bbc.co.uk/news/world-europe-63907803?at_medium=RSS&at_campaign=KARANGA
art_fc218ba2d37af24f8f207ddb7d6e97e8,Dina Boluarte: Peru's first female president,2022-12-08 14:48:44,BBC News - World (Archived),https://www.bbc.co.uk/news/world-latin-america-63895507?at_medium=RSS&at_campaign=KARANGA
art_937918dcdf086f40c031b20cd8fb935d,Boy in the box: DNA helps Philadelphia police name victim after 65 years,2022-12-08 17:50:39,BBC News - World (Archived),https://www.bbc.co.uk/news/world-us-canada-63908495?at_medium=RSS&at_campaign=KARANGA
art_4f997609a2ec9b80fc8d334a22bd185d,World Cup 2022: Qatar tournament chief criticised for migrant worker death comments,2022-12-08 14:42:44,BBC News - World (Archived),https://www.bbc.co.uk/sport/football/63904952?at_medium=RSS&at_campaign=KARANGA
art_607dac7415571fdfb5edbe17f41acf71,South Korea: Age system to be standardised from 2023,2022-12-08 12:30:13,BBC News - World (Archived),https://www.bbc.co.uk/news/world-asia-63903771?at_medium=RSS&at_campaign=KARANGA
art_450992cb4e969add0ecf6e34d8a4b6b8,Ireland to return mummified remains and sarcophagus to Egypt,2022-12-08 17:15:12,BBC News - World (Archived),https://www.bbc.co.uk/news/world-middle-east-63908027?at_medium=RSS&at_campaign=KARANGA
art_5eb9279f33a5a81162f322b970ea35fe,Li Wenliang: Chinese pour hearts out on Covid martyr's page,2022-12-08 08:24:06,BBC News - World (Archived),https://www.bbc.co.uk/news/world-asia-china-63898170?at_medium=RSS&at_campaign=KARANGA
art_f8bcc417bf02789bccfcab6d454cd1b4,DR Congo conflict: M23 rebels executed over 130 civilians - UN,2022-12-08 10:33:26,BBC News - World (Archived),https://www.bbc.co.uk/news/world-africa-63899461?at_medium=RSS&at_campaign=KARANGA
art_620b60d54ddd59d71b8e0d98f99d2068,Wirecard trial of executives opens in German fraud scandal,2022-12-08 11:15:40,BBC News - World (Archived),https://www.bbc.co.uk/news/world-europe-63893933?at_medium=RSS&at_campaign=KARANGA
art_c189e27e6c81e4f57ef9057a52974e61,Harry and Meghan Netflix series launches amid controversy,2022-12-08 09:04:54,BBC News - World (Archived),https://www.bbc.co.uk/news/uk-63889636?at_medium=RSS&at_campaign=KARANGA
art_8abdf50eca4f7d819eec49f330175db4,Umar Patek: Anger and fear in Australia as Bali bomber freed,2022-12-08 04:02:46,BBC News - World (Archived),https://www.bbc.co.uk/news/world-australia-63883431?at_medium=RSS&at_campaign=KARANGA
art_c7543b26bef7917e7b0e6022d3eee9f9,Elon Musk turns Twitter into 'hotel' for staff,2022-12-08 02:06:14,BBC News - World (Archived),https://www.bbc.co.uk/news/technology-63897608?at_medium=RSS&at_campaign=KARANGA
art_88df0101423d2f1ac453d380ae45cb35,Brittney Griner: Who is the freed US basketball star?,2022-12-08 15:25:41,BBC News - World (Archived),https://www.bbc.co.uk/news/world-us-canada-63899465?at_medium=RSS&at_campaign=KARANGA
art_6b14b21343cff5be28ec584ce97657ca,Respect for Marriage Act: Why interracial marriage is also in the bill,2022-12-08 16:29:14,BBC News - World (Archived),https://www.bbc.co.uk/news/world-us-canada-63801108?at_medium=RSS&at_campaign=KARANGA
art_4dba5e7b2d15ef392044d5a579f58ea9,World Cup 2022: Could Morocco win for Africa?,2022-12-08 11:09:35,BBC News - World (Archived),https://www.bbc.co.uk/news/world-africa-63885646?at_medium=RSS&at_campaign=KARANGA
art_91b04610b082c088bcb26d445b4780ee,‘Doctors fitted a contraceptive coil without my consent’,2022-12-08 00:05:13,BBC News - World (Archived),https://www.bbc.co.uk/news/world-europe-63863088?at_medium=RSS&at_campaign=KARANGA
art_d97e2471c5c2c4270806838c99870a17,Prince Harry and Meghan: Where do they get their money?,2022-12-08 09:24:38,BBC News - World (Archived),https://www.bbc.co.uk/news/explainers-51047186?at_medium=RSS&at_campaign=KARANGA
art_6dd3ff91d590418b7ca207ba18a34bee,Indonesia 'sex ban': Criminal code changes threaten other freedoms,2022-12-08 02:58:18,BBC News - World (Archived),https://www.bbc.co.uk/news/world-asia-63885435?at_medium=RSS&at_campaign=KARANGA
art_55b29161713397f62b21cdd88e8c52f5,Should countries try to do everything themselves?,2022-12-08 00:01:52,BBC News - World (Archived),https://www.bbc.co.uk/news/business-63780833?at_medium=RSS&at_campaign=KARANGA
art_2f19b4d80c1b0a8713ed2b219d558cfb,Sri Lanka's children go hungry as food prices soar,2022-12-08 00:06:13,BBC News - World (Archived),https://www.bbc.co.uk/news/business-63868497?at_medium=RSS&at_campaign=KARANGA
art_5ada1e68661e47704e4c774b2cf357e5,Peru's political whirlwind in three moments,2022-12-07 23:15:52,BBC News - World (Archived),https://www.bbc.co.uk/news/world-latin-america-63894883?at_medium=RSS&at_campaign=KARANGA
art_845add24780089559a6551ac9c4f9b05,China zero-Covid: Hope and worry in Beijing as key policies scrapped,2022-12-07 17:46:02,BBC News - World (Archived),https://www.bbc.co.uk/news/world-asia-china-63894878?at_medium=RSS&at_campaign=KARANGA
art_59d337914a12ee5fd8501e4fc0bb8630,Women's basketball: ‘I’ve been spat at in the face for the colour of my skin’,2022-12-08 00:06:53,BBC News - World (Archived),https://www.bbc.co.uk/news/world-africa-63841874?at_medium=RSS&at_campaign=KARANGA
art_02cd807e59260cdf9a562967bd83c834,European leaders warn against sudden Russian gas ban,2022-03-07 23:08:31,BBC Europe,https://www.bbc.co.uk/news/uk-60642926?at_medium=RSS&at_campaign=KARANGA
art_242a0ee26c6e8eaa03b30007afd15707,Ukraine war: UK can and will do more for refugees - minister,2022-03-08 08:23:59,BBC Europe,https://www.bbc.co.uk/news/uk-60655788?at_medium=RSS&at_campaign=KARANGA
art_21bc0c0f3438ddded7b5422a4a2885ce,Ukraine: Angry Zelensky vows to punish Russian atrocities,2022-03-07 08:01:56,BBC Europe,https://www.bbc.co.uk/news/world-europe-60638042?at_medium=RSS&at_campaign=KARANGA
art_dad973fb5e08434cc5eb9e9eb1d2e723,"Ukraine maps: Ukraine says Russian ceasefire offer ""immoral""",2022-03-07 12:34:23,BBC Europe,https://www.bbc.co.uk/news/world-europe-60506682?at_medium=RSS&at_campaign=KARANGA
art_ef99ce53df6ca20902a0f4db316793ab,War in Ukraine: Taking cover in a town under attack,2022-03-06 22:49:58,BBC Europe,https://www.bbc.co.uk/news/world-europe-60641873?at_medium=RSS&at_campaign=KARANGA
art_ee6b1b889b5aa1da89bebd0b047eee0b,Russian gymnast wears pro-war 'Z' symbol,2022-03-06 20:10:43,BBC Europe,https://www.bbc.co.uk/sport/gymnastics/60641891?at_medium=RSS&at_campaign=KARANGA
art_ef5a396aeecb5a619002524266cef49c,Ukraine invasion: The children with cancer fleeing war at home,2022-03-07 00:02:05,BBC Europe,https://www.bbc.co.uk/news/world-europe-60621253?at_medium=RSS&at_campaign=KARANGA
art_7a5bf1c400aa398ffa43c83e65e250f0,"Chaos, upheaval and exhaustion for Ukraine's disabled children",2022-03-08 01:39:31,BBC Europe,https://www.bbc.co.uk/news/world-europe-60648735?at_medium=RSS&at_campaign=KARANGA
art_193e4c9d3b078295f055aca531e9e799,Ukraine invasion: False claims the war is a hoax go viral,2022-03-08 01:42:20,BBC Europe,https://www.bbc.co.uk/news/60589965?at_medium=RSS&at_campaign=KARANGA
art_52990231d6b07aef5d0f3ba6a8fb83e0,War in Ukraine: Evacuees flee cities amid Russian shelling,2022-03-07 18:06:58,BBC Europe,https://www.bbc.co.uk/news/in-pictures-60648172?at_medium=RSS&at_campaign=KARANGA
art_e418690b0439761c01b71db433111495,Family separated by war in Ukraine finally reunited,2022-03-07 18:13:27,BBC Europe,https://www.bbc.co.uk/news/world-europe-60621254?at_medium=RSS&at_campaign=KARANGA
art_95fb6cd093d964f21645f5f6ae76a555,Ukraine invasion: Volunteers 'working on autopilot',2022-03-07 00:01:07,BBC Europe,https://www.bbc.co.uk/news/world-europe-60641870?at_medium=RSS&at_campaign=KARANGA
art_b8d543c72be12e7aa5f4fd88b558441f,Ukraine invasion: Military couple marry on the front line,2022-03-06 19:00:39,BBC Europe,https://www.bbc.co.uk/news/world-europe-60641868?at_medium=RSS&at_campaign=KARANGA
art_43b98107eaf8fbf0ef86a62af209ea4b,Health pass or vaccine pass: Europe eyes tighter Covid control measures,2022-01-01 14:28:10,France 24 - Europe,https://www.france24.com/en/europe/20220101-health-pass-or-vaccine-pass-europe-eyes-tighter-covid-control-measures
art_6b590dd6b5f853a4c669d287cda2b9b4,EU plans to class nuclear power and natural gas as green energy sources,2022-01-01 13:57:06,France 24 - Europe,https://www.france24.com/en/europe/20220101-eu-plans-to-class-nuclear-power-and-natural-gas-as-green-energy-sources
art_be225492665d4e1870239fad505873ae,France takes over EU presidency as national election looms,2022-01-01 06:47:00,France 24 - Europe,https://www.france24.com/en/europe/20220101-macron-takes-over-eu-presidency-as-national-election-looms
art_61f5cf0b9f744c8c43e7c32abf85b780,Macron warns of 'difficult' weeks ahead but encourages 'optimism' in New Year's speech,2021-12-31 20:35:56,France 24 - Europe,https://www.france24.com/en/europe/20211231-macron-warns-of-difficult-weeks-ahead-but-encourages-optimism-in-new-year-s-speech
art_e51b4235c2febd56f67098e366ce347d,Paris jihadist attacks trial put on hold after main suspect catches Covid,2021-12-31 19:44:16,France 24 - Europe,https://www.france24.com/en/europe/20211231-paris-jihadist-attacks-trial-put-on-hold-after-main-suspect-catches-covid
art_47c5788d159154561d4aaec0bceb0802,France introduces free birth control for all women under 25,2021-12-31 19:27:25,France 24 - Europe,https://www.france24.com/en/europe/20211231-france-introduces-free-birth-control-for-all-women-aged-18-25
art_22b65d1aa7bb5ec1938b6718eaa0b83f,'Opt for cycling': French car ads required to back travel alternatives from 2022,2021-12-31 13:11:34,France 24 - Europe,https://www.france24.com/en/europe/20211231-opt-for-cycling-french-car-ads-required-to-back-travel-alternatives-from-2022
art_693527f38dbb4d2af2b5b66535fb30d1,Germany backs France for 'more sovereign' Europe as Paris set for turn at EU presidency,2021-12-31 10:34:54,France 24 - Europe,https://www.france24.com/en/europe/20211231-germany-backs-france-for-more-sovereign-europe-as-paris-set-for-turn-at-eu-presidency
art_82bfe0b9dcf18463137ecce0fc967eac,Covid-19: Omicron is now the dominant variant in France,2021-12-31 08:29:16,France 24 - Europe,https://www.france24.com/en/europe/20211231-covid-19-omicron-is-now-dominant-variant-in-france
art_4fb92a6df4feb396d5dc803a50f3c8fe,‘War footing’: UK builds temporary hospitals to prepare for Covid-19 surge,2021-12-31 02:24:05,France 24 - Europe,https://www.france24.com/en/europe/20211231-war-footing-uk-s-nhs-builds-temporary-hospitals-preparing-for-covid-19-surge
art_9e1731c8548daf1fc2d5486a85a082bb,France temporarily lifts Covid transit ban on Britons entering the EU,2021-12-30 20:57:45,France 24 - Europe,https://www.france24.com/en/europe/20211230-france-temporarily-lifts-transit-ban-for-eu-based-britons-after-uproar
art_018e08d2d2b8fae3b7f33070ca379749,"Russia declares Pussy Riot member, art collector and satirist ‘foreign agents’",2021-12-30 19:00:54,France 24 - Europe,https://www.france24.com/en/europe/20211230-russia-declares-pussy-riot-member-art-collector-and-satirist-foreign-agents
art_44d2fd7a9a48909547d1ccf5abf47bc6,Party or pyjamas? New Year’s celebrations in France to go ahead despite record Covid cases,2021-12-30 18:38:48,France 24 - Europe,https://www.france24.com/en/europe/20211230-party-or-pyjamas-new-year-celebrations-in-france-to-go-ahead-despite-record-covid-cases
art_e4f0f7a4a408afa67e0f8767298a714c,"Wearing masks outdoors mandatory in Paris as new cases top 200,000",2021-12-30 08:30:49,France 24 - Europe,https://www.france24.com/en/europe/20211230-paris-mandates-wearing-masks-even-outdoors-starting-friday
art_dc0a80eea7a3d6b6d60d93b76c4a2ae9,"Covid-19: France breaks European daily record again with 208,000 new cases",2021-12-29 14:03:05,France 24 - Europe,https://www.france24.com/en/live-news/20211229-france-sets-daily-record-with-208-000-new-covid-19-cases-health-minister
art_db9d4c31e82365bcbc4b7042963f0a4b,Dutch police disperse thousands protesting in Amsterdam against Covid lockdown,2022-01-02 16:00:09,France 24 - Europe,https://www.france24.com/en/europe/20220102-dutch-police-disperse-thousands-protesting-in-amsterdam-against-covid-lockdown
art_cda000b526c9ca043fe1601fdd5ad485,Moscow uses 'foreign agent' status to harass and persecute opponents,2022-01-02 15:50:39,France 24 - Europe,https://www.france24.com/en/europe/20220102-moscow-uses-foreign-agent-status-to-harass-and-persecute-opponents
art_71a594e6c8121d5910e69b83b4df3853,France reduces isolation for fully vaccinated Covid-positive cases,2022-01-02 06:12:41,France 24 - Europe,https://www.france24.com/en/europe/20220102-france-reduces-isolation-for-covid-positive-to-7-days-from-10-days
art_3994640598a493d400b76abeca021d4c,French MPs draft vaccine pass law amid 'tidal wave' of Omicron cases,2022-01-03 16:03:07,France 24 - Europe,https://www.france24.com/en/europe/20220103-french-mps-draft-vaccine-pass-law-amid-tidal-wave-of-omicron-cases
art_876357b4a34cdbea30e908d57d961dc9,Abortion in Spain: Women struggle to access treatment despite it being legal,2022-01-04 16:38:30,France 24 - Europe,https://www.france24.com/en/tv-shows/focus/20220104-abortion-in-spain-women-struggle-to-access-treatment-despite-it-being-legal
art_15c5b2e5518b848d941fb50adf8d6d60,Schoolchildren face fraught return to class as Omicron runs amok in France,2022-01-04 11:14:04,France 24 - Europe,https://www.france24.com/en/europe/20220104-schoolchildren-face-fraught-return-to-class-as-omicron-runs-amok-in-france
art_49fe4e62dc9cdf807ac86b3d5a3e6642,French lawmakers hold up bill on new 'vaccine pass' in setback for Macron,2022-01-04 07:48:25,France 24 - Europe,https://www.france24.com/en/europe/20220104-french-lawmakers-suspend-fractious-vaccine-pass-debate-in-setback-for-government
art_7346e7f65d0a3f106d53769ec9b7e06b,"Record number of migrants crossed Channel from France to UK last year, says report",2022-01-04 04:57:17,France 24 - Europe,https://www.france24.com/en/europe/20220104-record-number-of-migrants-crossed-channel-from-france-to-uk-last-year
art_e0de9218c5003b0e210048ffb1aaa158,Turkish inflation soars to 36% as financial turmoil continues,2022-01-04 00:30:40,France 24 - Europe,https://www.france24.com/en/europe/20220104-turkish-inflation-hits-36-nearing-20-year-high-as-lira-crisis-continues
art_1dbc545a3c498c006f9be3e4067a312b,How claims of a French variant grabbed global headlines,2022-01-06 22:33:40,France 24 - Europe,https://www.france24.com/en/europe/20220106-covid-19-how-a-controversial-scientist-grabbed-headlines-with-claims-of-a-french-variant
art_d5965fe0aad90ea2ecd316023856f1e7,Macron’s conservative challenger Pécresse vows to get tough on crime,2022-01-06 16:41:26,France 24 - Europe,https://www.france24.com/en/europe/20220106-macron-s-conservative-challenger-p%C3%A9cresse-vows-to-get-tough-on-crime
art_4adc7823daa0d31bbfdcd727265dfb23,French lawmakers approve new ‘vaccine pass’ after fierce debate,2022-01-06 05:56:09,France 24 - Europe,https://www.france24.com/en/europe/20220106-french-lawmakers-approve-new-vaccine-pass-after-fierce-debate
art_3fda035ae8758f74413e67337c6a1c3a,One in 15 people infected with Covid-19 in England,2022-01-05 19:12:11,France 24 - Europe,https://www.france24.com/en/europe/20220105-one-in-15-people-infected-with-covid-19-in-england
art_8d344a9ae79466df4c874520d3117b7f,Record Covid cases in US and Europe as Omicron variant runs rampant,2022-01-05 07:13:08,France 24 - Europe,https://www.france24.com/en/europe/20220105-record-covid-cases-in-us-and-europe-as-omicron-variant-runs-rampant
art_524da4174959c3d5c51397dbcf276377,UK rewards scientists over fight against coronavirus,2021-12-31 22:30:00,Politico Europe,https://www.politico.eu/article/uk-rewards-its-scientists-over-fight-against-covid-19/?utm_source=RSS_Feed&utm_medium=RSS&utm_campaign=RSS_Syndication
art_7196c717ad53a124b9488046914103c6,UK approves Pfizer’s COVID-19 antiviral Paxlovid,2021-12-31 13:00:27,Politico Europe,https://www.politico.eu/article/uk-approves-pfizer-covid-19-antiviral-paxlovid-oral-pill-coronavirus/?utm_source=RSS_Feed&utm_medium=RSS&utm_campaign=RSS_Syndication
art_a338f406721b831e6bc77a4975101699,Ireland cuts COVID-19 quarantine as 92 percent of cases now Omicron,2021-12-31 11:09:23,Politico Europe,https://www.politico.eu/article/ireland-cuts-covid-19-quarantine-as-92-percent-of-cases-now-omicron/?utm_source=RSS_Feed&utm_medium=RSS&utm_campaign=RSS_Syndication
art_fbac5a2b23d58df51776990bf63f2573,Biden-Putin call ushers in new phase of diplomacy,2021-12-31 03:49:31,Politico Europe,https://www.politico.com/news/2021/12/30/biden-putin-call-526280?utm_source=RSS_Feed&utm_medium=RSS&utm_campaign=RSS_Syndication
art_6a65665592194a718ca42ee6c7489c99,POLITICO’s quiz of the year,2021-12-31 03:02:00,Politico Europe,https://www.politico.eu/article/2021-politico-quiz-events-news/?utm_source=RSS_Feed&utm_medium=RSS&utm_campaign=RSS_Syndication
art_8635f9daf9791736e79cb83c91b0d4bf,What all the cool Eurocrats will be saying next year,2021-12-31 03:01:00,Politico Europe,https://www.politico.eu/article/2021-words-what-all-the-cool-eurocrats-will-be-saying-next-year/?utm_source=RSS_Feed&utm_medium=RSS&utm_campaign=RSS_Syndication
art_354124d0ffdd35f23568543dfaf4805e,2021 in pictures,2021-12-31 03:00:00,Politico Europe,https://www.politico.eu/article/2021-best-photos-news/?utm_source=RSS_Feed&utm_medium=RSS&utm_campaign=RSS_Syndication
art_59c37e969b722756329358806a1f1e93,‘We have to be faster than the virus:’ Olaf Scholz urges Germans to get jabbed,2021-12-30 23:01:00,Politico Europe,https://www.politico.eu/article/olaf-scholz-new-year-speech-germany-coronavirus-vaccination/?utm_source=RSS_Feed&utm_medium=RSS&utm_campaign=RSS_Syndication
art_31bccc0edde61cd2284ab702697d41fa,French government: EU-based Brits can travel through France — for now,2021-12-30 17:54:48,Politico Europe,https://www.politico.eu/article/france-government-eu-uk-travel-car-eurotunnel-coronavirus-omicron-christmas-holidays/?utm_source=RSS_Feed&utm_medium=RSS&utm_campaign=RSS_Syndication
art_826874d0644752d05eed4a60fc71f533,Greece follows US lead in halving coronavirus quarantine,2021-12-30 17:45:48,Politico Europe,https://www.politico.eu/article/greece-coronavirus-quarantine-five-days/?utm_source=RSS_Feed&utm_medium=RSS&utm_campaign=RSS_Syndication
art_923a2c47c0ae6110644ec113fd82ddfb,Germany hits out at Brussels plan to label nuclear and gas ‘green’,2022-01-01 15:23:51,Politico Europe,https://www.politico.eu/article/eu-nuclear-energy-gas-green-climate-technology/?utm_source=RSS_Feed&utm_medium=RSS&utm_campaign=RSS_Syndication
art_aa04457b8f8c34f925cd67a254fdc47c,France cuts mask-wearing age to six years old,2022-01-01 11:17:21,Politico Europe,https://www.politico.eu/article/france-reduces-mask-wearing-age-to-six-year-old/?utm_source=RSS_Feed&utm_medium=RSS&utm_campaign=RSS_Syndication
art_9d1cbb1bce8b3882e26c958bfc6a3b5c,Turkey puts its migrant security system on display for Europe,2022-01-03 03:02:00,Politico Europe,https://www.politico.eu/article/turkey-migrant-security-system-iran-border-europe-afghanistan/?utm_source=RSS_Feed&utm_medium=RSS&utm_campaign=RSS_Syndication
art_e5bff04b8f74e9c0b26f48847333d722,"On Russia, NATO cannot fold",2022-01-03 03:01:00,Politico Europe,https://www.politico.eu/article/russia-nato-vladimir-putin-ukraine/?utm_source=RSS_Feed&utm_medium=RSS&utm_campaign=RSS_Syndication
art_9b952978878be68a52118c4fc38586f1,"What the French think of the EU presidency, in charts",2022-01-03 03:00:00,Politico Europe,https://www.politico.eu/article/what-the-french-public-thinks-ahead-of-the-eu-presidency-in-7-charts/?utm_source=RSS_Feed&utm_medium=RSS&utm_campaign=RSS_Syndication
art_67b40fca9cb41b2d0a114be8e8ee6909,EU flag under the Arc de Triomphe comes down as culture war boils,2022-01-02 14:01:32,Politico Europe,https://www.politico.eu/article/eu-council-france-macron-presidency-flag-arc-triomph/?utm_source=RSS_Feed&utm_medium=RSS&utm_campaign=RSS_Syndication
art_74e64a904c8d1a76f473f9b4d0795069,France cuts COVID isolation to 7 days for vaccinated people,2022-01-02 10:55:41,Politico Europe,https://www.politico.eu/article/france-quarantine-isolation-vaccinated-omicron/?utm_source=RSS_Feed&utm_medium=RSS&utm_campaign=RSS_Syndication
art_25d2a746ff415dd13740e3c3614e7df4,Why are countries cutting quarantine as Omicron cases explode?,2022-01-01 10:00:00,Politico Europe,https://www.politico.eu/article/countries-cut-quarantine-time-even-as-omicron-coronavirus-cases-rise/?utm_source=RSS_Feed&utm_medium=RSS&utm_campaign=RSS_Syndication
art_1534cc10a4cdc960b6aad0c53d52fe42,EU flag is collateral damage as French presidential campaign heats up,2022-01-03 21:49:02,Politico Europe,https://www.politico.eu/article/arc-de-triomphe-paris-european-union-flag-france-election-2022-emmanuel-macron/?utm_source=RSS_Feed&utm_medium=RSS&utm_campaign=RSS_Syndication
art_08b139c1d479c90a0b5e3fb32f1914a4,Germany downplays coalition anger over ‘dangerous’ EU nuclear push,2022-01-03 17:24:11,Politico Europe,https://www.politico.eu/article/germany-reject-eu-nuclear-energy-dangerous/?utm_source=RSS_Feed&utm_medium=RSS&utm_campaign=RSS_Syndication
art_ed6ab6c9e4a1b2c37bd99ffda4afc762,Thousands of websites taken offline in Brexit domain name change,2022-01-03 16:55:52,Politico Europe,https://www.politico.eu/article/thousand-website-taken-offline-brexit-domain-name-change/?utm_source=RSS_Feed&utm_medium=RSS&utm_campaign=RSS_Syndication
art_ee713ecdaca1b8e9deaa2b3fe1fc5c0c,"Iran nuclear talks resume, but time is running out to strike a deal",2022-01-03 16:55:28,Politico Europe,https://www.politico.eu/article/iran-nuclear-talks-resume-deal-vienna/?utm_source=RSS_Feed&utm_medium=RSS&utm_campaign=RSS_Syndication
art_ecbb15fc768c54e7e6c2076fae853eca,Trump endorses Orbán in Hungarian election,2022-01-03 15:12:22,Politico Europe,https://www.politico.eu/article/donald-trump-endorse-viktor-orban-hungarian-election/?utm_source=RSS_Feed&utm_medium=RSS&utm_campaign=RSS_Syndication
art_2a0e5281d5525d3acef3c68dadebd308,Ukraine’s culture minister slams ‘Emily in Paris’ TV show over ‘insulting’ stereotype,2022-01-03 13:48:48,Politico Europe,https://www.politico.eu/article/netflix-emily-paris-under-fire-ukraine-culture-minister-insult-caricature/?utm_source=RSS_Feed&utm_medium=RSS&utm_campaign=RSS_Syndication
art_6e5f4e5119afd0588943c1271d546a1b,"Increased threats, overburdened officers: US Capitol contends with preventing a January 6 repeat",2022-01-03 12:30:54,Politico Europe,https://www.politico.com/news/2022/01/03/could-january-6th-happen-again-526167?utm_source=RSS_Feed&utm_medium=RSS&utm_campaign=RSS_Syndication
art_1e9374d2df0dc0b2f76426fe416a0529,Health experts: Vaccines alone aren’t enough against pandemic,2022-01-03 11:21:02,Politico Europe,https://www.politico.eu/article/health-experts-vaccines-alone-arent-enough-against-pandemic/?utm_source=RSS_Feed&utm_medium=RSS&utm_campaign=RSS_Syndication
art_06d821ece1e0b865c3426edc122bab39,Biden reaffirms support for Ukraine in phone call with president,2022-01-03 04:22:57,Politico Europe,https://www.politico.com/news/2022/01/02/biden-ukraine-russia-526371?utm_source=RSS_Feed&utm_medium=RSS&utm_campaign=RSS_Syndication
art_8ff5d90344b21a49249a6792d8d4c030,NATO calls extraordinary meeting to discuss Russia,2022-01-04 20:23:39,Politico Europe,https://www.politico.eu/article/nato-meeting-discuss-russia/?utm_source=RSS_Feed&utm_medium=RSS&utm_campaign=RSS_Syndication
art_60040ab6f89d6ed8a208b2f3fca49f94,Polish coal miners demand more pay,2022-01-04 16:27:06,Politico Europe,https://www.politico.eu/article/polish-coal-miners-protest-demand-pay/?utm_source=RSS_Feed&utm_medium=RSS&utm_campaign=RSS_Syndication
art_ee5bc72363bf94ea349634a0eefbffad,Belgium to end quarantine for vaccinated COVID-19 close contacts,2022-01-04 16:06:06,Politico Europe,https://www.politico.eu/article/belgium-quarantine-vaccines-coronavirus-close-contacts/?utm_source=RSS_Feed&utm_medium=RSS&utm_campaign=RSS_Syndication
art_7d0db9f409c0e593006d8bb1959e43b6,Former Swedish bank CEO faces fraud charges in money-laundering case,2022-01-04 15:27:18,Politico Europe,https://www.politico.eu/article/former-swedish-bank-ceo-faces-fraud-charges-in-money-laundering-case/?utm_source=RSS_Feed&utm_medium=RSS&utm_campaign=RSS_Syndication
art_3b77362958f7a3b22341ab0bf22c2cd8,Melania Trump’s hat from Macron visit … yours for just $250K in crypto,2022-01-04 15:02:02,Politico Europe,https://www.politico.eu/article/melania-trump-hat-macron-visit-white-house-250k/?utm_source=RSS_Feed&utm_medium=RSS&utm_campaign=RSS_Syndication
art_c0cf3bb545e003281cd59e8e7ae294de,UK Labour would push for US trade deal,2022-01-04 11:53:28,Politico Europe,https://www.politico.eu/article/uk-trade-deal-us-labour-government-nick-thomas-symonds/?utm_source=RSS_Feed&utm_medium=RSS&utm_campaign=RSS_Syndication
art_d71bbfc3b4980a919fa1f2fee9117f70,‘Close the loopholes’: The Pentagon’s next front in its hunt for extremists,2022-01-04 11:46:09,Politico Europe,https://www.politico.com/news/2022/01/04/pentagon-extremism-ranks-jan-6-526441?utm_source=RSS_Feed&utm_medium=RSS&utm_campaign=RSS_Syndication
art_472de152bb499ab2cce3bf8fa473f1e5,Frank-Walter Steinmeier set for second term as German president,2022-01-04 11:44:42,Politico Europe,https://www.politico.eu/article/german-greens-support-frank-walter-steinmeier-second-term-as-president-election/?utm_source=RSS_Feed&utm_medium=RSS&utm_campaign=RSS_Syndication
art_aed2ae782388e8b771ffe073cbeed7d8,Italy’s parliament set to vote for new president on January 24,2022-01-04 10:52:41,Politico Europe,https://www.politico.eu/article/italy-parliament-president-election-2022-sergio-mattarella-mario-draghi/?utm_source=RSS_Feed&utm_medium=RSS&utm_campaign=RSS_Syndication
art_6dd8301c059a22a7afab5948b13a2a50,European elections to watch in 2022,2022-01-04 03:00:00,Politico Europe,https://www.politico.eu/article/europe-elections-2022-poll-of-polls-france-portugal-hungary/?utm_source=RSS_Feed&utm_medium=RSS&utm_campaign=RSS_Syndication
art_90db8a04542b529e9bf1120baa88eb56,Will France’s Yellow Vests come back to haunt Macron on election day?,2022-04-01 19:10:41,France 24 - Europe,https://www.france24.com/en/europe/20220401-will-france-s-yellow-vests-come-back-to-haunt-macron-on-election-day
art_fe11155cf5109b4a8e663d75503b7981,"Depardieu blasts Putin’s ‘crazy excesses’, Russia offers to explain Ukraine crisis",2022-04-01 17:02:04,France 24 - Europe,https://www.france24.com/en/europe/20220401-depardieu-blasts-putin-s-crazy-excesses-russia-offers-to-explain-ukraine-crisis
art_5a96b4ab22e8ce3138695814445a643e,EU energy crisis: Spain's economy minister hopes for 'downward trend' in electricity prices soon,2022-04-01 15:50:38,France 24 - Europe,https://www.france24.com/en/tv-shows/talking-europe/20220401-eu-energy-crisis-spain-s-economy-minister-hopes-for-downward-trend-in-electricity-prices-soon
art_ec1606f558c694e7f4a8bf3d7e89d14c,Ukrainian refugee crisis: Women and children at risk from human traffickers,2022-04-01 15:12:25,France 24 - Europe,https://www.france24.com/en/tv-shows/the-51/20220401-ukrainian-refugee-crisis-women-and-children-at-risk-from-human-traffickers
art_616dbaf57fc446fcdd33b1b3b6e7c6d9,Sweden 'needs the security of NATO membership': Leading Swedish MEP,2022-04-01 13:58:31,France 24 - Europe,https://www.france24.com/en/tv-shows/talking-europe/20220401-sweden-needs-the-security-of-nato-membership-leading-swedish-mep
art_8110312bb19650b436a3d73715dc5563,Chemical pollution: Surfing in toxic waters,2022-04-01 12:56:33,France 24 - Europe,https://www.france24.com/en/tv-shows/down-to-earth/20220401-chemical-pollution-surfing-in-toxic-waters
art_5fee7fcd1830222a832125f5c5ae1603,"'My soul aches': As war still rages, some Ukrainian refugees return home",2022-04-01 09:29:09,France 24 - Europe,https://www.france24.com/en/video/20220401-my-soul-aches-as-war-still-rages-some-ukrainian-refugees-return-home
art_e6543b7ac9c979364bbe4a3712139f6a,On the ground: Kharkiv residents caught in the line of fire,2022-04-01 07:32:45,France 24 - Europe,https://www.france24.com/en/europe/20220401-on-the-ground-residents-of-ukraine-s-kharkiv-caught-in-the-line-of-fire
art_928799c9a7391408b9152f88433ed458,Hungarian PM Orban faces stern test in parliamentary election,2022-04-01 07:26:20,France 24 - Europe,https://www.france24.com/en/europe/20220401-hungarian-pm-orban-faces-stern-test-in-parliamentary-election
art_1d38147e1ad75946be38041532ce587c,Live: Red Cross forced to postpone Mariupol evacuation,2022-04-01 05:31:19,France 24 - Europe,https://www.france24.com/en/europe/20220401-live-eu-to-urge-china-to-rethink-its-stance-on-russia-over-ukraine-war
art_e28f2f96965966a7dda97ce7998aa2e8,"France, Germany reject Putin demands for gas payments in roubles as 'blackmail'",2022-03-31 16:58:34,France 24 - Europe,https://www.france24.com/en/europe/20220331-france-germany-reject-putin-demands-for-gas-payments-in-roubles-as-blackmail
art_e1039c9d1b6495e897e939a9077e13c5,Some people arriving in Poland are already trying to get back to Ukraine,2022-03-31 09:10:48,France 24 - Europe,https://www.france24.com/en/video/20220331-every-single-refugee-that-we-have-spoken-to-so-far-has-said-that-they-are-hoping-to-return-to-ukraine
art_fc004227fc0618034f4187573fb7bfb2,As it happened: Russia pledges to allow humanitarian corridor into Mariupol,2022-03-31 04:54:34,France 24 - Europe,https://www.france24.com/en/europe/20220331-live-putin-misled-on-ukraine-by-advisers-according-to-us-and-uk
art_2b108b279bde7532e39cfef8a0009e18,Spain allows supermarket rationing to prevent shortages,2022-03-31 02:13:44,France 24 - Europe,https://www.france24.com/en/europe/20220331-spain-allows-supermarket-rationing-to-prevent-shortages
art_43493679f1ecd0fcf07af0eebaf9cd6d,French Foreign Minister Jean-Yves Le Drian: 'I see only declarations but no action' from Russia,2022-03-30 22:22:57,France 24 - Europe,https://www.france24.com/en/tv-shows/the-interview/20220330-french-foreign-minister-jean-yves-le-drian-i-see-only-declarations-but-no-action-from-russia
art_3f96bd6b59897d23c3a73eb8925df2d9,"Hungary’s opposition leader Marki-Zay faces Orban, tough electoral map in parliamentary vote",2022-04-02 13:18:43,France 24 - Europe,https://www.france24.com/en/europe/20220402-hungary-s-opposition-leader-marki-zay-faces-orban-tough-electoral-map-in-parliamentary-vote
art_f53896a550d181d8fc1a8bd8536fd80e,Live: Ukraine regained control of ‘whole Kyiv region’ says defence official,2022-04-02 05:12:52,France 24 - Europe,https://www.france24.com/en/europe/20220402-as-it-happened-thousands-of-residents-evacuated-from-besieged-mariupol
art_645fb6714912a39732225faddaf7a072,Serbia's incumbent President Vucic declares election victory,2022-04-03 21:46:43,France 24 - Europe,https://www.france24.com/en/europe/20220403-serbia-s-incumbent-president-vucic-declares-election-victory
art_64fc2a94b9315c405906c7820d5ebd23,Hungary's authoritarian leader Viktor Orban wins fourth term in general election,2022-04-03 21:38:01,France 24 - Europe,https://www.france24.com/en/europe/20220403-hungary-pm-orban-wins-fourth-term-in-vote-overshadowed-by-ukraine-war
art_c204ceebcda5d43794baa88d29da0145,Serbians vote in polls overshadowed by war in Ukraine,2022-04-03 19:22:31,France 24 - Europe,https://www.france24.com/en/europe/20220403-serbians-vote-in-polls-overshadowed-by-war-in-ukraine
art_b0e95a36d0faa57976392de30922c6b8,"Slideshow: Death, destruction in wake of Russian troop withdrawal from northern Ukraine",2022-04-03 16:15:58,France 24 - Europe,https://www.france24.com/en/europe/20220403-slideshow-death-destruction-in-wake-of-russian-troop-withdrawal-from-northern-ukraine
art_c92a4232e25fd9597a893911fffa3380,"Macron seeks to fire up voters, coax leftists onside amid far-right challenge",2022-04-03 15:56:52,France 24 - Europe,https://www.france24.com/en/europe/20220403-macron-seeks-to-fire-up-voters-coax-leftists-onside-amid-far-right-challenge
art_da616edd59df7d7568e7f16be0170794,Hungarians flock to polls in vote overshadowed by Ukraine war as Orban seeks new term,2022-04-03 13:21:03,France 24 - Europe,https://www.france24.com/en/europe/20220403-hungarians-flock-to-polls-in-key-vote-overshadowed-by-ukraine-war-as-orban-seeks-new-term
art_8a57d2d8a554d7ba2bb0f6201ef1da62,Live: Zelensky slams ‘torture of whole nation’ as Bucha killings spark outrage,2022-04-03 05:56:27,France 24 - Europe,https://www.france24.com/en/europe/20220403-live-air-strikes-hit-ukraine-s-black-sea-port-of-odesa-says-official
art_f2ebd9a77f056301fcf31d4b68b4b6d2,Macron warns of dangers of extremism at election rally as French polls tighten,2022-04-02 18:37:01,France 24 - Europe,https://www.france24.com/en/france/20220402-macron-warns-of-dangers-of-extremism-at-election-rally-as-french-polls-tighten
art_9a9f27426bff628a9b59a46ffd2d6431,Russian 'war crimes' in Ukraine's Bucha spark global outrage,2022-04-04 17:15:56,France 24 - Europe,https://www.france24.com/en/europe/20220404-russian-war-crimes-in-ukraine-spark-global-outrage
art_b5f7fac6f99f61cd7cc777fe2cdd3751,Ukrainian soldiers find 'trail of horror' after retaking Bucha district,2022-04-04 06:14:33,France 24 - Europe,https://www.france24.com/en/europe/20220404-ukrainian-soldiers-find-trail-of-horror-after-retaking-bucha-district
art_57c76bd5ba3f212287a4883f7eafb26e,Supporters of murdered Corsican nationalist Colonna clash with police in fresh protests,2022-04-04 05:45:12,France 24 - Europe,https://www.france24.com/en/europe/20220404-supporters-of-murdered-corsican-nationalist-colonna-clash-with-police-in-fresh-protests
art_71bc3b53afe81c583e84d7c1c4d33f1f,Live: France to expel 35 Russian diplomats after Moscow's invasion of Ukraine,2022-04-04 04:59:27,France 24 - Europe,https://www.france24.com/en/europe/20220404-live-russia-denies-allegations-seeks-un-security-council-meet-on-bucha
art_2a6c7ee827cda2bffb35c4560ccc55b8,Who controls Mariupol? Propaganda war escalates in besieged Ukrainian city,2022-04-01 21:16:17,France 24 - Europe,https://www.france24.com/en/tv-shows/truth-or-fake/20220401-who-controls-mariupol-propaganda-war-escalates-besieged-city
art_29a002cb63adb0aca7001fa149b92123,"Bosnian War: Looking back at the long siege of Sarajevo, 30 years on",2022-04-06 15:17:34,France 24 - Europe,https://www.france24.com/en/tv-shows/focus/20220406-bosnian-war-looking-back-at-the-long-siege-of-sarajevo-30-years-on
art_cf4e8569eb287aa001377f31b1ed312b,EU threatens Malta with legal action over 'golden passports',2022-04-06 13:33:31,France 24 - Europe,https://www.france24.com/en/europe/20220406-eu-threatens-malta-with-legal-action-over-golden-passports
art_574f7023a9a16afe75cd9859f2b7a045,French priest renowned for uncovering massacres warns of ‘Buchas everywhere’,2022-04-06 13:31:01,France 24 - Europe,https://www.france24.com/en/europe/20220406-french-priest-renowned-for-uncovering-massacres-warns-of-buchas-everywhere
art_b6797d92cef3489664e705ed3fc98f0c,Russian nationalist leader Vladimir Zhirinovsky dies at 75,2022-04-06 12:16:00,France 24 - Europe,https://www.france24.com/en/europe/20220406-russian-nationalist-leader-vladimir-zhirinovsky-dies-at-75
art_b5df4dfad236befb9c18c15e904412c2,'Putin will be gone soon': Exiled Russian dissident Ilya Ponomarev,2022-04-06 11:43:29,France 24 - Europe,https://www.france24.com/en/tv-shows/the-interview/20220406-putin-will-be-gone-soon-exiled-russian-dissident-ilya-ponomarev
art_c65586a70c93933af133868175967d68,Alleged war crimes in Ukraine: 'This is the moment of truth for international justice',2022-04-06 10:55:17,France 24 - Europe,https://www.france24.com/en/tv-shows/perspective/20220406-alleged-war-crimes-in-ukraine-this-is-the-moment-of-truth-for-international-justice
art_c79ca9b68ed0c2e69efe614020e8c01b,"Live: US announces fresh Russia sanctions targeting Putin’s daughters, top banks",2022-04-06 04:44:18,France 24 - Europe,https://www.france24.com/en/europe/20220406-live-the-us-and-the-eu-are-set-to-impose-more-sanctions-on-russia-over-ukraine
art_25024395a07f0aba00f5b9ffc95d9d92,Debunking Russian claims that attack on Mariupol maternity hospital was staged,2022-04-05 21:06:58,France 24 - Europe,https://www.france24.com/en/tv-shows/truth-or-fake/20220405-debunking-russian-claims-attack-mariupol-maternity-hospital-staged
art_69551506f3717a4e95d7021283d61f96,‘Wrong about Putin’: Did Germany and France turn blind eye to threat from Russia?,2022-04-05 20:02:10,France 24 - Europe,https://www.france24.com/en/europe/20220405-wrong-about-putin-did-germany-and-france-turn-blind-eye-to-threat-from-russia
art_c58bbe6d04f6ebed20a6aab3f8012824,Top EU body launches procedure to strip Hungary of funding over corruption,2022-04-05 18:14:57,France 24 - Europe,https://www.france24.com/en/europe/20220405-top-eu-body-launches-procedure-to-strip-hungary-of-funding-over-corruption
art_23e253556609d6710d632b0af718229f,Can Moscow ignore the outrage? Russia rejects mounting evidence of Ukraine war crimes,2022-04-05 18:09:26,France 24 - Europe,https://www.france24.com/en/tv-shows/the-debate/20220405-can-moscow-ignore-the-outrage-russia-rejects-mounting-evidence-of-ukraine-war-crimes
art_9b18ea4783811b213c8aa3021e05a80e,France's Mélenchon looks to magic up more leftist votes with hologram campaign rallies,2022-04-05 14:21:20,France 24 - Europe,https://www.france24.com/en/europe/20220405-france-s-m%C3%A9lenchon-looks-to-magic-up-more-leftist-votes-with-hologram-campaign-rallies
art_a6e56f85a996f4bbfc70c9b3c7c8be3c,From Ukraine with love: Newlyweds defy Russian bombs in Kharkiv,2022-04-05 12:17:21,France 24 - Europe,https://www.france24.com/en/europe/20220405-from-ukraine-with-love-newlyweds-defy-russian-bombs-in-kharkiv
art_16cf3ed82575b7d901b57067ac083412,EU allies expel more than 200 Russian diplomats and staff amid outrage over Bucha killings,2022-04-05 11:33:37,France 24 - Europe,https://www.france24.com/en/europe/20220405-eu-allies-expel-more-russian-diplomats-amid-outrage-over-bucha-killings
art_1008e3f97b11ca2c3d53993e9ecd2018,"EU, US plan fresh Russia sanctions over Bucha massacre",2022-04-05 05:36:06,France 24 - Europe,https://www.france24.com/en/europe/20220405-eu-us-plan-fresh-russia-sanctions-over-bucha-massacre
art_920373c835f18a1671e65af858f962c8,How to link war in Ukraine to football and the Oscars slap,2022-04-01 02:05:00,Politico Europe,https://www.politico.eu/article/how-to-link-war-in-ukraine-to-football-and-the-oscars-slap/?utm_source=RSS_Feed&utm_medium=RSS&utm_campaign=RSS_Syndication
art_07e2b9064edea0cf992aad17c8c2f410,‘Our man in Kyiv’: How war has flipped diplomats’ day job,2022-04-01 02:02:00,Politico Europe,https://www.politico.eu/article/last-remaining-european-ambassador-hold-eu-fort-ukraine/?utm_source=RSS_Feed&utm_medium=RSS&utm_campaign=RSS_Syndication
art_c743197854f3eaacd75d20c7c026ed5f,"For Ukraine, Greece erects migration system not always offered to others",2022-04-01 02:01:00,Politico Europe,https://www.politico.eu/article/ukraine-greece-migration-system-not-offered-others/?utm_source=RSS_Feed&utm_medium=RSS&utm_campaign=RSS_Syndication
art_d8df29050779d14f6297a4f4c76289c5,Hungarian opposition’s ‘forced marriage’ to unseat Viktor Orbán,2022-04-01 02:00:00,Politico Europe,https://www.politico.eu/article/hungary-campaign-viktor-orban-parliamentary-elections/?utm_source=RSS_Feed&utm_medium=RSS&utm_campaign=RSS_Syndication
art_955eccb0873ecd621bf5f3599a81fd26,European Parliament President Roberta Metsola to visit Kyiv,2022-03-31 22:55:50,Politico Europe,https://www.politico.eu/article/european-parliament-president-roberta-metsola-to-visit-kyiv/?utm_source=RSS_Feed&utm_medium=RSS&utm_campaign=RSS_Syndication
art_73a1042a6a118a879ab3cdb68809ff9a,‘McKinseygate’ dogs Macron’s reelection campaign,2022-03-31 19:15:53,Politico Europe,https://www.politico.eu/article/mckinsey-gate-emmanuel-macron-campaign-france/?utm_source=RSS_Feed&utm_medium=RSS&utm_campaign=RSS_Syndication
art_0bd6f813ff9738a22f2a66d4a1ecff96,Putin balks over rubles-for-gas threat,2022-03-31 16:23:10,Politico Europe,https://www.politico.eu/article/putin-balks-over-rubles-for-gas-threat/?utm_source=RSS_Feed&utm_medium=RSS&utm_campaign=RSS_Syndication
art_691dc2fffc91643fdb93f4dea3d9258d,"EU countries should set up Ukrainian cash conversion scheme, Commission suggests",2022-03-31 15:03:21,Politico Europe,https://www.politico.eu/article/eu-countries-should-set-up-ukrainian-cash-conversion-scheme-commission-suggests/?utm_source=RSS_Feed&utm_medium=RSS&utm_campaign=RSS_Syndication
art_e9b72586a90203f5d864c08d5b1a1948,Zelenskyy to Belgium: Value peace over Russian diamonds,2022-03-31 14:33:06,Politico Europe,https://www.politico.eu/article/zelenskyy-to-belgium-value-peace-over-russian-diamonds/?utm_source=RSS_Feed&utm_medium=RSS&utm_campaign=RSS_Syndication
art_93bea305a7d7dfcb0844a0b7a0aa2e4e,Brussels after Biden — Hungarian election — World Food Programme boss,2022-03-31 13:19:30,Politico Europe,https://www.politico.eu/podcast/brussels-after-biden-hungarian-election-world-food-programme-boss/?utm_source=RSS_Feed&utm_medium=RSS&utm_campaign=RSS_Syndication
art_bf3dfd0c8a9ff1302270764ce90448da,"‘We will help you rebuild your cities,’ European Parliament president tells Ukrainians",2022-04-01 18:17:17,Politico Europe,https://www.politico.eu/article/roberta-metsola-european-parliament-president-ukraine-war-kyiv-ruslan-stefanchuk-denys-shmyhal-russia/?utm_source=RSS_Feed&utm_medium=RSS&utm_campaign=RSS_Syndication
art_e40879c12076bbd865753d0b36988a83,"Now is not the time for change, says Orbán in final election rally",2022-04-01 17:57:41,Politico Europe,https://www.politico.eu/article/prime-minister-viktor-orban-hungary-parliament-election-2022-campaign-rally/?utm_source=RSS_Feed&utm_medium=RSS&utm_campaign=RSS_Syndication
art_6fcd612480aab93378752425c52e8e4a,Germany works to cut Russian control of critical energy facilities,2022-04-01 17:07:06,Politico Europe,https://www.politico.eu/article/germany-seeks-to-cut-away-russian-tentacles-in-energy-infrastructure/?utm_source=RSS_Feed&utm_medium=RSS&utm_campaign=RSS_Syndication
art_7b506dabf96b91d2c3bd0f5676781d58,EU warns China not to help Putin bust sanctions,2022-04-01 16:57:57,Politico Europe,https://www.politico.eu/article/eu-china-xi-jinping-russia-president-vladimir-putin-sanctions-ukraine-war/?utm_source=RSS_Feed&utm_medium=RSS&utm_campaign=RSS_Syndication
art_3033e4962ceb06d163a43fe48fbea26e,Kremlin blasts back at French actor Gérard Depardieu over Putin criticism,2022-04-01 12:39:30,Politico Europe,https://www.politico.eu/article/kremlin-hits-back-at-gerard-depardieus-crazy-excesses-comments/?utm_source=RSS_Feed&utm_medium=RSS&utm_campaign=RSS_Syndication
art_eca80a96425f142b9dc31bde10575aae,Borrell hits back after Russia bans top EU officials from entry,2022-04-01 09:41:11,Politico Europe,https://www.politico.eu/article/borrell-deplores-russias-decision-to-ban-eu-officials-from-entry/?utm_source=RSS_Feed&utm_medium=RSS&utm_campaign=RSS_Syndication
art_749c28200e3d4555638bf89116cbd2ae,Eurozone inflation soars to record 7.5 percent in March,2022-04-01 09:18:13,Politico Europe,https://www.politico.eu/article/eurozone-inflation-soars-to-record-7-5-percent-in-march/?utm_source=RSS_Feed&utm_medium=RSS&utm_campaign=RSS_Syndication
art_f29337f8097c09a8c966681774c368fd,Russia threatens to limit agri-food supplies only to ‘friendly’ countries,2022-04-01 08:47:11,Politico Europe,https://www.politico.eu/article/russias-former-president-medvedev-warns-agricultural-supplies-restricted-to-friendly-countries/?utm_source=RSS_Feed&utm_medium=RSS&utm_campaign=RSS_Syndication
art_330380d2c734e071d821594567fd5550,5 things you won’t hear at the EU-China ‘April Fool’s Day’ summit,2022-04-01 07:46:06,Politico Europe,https://www.politico.eu/article/5-things-you-wont-hear-at-the-eu-china-april-fools-day-summit/?utm_source=RSS_Feed&utm_medium=RSS&utm_campaign=RSS_Syndication
art_96607f5834279e8c21617b5d7dc449f0,UK ministers quietly approve Chinese microchip factory takeover,2022-04-01 02:09:00,Politico Europe,https://www.politico.eu/article/uk-minister-quietly-approve-chinese-microchip-factory-takeover/?utm_source=RSS_Feed&utm_medium=RSS&utm_campaign=RSS_Syndication
art_176585495ab9bab87073acba47cc2bb0,Pope lashes out at ‘potentate’ Putin over ‘anachronistic claims’ on Ukraine,2022-04-02 13:47:00,Politico Europe,https://www.politico.eu/article/pope-lashes-out-at-potentate-putin-over-anachronistic-claims-on-ukraine/?utm_source=RSS_Feed&utm_medium=RSS&utm_campaign=RSS_Syndication
art_6cc8ef49482c15f0309b078690a3f98f,Britain’s top police officer Cressida Dick to leave the Met on April 10,2022-04-02 11:38:58,Politico Europe,https://www.politico.eu/article/britains-top-police-leave-office/?utm_source=RSS_Feed&utm_medium=RSS&utm_campaign=RSS_Syndication
art_155ecca4c91ff6edb518d2c77431bc4c,US will reportedly help Ukraine by sending Soviet-made tanks,2022-04-02 09:20:30,Politico Europe,https://www.politico.eu/article/ukraine-us-help-soviet-tanks-russia-war/?utm_source=RSS_Feed&utm_medium=RSS&utm_campaign=RSS_Syndication
art_09e08a93c228e115b4a70119d3251bac,England expands COVID-19 jabs to healthy children aged 5 and up,2022-04-02 03:00:00,Politico Europe,https://www.politico.eu/article/england-covid-19-coronavirus-vaccine-children-age-5/?utm_source=RSS_Feed&utm_medium=RSS&utm_campaign=RSS_Syndication
art_65f87c8ec732dd95dce531541334c0d1,World’s cartoonists on this week’s events,2022-04-02 02:04:00,Politico Europe,https://www.politico.eu/article/worlds-cartoonists-on-this-weeks-events-46/?utm_source=RSS_Feed&utm_medium=RSS&utm_campaign=RSS_Syndication
art_7c7d2aeefc7bd3a058109d03b7e33c23,The end of the Budapest–Warsaw axis,2022-04-02 02:02:00,Politico Europe,https://www.politico.eu/article/hungary-poland-axis-diplomacy-ukraine-russia-war-vikto0r-orban-fidesz-pis-visegrad-group/?utm_source=RSS_Feed&utm_medium=RSS&utm_campaign=RSS_Syndication
art_b869de8861f0905b2887b80efe01e5e4,The art of war: Russian exhibition in Paris faces uncertain future,2022-04-02 02:00:00,Politico Europe,https://www.politico.eu/article/russia-morozov-collection-exhibition-paris-ukraine-war-france-emmanuel-macron-vladimir-putin-oligarchs/?utm_source=RSS_Feed&utm_medium=RSS&utm_campaign=RSS_Syndication
art_d0d9361961a50784e1cfdac3661ec4b1,Hungarian PM Orbán set for fourth straight term with big election win,2022-04-03 20:58:32,Politico Europe,https://www.politico.eu/article/hungarian-pm-orban-set-to-clinch-fourth-straight-term-with-big-election-win/?utm_source=RSS_Feed&utm_medium=RSS&utm_campaign=RSS_Syndication
art_8fde0183e9b55a027bbd7cd933750472,Romania to issue iodine tablets as Russian war continues in neighboring Ukraine,2022-04-03 15:37:58,Politico Europe,https://www.politico.eu/article/romania-to-issue-iodine-tablets-as-russian-aggression-continues-in-bordering-ukraine/?utm_source=RSS_Feed&utm_medium=RSS&utm_campaign=RSS_Syndication
art_a59346e9a161abc5a5b69db7a0d29477,"Ukraine winning in the North but war isn’t won yet, US official says",2022-04-03 15:28:19,Politico Europe,https://www.politico.com/news/2022/04/03/ukraine-russia-war-klain-00022565?utm_source=RSS_Feed&utm_medium=RSS&utm_campaign=RSS_Syndication
art_7c61fcac2fb8b5d377cf4d53b3b7fce1,"Blinken, Stoltenberg hold back on labeling Russia’s actions ‘genocide’",2022-04-03 15:24:21,Politico Europe,https://www.politico.com/news/2022/04/03/blinken-stoltenberg-russia-genocide-00022567?utm_source=RSS_Feed&utm_medium=RSS&utm_campaign=RSS_Syndication
art_84d422d4a5e56512017702720e59fcab,Ukraine drain: US aims to hold West together as war slogs on,2022-04-03 14:41:03,Politico Europe,https://www.politico.com/news/2022/04/03/ukraine-u-s-west-war-biden-putin-00022545?utm_source=RSS_Feed&utm_medium=RSS&utm_campaign=RSS_Syndication
art_5b8d9dba82b2fdeae4aecda62515af7b,Poland’s Kaczyński criticizes Germany’s refusal to cut energy ties with Russia,2022-04-03 12:57:46,Politico Europe,https://www.politico.eu/article/polands-kaczynski-criticizes-germany-energy-russia/?utm_source=RSS_Feed&utm_medium=RSS&utm_campaign=RSS_Syndication
art_2d81ba1e8d1220442dbc9fcb55465bf5,EU warns of tougher sanctions after reports of civilian executions in Russia-held Ukrainian towns,2022-04-03 11:25:09,Politico Europe,https://www.politico.eu/article/ukraine-russia-civilian-executions-war-massacre/?utm_source=RSS_Feed&utm_medium=RSS&utm_campaign=RSS_Syndication
art_a67c3840926f29a7067d586ea0b5ab25,"For Serbia’s Vučić, the big challenge comes after election day",2022-04-03 05:32:41,Politico Europe,https://www.politico.eu/article/serbia-election-2022-president-aleksandar-vucic-russia-ukraine-war/?utm_source=RSS_Feed&utm_medium=RSS&utm_campaign=RSS_Syndication
art_2d1fcfe28d7d1d071df2e7bbc54251dc,"Peace, putsch or European Syria: 3 endgames for Ukraine",2022-04-03 05:32:00,Politico Europe,https://www.politico.eu/article/peace-putsch-europe-syria-refugees-ukraine-russia/?utm_source=RSS_Feed&utm_medium=RSS&utm_campaign=RSS_Syndication
art_e9e232a34b22deef4e458b2da005f71b,125 salmonella cases linked to Ferrero chocolate factory in Belgium,2022-04-04 19:10:53,Politico Europe,https://www.politico.eu/article/125-salmonella-cases-ferrero-factory-belgium/?utm_source=RSS_Feed&utm_medium=RSS&utm_campaign=RSS_Syndication
art_17de8906cec749da5838253d0711952b,"Germany, France to expel Russian envoys after reports of atrocities in Ukraine",2022-04-04 18:55:20,Politico Europe,https://www.politico.eu/article/germany-expel-russia-diplomat-work-everyday-against-freedom/?utm_source=RSS_Feed&utm_medium=RSS&utm_campaign=RSS_Syndication
art_04ba71798206cd2fba7b425d47394e45,EU weighs ban on Russian oil over war crimes as pressure builds on Berlin,2022-04-04 18:38:53,Politico Europe,https://www.politico.eu/article/pressure-mounts-on-berlin-to-block-russian-oil/?utm_source=RSS_Feed&utm_medium=RSS&utm_campaign=RSS_Syndication
art_63b04da69ef0f0c2d54e4cf677144818,UN report: Rethink cities to combat climate crisis,2022-04-04 17:48:41,Politico Europe,https://www.politico.eu/article/city-rethink-need-combat-climate-crisis-ipcc/?utm_source=RSS_Feed&utm_medium=RSS&utm_campaign=RSS_Syndication
art_44ad686598e59f8d91359d304324b01e,"In a twist, the Netherlands and Spain partner up on fiscal rules",2022-04-04 17:43:31,Politico Europe,https://www.politico.eu/article/unlikely-spain-netherlands-duo-fiscal-rules/?utm_source=RSS_Feed&utm_medium=RSS&utm_campaign=RSS_Syndication
art_e7636749c4dd4ba51ecd2d1c0f2fdc5e,"Hungarian election wasn’t a fair fight, observers say",2022-04-04 17:08:07,Politico Europe,https://www.politico.eu/article/hungary-election-level-playing-field-fair-observer/?utm_source=RSS_Feed&utm_medium=RSS&utm_campaign=RSS_Syndication
art_d5ee7eac5225f9641537e1286451bf89,Germany puts Gazprom subsidiary temporarily under state control,2022-04-04 15:56:26,Politico Europe,https://www.politico.eu/article/germany-puts-gazprom-subsidiary-temporarily-under-state-control/?utm_source=RSS_Feed&utm_medium=RSS&utm_campaign=RSS_Syndication
art_70d389299de42443f51a745aef031fde,‘Heinous.’ Von der Leyen backs Russia war crimes probe,2022-04-04 15:49:30,Politico Europe,https://www.politico.eu/article/ursula-von-der-leyen-call-ukraine-war-crime-probe/?utm_source=RSS_Feed&utm_medium=RSS&utm_campaign=RSS_Syndication
art_5ba0976d01c598de7241b19208747c5a,5 takeaways from UN report on how world can still stop climate change,2022-04-04 15:26:50,Politico Europe,https://www.politico.eu/article/five-takeaways-un-report-how-stop-climate-change/?utm_source=RSS_Feed&utm_medium=RSS&utm_campaign=RSS_Syndication
art_921e718fca985de43f2158520f88d8b1,"‘Mistake’ not to object to Nord Stream 2, says German president",2022-04-04 15:03:17,Politico Europe,https://www.politico.eu/article/german-president-admits-having-been-mistaken-on-nord-stream-2/?utm_source=RSS_Feed&utm_medium=RSS&utm_campaign=RSS_Syndication
art_229dafddc2e6e1e6eb266a30efb08b69,Close Macron aide Alexis Kohler investigated over conflict of interest,2022-10-04 13:01:58,BBC Europe,https://www.bbc.co.uk/news/world-europe-63132267?at_medium=RSS&at_campaign=KARANGA
art_67b2b8b84c9ac07ef7adb1ff8594bd62,EU Parliament approves common charging cable from 2024,2022-10-04 13:01:58,BBC Europe,https://www.bbc.co.uk/news/technology-63132831?at_medium=RSS&at_campaign=KARANGA
art_3f78387365e0a67a057f23c8c66e579d,Danish Royal Family: Queen 'sorry' after stripping grandchildren's titles,2022-10-03 21:27:29,BBC Europe,https://www.bbc.co.uk/news/world-europe-63120481?at_medium=RSS&at_campaign=KARANGA
art_f55bf14e55fff77a2b191180d63591b7,Zelensky and Musk in row over Ukraine 'peace plan poll',2022-10-04 14:00:38,BBC Europe,https://www.bbc.co.uk/news/business-63126550?at_medium=RSS&at_campaign=KARANGA
art_c5188babe719817fff9cc401ef346a1f,Ramzan Kadyrov: Chechen leader vows to send teenage sons to front line,2022-10-03 16:28:15,BBC Europe,https://www.bbc.co.uk/news/world-europe-63118050?at_medium=RSS&at_campaign=KARANGA
art_454176df182016f11c4320f244b95418,What Russian annexation means for Ukraine's regions,2022-09-30 14:40:22,BBC Europe,https://www.bbc.co.uk/news/world-europe-63086767?at_medium=RSS&at_campaign=KARANGA
art_a002f8c4e93037fed652a72e07faba1b,Finland wants to transform how we make clothes,2022-09-29 23:16:59,BBC Europe,https://www.bbc.co.uk/news/business-62806565?at_medium=RSS&at_campaign=KARANGA
art_a5e9d7b34410c4959b62e2f0623b326e,Ukraine war: Could Russia use tactical nuclear weapons?,2022-09-25 00:30:42,BBC Europe,https://www.bbc.co.uk/news/world-60664169?at_medium=RSS&at_campaign=KARANGA
art_224e0a1ae706270aa34e8f6444d09a37,Svetlana Tikhanovskaya tells UK Labour Party conference: Together we will win,2022-09-28 12:58:03,BBC Europe,https://www.bbc.co.uk/news/uk-politics-63064747?at_medium=RSS&at_campaign=KARANGA
art_875b869e21c11687fac426d14888fa3b,Ukraine war: Kyiv water supply restored but blackouts remain,2022-11-01 20:41:27,BBC Europe,https://www.bbc.co.uk/news/world-europe-63478704?at_medium=RSS&at_campaign=KARANGA
art_8b950f3dfe42edcc3b6aff99892152bd,Denmark election: Centre-left bloc comes out on top,2022-11-02 05:38:47,BBC Europe,https://www.bbc.co.uk/news/world-europe-63481675?at_medium=RSS&at_campaign=KARANGA
art_2ce91b8bbb5a75b7ecfb1a4941966771,Italy's right-wing government to criminalise raves,2022-11-01 09:44:12,BBC Europe,https://www.bbc.co.uk/news/world-europe-63468598?at_medium=RSS&at_campaign=KARANGA
art_8cede8f0c66942f4a94c202fcd45439a,Number-plate crackdown raises tensions in Kosovo,2022-11-01 16:48:57,BBC Europe,https://www.bbc.co.uk/news/world-europe-63471041?at_medium=RSS&at_campaign=KARANGA
art_da34bf2daddafe8969e28a0f9a6d2db7,Ukraine war: Tales of endurance and hardship as winter looms,2022-11-01 00:02:05,BBC Europe,https://www.bbc.co.uk/news/world-europe-63446508?at_medium=RSS&at_campaign=KARANGA
art_9fa6a73749415e894dd934f7f03e184f,New EU law could open up messaging and app buying,2022-11-01 04:15:15,BBC Europe,https://www.bbc.co.uk/news/technology-63458377?at_medium=RSS&at_campaign=KARANGA
art_9393f3e731ba266746a185de7f1cb00a,The Ukrainian jet pilots hunting cruise missiles,2022-11-02 00:00:03,BBC Europe,https://www.bbc.co.uk/news/world-europe-63465297?at_medium=RSS&at_campaign=KARANGA
art_258e7c866e26645ad7a82dbb4c4a846d,Ukraine war: Russia's uncertain future a product of its past,2022-11-02 05:32:30,BBC Europe,https://www.bbc.co.uk/news/world-europe-63471505?at_medium=RSS&at_campaign=KARANGA
art_00c450040f726285b0e7d0137c72de4b,Ukraine round-up: UK helps Ukraine in cyber war and Russian banker defies Putin,2022-11-01 20:10:46,BBC Europe,https://www.bbc.co.uk/news/world-europe-63477744?at_medium=RSS&at_campaign=KARANGA
art_9ddd4d2ea6056c074c23a92c1a64317d,Ukraine war: Grain deal continues despite Russia pull-out,2022-11-01 16:28:45,BBC Europe,https://www.bbc.co.uk/news/world-europe-63467042?at_medium=RSS&at_campaign=KARANGA
art_828a84eeb0961c383c613c3c9cd152e0,Banker Oleg Tinkov renounces Russian citizenship over Ukraine,2022-11-01 13:51:09,BBC Europe,https://www.bbc.co.uk/news/world-europe-63466138?at_medium=RSS&at_campaign=KARANGA
art_302d131adcf28594b733e540dd8cb96b,Ukraine war: Kyiv locals queue for water after Russian strikes,2022-10-31 23:39:08,BBC Europe,https://www.bbc.co.uk/news/world-europe-63463697?at_medium=RSS&at_campaign=KARANGA
art_7e2a0315ef1f1802a3691af56088e53c,Ukraine war: Kyiv set for longer power cuts after air strikes,2022-10-29 08:38:06,BBC Europe,https://www.bbc.co.uk/news/world-europe-63435586?at_medium=RSS&at_campaign=KARANGA
art_9cfd115f2f4bd06e989c852ece596428,How pop band A-ha inspired Norway's electric car revolution,2022-11-02 06:18:34,BBC Europe,https://www.bbc.co.uk/news/uk-scotland-63375504?at_medium=RSS&at_campaign=KARANGA
art_82d5b5eeaf5997300e4bba53a052646f,Mink cull and TV drama: Five things to watch in Danish election,2022-11-01 13:09:45,BBC Europe,https://www.bbc.co.uk/news/world-europe-63468599?at_medium=RSS&at_campaign=KARANGA
art_a4ed92bc1b183b970cebad4a85891d5f,Meet the designers with learning disabilities,2022-10-29 22:52:16,BBC Europe,https://www.bbc.co.uk/news/stories-63412071?at_medium=RSS&at_campaign=KARANGA
art_edf6c5033ed67f3194daf9d49081ac4d,Bilbao's Guggenheim Museum celebrates its 25th anniversary,2022-10-31 01:09:31,BBC Europe,https://www.bbc.co.uk/news/world-europe-63426939?at_medium=RSS&at_campaign=KARANGA
art_2f9217e5b440858a64f9daea35d2aa93,Inside a US military cyber team’s defence of Ukraine,2022-10-30 00:59:53,BBC Europe,https://www.bbc.co.uk/news/uk-63328398?at_medium=RSS&at_campaign=KARANGA
art_671817facccaf8c51638d0fbb4bd100e,Ros Atkins on... Brexit and the UK economy,2022-10-29 01:05:49,BBC Europe,https://www.bbc.co.uk/news/uk-63426412?at_medium=RSS&at_campaign=KARANGA
art_feeecd2712833b8037784ba16f1a4ab1,Putin pins Ukraine hopes on winter and divisive US politics,2022-10-28 23:26:43,BBC Europe,https://www.bbc.co.uk/news/world-europe-63414324?at_medium=RSS&at_campaign=KARANGA
art_4b834bdee6258e53c0264924e07515d9,The crash dummy aimed at protecting women drivers,2022-10-28 11:47:44,BBC Europe,https://www.bbc.co.uk/news/technology-62877930?at_medium=RSS&at_campaign=KARANGA
art_ef24a4490ad03160f965505514bde29e,Macron-Scholz: Difficult Paris summit for German chancellor,2022-10-26 14:38:24,BBC Europe,https://www.bbc.co.uk/news/world-europe-63389717?at_medium=RSS&at_campaign=KARANGA
art_ee0c85659e4153821a96664a86cb97fd,Russia accused of sabotaging Ukraine water pipe to Mykolaiv,2022-10-25 06:06:09,BBC Europe,https://www.bbc.co.uk/news/world-europe-63383605?at_medium=RSS&at_campaign=KARANGA
art_adea8068a85aa6cd57e2824acd2a03d9,Ukraine war: Kyiv locals seen queuing for water,2022-10-31 18:29:51,BBC Europe,https://www.bbc.co.uk/news/world-europe-63464732?at_medium=RSS&at_campaign=KARANGA
art_767b4d50f53cb1758b3900f77298f711,Switzerland sets record with world's longest passenger train,2022-10-30 19:23:02,BBC Europe,https://www.bbc.co.uk/news/world-europe-63442530?at_medium=RSS&at_campaign=KARANGA
art_e20e55a9c35609a2bd66bb97e63c708d,Poland demolishes Soviet-era monuments,2022-10-27 13:13:08,BBC Europe,https://www.bbc.co.uk/news/world-europe-63414842?at_medium=RSS&at_campaign=KARANGA
art_d50482f796deee6ce153096b4fb4dd78,How the first report from Belsen concentration camp shocked the world,2022-10-23 00:00:24,BBC Europe,https://www.bbc.co.uk/news/stories-63317358?at_medium=RSS&at_campaign=KARANGA
art_724593b1e4a6294ce377b62926771c6b,Doctor's funeral in Kyiv brings home pain of Russian missile attacks,2022-10-19 08:41:18,BBC Europe,https://www.bbc.co.uk/news/world-europe-63288127?at_medium=RSS&at_campaign=KARANGA
art_1bb6f0847ea683502d3e521872348efd,Russia-Ukraine war: At the front line of Ukraine's struggle for Kherson,2022-11-04 12:45:42,BBC Europe,https://www.bbc.co.uk/news/world-europe-63489081?at_medium=RSS&at_campaign=KARANGA
art_51de2b6fdd11bf52f011d4d68d62efec,French far-right MP De Fournas suspended for shouting 'Back to Africa',2022-11-04 16:28:53,BBC Europe,https://www.bbc.co.uk/news/world-asia-63507371?at_medium=RSS&at_campaign=KARANGA
art_3584cb819fc5cae4946f5d628a78b092,Channel crossings: Albanian migrants recruited to the UK by gangs,2022-11-04 11:35:32,BBC Europe,https://www.bbc.co.uk/news/world-europe-63488070?at_medium=RSS&at_campaign=KARANGA
art_0aedbdfe589e18d91f61e1562f17d55c,Sanna Marin: Partying Finnish PM cleared of neglecting duties,2022-11-04 16:05:32,BBC Europe,https://www.bbc.co.uk/news/world-europe-63517303?at_medium=RSS&at_campaign=KARANGA
art_430bf5de84a334d739ec906bb19178de,Berlin climate protesters condemned after death of cyclist,2022-11-04 15:05:47,BBC Europe,https://www.bbc.co.uk/news/world-europe-63517102?at_medium=RSS&at_campaign=KARANGA
art_5057a55056d6b5071b4f35babd55790b,Spain briefly closes airspace over risks from Chinese rocket debris,2022-11-04 17:25:19,BBC Europe,https://www.bbc.co.uk/news/world-europe-63513070?at_medium=RSS&at_campaign=KARANGA
art_7261dd08dae8c267687dc49b746006cc,David Icke: Conspiracy theorist banned from Netherlands,2022-11-04 11:32:36,BBC Europe,https://www.bbc.co.uk/news/world-europe-63511142?at_medium=RSS&at_campaign=KARANGA
art_3e46ec314fabf54e9f03cf555e1f0f43,Scholz asks China to press Russia to end its war,2022-11-04 14:03:34,BBC Europe,https://www.bbc.co.uk/news/world-europe-63496195?at_medium=RSS&at_campaign=KARANGA
art_4935d8c15f0ff518ef5c951be3bd53ce,Why we know so little about the battle for Kherson,2022-11-03 23:53:43,BBC Europe,https://www.bbc.co.uk/news/world-europe-63507401?at_medium=RSS&at_campaign=KARANGA
art_3fee25a3b25f3ca5e2b4699a0e776082,Ukraine war: Zelensky accuses Russia of 'energy terrorism',2022-11-04 01:51:13,BBC Europe,https://www.bbc.co.uk/news/world-europe-63508836?at_medium=RSS&at_campaign=KARANGA
art_2293cd1ed69f4ad0e39920de68f9d0d5,Ukraine war: Kyiv residents adapting to night-time power cuts,2022-11-03 20:33:50,BBC Europe,https://www.bbc.co.uk/news/world-europe-63505135?at_medium=RSS&at_campaign=KARANGA
art_48da597dd0f49b8cffdd09b10b6b9151,Russian U-turn allows grain deal to resume,2022-11-02 15:02:11,BBC Europe,https://www.bbc.co.uk/news/world-europe-63483133?at_medium=RSS&at_campaign=KARANGA
art_26a11c948387fe32d8509f12b019bf4c,"Russian commanders discussed using nuclear arms in Ukraine, says US",2022-11-02 19:10:18,BBC Europe,https://www.bbc.co.uk/news/world-europe-63488547?at_medium=RSS&at_campaign=KARANGA
art_64fa9fabc9ebe4e84c7449b3661fda05,Champions League: The 30 years of change shaping Europe's biggest prize,2022-11-02 00:00:14,BBC Europe,https://www.bbc.co.uk/sport/football/63456291?at_medium=RSS&at_campaign=KARANGA
art_3054fe346e94d76caf0ca753b3798beb,"'My dad, the claw hair clip inventor'",2022-11-02 07:05:05,BBC Europe,https://www.bbc.co.uk/news/world-africa-63401869?at_medium=RSS&at_campaign=KARANGA
art_6b86d7834c690cae923dd7ad454b47a7,How much grain has been shipped from Ukraine?,2022-11-03 09:44:40,BBC Europe,https://www.bbc.co.uk/news/world-61759692?at_medium=RSS&at_campaign=KARANGA
art_a6ad067ce634884a4bf86124cc52d9a5,Albanian PM Edi Rama in full: UK using migrants as scapegoats,2022-11-03 07:44:26,BBC Europe,https://www.bbc.co.uk/news/world-europe-63496336?at_medium=RSS&at_campaign=KARANGA
art_6b34e2564f93be534250d9faa1b4bf20,UK migrant language fuelling xenophobia - Albanian PM,2022-11-02 22:51:06,BBC Europe,https://www.bbc.co.uk/news/uk-63492218?at_medium=RSS&at_campaign=KARANGA
art_7b916d25528bf50cf4790c3184dfe2cc,"Live: Ukraine forces enter Lyman, Zelensky vows to recapture other towns",2022-10-02 07:13:29,France 24 - Europe,https://www.france24.com/en/europe/20221002-live-ukraine-forces-enter-lyman-zelensky-vows-to-recapture-other-towns
art_6f873763f9d5147d41638e6664667830,‘They are still firing’: Ukrainian forces defend eastern gains from counterattacks,2022-10-01 18:15:53,France 24 - Europe,https://www.france24.com/en/video/20221001-ukrainian-troops-take-positions-overlooking-retaken-eastern-town-of-kupiansk
art_105c3604821900766ae5ec7b34c2a198,Britain faces severe rail disruption as strikes resume,2022-10-01 12:20:56,France 24 - Europe,https://www.france24.com/en/europe/20221001-britain-to-face-severe-rail-disruption-as-strikes-resume
art_7cae571bac5af0d128a006f97dfc854a,Citizenship for the rich: Demand rises for ‘golden passports',2022-10-01 09:56:36,France 24 - Europe,https://www.france24.com/en/europe/20221001-citizenship-for-the-rich-demand-rises-for-golden-passports
art_1d95c05575a930c4a5a1f71a0541ff0c,Live: Ukraine says troops edging closer to retaking Russian-held stronghold of Lyman,2022-10-01 06:07:49,France 24 - Europe,https://www.france24.com/en/video/20221001-president-volodymyr-zelensky-is-making-a-fast-track-application-for-ukraine-to-become-a-member-of-nato
art_fa6e87761ef360647b1bf72207e3f26f,Ukraine’s forces enter strategic town of Lyman as Russia ‘withdraws’ troops,2022-10-01 05:13:19,France 24 - Europe,https://www.france24.com/en/europe/20221001-live-putin-annexes-ukraine-territories-kyiv-promises-to-fight-back
art_7b2ffa7c6297f822bc6eb8f3082137a0,EU agrees windfall tax on energy companies and consumption cuts,2022-09-30 16:45:19,France 24 - Europe,https://www.france24.com/en/europe/20220930-eu-agrees-windfall-tax-on-energy-companies-and-consumption-cuts
art_3cf8a71ead191c8e5a613ef93afd769b,"Russia is not cooperating with us on Ukraine, ICC says",2022-09-30 16:43:45,France 24 - Europe,https://www.france24.com/en/tv-shows/the-interview/20220930-russia-is-not-cooperating-with-us-on-ukraine-icc-prosecutor-says
art_881cd5541d6302c4767a9a6ff1bdaa4e,'We have to strengthen security' after Nord Stream pipeline damage: EU's Gentiloni,2022-09-30 15:47:19,France 24 - Europe,https://www.france24.com/en/tv-shows/talking-europe/20220930-we-have-to-strengthen-security-after-nord-stream-pipeline-damage-eu-s-gentiloni
art_e59a0baf2d5ca0cca6ada1f50df263c1,Putin's annexation of Ukraine provinces 'totally unacceptable': Czech Europe minister,2022-09-30 15:38:15,France 24 - Europe,https://www.france24.com/en/tv-shows/talking-europe/20220930-putin-s-annexation-of-ukraine-provinces-totally-unacceptable-czech-europe-minister
art_e545629c1265ea58d0a6e1359a62a011,Putin signs accord annexing four occupied Ukrainian regions in lavish ceremony,2022-09-30 15:01:40,France 24 - Europe,https://www.france24.com/en/europe/20220930-putin-signs-accord-annexing-four-occupied-ukrainian-regions-in-lavish-ceremony
art_f94f7493b292c30c9ef7323338c079e3,"Putin’s annexation of Ukrainian regions changes ‘nothing’, Ukraine’s FM says",2022-09-30 11:55:45,France 24 - Europe,https://www.france24.com/en/tv-shows/the-interview/20220930-putin-s-annexation-of-ukrainian-regions-changes-nothing-ukraine-s-fm-says
art_b0ec1f65eea318729983a1e686f4bf4d,Toxic algae: Blooming danger?,2022-09-30 09:19:01,France 24 - Europe,https://www.france24.com/en/tv-shows/down-to-earth/20220930-toxic-algae-blooming-danger
art_f58c455a6556886d3c7f24a3b1b61b7c,‘Who Lost Russia?’ Tracing the breakdown in relations between Moscow and the West,2022-09-30 08:54:38,France 24 - Europe,https://www.france24.com/en/tv-shows/perspective/20220930-who-lost-russia-tracing-the-breakdown-in-relations-between-moscow-and-the-west
art_5775e8d1edbe2b87fca00a2915445d1f,"Britain U-turns on tax cut for rich after pound's plunge, fierce criticism",2022-10-03 07:15:00,France 24 - Europe,https://www.france24.com/en/europe/20221003-britain-u-turns-on-tax-cut-for-rich-after-pound-s-plunge-fierce-criticism
art_2d7e0bc46e522ef8618aca625baa415f,"After Brexit, Truss's surprise 'yes' boosts Macron's European Political Community",2022-10-03 05:45:52,France 24 - Europe,https://www.france24.com/en/europe/20221003-after-brexit-truss-s-surprise-yes-boosts-macron-s-european-political-community
art_02046fee5e72c9f9aebd253d9aa5b837,"Bulgaria's centre-right GERB party ahead in election, but coalition outlook uncertain",2022-10-03 00:45:30,France 24 - Europe,https://www.france24.com/en/europe/20221003-bulgaria-s-centre-right-gerb-party-ahead-in-election-but-coalition-outlook-uncertain
art_1ab51287b7fc39803938309ef64ffb75,Thousands in Paris protest against Iran’s leadership following death of Mahsa Amini,2022-10-02 20:14:40,France 24 - Europe,https://www.france24.com/en/europe/20221002-thousands-in-paris-protest-against-iran-s-leadership-following-death-of-mahsa-amini
art_5d9cc49a7b599d18d780557039fcb600,"Sergey Kiriyenko, the ‘Viceroy of the Donbas’ who helped launch Putin’s career",2022-10-02 16:32:42,France 24 - Europe,https://www.france24.com/en/europe/20221002-sergey-kiriyenko-so-called-viceroy-of-the-donbas-helped-launch-putin-s-career
art_d608094efdaef39ac971531ad829295a,"Centrists win Latvia general election, Russian-speaking parties suffer setbacks",2022-10-02 12:24:13,France 24 - Europe,https://www.france24.com/en/europe/20221002-centrists-win-latvia-vote-while-russian-speaking-parties-suffer-setbacks
art_db7fdb3819b89d2c39108a24d253ce1f,Ukrainian forces defend eastern gains from Russian counterattacks,2022-10-02 11:32:24,France 24 - Europe,https://www.france24.com/en/europe/20221002-ukrainian-forces-defend-eastern-gains-from-russian-counterattacks
art_6497350eae0cf46f6959b5dbf1cd92aa,Trio including French scientist win physics Nobel for quantum mechanics work,2022-10-04 09:54:16,France 24 - Europe,https://www.france24.com/en/live-news/20221004-%F0%9F%94%B4-nobel-physics-prize-won-by-france-s-alain-aspect-us-s-john-f-clauser-austria-s-anton-zeilinger
art_104db1e09d010ed2275ebe70236c8f46,War in Ukraine: Meet the Russians who have chosen exile in France,2022-10-03 13:56:35,France 24 - Europe,https://www.france24.com/en/tv-shows/focus/20221003-war-in-ukraine-meet-the-russians-who-have-chosen-exile-in-france
art_288bb74c1e1bc3e29c3f274c485d18cd,Ukrainian forces break through Russian lines in key Kherson advance,2022-10-03 10:12:58,France 24 - Europe,https://www.france24.com/en/europe/20221003-live-russia-to-consult-locals-on-annexed-ukraine-regions-borders-kremlin-says
art_d99c315bc8a4929bac9df1f001d5c8ad,Swedish geneticist Svante Paabo wins Nobel Prize for Medicine,2022-10-03 09:38:30,France 24 - Europe,https://www.france24.com/en/live-news/20221003-%F0%9F%94%B4-swedish-geneticist-svante-paabo-wins-nobel-prize-for-medicine
art_5025eee583832a6908b4f09fc84c1dcf,Ukraine faces new Russian threat from Iran-made ‘kamikaze’ drones,2022-10-07 16:44:46,France 24 - Europe,https://www.france24.com/en/europe/20221007-ukraine-faces-new-russian-threat-from-iran-made-kamikaze-drones
art_fae14570046c02bcced073dde97626c3,Macron announces €100-million fund for Ukraine to buy arms,2022-10-07 16:38:01,France 24 - Europe,https://www.france24.com/en/europe/20221007-macron-announces-%E2%82%AC100-million-fund-for-ukraine-to-buy-arms
art_7a54f8502ae2e43ff62dcca2a15b5678,'We're not giving up' on independence: Scottish external affairs secretary,2022-10-07 13:42:01,France 24 - Europe,https://www.france24.com/en/tv-shows/talking-europe/20221007-we-re-not-giving-up-on-independence-scottish-external-affairs-secretary
art_23928b0c76fefb6da10d9db7108d7d05,Annie Ernaux’s Nobel prize celebrates a uniquely resonant voice in French literature,2022-10-07 12:23:18,France 24 - Europe,https://www.france24.com/en/europe/20221007-annie-ernaux-s-nobel-prize-celebrates-a-uniquely-resonant-voice-in-french-literature
art_e510cd9cd48d57b28c2d218add36a626,UN human rights report on China's torture of Uighurs: MEPs call for strong EU response,2022-10-07 10:55:01,France 24 - Europe,https://www.france24.com/en/tv-shows/talking-europe/20221007-un-human-rights-report-on-china-s-torture-of-uighurs-meps-call-for-strong-eu-response
art_02b767848565984ba22cc68bf750dc01,"Nobel Peace Prize goes to three ‘champions of human rights’ from Belarus, Russia and Ukraine",2022-10-07 09:09:20,France 24 - Europe,https://www.france24.com/en/live-news/20221007-%F0%9F%94%B4-nobel-peace-prize-goes-to-belarus-activist-ales-bialiatski-ngos-memorial-of-russia-and-center-for-civil-liberties-of-ukraine
art_f97474820bba5dc8ef5a0eebd0a74e28,"Putin critics, climate activists, no one? Nobel Peace Prize announcement to come amid Ukraine war",2022-10-07 06:06:42,France 24 - Europe,https://www.france24.com/en/europe/20221007-putin-critics-climate-activists-no-one-nobel-peace-prize-announcement-to-come-amid-ukraine-war
art_ddd767f5bb2383780bf411228833ac0a,FRANCE 24 report: Embedded with Ukrainian soldiers on the Kherson front line,2022-10-07 05:49:36,France 24 - Europe,https://www.france24.com/en/video/20221007-on-the-southern-front-line-ukrainian-soldiers-are-on-the-offensive
art_5933664c3dfa348f1007ae46242d46cf,Russia increasing isolated on world stage as Putin turns 70,2022-10-07 04:46:33,France 24 - Europe,https://www.france24.com/en/europe/20221007-live-biden-warns-of-the-the-risk-of-nuclear-armageddon
art_2d4e1ae228460ae1a9c888cd3fa2d2c0,EU to send 'civilian mission' to Armenia to help mark borders with Azerbaijan,2022-10-07 03:20:33,France 24 - Europe,https://www.france24.com/en/europe/20221007-eu-to-send-civilian-mission-to-armenia-to-help-mark-borders-with-azerbaijan
art_e7be2bbd05d1cb735e65348b6406f5f7,"France is a friend, says UK’s Truss in a bid to turn page on bilateral strains",2022-10-06 20:42:56,France 24 - Europe,https://www.france24.com/en/europe/20221006-france-is-a-friend-says-uk-s-truss-in-a-bid-to-turn-page-on-bilateral-strains
art_54f0cf5386946f5817ce4e1a1d38fc0f,Russian elites ramp up criticism amid Moscow's setbacks in Ukraine,2022-10-06 16:48:45,France 24 - Europe,https://www.france24.com/en/europe/20221006-russian-elites-are-increasingly-speaking-out-against-the-war-in-ukraine
art_9e937e882e76b6cfd01bcd21fb18f42f,Belarus opposition leader Tsikhanouskaya: Lukashenko undermined by Putin’s retreat in Ukraine,2022-10-06 16:33:34,France 24 - Europe,https://www.france24.com/en/video/20221006-top-story
art_279f5ccca698e36c21d40bc4ccc21b5c,France unveils plans for avoiding winter power cuts due to Ukraine war,2022-10-06 15:12:49,France 24 - Europe,https://www.france24.com/en/france/20221006-france-launches-energy-savings-push-to-avoid-winter-power-cuts
art_15dd6d943daa7fe089a94faeb11a540f,"French novelist, memoirist Annie Ernaux wins Nobel Prize for Literature",2022-10-06 11:02:46,France 24 - Europe,https://www.france24.com/en/live-news/20221006-french-novelist-annie-ernaux-wins-nobel-prize-for-literature
art_b15db564c1d72311c2a856b71ac0f3eb,"France's fuel shortage causes frustration for motorists, anxiety for government",2022-10-08 16:10:11,France 24 - Europe,https://www.france24.com/en/europe/20221008-france-s-fuel-shortage-causes-frustration-for-motorists-anxiety-for-government
art_9c94cf641b41c952633c78b9b1430c70,Petrol station blast kills 10 in northwest Ireland,2022-10-08 14:06:12,France 24 - Europe,https://www.france24.com/en/europe/20221008-petrol-station-blast-kills-at-least-nine-in-northwest-ireland
art_4f9c3664d6f0f643244286324d962f56,Rail traffic in northern Germany disrupted by 'sabotage',2022-10-08 13:14:05,France 24 - Europe,https://www.france24.com/en/europe/20221008-rail-traffic-in-northern-germany-disrupted-by-sabotage
art_935decd5fee5645d03658a02911d53c6,‘Important for the victims’: Former Liberian rebel leader Kamara faces trial in Paris,2022-10-08 11:01:55,France 24 - Europe,https://www.france24.com/en/europe/20221008-important-for-the-victims-former-liberian-rebel-leader-kamara-faces-trial-in-paris
art_f2892cd9ea935fdf17ee4deba7eb6570,Explosion damages Kerch bridge linking Crimea to Russia,2022-10-08 05:57:25,France 24 - Europe,https://www.france24.com/en/europe/20221008-live-fire-breaks-out-on-bridge-linking-crimea-and-russia-causing-significant-damage
art_fb0700878ef76550e49dd7304096d872,West must seize on the Global South’s state of unease,2022-10-01 02:01:00,Politico Europe,https://www.politico.eu/article/west-seize-global-south-unease/?utm_source=RSS_Feed&utm_medium=RSS&utm_campaign=RSS_Syndication
art_afcf6ccbc11b376753e957b5f33ace8b,World’s cartoonists on this week’s events,2022-10-01 02:00:00,Politico Europe,https://www.politico.eu/article/world-cartoonist-week-event-russia-ukraine-vladimir-putin-covid-iran-italy-election/?utm_source=RSS_Feed&utm_medium=RSS&utm_campaign=RSS_Syndication
art_a91c8e9c2aff20562257595b343f09a0,Groundhog Day: It’s another Bulgarian election,2022-09-30 18:49:39,Politico Europe,https://www.politico.eu/article/bulgaria-election-2022-russia-influence-corruption-protests-gerb-boyko-borissov-kiril-petkov/?utm_source=RSS_Feed&utm_medium=RSS&utm_campaign=RSS_Syndication
art_20a6e2cb42b675372d7fa653a959561f,Lawmakers split on Ukraine’s new NATO bid,2022-09-30 18:37:42,Politico Europe,https://www.politico.com/news/2022/09/30/zelenzkyy-ukraine-nato-putin-annexations-00059782?utm_source=RSS_Feed&utm_medium=RSS&utm_campaign=RSS_Syndication
art_9e20c57874f74e115a16864273e78709,EU backs one emergency energy plan. Now for the next one,2022-09-30 18:03:43,Politico Europe,https://www.politico.eu/article/eu-backs-emergency-energy-plan-now-for-the-next-one/?utm_source=RSS_Feed&utm_medium=RSS&utm_campaign=RSS_Syndication
art_44d2bfb2d4fb4862598e9e1ad386bcc4,Poland and Germany’s poisoned relations over Oder River fish die-off,2022-09-30 17:00:13,Politico Europe,https://www.politico.eu/article/poland-germany-relation-oder-river-fish/?utm_source=RSS_Feed&utm_medium=RSS&utm_campaign=RSS_Syndication
art_4e08f5a75bf14d608b4f337e5bead48e,US launches new crackdown on Russia with financial sanctions,2022-09-30 16:24:32,Politico Europe,https://www.politico.com/news/2022/09/30/u-s-russia-financial-sanctions-00059744?utm_source=RSS_Feed&utm_medium=RSS&utm_campaign=RSS_Syndication
art_f79e449823b0b3ebe541e11d143e71f0,Biden denounces Kremlin’s ‘phony’ move to annex Ukrainian territory,2022-09-30 15:33:56,Politico Europe,https://www.politico.com/news/2022/09/30/putin-announces-russia-will-annex-four-ukrainian-territories-after-sham-referendums-00059725?utm_source=RSS_Feed&utm_medium=RSS&utm_campaign=RSS_Syndication
art_99bd7b3ac3fdf076cf5e125239f40309,Brothers of Italy prepare to roll back COVID rules,2022-09-30 15:20:37,Politico Europe,https://www.politico.eu/article/brothers-of-italy-giorgia-meloni-roll-back-covid-rule-vaccine/?utm_source=RSS_Feed&utm_medium=RSS&utm_campaign=RSS_Syndication
art_1b304bf2041b402963d6ff3c07100f07,Ukraine formally applies for fast-track NATO membership,2022-09-30 15:13:57,Politico Europe,https://www.politico.eu/article/ukraine-formal-application-join-nato/?utm_source=RSS_Feed&utm_medium=RSS&utm_campaign=RSS_Syndication
art_e64d96ee633783bf824efb1fec02f682,Putin’s confrontation with constitutional democracies,2022-10-01 23:28:57,Politico Europe,https://www.politico.eu/article/vladimir-putin-confrontation-with-constitutional-democracies/?utm_source=RSS_Feed&utm_medium=RSS&utm_campaign=RSS_Syndication
art_d19008705a7f988b8ec7e189a4f90782,The fight for abortion access in Italy continues,2022-10-01 23:28:31,Politico Europe,https://www.politico.eu/article/the-fight-for-abortion-access-in-italy-continues-giorgia-meloni/?utm_source=RSS_Feed&utm_medium=RSS&utm_campaign=RSS_Syndication
art_a27185ca7a9de06cacbda133c740aff6,Boris Johnson is still living inside Tory heads,2022-10-01 23:27:25,Politico Europe,https://www.politico.eu/article/boris-johnson-is-still-living-inside-tory-conservative-uk-heads/?utm_source=RSS_Feed&utm_medium=RSS&utm_campaign=RSS_Syndication
art_99578a5e1d211fc074cabcc1d55e9264,"Party of Latvia PM Kariņš poised to win election, exit poll shows",2022-10-01 19:44:54,Politico Europe,https://www.politico.eu/article/party-of-latvia-pm-karins-poised-to-win-election-exit-poll-shows/?utm_source=RSS_Feed&utm_medium=RSS&utm_campaign=RSS_Syndication
art_fb609ddbc64d9e7fa9fda960029977d3,Russia expelled from seat at UN aviation agency,2022-10-01 17:00:25,Politico Europe,https://www.politico.eu/article/russia-expelled-from-un-aviation-top-seat/?utm_source=RSS_Feed&utm_medium=RSS&utm_campaign=RSS_Syndication
art_5aba8ce9d4314e268fb2b5ebea095804,"Italy’s national interests take top priority, Meloni vows in first speech since elections",2022-10-01 15:14:35,Politico Europe,https://www.politico.eu/article/italy-giorgia-meloni-warns-that-national-interests-will-come-first/?utm_source=RSS_Feed&utm_medium=RSS&utm_campaign=RSS_Syndication
art_3e9f60258e7979e8e67b8a0846c69415,Russia retreats from Lyman a day after Putin’s annexation,2022-10-01 13:33:14,Politico Europe,https://www.politico.eu/article/ukrainian-forces-close-in-on-lyman-in-donetsk-region-kyiv-says/?utm_source=RSS_Feed&utm_medium=RSS&utm_campaign=RSS_Syndication
art_b22cc7d52fe94c5694ebf45bfe0012a4,"Russia abducts head of Zaporizhzhia nuclear plant, operator says",2022-10-01 12:53:59,Politico Europe,https://www.politico.eu/article/russia-abducts-head-of-zaporizhzhia-nuclear-plant-operator-says/?utm_source=RSS_Feed&utm_medium=RSS&utm_campaign=RSS_Syndication
art_b2245df05abde6e7eee2f2a049d5e0af,‘He’s not going to scare us’: Why the West isn’t buying Putin’s bluster,2022-10-01 12:09:55,Politico Europe,https://www.politico.com/news/2022/09/30/putin-tries-to-annex-his-way-into-a-different-reality-00059873?utm_source=RSS_Feed&utm_medium=RSS&utm_campaign=RSS_Syndication
art_49456a0eeb2b37e2f32ad313c29c6872,Burkina Faso’s military government ousted: Reports,2022-10-01 09:44:28,Politico Europe,https://www.politico.eu/article/burkina-fasos-military-government-ousted-reports/?utm_source=RSS_Feed&utm_medium=RSS&utm_campaign=RSS_Syndication
art_a11d9a0db08ac7ffcc6f5913fe22c8a0,"Party of Latvia PM Kariņš wins election, provisional results show",2022-10-02 20:38:22,Politico Europe,https://www.politico.eu/article/party-of-latvia-pm-karins-wins-election-provisional-results-show/?utm_source=RSS_Feed&utm_medium=RSS&utm_campaign=RSS_Syndication
art_ac0d086a93b4845ed4021b49419096a0,Borissov leads in Bulgaria’s election but faces battle to form a government,2022-10-02 18:37:10,Politico Europe,https://www.politico.eu/article/borissov-wins-bulgarias-election-but-faces-battle-to-form-a-government/?utm_source=RSS_Feed&utm_medium=RSS&utm_campaign=RSS_Syndication
art_67f2e09c9caba65dbe30839362058d97,US defense chief stops short of endorsing Biden’s vow to defend Taiwan,2022-10-02 17:44:29,Politico Europe,https://www.politico.com/news/2022/10/02/lloyd-austin-china-taiwan-biden-00059922?utm_source=RSS_Feed&utm_medium=RSS&utm_campaign=RSS_Syndication
art_54ed0690e8c15990a2bd6deaf957689f,"9 Central, East Europe NATO countries condemn Russia annexations",2022-10-02 16:08:15,Politico Europe,https://www.politico.eu/article/nine-nato-countries-condemn-russia-annexations-in-ukraine/?utm_source=RSS_Feed&utm_medium=RSS&utm_campaign=RSS_Syndication
art_aaeea3fd6741988b601c86425162da08,"It’s not impossible that Putin could use nuclear weapons, US defense chief says",2022-10-02 15:17:14,Politico Europe,https://www.politico.com/news/2022/10/02/lloyd-austin-russia-nuclear-putin-00059917?utm_source=RSS_Feed&utm_medium=RSS&utm_campaign=RSS_Syndication
art_b91c0391ef98057f7066db724d494e86,French symbols targeted after Burkina Faso coup,2022-10-02 13:30:42,Politico Europe,https://www.politico.eu/article/french-symbols-targeted-after-burkina-faso-coup/?utm_source=RSS_Feed&utm_medium=RSS&utm_campaign=RSS_Syndication
art_c1ee06901ff8472a8e592f084175dc38,UK Tory civil war deepens as Michael Gove blasts Liz Truss budget,2022-10-02 11:30:38,Politico Europe,https://www.politico.eu/article/uk-tory-civil-war-deepens-as-michael-gove-blasts-liz-truss-profoundly-concerning-budget/?utm_source=RSS_Feed&utm_medium=RSS&utm_campaign=RSS_Syndication
art_b86a1fff3d622ac109c2e48fccdf3721,Stampede at Indonesia football match leaves 125 dead,2022-10-02 10:45:31,Politico Europe,https://www.politico.eu/article/indonesia-stadium-stampede-football-java/?utm_source=RSS_Feed&utm_medium=RSS&utm_campaign=RSS_Syndication
art_c10b8b3ea99459743eae3810f2dfa686,Report: King Charles to cancel planned COP27 appearance,2022-10-02 09:49:57,Politico Europe,https://www.politico.eu/article/report-king-charles-to-cancel-planned-cop27-appearance/?utm_source=RSS_Feed&utm_medium=RSS&utm_campaign=RSS_Syndication
art_fc5276f2a9a208409da90138daebae53,Zelenskyy vows to retake more areas after pushing Russia out of key Donetsk city,2022-10-02 09:07:08,Politico Europe,https://www.politico.eu/article/zelenskyy-vows-to-retake-more-areas-after-pushing-russia-out-of-lyman/?utm_source=RSS_Feed&utm_medium=RSS&utm_campaign=RSS_Syndication
art_819a0ca28e26a8971cefff799b9b4ae3,Liz Truss has U-turned. Will it be enough?,2022-10-04 02:06:00,Politico Europe,https://www.politico.eu/article/liz-truss-is-for-turning-but-it-may-be-too-late/?utm_source=RSS_Feed&utm_medium=RSS&utm_campaign=RSS_Syndication
art_cea41ead00e13afd0e2a768152500228,Illicit finance is an Achilles’ heel for EU security,2022-10-04 02:05:00,Politico Europe,https://www.politico.eu/article/illicit-finance-achilles-heel-eu-security/?utm_source=RSS_Feed&utm_medium=RSS&utm_campaign=RSS_Syndication
art_a695a8a264a080f5796134f674971340,Ukraine: The critical moment has arrived,2022-10-04 02:03:00,Politico Europe,https://www.politico.eu/article/ukraine-the-critical-moment-has-arrived/?utm_source=RSS_Feed&utm_medium=RSS&utm_campaign=RSS_Syndication
art_8b22ac4e834e84773ae4a8d0fb442a40,Liz Truss’ reputation may never recover,2022-10-04 02:03:00,Politico Europe,https://www.politico.eu/article/liz-truss-reputation-may-never-recover/?utm_source=RSS_Feed&utm_medium=RSS&utm_campaign=RSS_Syndication
art_210bf4f9553354d9f18d3079630394f6,‘A kind of murder’: Putin’s draft targets Crimea’s Tatars,2022-10-04 02:02:00,Politico Europe,https://www.politico.eu/article/murder-putin-draft-target-crimea-tatars/?utm_source=RSS_Feed&utm_medium=RSS&utm_campaign=RSS_Syndication
art_e256395fa6fcb72889c4d85477949fde,Zelenskyy vs. Musk on Twitter,2022-10-03 19:23:27,Politico Europe,https://www.politico.eu/article/zelenskyy-vs-musk-on-twitter/?utm_source=RSS_Feed&utm_medium=RSS&utm_campaign=RSS_Syndication
art_62f1cd1b9f39bcb4c1a03618a39b4023,Ukraine rains fire on retreating Russians,2022-10-03 18:43:15,Politico Europe,https://www.politico.eu/article/ukraine-rains-fire-on-retreating-russia-putin-zelenskyy-war-lyman-kherson/?utm_source=RSS_Feed&utm_medium=RSS&utm_campaign=RSS_Syndication
art_cea2de2bad119052539ba20e4355c37c,Macron’s chief of staff charged over alleged conflict of interest,2022-10-03 18:26:18,Politico Europe,https://www.politico.eu/article/top-macrons-man-in-the-elysee-charged-over-alleged-conflict-of-interest/?utm_source=RSS_Feed&utm_medium=RSS&utm_campaign=RSS_Syndication
art_5541eca2f4267f7451a19f3e15ab3324,Head of Zaporizhzhya nuclear plant released after Russian detainment,2022-10-03 15:52:25,Politico Europe,https://www.politico.eu/article/head-of-zaporizhzhya-nuclear-plant-released-after-russian-detainment/?utm_source=RSS_Feed&utm_medium=RSS&utm_campaign=RSS_Syndication
art_8a7f9d69022119a5ada7ff6a68eb61c8,"Self-styled ‘Brexit hard man’ goes soft, apologizes to Ireland live on air",2022-10-03 14:28:21,Politico Europe,https://www.politico.eu/article/steve-baker-top-brexiteer-sorry-disrespect-ireland-trade-compromise-eu/?utm_source=RSS_Feed&utm_medium=RSS&utm_campaign=RSS_Syndication
art_ecbfaab536d0137bc35e49d3520f1e90,Brought to the brink by mink: Denmark’s PM faces election,2022-10-05 02:01:00,Politico Europe,https://www.politico.eu/article/brought-to-the-brink-denmark-prime-minister-faces-elections/?utm_source=RSS_Feed&utm_medium=RSS&utm_campaign=RSS_Syndication
art_a796555839a50050e930f750d212f8a0,"Divided and facing oblivion under Liz Truss, will the UK Tories accept their fate?",2022-10-05 02:00:00,Politico Europe,https://www.politico.eu/article/divided-tory-party-liz-truss-uk-fate-confidence-vote-election/?utm_source=RSS_Feed&utm_medium=RSS&utm_campaign=RSS_Syndication
art_a0ff565ef0a98357d3577820b1d78fea,Albanian and Dutch PMs: The European Political Community is a good idea,2022-10-05 02:00:00,Politico Europe,https://www.politico.eu/article/albanian-and-dutch-pms-the-european-political-community-is-a-good-idea/?utm_source=RSS_Feed&utm_medium=RSS&utm_campaign=RSS_Syndication
art_bdf1e677671a2a54fc9855f91b630bdb,The European Political Community is a big deal — for EU-UK relations,2022-10-05 02:00:00,Politico Europe,https://www.politico.eu/article/european-political-community-eu-uk-relations/?utm_source=RSS_Feed&utm_medium=RSS&utm_campaign=RSS_Syndication
art_7449e18de6194882478249db5c61f5ad,"At the Prague Summit, the family photo is the message",2022-10-05 02:00:00,Politico Europe,https://www.politico.eu/article/at-the-prague-summit-the-family-photo-is-the-message/?utm_source=RSS_Feed&utm_medium=RSS&utm_campaign=RSS_Syndication
art_835938045f7f9039820c2bae0b6066ad,"Musk to buy Twitter after all, in reversal that will reshape 2024",2022-10-04 20:49:05,Politico Europe,https://www.politico.com/news/2022/10/04/musk-twitter-offer-accepted-00060301?utm_source=RSS_Feed&utm_medium=RSS&utm_campaign=RSS_Syndication
art_efcb67fff58023f477db380635a84d14,"Donald Trump praises Liz Truss’ tax cuts, slams Boris Johnson’s ‘woke’ windmills",2022-10-04 20:29:24,Politico Europe,https://www.politico.eu/article/donald-trump-praises-liz-truss-tax-cuts-and-questions-woke-ier-boris-johnson/?utm_source=RSS_Feed&utm_medium=RSS&utm_campaign=RSS_Syndication
art_f8e05fb10e12f40616bb041adef8a0c2,EU agrees oil price cap in new Russia sanctions plan,2022-10-04 19:41:30,Politico Europe,https://www.politico.eu/article/eu-agrees-oil-price-cap-plan-in-new-russia-sanctions/?utm_source=RSS_Feed&utm_medium=RSS&utm_campaign=RSS_Syndication
art_13f7dcdb4cb4d37207fca98624b76175,Germany says issue of WWII reparations for Poland ‘closed’,2022-10-04 15:37:44,Politico Europe,https://www.politico.eu/article/germany-world-war-reparation-poland-closed/?utm_source=RSS_Feed&utm_medium=RSS&utm_campaign=RSS_Syndication
art_ef02730f4f06130723e45ed5b9cae0c1,Human rights court sides with Belgium in euthanasia case,2022-10-04 12:26:14,Politico Europe,https://www.politico.eu/article/human-rights-court-belgium-euthanasia-case/?utm_source=RSS_Feed&utm_medium=RSS&utm_campaign=RSS_Syndication
